19.650,-46.500,-21.000,-0.153,0.920,9.126
20.100,-45.900,-20.700,-0.077,0.767,9.356
19.050,-45.900,-20.700,0.000,1.074,9.586
19.050,-45.600,-21.000,0.000,0.767,9.433
17.700,-45.900,-21.000,-0.077,0.997,9.586
15.900,-46.200,-21.450,0.000,0.920,9.586
15.300,-46.200,-20.250,0.307,1.074,9.509
13.500,-46.950,-19.800,0.230,1.074,9.663
9.600,-47.400,-20.550,0.230,1.150,9.586
7.200,-47.250,-19.800,0.153,1.304,9.586
4.950,-47.400,-19.800,0.153,1.380,9.739
1.350,-45.900,-20.550,0.307,1.074,9.586
-2.700,-45.750,-20.250,-0.153,0.997,9.279
-5.550,-44.700,-19.950,0.614,1.227,9.509
-8.250,-43.950,-19.350,0.307,0.844,9.586
-9.900,-42.150,-19.950,0.307,1.074,9.433
-11.700,-40.800,-19.800,0.614,1.074,9.663
-14.250,-40.200,-19.650,0.690,0.844,9.739
-15.150,-38.400,-19.800,0.383,0.460,9.279
-15.600,-36.900,-20.100,1.227,0.997,9.739
-15.750,-36.300,-19.950,0.767,0.690,9.663
-15.750,-35.400,-20.850,0.153,0.690,9.203
-16.200,-34.500,-21.000,-0.383,1.687,9.969
-17.550,-32.400,-21.750,1.150,-0.077,9.279
-18.600,-31.950,-21.300,0.920,1.304,10.046
-19.050,-29.700,-21.300,0.460,1.227,9.816
-21.450,-27.000,-21.600,1.534,-0.077,9.356
-21.600,-24.150,-21.300,0.537,0.767,9.433
-23.100,-20.700,-22.350,1.074,0.614,9.203
-22.650,-17.100,-21.600,0.767,0.460,9.433
-23.700,-13.500,-21.300,1.841,0.767,9.356
-22.200,-9.600,-21.450,1.610,0.690,9.203
-20.700,-6.750,-22.200,-0.460,-0.383,9.586
-17.400,-4.050,-23.250,0.614,0.307,9.509
-15.300,-2.250,-25.500,-0.614,1.227,11.120
-12.750,-0.450,-26.250,-1.764,2.454,12.117
-9.750,2.550,-25.500,0.077,0.920,11.580
-6.300,4.800,-25.650,-0.690,0.153,8.666
-2.550,7.200,-26.550,0.920,1.534,10.353
0.750,7.950,-25.800,1.994,1.457,9.663
5.550,8.700,-26.550,2.071,0.844,9.433
10.500,8.400,-26.850,-2.684,2.071,9.433
14.700,8.250,-27.600,0.537,0.537,9.739
18.600,6.450,-27.900,-0.920,0.537,8.896
22.800,4.950,-27.750,0.000,1.227,9.893
26.400,3.600,-28.200,-0.537,0.383,9.126
28.800,0.900,-28.050,0.077,0.460,9.586
32.550,-2.400,-28.650,0.537,1.227,11.120
33.150,-4.800,-27.900,0.077,0.690,9.433
34.650,-8.400,-28.950,0.767,0.460,8.972
35.550,-11.550,-27.750,0.383,0.537,10.353
37.200,-13.950,-26.550,-0.230,0.230,8.589
37.500,-17.700,-27.150,-0.307,1.150,9.049
37.200,-21.450,-26.100,-0.153,1.534,11.043
36.600,-26.250,-25.650,-0.230,1.380,9.969
35.850,-28.500,-25.500,0.383,1.227,9.893
34.500,-31.800,-24.600,1.074,0.920,9.816
34.350,-34.050,-24.150,0.153,1.687,8.742
32.250,-37.350,-22.650,-1.227,0.690,7.055
30.600,-39.450,-21.600,-0.153,1.150,8.666
27.600,-41.550,-21.300,-2.147,0.614,6.749
23.700,-43.050,-21.450,-0.383,1.841,10.583
22.050,-44.550,-20.850,-1.304,0.614,8.742
17.250,-45.150,-21.900,0.000,1.457,10.430
15.750,-45.900,-21.300,-0.153,1.764,10.736
14.100,-45.600,-22.050,0.000,0.920,9.893
14.100,-46.950,-21.600,0.077,1.227,9.969
13.050,-46.650,-20.850,0.000,0.844,9.509
12.900,-46.950,-20.850,0.230,0.844,9.356
13.050,-46.500,-20.850,0.153,0.767,9.509
13.950,-46.050,-21.150,0.077,0.844,9.433
13.500,-46.500,-20.850,0.153,0.997,9.663
13.800,-45.900,-21.300,0.383,0.997,9.739
13.500,-47.250,-22.050,0.383,1.227,9.203
14.100,-46.800,-21.900,0.000,0.920,9.509
13.350,-45.750,-21.450,0.230,0.537,9.126
13.800,-46.950,-21.600,0.230,0.920,9.663
12.900,-46.200,-20.850,0.383,0.537,9.279
12.900,-46.950,-21.450,0.153,0.920,9.586
13.050,-46.650,-20.850,0.077,1.074,9.816
14.100,-46.200,-21.150,0.077,0.844,10.200
13.650,-46.500,-20.400,0.614,1.227,9.509
13.500,-46.800,-21.300,0.844,0.537,8.896
13.650,-46.800,-20.850,0.077,0.460,9.203
13.350,-47.100,-20.700,0.153,0.460,9.126
13.200,-49.050,-19.350,0.077,1.150,9.279
13.050,-49.200,-19.050,0.153,1.687,9.509
13.800,-50.400,-16.950,0.537,2.071,9.433
13.500,-51.000,-16.200,0.153,2.377,9.433
13.350,-51.900,-15.600,0.230,2.761,8.972
13.200,-53.400,-13.650,0.230,2.837,9.203
13.200,-54.600,-13.500,0.153,3.068,9.126
14.100,-54.000,-11.550,0.230,3.298,9.126
12.300,-54.900,-10.200,0.153,3.681,8.972
12.900,-56.400,-8.850,0.230,3.911,8.896
13.200,-56.400,-7.800,0.153,4.295,8.742
13.500,-57.300,-6.900,0.153,4.295,8.896
13.200,-58.200,-7.200,0.153,4.218,8.666
14.100,-56.850,-6.900,0.077,3.988,8.742
12.900,-58.500,-5.850,0.153,4.064,8.512
13.950,-58.350,-4.800,0.153,4.831,8.666
13.650,-59.100,-3.900,0.153,4.985,8.589
13.050,-59.100,-3.450,0.153,4.831,8.589
13.500,-60.000,-3.600,0.153,4.678,8.359
14.250,-60.150,-2.850,0.153,4.678,7.976
13.200,-60.000,-1.800,0.077,4.985,8.282
13.200,-60.300,-0.750,0.077,5.138,8.206
14.400,-60.450,-1.350,0.153,5.215,8.129
13.500,-60.600,0.300,0.153,5.598,7.899
13.800,-61.050,0.600,0.077,5.598,7.976
13.500,-61.800,0.300,0.153,5.368,7.745
13.650,-61.050,0.900,0.153,5.445,7.899
13.350,-61.050,0.600,0.153,5.061,7.899
13.200,-60.900,0.750,0.230,5.522,7.899
12.750,-61.650,0.300,-0.077,5.905,7.976
12.750,-61.350,1.200,0.153,5.522,7.822
13.200,-60.900,0.900,0.153,5.368,7.745
12.900,-61.200,-0.150,0.000,5.598,7.822
12.600,-61.500,0.900,0.230,5.522,7.976
12.750,-61.350,0.900,0.153,5.522,7.899
12.900,-61.950,1.050,0.153,5.598,7.976
13.200,-61.200,1.500,0.077,5.445,8.052
13.050,-61.800,0.600,0.077,5.445,7.745
13.500,-61.800,0.900,0.000,5.752,8.052
12.900,-61.050,0.600,0.077,5.598,7.976
12.750,-61.350,0.750,0.077,5.445,8.206
12.900,-61.050,0.900,0.383,5.522,8.129
13.050,-61.200,1.200,0.153,5.522,7.976
12.450,-61.500,1.200,-0.077,5.291,8.129
12.300,-60.450,0.750,0.077,5.138,7.669
12.900,-61.050,0.600,0.077,5.522,8.282
12.450,-60.750,-0.150,0.077,5.522,7.899
12.150,-61.350,0.750,0.153,5.598,7.976
12.450,-61.050,-0.300,0.153,5.368,7.899
13.200,-60.900,1.200,0.230,5.522,7.976
13.200,-61.650,0.150,0.307,5.522,8.052
12.600,-61.200,0.900,-0.307,5.522,8.129
12.450,-61.200,0.450,0.000,5.291,7.669
12.900,-62.100,0.750,0.307,5.445,8.206
12.750,-61.500,1.500,0.153,5.445,7.976
12.900,-61.350,0.600,-0.077,5.291,7.822
12.750,-60.600,1.050,0.153,5.675,8.206
12.900,-61.200,0.900,0.307,5.368,7.822
12.450,-62.250,0.300,0.460,5.368,7.822
12.150,-61.650,1.800,0.460,5.522,8.052
11.250,-61.350,0.750,0.460,5.598,7.362
10.350,-61.350,1.650,0.690,5.675,7.976
8.700,-60.300,1.500,0.690,5.598,7.745
6.600,-61.500,1.650,0.614,5.752,7.899
4.800,-61.200,2.100,0.690,5.598,7.669
1.950,-60.900,1.650,0.614,5.828,7.899
0.300,-60.300,1.050,0.537,5.445,7.822
-2.400,-58.500,0.300,0.230,5.445,8.129
-4.800,-59.250,0.450,0.383,5.752,7.745
-6.150,-58.350,-0.150,0.383,5.445,7.822
-7.650,-57.450,0.150,0.920,5.215,7.976
-8.700,-57.150,-0.600,0.844,5.598,8.282
-10.500,-57.000,-1.500,0.537,5.291,8.129
-12.000,-55.200,-1.950,0.920,4.985,7.669
-12.900,-54.150,-2.550,0.614,5.138,7.976
-14.550,-53.400,-3.150,0.767,5.138,7.976
-15.300,-52.200,-3.150,0.920,5.138,8.052
-16.650,-51.600,-3.750,1.150,5.061,8.129
-17.700,-50.250,-4.200,1.074,5.138,8.129
-18.000,-49.050,-5.250,1.074,5.061,7.822
-17.550,-49.500,-6.600,0.690,4.064,8.282
-19.650,-48.750,-6.150,1.610,4.141,8.972
-18.150,-48.900,-7.050,-0.077,6.518,7.285
-17.850,-47.850,-7.800,0.307,5.828,10.276
-18.900,-46.050,-9.150,-0.153,5.522,7.055
-18.750,-46.200,-10.650,0.000,5.675,6.825
-19.200,-44.400,-10.950,0.844,5.675,7.976
-19.500,-43.350,-12.600,-0.077,5.598,8.282
-20.100,-41.850,-13.500,0.460,5.061,7.899
-20.850,-39.900,-15.300,0.153,5.291,7.899
-21.450,-37.950,-16.950,0.767,5.445,7.592
-20.250,-36.300,-17.550,0.383,5.368,7.899
-21.900,-34.200,-19.350,0.690,5.291,7.976
-20.550,-32.100,-20.700,0.690,5.368,7.439
-20.250,-30.150,-21.750,0.614,5.598,7.592
-19.800,-27.900,-23.250,1.150,5.368,8.666
-18.150,-25.950,-25.200,0.460,5.598,7.899
-16.050,-24.000,-26.700,1.917,4.985,6.825
-13.950,-22.950,-29.100,0.153,4.831,6.902
-11.700,-21.450,-30.150,1.764,4.985,6.902
-8.100,-22.050,-32.250,0.230,7.285,9.049
-6.600,-21.750,-32.850,0.307,6.212,7.592
-4.500,-21.300,-33.300,0.077,4.831,7.209
-2.850,-20.400,-33.750,0.153,4.678,7.285
-0.300,-19.500,-35.400,0.000,5.215,7.976
1.950,-18.600,-34.950,0.077,5.138,7.822
3.750,-18.300,-36.300,0.460,5.522,8.512
6.600,-18.000,-36.000,0.767,4.755,7.439
9.750,-18.750,-36.750,1.380,5.138,7.132
14.400,-19.500,-37.050,-0.383,4.678,9.816
16.650,-19.800,-35.700,-0.307,5.598,8.512
16.950,-18.750,-36.150,0.614,5.368,8.129
21.750,-21.300,-35.700,-0.077,5.675,7.899
23.550,-22.050,-34.200,0.690,5.905,8.282
26.250,-23.700,-33.900,0.000,5.061,8.512
27.750,-25.500,-34.200,0.230,5.138,7.899
29.400,-25.950,-31.950,0.307,5.061,8.052
31.350,-28.350,-31.500,0.383,5.061,8.282
32.400,-29.850,-30.300,-0.077,4.601,7.592
33.600,-31.350,-28.650,0.383,5.445,9.049
34.200,-31.950,-27.450,0.153,5.368,8.206
34.800,-33.750,-26.700,0.153,4.985,8.206
35.250,-35.250,-25.350,-0.383,4.985,7.745
36.150,-36.450,-24.600,1.457,5.752,8.666
37.050,-37.200,-23.250,0.230,6.825,8.512
38.250,-38.700,-22.500,-0.690,6.058,7.285
38.100,-38.700,-21.300,-0.614,4.755,8.819
37.800,-39.150,-21.000,-0.920,4.831,9.049
38.850,-41.400,-20.100,0.307,5.291,8.206
37.350,-42.150,-19.500,0.077,5.368,8.052
37.650,-42.000,-18.750,0.460,5.215,7.745
37.650,-42.900,-18.000,0.614,4.601,7.592
36.450,-44.550,-16.650,0.460,5.138,7.899
35.850,-46.800,-14.850,0.614,5.752,8.206
33.600,-48.600,-13.050,0.153,5.905,7.899
32.700,-50.550,-11.550,0.383,5.982,8.129
32.100,-51.750,-10.350,0.460,5.598,7.976
30.900,-53.700,-7.650,0.537,5.061,8.282
28.500,-55.800,-6.150,-1.917,5.368,7.745
27.150,-57.150,-4.800,0.000,6.135,7.822
24.150,-58.050,-3.600,-0.537,5.522,7.822
20.400,-59.850,-2.550,0.230,5.598,7.899
17.100,-59.400,-1.350,-0.307,5.598,7.822
15.300,-59.550,-2.250,-0.077,5.445,8.129
13.200,-59.700,-1.500,0.230,4.985,8.206
11.850,-61.350,-1.050,0.153,5.368,8.052
10.500,-60.450,-1.050,-0.153,5.828,8.282
8.850,-60.750,-0.150,0.230,4.985,7.669
7.350,-60.150,-1.950,0.844,4.908,7.976
6.450,-59.700,-0.900,0.767,5.138,7.976
6.450,-60.900,0.150,0.537,5.061,8.282
4.050,-60.000,0.300,1.534,5.905,8.972
3.300,-59.700,0.150,0.460,4.985,7.362
0.750,-59.100,0.150,1.380,5.522,8.206
-1.200,-59.250,-0.600,0.077,5.291,7.899
-2.550,-58.800,-0.600,-0.383,5.291,7.362
-3.600,-58.200,-0.300,0.000,5.522,7.285
-4.200,-58.200,-0.750,0.690,5.368,7.899
-3.000,-58.200,0.300,-2.377,6.058,8.206
-2.250,-59.250,0.450,-0.844,5.291,9.356
-0.600,-59.550,0.900,0.307,6.825,10.430
2.250,-59.850,1.050,0.920,6.595,7.745
4.950,-60.900,1.950,0.614,6.288,7.976
7.650,-60.750,2.700,0.383,5.752,7.055
9.600,-61.500,1.650,0.690,5.291,7.899
9.900,-61.200,1.350,0.383,5.291,7.822
10.950,-60.150,1.200,0.230,5.982,8.052
12.450,-61.200,1.650,0.077,5.675,7.899
12.300,-60.450,1.500,-0.077,5.752,7.899
11.100,-60.900,2.250,-0.767,5.291,7.592
11.250,-61.350,1.950,-0.767,5.368,7.515
12.750,-60.450,2.700,-0.767,5.522,7.822
13.800,-60.000,1.650,-0.383,5.368,6.442
15.750,-61.050,1.500,-0.614,5.368,7.362
18.000,-61.200,1.500,-1.150,6.058,7.515
20.550,-60.000,0.300,-1.227,5.828,7.362
24.000,-59.250,-1.050,-0.767,5.291,7.592
27.150,-58.500,-0.750,-1.150,5.828,7.822
29.850,-56.700,-2.550,-1.687,5.752,7.822
32.700,-54.750,-4.350,-1.150,5.675,7.515
35.250,-52.200,-6.450,-0.844,5.598,7.362
37.500,-49.350,-8.850,-1.841,5.982,7.285
39.600,-46.500,-11.700,-1.994,5.905,7.132
39.900,-43.650,-14.550,-0.307,5.598,6.595
40.500,-40.500,-17.100,-0.153,5.905,6.825
40.500,-37.800,-20.550,0.614,6.672,9.049
39.900,-34.050,-22.950,-0.307,5.752,8.129
39.750,-31.200,-24.300,-0.307,4.908,7.669
39.600,-28.950,-25.800,-0.077,5.215,8.206
38.400,-27.150,-26.250,-0.077,4.831,8.052
37.050,-26.250,-27.450,0.077,4.525,8.282
35.250,-25.650,-27.150,0.460,4.831,8.666
35.850,-26.400,-28.050,0.000,5.291,8.589
35.850,-25.050,-27.600,-0.383,4.985,8.436
36.450,-26.550,-28.500,-0.690,4.831,7.822
36.000,-26.400,-27.600,-0.537,4.601,8.436
36.300,-26.550,-27.600,-0.997,4.908,7.899
35.700,-26.550,-27.300,-0.997,3.988,7.515
37.350,-25.800,-27.600,0.230,4.908,6.518
35.250,-27.600,-28.800,0.000,5.291,6.442
35.250,-26.400,-28.950,-1.227,5.752,8.742
34.350,-25.200,-28.950,-0.077,4.525,8.666
32.700,-24.300,-30.150,-1.764,4.985,8.282
32.550,-23.400,-30.900,-0.920,5.522,8.282
30.900,-22.050,-31.650,-1.534,4.985,8.282
29.100,-21.600,-31.350,-1.304,5.061,8.666
26.850,-19.350,-33.000,-1.764,5.138,8.512
24.450,-16.650,-34.050,-1.764,4.448,8.512
20.400,-15.600,-35.400,-0.844,4.218,7.822
16.950,-14.550,-35.250,-0.920,4.601,8.129
13.950,-15.000,-36.300,-0.997,4.448,8.359
10.950,-15.150,-35.850,-0.460,4.678,8.436
6.150,-16.050,-35.400,-0.844,4.755,8.282
3.450,-16.050,-35.700,-0.077,4.985,8.972
0.300,-18.150,-35.700,-1.610,5.828,8.972
-3.600,-19.050,-33.900,-0.537,5.215,8.129
-6.000,-19.950,-33.150,0.230,4.908,8.129
-8.850,-21.300,-32.400,-0.767,4.601,8.742
-10.650,-23.700,-30.150,0.153,4.601,7.592
-13.650,-25.050,-28.800,-0.690,5.215,9.356
-14.850,-27.600,-27.450,0.000,4.985,9.663
-16.500,-28.950,-25.950,0.230,4.601,9.969
-16.800,-31.650,-23.850,0.460,4.755,9.433
-17.550,-33.000,-23.250,0.230,5.061,8.436
-17.700,-35.100,-22.650,-0.307,5.982,9.663
-18.000,-36.000,-20.400,0.077,4.218,7.285
-17.250,-37.650,-20.250,-0.153,4.908,7.362
-17.700,-38.550,-19.950,-0.230,4.908,7.745
-18.000,-39.300,-17.850,-0.230,5.368,7.439
-17.550,-40.650,-18.000,-0.077,6.442,8.282
-18.300,-40.650,-16.650,0.307,5.752,7.899
-17.700,-40.650,-16.650,-0.460,5.522,8.206
-17.100,-42.000,-16.350,-0.614,5.291,7.745
-17.550,-42.900,-16.350,-0.537,4.295,6.518
-17.100,-43.050,-14.700,-0.844,5.061,7.362
-16.800,-43.950,-14.550,-1.150,4.601,7.055
-16.350,-45.150,-12.750,-0.460,5.445,8.206
-15.000,-48.000,-11.700,-1.150,5.598,8.359
-14.100,-49.650,-9.000,-1.304,5.598,7.132
-13.650,-50.700,-6.900,-1.380,4.908,7.822
-12.900,-52.650,-4.050,1.687,5.828,8.359
-11.100,-54.300,-2.700,0.077,5.828,6.288
-9.300,-55.800,-2.100,0.997,5.138,6.825
-6.900,-57.750,-1.800,0.307,4.908,6.979
-4.350,-57.900,-0.900,0.153,5.522,7.515
-2.550,-60.000,0.450,1.227,5.368,8.129
-0.600,-60.300,0.900,0.230,5.598,7.515
1.950,-60.300,1.050,0.153,5.982,8.512
3.600,-60.600,0.750,-0.230,5.675,6.902
5.700,-60.900,1.500,0.077,5.522,8.052
6.900,-61.350,1.950,-0.153,5.445,7.745
7.950,-61.350,1.950,0.383,5.905,7.745
9.000,-61.500,1.200,0.153,5.598,7.899
9.600,-61.650,1.500,0.997,5.445,7.669
9.900,-61.350,1.650,0.614,5.675,7.745
10.650,-61.050,1.800,-0.077,5.905,7.899
10.500,-61.650,1.500,0.153,5.445,7.822
10.350,-61.500,2.250,0.000,5.598,8.206
10.050,-61.050,1.800,-0.307,5.368,7.745
9.600,-61.650,1.950,-0.077,5.368,7.822
10.200,-62.100,1.200,-0.077,5.368,7.899
10.950,-60.600,1.350,-0.077,5.598,8.129
10.050,-61.950,1.800,-0.230,5.905,8.129
10.500,-61.650,2.100,-0.077,5.368,8.052
10.500,-61.500,1.800,-0.153,5.598,7.669
9.900,-61.350,2.400,-0.460,4.678,7.822
10.800,-61.800,3.450,-0.844,5.061,7.132
10.200,-61.950,4.200,-0.690,6.672,7.822
10.200,-62.700,5.250,0.614,6.365,7.515
9.600,-62.850,5.850,-0.230,6.058,6.902
10.350,-63.300,6.000,-0.077,6.058,7.285
9.750,-64.350,7.500,-0.077,5.828,6.595
9.300,-63.900,9.450,-0.153,6.442,6.979
9.600,-64.200,11.850,-0.153,7.132,6.365
9.450,-64.950,14.550,-0.307,7.209,5.982
9.450,-65.250,17.550,0.000,7.745,6.212
10.050,-65.700,18.150,-0.230,8.129,5.752
9.000,-65.850,19.650,0.230,8.436,5.522
9.450,-66.150,21.600,-0.230,8.512,5.061
10.350,-66.000,21.900,-0.077,8.436,5.215
10.050,-65.400,21.150,-0.230,8.206,5.061
9.750,-66.000,21.300,-0.153,7.822,4.985
9.900,-66.300,20.850,0.000,7.899,5.291
10.200,-65.550,21.000,-0.153,7.822,5.138
9.750,-66.150,20.400,-0.153,7.976,5.061
9.750,-67.350,20.700,-0.077,7.899,5.291
9.900,-66.450,21.450,0.077,7.899,5.215
9.900,-65.400,22.050,0.077,8.052,5.368
10.050,-65.850,21.900,0.153,8.282,4.985
8.850,-66.300,22.200,0.153,8.282,5.061
8.850,-65.400,22.050,-0.153,8.129,5.061
8.100,-66.300,21.600,0.230,8.206,5.368
7.200,-65.250,21.750,0.614,7.976,5.061
5.400,-65.100,21.900,0.383,8.359,4.985
3.600,-65.850,22.350,0.537,8.282,4.908
1.800,-65.700,22.050,0.307,8.436,5.291
-1.350,-65.550,21.750,0.230,8.206,5.138
-2.250,-63.750,20.400,0.614,8.436,5.291
-4.350,-63.300,19.350,0.307,7.515,4.985
-6.900,-63.150,18.900,0.307,8.512,4.831
-7.950,-61.350,18.150,-0.153,8.129,5.522
-9.750,-61.800,17.400,-0.230,7.822,4.831
-11.100,-60.300,16.950,0.000,8.282,5.598
-12.300,-60.750,15.900,-0.230,8.282,4.985
-13.200,-59.850,15.000,-0.383,8.129,5.215
-12.900,-59.700,14.700,-0.537,7.976,5.291
-12.900,-59.700,15.000,-0.307,8.206,5.215
-12.000,-60.300,15.600,-0.614,8.129,5.215
-10.800,-60.750,16.200,-0.767,8.206,5.061
-9.750,-62.550,17.250,-0.460,8.052,5.061
-6.750,-62.400,18.600,-0.383,8.436,5.061
-3.750,-63.750,19.050,-0.230,8.512,4.831
-1.050,-64.500,20.400,-0.307,8.052,4.908
2.250,-64.950,20.550,-0.230,8.282,4.448
4.800,-65.700,21.300,0.230,8.359,5.368
6.450,-66.600,21.300,-0.230,8.436,5.445
8.700,-65.850,22.050,0.000,8.129,4.985
11.250,-66.000,22.200,0.000,8.052,4.601
13.050,-66.450,22.050,0.920,8.129,3.298
14.700,-65.850,21.300,0.000,8.896,5.138
16.800,-66.000,20.700,-0.153,8.359,4.985
19.200,-65.700,21.300,-0.460,8.512,5.522
20.850,-66.000,20.850,-0.690,8.206,5.291
23.100,-64.350,19.350,-0.690,8.819,5.215
24.900,-65.400,18.300,-0.844,7.669,4.831
25.950,-63.600,17.850,-0.997,8.666,5.061
30.000,-63.000,16.500,-0.690,7.822,4.985
32.250,-62.250,14.850,-0.844,8.052,4.985
33.600,-61.050,12.750,-0.537,8.282,5.445
36.150,-61.050,10.500,-0.844,7.976,5.368
37.350,-59.100,9.300,-0.844,8.282,5.368
38.550,-58.050,6.900,-0.997,7.669,5.061
40.200,-58.350,5.700,-1.150,7.976,5.215
40.350,-56.700,2.700,-1.534,7.362,5.522
41.400,-56.250,1.500,0.153,9.126,5.138
40.050,-54.150,-0.750,-1.150,7.745,4.371
40.800,-53.550,-3.900,-1.687,7.976,4.908
40.800,-52.650,-5.400,-0.920,8.052,5.675
40.800,-51.150,-8.250,-0.383,8.129,5.982
42.150,-49.950,-9.000,-0.460,7.822,5.291
41.250,-48.600,-11.400,-0.153,7.439,5.675
40.650,-48.750,-12.150,-0.920,7.439,5.828
40.650,-49.200,-13.800,-1.304,7.362,4.985
39.600,-47.250,-14.100,-0.844,7.132,5.828
39.000,-47.850,-16.050,-0.767,7.899,6.212
38.250,-46.500,-17.100,-1.074,7.822,6.518
37.800,-46.200,-18.300,-0.920,8.129,5.445
37.950,-45.150,-19.500,-1.074,7.362,5.828
37.050,-43.950,-19.650,-0.614,7.745,5.445
36.750,-43.200,-22.500,-0.537,7.515,5.675
34.200,-42.600,-23.700,-0.767,7.669,5.905
33.450,-42.750,-24.300,-0.537,7.822,6.058
32.700,-41.700,-25.500,-0.767,7.745,5.675
31.500,-40.050,-26.100,-1.074,7.362,5.828
30.450,-39.300,-26.700,-1.227,6.979,5.138
28.350,-39.600,-28.950,-0.767,8.742,6.135
26.850,-40.050,-29.400,-1.150,8.666,6.825
25.800,-38.700,-30.600,-1.150,7.439,5.522
22.200,-38.100,-30.900,-1.150,7.515,5.982
20.700,-36.600,-31.350,-1.074,7.745,5.598
19.200,-35.550,-33.450,-0.920,7.439,5.752
15.600,-35.100,-33.300,-1.227,7.362,5.905
12.450,-34.650,-33.300,-0.537,7.285,5.675
10.200,-34.950,-33.150,-0.767,7.439,6.058
7.950,-34.950,-32.700,-0.690,7.055,5.905
4.950,-35.100,-31.650,-0.844,7.362,5.982
2.850,-35.550,-32.250,-0.767,7.439,6.442
0.150,-37.350,-32.250,-0.844,7.209,6.365
-2.850,-37.500,-29.850,0.844,7.669,6.595
-4.500,-38.100,-28.350,-1.457,7.899,5.061
-6.600,-39.600,-27.150,-0.997,7.745,6.902
-8.400,-39.150,-26.100,-0.153,8.206,5.368
-9.600,-40.350,-24.900,-0.307,8.206,6.825
-11.550,-42.000,-22.800,-0.307,7.745,6.058
-13.500,-43.050,-19.500,-0.844,7.822,6.058
-13.800,-44.100,-18.450,-0.690,7.899,6.288
-16.200,-45.750,-16.200,-0.537,7.669,5.061
-16.500,-45.900,-13.650,-0.230,7.976,5.445
-17.400,-47.700,-10.500,0.230,7.592,5.905
-18.150,-49.800,-8.100,-0.460,7.515,5.138
-18.000,-51.150,-5.250,0.767,7.285,3.068
-17.550,-52.500,-3.300,0.614,7.362,4.755
-16.950,-54.000,-0.750,0.307,7.976,6.442
-17.400,-53.700,1.200,0.537,7.899,5.291
-17.100,-54.900,2.250,0.230,8.436,5.445
-16.500,-55.800,2.400,0.460,8.359,5.215
-16.500,-54.750,2.700,-0.077,8.436,4.908
-15.150,-55.350,2.100,-0.153,7.515,6.058
-17.250,-54.450,2.850,-0.614,7.669,5.828
-15.750,-56.250,2.700,-0.230,7.899,5.445
-15.750,-54.750,2.850,-0.077,7.745,5.675
-16.200,-54.600,3.000,-0.153,7.976,5.291
-16.050,-55.350,2.250,-0.153,7.822,5.675
-15.750,-56.100,3.300,-0.383,7.899,5.522
-15.600,-55.050,2.850,-0.690,8.052,5.675
-15.750,-55.500,3.450,-0.920,8.436,5.291
-14.850,-56.400,2.850,-1.457,7.592,5.445
-14.250,-56.550,4.800,-1.150,8.052,5.522
-14.550,-57.300,6.000,-0.844,7.669,5.138
-14.250,-58.650,7.350,-0.844,7.899,5.215
-13.500,-57.450,9.750,-0.997,7.669,4.908
-12.600,-58.950,11.850,-0.077,9.586,4.908
-10.200,-60.000,13.050,-0.537,7.669,5.138
-7.650,-61.500,15.150,-0.920,7.822,5.445
-5.850,-62.400,15.450,0.307,9.203,6.058
-3.300,-63.150,16.350,0.690,7.439,5.368
-1.500,-62.400,16.200,0.307,7.745,4.985
-1.200,-63.600,16.950,0.230,8.129,5.215
-1.500,-63.450,17.400,0.153,7.515,5.368
-2.100,-63.450,17.250,-0.460,7.745,5.598
-2.100,-62.550,16.350,-0.460,7.822,5.445
-2.700,-62.400,17.550,-0.383,8.052,5.368
-3.150,-63.450,16.800,-0.614,7.822,5.675
-1.800,-62.850,16.800,-0.460,7.745,5.752
-2.550,-64.050,16.350,-0.614,8.052,5.675
-2.550,-62.850,17.700,-0.153,8.052,5.752
-2.250,-62.400,16.050,-0.307,7.745,5.522
-2.400,-63.900,16.350,-0.383,7.592,5.522
-2.400,-63.000,16.800,-0.307,7.899,5.522
-1.950,-64.050,16.350,-1.841,7.439,5.828
-1.800,-63.150,16.950,-0.614,7.055,5.138
-1.050,-63.750,16.500,-0.077,7.669,5.598
-2.100,-64.200,16.950,-0.153,7.822,5.675
-2.250,-64.050,16.800,-0.153,7.822,5.598
-2.100,-63.750,16.500,-0.153,8.129,5.828
-2.850,-63.750,16.050,-0.383,7.899,6.288
-1.950,-63.450,15.600,-0.230,7.669,6.058
-1.500,-63.150,13.650,-0.230,7.439,5.982
-2.100,-62.550,12.150,-0.460,7.285,6.135
-1.500,-63.450,11.550,-0.230,7.055,6.442
-0.900,-62.550,10.800,-0.153,6.672,6.365
-2.850,-61.800,10.650,-0.230,6.518,6.672
-1.950,-62.100,11.100,-0.614,6.902,6.749
-2.850,-62.250,11.400,-0.307,7.209,6.672
-1.800,-62.850,12.150,-0.307,7.362,6.058
-1.950,-63.150,12.300,-0.153,7.209,6.135
-1.800,-62.850,12.450,-0.230,7.285,6.135
-1.950,-62.850,12.450,-0.153,7.362,6.442
-1.800,-63.450,12.900,-0.307,7.745,6.595
-1.650,-63.750,13.350,-0.537,7.515,6.518
-1.650,-63.000,12.900,-0.077,7.362,6.135
-0.300,-63.150,12.750,-0.077,7.209,6.288
-1.500,-63.150,12.150,-0.614,7.209,6.058
-2.100,-63.300,12.150,-0.307,7.285,6.135
-1.500,-62.550,12.600,-0.767,7.362,6.518
-0.450,-63.000,13.350,-1.074,7.285,6.288
0.600,-63.450,12.000,-0.230,7.439,6.518
1.650,-63.450,13.050,0.230,7.362,6.135
0.300,-63.000,13.650,0.767,6.902,6.212
0.750,-62.850,13.050,0.537,7.439,6.212
-1.350,-62.700,13.050,0.383,7.285,5.828
-3.300,-62.850,12.900,0.844,7.515,5.675
-4.950,-61.500,11.700,0.000,7.822,5.982
-7.500,-60.600,11.850,0.230,7.592,5.828
-10.350,-59.550,9.750,0.153,7.515,6.672
-10.650,-58.950,8.400,-0.307,7.745,5.982
-13.350,-57.300,6.900,0.077,7.515,6.212
-15.000,-56.700,5.100,-0.077,7.285,5.828
-15.450,-55.050,4.500,-0.077,7.899,5.675
-16.500,-54.300,2.550,0.230,7.439,5.905
-17.100,-53.100,-0.150,0.383,7.592,5.905
-17.550,-52.350,-2.100,-1.150,6.518,5.598
-18.150,-51.300,-2.700,-0.537,6.979,5.215
-17.850,-50.550,-4.650,0.000,7.209,5.522
-18.300,-49.950,-6.150,0.077,8.052,6.442
-18.300,-48.750,-6.900,0.614,6.749,6.518
-19.050,-48.000,-7.500,0.537,7.745,6.365
-18.900,-46.500,-10.800,0.537,7.515,5.982
-19.050,-45.450,-12.000,0.460,7.745,5.905
-18.900,-43.050,-13.650,0.460,7.439,5.905
-18.300,-42.150,-16.200,0.844,7.745,5.752
-17.250,-39.600,-17.850,0.690,7.822,5.982
-16.500,-39.150,-20.550,0.614,7.439,5.752
-14.700,-37.950,-22.950,0.077,7.976,6.442
-13.800,-36.150,-25.050,0.690,7.132,5.368
-11.250,-36.000,-25.050,2.071,6.288,5.598
-10.050,-33.900,-27.600,1.994,6.058,6.672
-7.050,-36.300,-28.800,0.153,8.282,6.518
-5.550,-35.700,-29.400,1.457,7.899,5.522
-4.650,-34.500,-30.600,0.997,6.365,5.522
-1.650,-34.800,-31.350,-0.153,7.899,7.209
-0.450,-34.950,-31.800,-0.153,7.285,5.675
1.350,-34.200,-32.250,0.077,7.362,6.212
2.250,-33.450,-33.900,0.460,7.669,6.672
3.900,-34.200,-33.600,0.383,7.285,6.595
5.250,-33.600,-32.400,0.614,7.669,6.518
9.000,-35.100,-33.150,0.614,7.592,6.288
11.700,-34.800,-33.300,0.690,7.439,5.828
14.700,-34.650,-32.550,0.077,7.439,6.365
17.550,-35.250,-33.900,-1.150,7.209,5.752
20.100,-35.700,-32.400,0.460,7.439,6.365
21.450,-36.150,-32.700,0.153,7.439,6.135
22.650,-36.900,-31.500,-0.230,7.285,6.212
24.450,-38.400,-31.350,0.000,7.362,6.365
25.500,-39.300,-30.150,-0.153,7.209,6.365
27.600,-39.600,-28.350,-0.537,7.209,6.288
27.450,-42.000,-29.250,-0.690,7.362,6.979
28.050,-40.800,-27.450,-0.383,7.055,6.595
27.750,-40.350,-28.050,-0.077,7.132,6.365
28.500,-39.600,-27.750,0.230,7.132,6.442
28.200,-39.900,-28.050,0.077,7.132,6.212
28.500,-40.200,-28.800,0.614,7.055,6.595
28.500,-39.150,-28.050,0.383,7.209,6.442
27.750,-40.800,-28.050,0.460,7.209,6.135
29.100,-40.350,-26.850,0.614,7.055,6.058
29.250,-40.950,-27.600,0.767,6.979,6.135
29.100,-41.250,-28.050,0.614,6.979,6.288
30.000,-41.700,-26.550,0.614,7.132,6.442
29.850,-43.350,-25.800,0.690,7.132,6.518
30.900,-42.000,-25.800,0.537,7.209,6.365
31.950,-42.900,-24.600,0.614,7.285,6.595
31.650,-44.100,-23.400,0.383,7.209,6.595
33.000,-45.450,-22.500,0.614,7.362,6.288
32.250,-46.500,-21.600,0.537,7.285,6.288
34.350,-45.900,-20.700,0.537,7.132,6.518
32.850,-47.700,-18.900,0.767,6.979,6.212
35.250,-48.900,-17.700,0.614,6.672,6.288
36.450,-49.650,-15.300,0.460,7.669,6.518
35.400,-50.400,-14.100,0.307,7.285,5.675
36.450,-52.350,-10.800,0.383,6.672,6.672
37.050,-53.850,-8.550,0.844,7.209,5.905
36.750,-54.000,-7.650,-0.920,8.436,6.902
36.900,-54.600,-6.300,0.077,7.362,5.598
36.150,-55.200,-4.050,-0.153,7.055,6.058
34.950,-56.250,-2.550,-0.230,7.976,5.598
34.650,-57.450,-2.400,0.000,7.209,5.905
33.150,-59.700,0.300,0.307,7.362,6.212
33.000,-58.950,1.950,0.307,7.745,5.828
31.500,-60.300,3.750,0.690,7.669,5.828
30.600,-60.000,5.250,0.690,7.055,4.985
30.300,-61.500,7.950,-0.153,7.285,5.982
28.800,-61.650,9.450,-1.150,7.822,6.979
26.250,-63.300,9.900,0.000,7.055,5.675
23.400,-63.750,11.250,-0.383,8.052,6.135
19.950,-64.950,12.750,-0.153,7.899,5.982
18.600,-64.950,13.500,-0.153,7.439,6.058
15.600,-64.500,14.700,-0.077,7.515,5.828
13.350,-64.200,13.800,0.230,7.362,5.982
10.950,-64.500,14.550,0.230,7.669,6.135
10.050,-64.950,14.850,0.307,7.285,6.058
7.500,-64.950,14.550,0.690,7.899,5.905
6.000,-64.500,15.300,0.153,7.592,6.288
5.250,-63.900,15.300,0.614,7.439,6.212
3.600,-63.750,15.150,0.537,7.669,6.288
2.850,-64.200,14.850,0.460,7.209,6.135
0.750,-63.600,14.550,0.614,7.362,6.288
1.200,-64.500,15.150,0.690,7.132,6.135
0.300,-62.550,14.850,0.690,7.362,6.212
-2.100,-62.850,14.100,0.920,7.285,6.212
-1.800,-62.550,14.850,0.000,7.362,6.288
-4.050,-61.650,14.100,0.077,7.055,6.212
-4.500,-61.350,13.500,0.153,7.209,6.365
-3.000,-63.450,12.900,0.537,7.209,6.288
-3.600,-63.300,13.650,0.460,7.285,6.212
-3.300,-62.700,14.100,0.844,7.362,6.212
-1.800,-63.000,14.550,0.537,7.132,6.288
-2.550,-63.150,14.550,0.844,7.209,6.672
-2.400,-63.900,14.100,0.537,7.439,6.365
-2.100,-63.150,14.850,0.614,7.055,6.212
-1.950,-62.700,14.250,0.920,7.362,6.288
-0.750,-63.600,14.250,0.614,7.592,5.905
-1.650,-63.150,13.800,0.537,6.902,5.982
-1.950,-63.000,13.950,0.460,7.132,6.135
-1.800,-63.150,15.150,0.767,7.669,6.365
-1.200,-63.150,14.100,0.614,6.365,6.212
-0.600,-63.600,14.700,0.077,7.899,6.749
0.600,-64.200,14.550,0.614,6.672,5.061
-0.150,-64.050,14.850,1.227,8.052,6.365
0.750,-63.600,15.000,1.610,6.595,5.752
1.050,-63.600,14.850,0.230,7.362,6.288
1.200,-64.050,16.350,1.457,7.822,4.831
2.850,-64.650,16.950,0.230,8.896,5.982
2.400,-64.650,17.100,-0.690,7.669,6.135
2.100,-64.950,16.500,-1.074,6.518,6.135
3.000,-64.350,16.350,-0.153,7.209,5.752
2.100,-64.350,16.500,0.307,7.976,6.135
2.250,-64.500,16.650,0.000,7.439,5.675
2.400,-63.750,15.900,0.000,7.745,5.982
2.400,-63.300,16.500,0.077,7.669,5.675
1.650,-63.000,16.800,-0.077,7.439,5.905
1.950,-64.350,16.200,0.077,7.899,6.212
2.250,-64.950,16.500,0.153,7.515,5.905
0.300,-64.050,16.650,0.000,7.515,5.675
0.600,-63.150,15.900,0.000,7.592,5.905
0.750,-64.350,16.200,0.230,7.515,5.752
-0.150,-63.000,15.900,-0.153,7.515,6.212
-0.450,-64.200,15.750,-0.537,7.515,5.675
-1.050,-64.200,16.200,-0.230,7.439,5.828
-0.300,-64.200,15.600,0.000,7.745,5.828
-0.600,-63.750,16.200,0.153,7.592,5.982
-1.350,-63.000,15.900,-0.077,7.592,6.058
-0.750,-63.600,15.750,-0.077,7.669,5.905
-0.300,-63.300,16.050,-0.077,7.439,5.752
0.300,-64.350,16.350,-0.153,7.822,5.752
0.150,-65.100,16.200,0.230,7.515,5.905
1.350,-63.600,15.750,0.077,7.745,5.905
0.150,-63.450,16.800,-0.153,7.592,5.828
1.050,-63.900,15.900,-0.153,7.362,5.752
0.450,-63.900,16.050,0.000,7.669,5.982
0.600,-64.500,16.650,0.000,7.745,5.905
0.450,-63.750,16.200,0.000,7.592,5.905
0.600,-63.750,16.050,0.077,7.515,5.905
0.750,-64.350,16.650,0.000,7.669,5.752
1.350,-64.050,16.500,-2.684,6.212,5.138
0.750,-63.450,17.100,-0.230,7.669,6.212
1.800,-64.200,19.350,0.000,7.745,5.828
1.200,-64.350,21.000,-0.077,7.439,5.061
-0.150,-64.650,23.700,-0.153,8.512,4.908
0.600,-65.250,26.550,0.077,8.589,4.371
1.500,-64.650,29.700,0.000,8.819,4.141
0.600,-64.650,31.050,0.000,8.972,3.758
1.050,-64.200,33.300,-0.153,9.126,3.298
1.350,-64.500,35.400,0.077,9.509,2.991
1.800,-64.950,38.250,-0.153,9.739,2.377
1.350,-64.350,39.000,-0.153,9.739,2.301
1.500,-63.000,40.350,0.000,9.586,2.147
1.650,-63.600,40.650,-0.230,9.509,2.454
1.050,-63.300,40.800,0.077,9.739,2.071
1.350,-63.600,40.950,0.000,9.509,1.841
2.400,-62.850,40.800,-0.077,9.509,2.147
1.950,-62.850,40.050,-0.153,9.586,2.224
1.350,-63.450,40.350,-0.153,9.433,2.071
1.950,-63.300,40.200,0.230,9.586,2.147
2.100,-63.150,40.200,0.383,9.356,2.454
1.500,-63.300,40.800,-0.537,9.049,5.598
1.950,-63.750,40.650,-0.844,10.123,3.144
2.100,-64.350,40.200,-0.460,9.739,2.454
1.350,-63.600,39.600,-0.153,9.509,1.687
1.200,-63.150,40.950,-0.077,9.586,2.071
1.350,-63.450,41.550,-0.077,9.509,2.071
1.350,-62.850,40.050,0.077,9.586,1.917
1.350,-63.450,39.600,0.077,9.433,1.994
2.100,-64.350,40.650,0.077,9.433,2.224
1.950,-63.000,40.050,-0.307,9.586,2.224
1.500,-63.450,40.500,-0.153,9.433,1.917
2.100,-63.750,41.400,-0.153,9.509,1.994
1.200,-63.150,40.350,-0.307,9.586,1.994
1.950,-63.600,40.200,-0.230,9.509,1.994
1.200,-63.600,41.250,-0.153,9.509,1.841
2.850,-63.150,41.400,-0.153,9.433,1.994
1.950,-62.850,40.500,-0.460,9.356,2.224
2.700,-63.750,40.650,-0.383,9.739,1.841
3.600,-63.450,41.250,-0.460,9.279,2.377
4.200,-63.600,40.800,-0.767,9.663,2.147
5.250,-64.650,41.400,-1.150,9.663,1.841
6.300,-64.350,42.000,-0.537,9.509,2.147
7.500,-64.050,41.100,-0.997,9.509,1.457
9.900,-64.350,42.000,-0.997,9.433,1.841
11.700,-65.400,42.000,-0.997,9.586,1.764
14.550,-64.200,41.250,-0.767,9.586,1.687
17.550,-64.050,41.400,-0.690,9.586,1.917
21.450,-64.500,40.950,-0.690,9.509,2.224
23.250,-64.350,38.850,-0.767,9.586,1.764
26.400,-63.450,37.950,-1.380,9.433,1.764
28.500,-63.600,35.700,-0.767,9.739,2.147
30.900,-63.450,34.650,-1.227,9.509,1.841
32.700,-63.900,33.150,-0.920,9.586,2.071
34.350,-63.150,31.050,-1.380,9.203,2.224
35.400,-63.150,29.400,-1.227,9.279,2.761
37.200,-62.700,28.050,-1.610,8.589,2.224
37.350,-62.700,24.900,-0.614,8.512,0.537
37.800,-62.700,24.000,0.000,9.663,2.071
39.000,-63.000,22.350,-0.920,9.663,1.994
39.150,-62.850,17.850,0.153,10.353,2.761
38.850,-61.800,16.200,-0.460,9.433,2.607
40.050,-61.950,14.550,-0.460,9.126,2.607
40.500,-61.800,12.750,-0.307,9.586,1.994
40.200,-61.050,10.650,-0.077,8.666,2.301
40.500,-61.050,8.550,-0.383,9.509,2.454
40.200,-61.500,7.350,0.077,9.203,2.531
40.200,-60.450,5.850,0.000,9.509,1.917
39.600,-60.900,4.350,0.153,8.972,2.531
39.900,-61.200,4.350,0.077,9.509,2.531
39.600,-60.000,4.200,-0.077,9.203,2.531
38.400,-60.450,4.500,-0.614,8.819,2.454
39.150,-60.900,4.950,-0.537,9.663,2.607
39.150,-61.050,5.100,0.844,7.132,4.831
38.550,-61.200,5.850,-1.457,10.123,2.147
38.850,-60.000,4.800,-0.230,8.359,1.687
39.300,-61.650,4.950,-0.153,9.893,2.071
38.550,-60.750,4.800,0.383,8.666,1.994
38.550,-60.750,6.300,-0.153,10.123,2.147
39.150,-61.350,7.800,0.767,9.126,1.994
39.000,-62.100,9.750,-0.307,9.509,1.841
38.700,-62.250,10.650,0.537,9.509,2.071
37.500,-62.850,12.750,0.920,9.279,2.147
37.200,-62.550,15.900,0.383,9.279,1.764
36.000,-64.500,18.450,0.307,9.893,1.994
34.350,-64.350,21.750,0.000,9.509,1.687
33.150,-65.100,24.450,0.077,9.739,1.994
32.250,-64.350,27.150,-0.383,9.586,1.610
30.750,-66.000,28.950,0.153,9.126,1.917
29.700,-65.700,31.200,0.000,8.896,2.837
29.250,-64.500,33.750,-0.767,9.356,0.077
27.450,-65.850,35.250,-0.383,10.353,3.758
23.850,-64.950,36.450,-0.077,10.430,2.454
21.750,-64.500,38.550,-0.077,9.969,1.304
18.150,-66.300,39.450,0.077,9.509,2.224
16.050,-66.150,40.950,-0.383,9.126,1.687
14.250,-64.950,41.550,-1.227,9.663,1.304
13.200,-64.950,41.250,-0.537,8.819,2.377
10.800,-64.650,41.250,0.614,9.509,3.758
10.650,-64.650,43.200,0.920,11.043,-0.460
12.150,-64.350,43.500,-1.841,11.043,6.979
12.150,-64.350,42.000,-0.844,9.279,0.690
11.850,-64.200,41.850,0.230,9.893,1.917
12.000,-64.950,42.150,-0.844,9.279,1.687
10.800,-64.950,42.900,1.074,9.356,1.994
10.200,-64.350,43.650,1.074,9.663,1.764
6.600,-64.350,42.750,0.690,9.356,1.764
4.950,-63.450,42.300,0.460,9.586,1.841
1.500,-63.750,41.100,0.307,9.739,1.534
-0.150,-63.000,41.550,0.230,9.586,1.380
-2.400,-62.700,39.900,0.153,9.586,1.610
-5.700,-62.400,38.550,0.153,9.663,1.841
-9.000,-60.450,37.200,0.230,9.586,1.764
-11.400,-61.050,35.700,0.307,9.126,1.687
-12.300,-60.900,33.450,0.307,9.739,1.994
-13.200,-59.550,32.850,0.614,9.356,1.534
-14.550,-60.300,32.850,0.920,9.356,1.994
-15.450,-59.700,31.050,0.614,8.819,1.304
-16.200,-58.800,30.450,0.537,9.126,2.071
-17.100,-58.650,29.100,0.844,9.969,2.454
-18.450,-58.650,27.000,0.230,8.896,1.380
-19.650,-58.050,27.000,0.000,9.586,2.301
-20.250,-58.050,24.600,0.690,9.586,2.454
-20.250,-57.300,23.400,0.767,9.203,1.764
-20.700,-56.100,22.500,0.690,9.433,2.531
-21.150,-56.550,21.150,1.150,9.126,2.377
-22.350,-55.950,19.650,1.304,9.433,2.607
-22.650,-55.650,19.350,1.304,9.433,2.531
-23.400,-55.650,17.700,1.150,9.356,2.531
-22.950,-55.050,14.850,1.227,9.433,2.531
-22.050,-54.150,13.950,0.997,8.819,3.144
-23.100,-54.000,13.050,0.997,9.509,2.531
-23.550,-54.600,10.800,0.997,9.126,2.684
-22.500,-53.400,9.000,0.767,9.663,2.071
-21.900,-52.950,8.250,1.150,9.663,2.607
-22.800,-54.300,6.300,0.690,9.356,2.914
-21.000,-53.700,5.250,0.844,8.742,2.531
-21.150,-54.300,4.200,0.767,9.509,2.991
-20.100,-53.700,3.600,0.920,9.739,3.221
-18.900,-54.150,2.100,-0.460,8.896,3.221
-18.450,-54.450,-0.450,0.920,9.356,3.374
-16.650,-55.050,-0.900,-0.230,9.203,2.377
-16.500,-55.950,-1.800,-0.383,9.433,3.221
-15.900,-54.300,-1.500,-0.460,9.433,1.764
-16.800,-54.900,-1.800,0.153,9.203,2.531
-17.250,-55.350,-1.350,0.077,9.433,2.377
-15.900,-55.200,-1.200,0.307,9.509,2.531
-15.900,-55.050,-1.350,0.460,9.279,2.531
-16.050,-55.800,-1.050,0.460,9.739,2.377
-15.750,-55.350,-0.750,0.230,9.049,2.377
-15.600,-56.250,-0.450,0.844,9.586,2.684
-15.600,-55.650,-0.900,0.153,9.279,2.224
-16.350,-55.950,-1.350,0.153,9.433,2.454
-15.750,-54.900,-0.600,0.230,9.356,2.147
-16.350,-55.200,-0.600,0.230,9.586,2.684
-16.200,-55.650,-0.750,0.077,9.203,1.917
-15.900,-55.800,-0.900,0.844,9.049,2.684
-15.750,-55.650,0.300,-0.230,10.353,2.837
-16.050,-56.100,-0.750,0.690,8.972,2.684
-15.900,-56.100,-1.350,0.383,9.739,1.994
-15.300,-56.100,-1.350,0.844,9.126,2.147
-15.300,-55.500,-2.550,0.383,10.123,1.534
-14.550,-55.200,-3.450,0.690,9.279,2.147
-13.800,-55.200,-4.950,0.690,9.893,2.301
-13.050,-54.450,-7.050,0.460,9.279,1.994
-11.850,-54.600,-8.850,0.383,9.586,1.917
-9.750,-54.000,-10.500,0.537,9.126,2.377
-9.150,-53.550,-12.000,0.614,9.509,2.147
-7.800,-54.750,-13.200,0.077,9.433,3.221
-5.700,-54.450,-14.250,0.383,9.969,2.224
-4.200,-54.600,-14.250,0.230,9.586,1.457
-2.700,-54.450,-16.050,0.844,8.589,1.994
-1.050,-54.600,-16.650,0.997,9.893,2.837
1.500,-54.000,-17.400,0.230,9.049,2.301
2.250,-55.050,-18.150,0.307,9.739,2.607
4.500,-55.350,-18.900,0.230,9.663,2.301
6.750,-54.300,-19.500,0.614,9.203,2.377
9.450,-54.900,-19.800,0.537,9.509,2.607
10.800,-55.950,-19.050,0.844,9.203,2.301
12.000,-54.600,-18.450,0.614,9.049,1.994
16.200,-55.650,-18.750,0.383,10.813,2.301
18.000,-55.350,-18.600,0.767,9.279,2.377
20.850,-55.800,-16.500,0.077,9.126,2.301
23.700,-57.450,-15.900,0.153,9.203,2.454
25.800,-57.150,-14.100,0.153,9.663,2.761
28.800,-58.350,-12.750,-0.230,9.126,2.377
29.400,-58.050,-10.350,0.307,9.816,2.147
30.600,-59.550,-7.650,0.383,9.356,2.224
32.400,-59.400,-6.000,-0.077,9.356,2.224
34.050,-61.200,-4.050,0.383,9.433,2.454
33.450,-61.050,-1.650,0.307,9.356,2.684
34.500,-61.650,-0.150,0.153,9.433,2.607
34.950,-62.100,2.550,0.383,9.433,2.684
34.800,-62.100,4.350,0.307,9.509,2.761
34.500,-64.050,6.750,0.307,9.203,2.684
34.500,-63.150,9.600,0.537,9.203,2.914
34.200,-64.650,11.400,0.153,9.509,2.377
34.350,-64.200,13.050,0.230,8.666,2.607
33.000,-65.250,15.900,0.153,10.200,3.911
32.100,-64.500,17.850,-0.307,8.896,3.604
33.150,-64.950,18.750,-0.153,9.049,3.988
31.800,-65.250,19.500,-0.997,8.512,3.068
32.100,-64.200,21.600,-0.153,8.436,2.684
33.000,-64.500,22.050,-0.460,8.282,3.221
35.250,-64.200,22.200,0.000,9.739,2.224
36.750,-63.450,21.900,0.153,10.200,1.534
36.450,-63.750,22.050,0.000,10.506,1.764
34.950,-65.400,21.900,0.383,9.509,1.380
36.450,-63.900,22.650,-0.537,9.893,2.071
35.850,-63.750,21.900,0.077,8.589,2.607
35.250,-64.200,21.300,0.153,9.893,2.761
35.550,-63.900,22.350,-0.230,9.049,2.071
36.000,-64.950,21.450,0.000,9.509,2.914
35.250,-64.050,22.200,-0.383,9.433,2.301
35.100,-63.150,22.350,0.000,9.356,2.071
36.150,-63.900,22.500,-0.153,9.203,1.994
35.550,-63.150,21.900,-0.153,9.663,2.607
35.100,-64.650,22.050,-0.230,9.279,2.301
35.400,-64.350,21.600,-0.077,9.509,2.224
36.000,-63.750,21.750,-0.537,9.203,2.761
36.000,-64.650,22.350,-1.380,9.816,2.607
36.450,-63.000,22.050,1.150,8.896,1.534
35.700,-63.750,21.750,0.000,9.509,2.147
35.700,-63.600,21.900,0.000,9.663,2.684
34.650,-63.750,22.500,-0.077,9.279,1.994
35.250,-63.900,23.700,0.460,9.509,2.454
34.200,-64.200,22.800,0.920,9.663,2.224
33.900,-65.100,25.200,0.614,9.509,1.917
31.950,-65.100,26.850,0.537,9.433,2.071
31.650,-64.950,28.800,0.614,9.509,1.841
30.750,-64.500,30.600,0.307,9.433,1.841
29.400,-64.650,32.850,0.230,9.816,1.380
25.950,-64.950,35.400,-0.920,9.203,1.074
20.850,-66.000,37.350,-0.383,9.433,2.147
18.600,-66.300,37.950,0.000,10.046,1.994
15.300,-65.700,39.450,-0.153,9.356,1.457
12.000,-65.400,39.900,-0.153,9.586,1.610
8.850,-64.800,40.200,0.307,9.356,2.071
4.500,-64.500,41.100,0.230,9.663,2.071
0.300,-64.350,38.850,0.153,9.433,2.071
-1.350,-63.150,38.400,0.153,9.586,2.301
-4.200,-62.850,37.050,0.000,9.049,2.377
-4.800,-62.700,37.350,0.153,9.816,2.454
-7.050,-62.550,34.800,0.537,9.049,2.531
-7.350,-62.100,36.000,0.383,9.739,2.607
-9.750,-61.650,34.500,0.920,9.433,2.684
-10.800,-61.050,33.300,0.844,9.509,2.684
-12.000,-60.900,32.400,0.690,9.203,2.914
-12.600,-60.300,32.550,0.307,9.663,2.991
-12.600,-59.550,31.650,0.077,9.203,2.837
-13.950,-61.050,30.450,-0.153,9.203,2.914
-13.050,-59.850,30.900,0.614,9.509,2.914
-12.600,-60.750,31.650,0.537,9.356,2.761
-11.850,-60.300,30.900,0.690,9.509,2.914
-11.550,-61.050,31.800,0.614,9.356,2.914
-11.850,-61.350,32.400,0.690,9.509,2.761
-10.950,-61.350,32.550,0.920,9.279,2.531
-9.900,-60.900,33.600,0.767,9.509,2.761
-10.200,-61.050,31.950,0.614,9.203,2.684
-10.650,-61.350,32.100,0.767,9.433,2.684
-10.200,-61.050,32.250,0.614,9.279,2.837
-9.300,-61.950,33.450,1.074,9.509,2.684
-9.900,-61.800,33.450,0.153,9.126,2.684
-10.200,-61.050,32.700,0.307,9.356,2.684
-8.850,-61.050,32.100,0.383,9.433,2.991
-9.150,-60.900,33.000,0.614,9.279,2.914
-10.050,-61.800,33.600,0.383,9.433,2.684
-9.750,-62.100,34.050,0.307,9.356,2.914
-8.550,-62.550,34.200,0.230,9.433,2.684
-8.400,-62.550,34.200,0.460,9.279,2.607
-7.650,-62.850,34.350,0.767,9.509,2.607
-7.500,-62.850,34.050,0.767,9.433,2.684
-5.850,-63.450,35.700,0.690,9.126,2.684
-6.000,-63.450,35.850,0.307,9.433,2.684
-5.400,-63.150,35.250,0.614,8.972,2.607
-4.800,-62.850,35.550,1.074,8.819,2.761
-4.950,-62.850,37.950,0.307,10.430,2.454
-5.100,-62.550,36.300,0.614,8.896,2.914
-5.550,-63.450,37.800,0.690,9.816,2.531
-4.800,-63.000,38.100,0.153,9.126,2.301
-4.800,-63.600,36.600,0.383,9.509,2.837
-4.950,-63.900,37.950,0.690,9.433,2.607
-4.800,-63.150,36.900,0.537,9.279,2.531
-4.950,-62.550,37.500,0.307,9.279,2.607
-4.650,-62.850,37.350,0.690,9.509,2.607
-5.250,-62.700,38.250,0.537,9.279,2.684
-4.650,-62.550,37.350,-0.230,9.203,2.761
-4.200,-63.600,39.450,1.074,8.206,1.227
-4.350,-63.000,40.050,0.997,9.586,1.150
-4.050,-62.700,41.700,0.614,9.893,1.917
-3.600,-62.100,40.500,0.537,9.509,2.071
-4.200,-62.550,41.850,0.460,9.509,2.454
-4.050,-62.100,40.950,0.767,9.586,1.917
-4.500,-63.150,41.100,0.767,9.509,2.071
-4.650,-62.550,40.050,0.383,9.509,1.994
-4.350,-63.150,40.350,0.153,9.663,1.917
-3.900,-62.550,41.250,1.227,9.509,1.841
-4.650,-63.450,40.500,0.460,9.969,2.071
-3.300,-63.900,38.400,0.077,9.893,2.531
-4.650,-64.050,35.550,0.690,9.586,2.914
-2.550,-63.600,33.450,0.383,8.512,3.144
-3.300,-64.950,30.750,0.537,8.742,3.528
-3.300,-64.200,29.250,0.537,8.819,3.988
-2.850,-63.450,27.150,0.690,8.896,4.218
-3.450,-64.650,25.650,0.537,8.972,4.525
-3.450,-63.150,24.000,0.460,8.512,4.831
-2.700,-63.900,21.600,0.383,7.976,5.138
-3.000,-62.400,19.200,0.383,7.592,5.291
-3.600,-63.900,17.850,0.307,7.592,5.828
-1.800,-63.300,15.000,0.690,6.902,5.982
-3.000,-62.850,15.750,0.460,6.518,5.752
-1.950,-63.600,15.600,1.074,7.592,6.212
-1.800,-63.150,16.500,0.383,8.359,6.518
-2.100,-64.200,15.600,0.690,7.745,5.905
-1.500,-62.700,14.550,0.383,7.132,6.212
-1.350,-63.450,13.200,0.460,6.979,6.595
-0.900,-63.000,14.100,0.460,6.902,6.288
-1.350,-63.150,14.250,0.844,7.592,6.442
-1.650,-63.150,14.250,0.460,7.439,6.365
-1.650,-62.850,14.100,0.690,7.439,6.288
-1.350,-63.600,13.950,0.460,7.285,6.288
-1.050,-63.750,13.800,0.844,6.902,6.135
-1.650,-63.150,14.550,0.614,7.209,5.982
-0.750,-62.550,14.550,0.614,7.285,6.135
-0.900,-62.550,15.150,0.230,7.209,6.058
-0.750,-63.450,14.400,0.690,6.902,6.442
-1.650,-63.450,14.100,0.844,7.132,6.442
-1.800,-63.150,14.100,0.767,7.285,6.442
-0.900,-62.700,14.100,0.383,7.439,6.442
-1.500,-62.700,14.550,0.460,7.055,6.212
-1.350,-62.700,13.350,0.844,7.362,6.135
-1.650,-62.850,14.100,0.844,7.362,6.135
-1.200,-63.000,14.550,0.614,7.132,6.135
-1.350,-62.850,14.700,0.383,7.362,6.442
-0.300,-62.850,14.850,0.307,7.362,6.288
-1.650,-63.300,14.250,0.614,7.285,6.135
-1.350,-63.600,14.250,0.383,7.132,6.135
-0.750,-63.300,14.700,0.614,7.209,6.058
-0.900,-62.250,14.250,0.997,7.285,6.135
-1.200,-63.150,14.550,0.537,7.132,6.595
-1.350,-63.150,14.550,0.767,7.592,6.518
-2.400,-63.450,14.250,0.383,6.979,5.905
-1.200,-63.450,13.950,0.767,7.362,6.212
-2.550,-63.150,14.850,0.690,7.439,6.595
-1.950,-62.550,14.250,0.307,7.285,5.905
-1.350,-63.450,15.000,0.153,7.209,6.365
-0.450,-63.000,14.100,-0.460,6.979,6.212
1.350,-63.300,13.800,-0.153,7.055,6.135
2.550,-63.600,15.150,-0.153,7.132,6.058
4.200,-64.200,15.600,-0.077,7.592,6.058
6.600,-63.300,15.600,-0.153,7.822,5.982
9.000,-64.650,15.150,0.077,7.592,5.905
12.750,-65.100,14.250,0.077,7.669,5.905
16.050,-64.950,15.450,0.153,7.822,5.982
19.050,-64.650,14.400,0.153,7.745,5.828
21.900,-63.900,13.650,0.077,7.362,5.828
22.800,-63.000,12.450,0.153,7.899,5.752
26.550,-62.100,11.400,-0.153,7.439,5.905
28.650,-61.950,10.800,0.077,7.439,6.058
30.450,-61.800,9.450,-0.230,7.515,5.828
30.150,-60.600,8.700,0.230,7.362,6.212
32.550,-61.050,7.350,0.460,7.899,6.288
32.100,-59.400,7.500,0.997,7.439,6.288
31.950,-59.850,6.450,0.460,7.362,5.982
32.100,-60.450,7.800,0.077,7.592,5.905
29.850,-61.050,9.150,0.000,7.745,6.135
29.550,-62.100,10.200,0.230,7.515,5.368
28.200,-62.850,10.800,-0.153,7.669,5.828
25.500,-62.850,11.700,0.230,7.669,5.752
22.650,-62.550,12.900,0.230,7.669,5.445
19.650,-64.650,14.100,0.077,8.052,5.828
16.050,-64.500,14.700,0.077,7.669,5.828
12.000,-64.050,16.650,0.614,7.822,5.905
9.300,-64.950,16.050,0.230,7.745,5.675
5.700,-64.500,15.750,0.077,7.745,5.752
1.650,-63.900,15.000,0.383,7.592,5.905
-1.200,-63.300,15.000,0.307,7.592,6.058
-3.900,-63.000,14.700,0.690,7.515,5.905
-6.450,-62.100,13.650,0.767,7.515,6.212
-7.950,-60.300,13.200,0.614,7.592,6.058
-11.100,-58.650,12.000,0.997,7.209,6.058
-12.900,-58.200,10.650,1.074,7.439,6.288
-14.700,-57.150,9.300,1.074,7.439,6.135
-15.900,-55.800,7.350,1.074,7.362,6.135
-16.800,-55.200,6.450,1.227,7.285,6.288
-20.400,-52.950,4.200,1.457,7.055,6.058
-20.850,-52.050,1.200,0.844,7.132,5.368
-21.600,-49.500,-1.950,1.150,6.902,5.752
-20.700,-48.600,-5.100,0.000,7.439,6.979
-20.550,-45.750,-8.250,0.537,7.515,6.595
-21.000,-44.700,-10.350,0.307,6.749,6.442
-20.400,-42.150,-13.800,0.077,7.055,6.825
-19.200,-40.950,-16.500,0.000,7.285,7.515
-18.000,-39.000,-18.600,0.307,6.749,6.442
-17.400,-37.200,-20.550,0.077,7.285,6.979
-16.050,-36.150,-22.350,0.077,6.902,6.825
-14.400,-35.250,-24.000,0.307,6.672,6.442
-12.900,-34.050,-26.250,0.383,6.749,6.518
-11.550,-32.850,-28.500,0.307,6.902,6.825
-8.400,-31.800,-28.500,0.230,6.825,6.749
-6.300,-30.750,-30.300,0.460,7.209,5.982
-2.850,-30.150,-30.900,0.383,6.672,6.749
-0.900,-30.750,-32.550,0.153,6.825,6.365
3.450,-29.700,-34.200,0.153,7.669,7.209
7.050,-30.300,-35.400,0.307,6.902,6.365
12.150,-29.850,-34.950,-0.460,7.822,6.288
15.750,-30.600,-33.900,-0.383,7.285,6.442
18.300,-30.000,-34.500,-0.307,6.672,6.365
23.250,-32.700,-31.800,-0.537,7.362,6.595
27.900,-33.900,-31.200,-0.153,6.212,5.982
30.600,-37.200,-29.100,0.153,7.439,5.982
31.800,-38.100,-25.800,-0.077,9.203,6.902
34.500,-41.250,-24.600,-0.460,7.055,6.672
35.400,-42.750,-21.750,-0.077,7.439,6.212
36.750,-45.150,-19.800,-0.997,8.129,6.212
37.350,-46.200,-18.750,-0.383,6.902,5.752
37.500,-47.850,-15.900,-0.537,7.515,6.212
37.200,-48.750,-14.100,-0.307,7.515,6.212
38.550,-49.350,-13.350,-0.153,7.209,6.212
38.250,-49.800,-12.750,-0.153,7.745,6.288
37.200,-51.300,-10.950,-0.153,7.209,6.288
37.200,-52.350,-9.150,-0.077,7.362,6.058
36.450,-54.150,-8.400,0.000,7.362,5.982
36.000,-54.000,-7.200,0.153,7.362,5.982
36.150,-54.750,-6.300,0.920,7.822,6.288
36.300,-54.300,-5.100,0.077,7.055,5.982
35.400,-55.500,-1.950,-0.153,8.052,5.675
33.900,-57.600,-0.600,0.077,7.592,6.135
33.600,-58.800,0.900,-0.230,7.362,5.905
32.400,-59.700,3.000,-0.460,7.745,6.518
31.950,-60.150,3.450,0.537,6.979,5.752
30.600,-61.050,5.850,-0.153,7.822,6.442
29.550,-61.200,7.200,0.383,7.209,5.215
28.050,-61.050,8.550,-0.230,7.362,5.522
26.850,-62.100,9.900,-0.230,7.362,6.902
24.750,-62.700,12.450,0.690,8.052,5.598
22.650,-64.200,12.900,0.307,7.132,5.291
19.950,-64.200,13.500,-0.153,7.976,6.135
17.100,-64.350,14.400,-0.614,7.745,5.675
14.550,-65.250,15.150,0.000,7.592,5.828
13.650,-65.250,15.000,0.000,7.822,5.982
10.050,-65.550,16.350,0.077,7.285,5.982
8.100,-64.500,15.900,0.077,7.899,6.135
6.300,-64.500,15.600,0.153,7.515,5.828
4.650,-64.050,15.150,0.000,7.362,6.058
3.150,-64.800,15.600,0.230,7.592,6.212
2.850,-63.600,15.000,0.383,7.362,5.982
0.150,-62.700,15.000,0.307,7.515,6.135
-0.150,-63.000,14.700,0.383,7.439,6.058
-1.950,-63.300,15.150,0.460,7.439,6.135
-2.700,-63.600,14.400,0.460,7.439,6.288
-3.750,-62.550,15.000,0.614,7.362,6.135
-3.450,-62.700,14.700,0.614,7.362,6.135
-4.500,-62.100,14.400,0.077,7.285,6.135
-3.750,-61.950,14.550,0.383,7.209,6.365
-4.200,-62.850,14.550,0.614,7.439,6.135
-3.900,-62.550,14.550,0.690,7.362,6.135
-4.800,-62.700,15.300,0.537,7.439,6.288
-3.450,-62.250,14.850,0.614,7.439,6.518
-3.300,-62.400,14.400,0.460,7.439,6.058
-4.350,-62.850,15.000,0.614,7.362,6.288
-3.900,-63.000,14.850,0.690,7.439,6.212
-3.000,-62.400,14.700,0.537,7.439,6.058
-3.750,-62.550,14.850,0.614,7.362,6.212
-4.050,-62.400,14.700,0.614,7.439,6.442
-3.300,-61.950,14.250,0.614,7.515,6.212
-3.600,-63.150,13.800,0.614,7.209,6.212
-4.350,-63.750,14.100,0.614,7.362,6.288
-3.150,-61.950,14.700,0.537,7.515,6.135
-4.350,-63.150,13.650,0.614,7.285,6.672
-3.900,-63.150,14.850,0.614,7.592,6.212
-3.450,-62.850,14.100,0.614,7.285,6.058
-3.000,-62.700,14.400,0.614,7.285,6.212
-3.750,-62.850,13.950,0.537,7.439,6.365
-3.300,-62.550,15.150,0.614,7.362,6.288
-3.750,-62.700,13.500,0.614,7.285,6.288
-2.700,-62.100,14.250,0.230,7.439,5.828
-4.350,-63.000,14.400,0.767,7.209,5.982
-2.550,-63.450,14.100,0.690,7.515,6.672
-3.150,-62.550,13.950,0.537,7.669,6.212
-3.300,-62.250,13.650,0.383,6.979,6.135
-4.200,-62.250,15.300,0.537,7.592,6.288
-3.450,-62.550,14.550,0.460,7.132,6.135
-3.600,-62.250,14.850,0.537,7.362,6.212
-3.450,-62.100,14.400,0.537,7.209,6.212
-3.300,-62.550,14.700,0.537,7.515,6.365
-3.150,-62.100,14.100,0.920,7.209,5.982
-3.450,-63.000,14.250,0.153,6.825,6.288
-3.450,-62.400,14.250,0.920,7.899,7.209
-3.150,-61.650,13.500,0.460,7.669,6.212
-2.850,-62.700,14.400,0.230,8.052,6.825
-3.000,-62.400,13.050,0.537,7.592,6.595
-2.400,-62.550,9.750,0.230,6.825,6.672
-2.400,-61.350,8.100,0.307,6.825,7.515
-2.250,-60.450,4.500,0.614,6.288,7.592
-2.400,-58.650,1.800,0.767,5.522,7.745
-2.700,-58.350,-1.950,0.460,4.755,8.512
-2.250,-56.100,-4.800,0.767,4.064,8.129
-1.500,-55.800,-6.900,1.074,3.834,8.589
-1.350,-54.900,-8.400,0.383,3.528,8.666
-2.100,-53.850,-8.850,0.614,3.604,9.586
-1.500,-51.900,-11.550,0.997,3.144,9.126
-2.250,-50.250,-13.350,0.614,2.761,9.433
-2.700,-49.050,-15.600,0.460,1.841,9.203
-1.800,-47.700,-17.700,0.537,1.150,9.126
-1.500,-46.500,-18.300,0.997,0.997,9.433
-2.250,-45.900,-19.650,0.690,0.690,9.893
-2.250,-44.400,-20.700,0.614,0.230,9.509
-2.100,-43.350,-21.150,0.690,0.153,9.509
-1.650,-44.100,-20.550,0.460,0.383,9.739
-1.800,-43.950,-21.000,0.767,0.383,9.586
-1.950,-45.000,-20.550,0.690,0.383,9.739
-1.350,-46.200,-20.100,0.690,0.537,9.586
-1.650,-45.900,-18.150,0.537,1.074,9.586
-1.500,-47.850,-16.800,0.614,1.917,9.739
-1.950,-48.750,-16.950,0.537,2.377,9.663
-2.100,-48.750,-16.500,0.460,2.454,9.663
-2.100,-47.550,-16.650,0.767,2.147,9.586
-1.500,-47.550,-16.800,0.614,1.534,9.509
-1.500,-46.800,-17.100,0.767,1.227,9.739
-1.500,-45.450,-18.300,0.383,0.920,9.586
-1.500,-45.150,-19.500,0.690,0.153,9.279
-1.950,-47.250,-18.750,0.537,1.150,9.586
-0.750,-46.650,-19.200,0.767,1.380,9.739
-1.800,-47.100,-18.750,0.614,1.534,9.663
-2.400,-47.700,-18.450,0.767,1.534,9.586
-2.700,-46.200,-18.150,0.920,1.304,8.589
-3.450,-46.350,-18.750,0.997,1.074,9.663
-3.300,-44.700,-17.850,0.767,1.074,9.356
-4.650,-45.900,-18.300,0.844,1.610,9.893
-5.400,-45.150,-18.450,0.767,1.457,9.739
-6.900,-44.400,-18.900,0.383,0.767,9.279
-8.400,-43.200,-18.450,1.304,1.610,9.356
-8.700,-43.350,-17.850,0.460,1.150,9.739
-10.350,-42.600,-18.000,1.074,2.147,10.430
-11.700,-40.950,-17.850,0.690,1.380,10.046
-13.650,-39.900,-18.750,0.767,1.304,9.586
-15.300,-38.850,-18.150,0.307,1.150,8.972
-15.900,-38.100,-17.850,1.610,0.537,9.049
-16.950,-37.200,-18.750,0.920,0.844,9.586
-17.850,-36.150,-18.600,0.920,0.920,9.433
-18.150,-34.200,-18.750,1.150,1.610,9.893
-20.400,-33.450,-18.900,1.610,0.920,9.509
-20.400,-30.450,-19.350,1.150,0.614,9.356
-19.800,-29.100,-20.700,0.997,1.380,9.586
-20.850,-26.850,-20.850,0.383,0.614,9.356
-22.050,-24.150,-21.000,1.074,0.230,9.126
-22.500,-21.600,-21.750,0.920,1.150,9.586
-21.750,-17.400,-22.650,-1.074,0.153,9.893
-22.800,-13.650,-21.750,1.380,1.074,10.353
-21.900,-10.350,-22.350,0.000,0.997,10.123
-19.650,-8.250,-22.800,0.920,0.230,9.816
-19.050,-5.100,-23.550,0.383,0.767,9.893
-17.400,-1.800,-23.100,0.460,0.690,9.586
-15.600,0.000,-24.000,0.690,0.230,9.739
-13.350,1.800,-24.000,0.844,0.460,9.663
-10.050,4.200,-24.450,0.690,0.383,9.816
-7.350,6.000,-24.900,0.537,0.460,9.739
-2.250,7.950,-25.350,0.844,0.077,9.203
2.100,8.550,-26.850,1.074,0.690,9.203
7.200,8.700,-28.200,-0.153,0.997,9.816
11.250,7.200,-27.150,-0.153,1.994,10.123
16.050,6.150,-28.200,-0.614,1.227,9.739
21.150,6.900,-27.300,-0.767,0.153,9.203
25.050,3.300,-27.150,-0.307,0.844,9.663
28.500,0.600,-26.850,0.000,1.380,9.663
31.800,-2.400,-27.300,-0.077,0.844,9.509
33.750,-4.800,-27.000,-0.230,1.380,9.433
37.050,-10.200,-26.850,0.000,1.534,9.663
37.050,-14.250,-27.000,-0.230,1.534,9.586
36.900,-18.000,-26.550,0.230,1.457,9.739
37.500,-23.100,-26.250,0.000,1.687,10.046
35.550,-26.700,-24.900,0.460,1.534,9.739
33.750,-30.000,-25.200,0.844,1.150,9.816
31.800,-34.050,-24.450,0.230,1.074,9.203
30.150,-36.600,-23.700,0.767,1.534,8.972
28.200,-39.000,-22.200,0.614,1.457,9.509
27.150,-40.650,-20.700,-3.451,0.690,11.120
24.000,-43.650,-20.100,0.537,0.997,9.126
20.100,-45.750,-20.100,-0.077,1.841,9.663
17.400,-45.450,-20.100,0.000,1.610,9.509
12.600,-46.650,-19.350,-1.227,1.610,9.586
10.200,-46.950,-19.650,0.230,1.534,9.969
5.550,-46.950,-19.350,0.077,1.304,9.586
3.900,-46.200,-19.650,0.230,1.304,9.739
1.200,-46.050,-18.600,0.077,0.997,9.356
-0.600,-45.000,-19.500,0.230,1.304,9.739
-2.850,-45.600,-18.750,0.153,0.997,9.663
-4.650,-44.400,-19.500,0.000,1.074,9.663
-4.500,-44.400,-19.200,0.230,0.844,9.509
-4.200,-44.100,-18.600,0.153,0.920,9.663
-4.350,-44.250,-18.750,0.230,1.074,9.279
-3.750,-45.000,-19.650,0.767,0.997,9.586
-4.500,-45.450,-19.050,0.537,1.074,9.586
-4.350,-43.650,-18.000,0.383,1.304,9.739
-4.350,-43.500,-19.050,0.307,0.767,9.586
-4.500,-45.300,-18.750,0.537,0.920,9.126
-4.200,-43.950,-18.600,0.767,0.920,9.279
-4.650,-44.850,-18.300,0.383,1.074,9.433
-4.950,-44.550,-19.350,0.307,0.997,9.816
-4.050,-45.300,-18.300,0.690,1.534,10.276
-4.650,-46.950,-16.800,1.380,1.227,9.279
-3.900,-46.950,-16.950,0.767,1.994,9.126
-3.900,-48.900,-14.550,0.307,2.071,9.126
-4.950,-48.900,-12.450,0.383,2.837,9.279
-4.350,-51.750,-11.250,0.460,3.298,8.972
-5.100,-53.100,-9.150,0.307,3.221,8.972
-4.650,-52.800,-7.950,0.383,3.528,8.666
-4.950,-54.300,-5.250,0.460,4.141,8.589
-5.100,-56.250,-2.550,0.537,4.831,8.359
-4.200,-57.300,-0.450,0.307,5.368,8.052
-4.350,-59.400,2.250,0.383,5.291,7.976
-3.900,-60.450,5.100,0.000,6.212,7.285
-3.600,-60.600,9.300,0.460,6.672,7.285
-3.900,-61.050,10.950,0.537,7.285,6.212
-3.750,-61.350,13.650,0.460,7.899,6.365
-4.350,-62.100,14.100,0.460,8.129,6.365
-2.850,-62.550,14.550,0.460,7.669,5.905
-4.200,-62.550,13.800,0.153,7.285,6.135
-4.350,-62.400,12.900,0.460,7.132,6.442
-3.900,-62.700,13.950,0.537,7.055,6.288
-4.200,-61.500,13.200,0.153,7.209,6.135
-3.450,-61.500,13.050,0.230,7.209,6.135
-3.900,-62.400,13.500,0.537,7.285,6.288
-4.200,-62.100,13.800,0.153,7.285,6.288
-3.450,-61.800,14.250,0.307,7.592,6.058
-4.050,-61.650,14.100,0.307,7.362,6.212
-4.050,-61.500,14.100,0.383,7.285,5.982
-3.750,-61.650,14.250,0.077,7.209,6.288
-4.050,-62.100,14.400,0.153,7.669,5.982
-3.750,-61.500,13.950,0.307,7.515,6.442
-3.150,-61.650,13.950,0.230,7.362,5.982
-3.150,-62.700,15.150,0.153,7.285,6.212
-2.100,-63.000,14.700,-0.153,7.745,6.212
-2.100,-62.250,14.550,-0.153,7.285,6.212
0.300,-63.000,15.300,0.077,7.592,6.058
1.500,-63.450,15.900,-0.077,7.515,6.135
2.400,-63.900,15.300,-0.153,7.439,6.135
4.200,-63.750,16.050,-0.153,7.515,6.135
7.200,-64.650,16.200,0.153,7.515,5.905
9.600,-64.650,15.300,-0.153,7.285,5.445
12.150,-64.200,16.350,-0.307,7.209,4.985
14.700,-64.650,15.900,-0.230,7.439,5.752
17.850,-64.050,14.250,-0.307,7.745,5.445
20.400,-62.850,14.100,-0.537,7.592,6.058
23.850,-62.850,12.750,-0.460,7.822,6.058
25.350,-61.800,12.000,-0.383,7.745,5.598
29.100,-61.350,10.650,-0.307,7.592,5.368
30.450,-60.600,8.400,-0.460,7.285,5.828
30.600,-60.150,6.450,-0.077,7.362,5.752
34.200,-59.100,4.950,-0.153,8.512,5.675
35.250,-58.350,3.600,-0.690,7.822,5.675
37.200,-57.150,1.800,0.307,7.899,5.982
38.100,-55.650,0.450,0.307,7.515,5.522
39.000,-54.300,-1.650,-0.153,7.285,5.905
38.400,-54.900,-2.550,0.460,6.902,6.058
37.950,-54.000,-2.100,0.307,7.822,5.752
38.850,-54.450,-3.750,0.153,6.749,5.752
37.500,-55.050,-2.400,-0.230,7.745,6.058
37.500,-54.900,-2.700,-0.307,7.132,6.135
38.550,-55.650,-3.450,-0.153,7.515,5.905
36.900,-55.050,-3.150,-0.230,7.132,5.752
37.200,-55.350,-2.850,-0.230,7.285,6.135
36.900,-54.300,-3.600,-0.153,7.592,6.135
37.500,-55.050,-3.750,-1.304,7.055,6.442
37.800,-54.600,-2.400,-0.767,7.899,5.982
37.650,-54.150,-3.150,-0.767,7.132,6.365
37.950,-53.850,-4.350,-0.920,7.669,5.752
38.400,-52.200,-4.650,-1.304,7.669,6.288
39.600,-51.450,-6.600,-1.074,7.515,6.288
39.450,-50.100,-9.000,-1.074,7.132,6.058
40.050,-49.200,-11.100,-0.767,7.285,6.058
39.300,-46.950,-13.350,-0.690,8.589,6.442
38.550,-45.300,-16.200,-0.690,7.362,5.215
38.550,-43.500,-18.450,-0.844,7.132,5.675
36.300,-42.000,-20.550,-0.997,8.129,5.445
36.000,-40.800,-22.500,-0.230,7.976,5.061
34.200,-38.550,-25.500,-0.614,8.282,6.212
30.750,-36.450,-28.650,-0.690,7.439,5.752
27.750,-34.650,-29.700,-0.537,7.209,5.828
24.600,-32.850,-31.050,-0.383,7.209,6.212
22.500,-31.650,-31.200,-0.153,7.209,6.442
19.800,-31.650,-33.000,-0.307,7.209,6.518
17.550,-30.750,-34.050,-0.077,6.825,6.672
15.450,-31.650,-34.050,-0.153,6.902,6.749
15.600,-31.350,-33.150,-0.460,6.902,6.749
14.100,-30.900,-33.300,-0.614,6.825,6.672
12.300,-31.050,-32.850,-0.690,6.518,6.595
10.650,-31.200,-33.000,-0.383,6.518,6.902
10.500,-30.750,-34.500,-0.460,6.518,6.212
9.300,-31.950,-33.750,-0.153,6.825,6.902
8.250,-31.800,-33.000,0.383,7.362,7.362
8.850,-32.550,-33.000,-0.383,6.518,5.752
8.250,-31.650,-34.350,-0.767,7.515,7.209
8.400,-31.800,-33.150,0.000,6.442,6.365
8.400,-31.800,-32.850,-0.460,7.209,6.749
9.150,-32.400,-33.150,-0.460,6.825,6.749
9.300,-32.250,-33.900,-0.383,6.749,6.518
9.600,-32.250,-33.000,-0.383,7.132,6.749
9.600,-32.850,-33.600,-0.307,6.902,6.902
8.850,-31.500,-33.150,-0.383,6.902,6.672
9.750,-31.350,-33.300,-0.383,6.672,6.595
8.850,-31.800,-32.550,0.153,6.749,6.288
9.300,-32.400,-33.300,-0.077,7.209,6.902
10.500,-32.100,-33.900,-1.150,6.672,6.825
9.300,-31.800,-33.600,-1.841,7.055,6.672
8.400,-32.550,-32.550,-2.147,6.595,6.288
6.000,-31.950,-33.600,-1.304,7.132,6.749
4.350,-32.100,-33.000,-1.380,7.285,6.595
0.900,-31.800,-31.950,-0.844,7.209,6.288
-1.950,-32.700,-30.450,-1.150,7.209,6.365
-4.350,-33.600,-28.800,-0.920,6.749,6.518
-8.250,-34.800,-27.450,-0.767,7.055,6.825
-13.200,-36.900,-25.050,-0.307,7.055,5.675
-14.550,-40.500,-19.650,0.000,8.896,6.825
-15.750,-41.700,-16.950,0.460,7.976,5.905
-16.800,-42.900,-13.950,-0.153,7.285,6.058
-17.850,-45.150,-11.250,-0.077,8.359,6.595
-17.100,-46.800,-8.250,-0.307,7.592,6.212
-16.950,-49.200,-5.400,-0.153,7.669,5.905
-18.300,-50.400,-2.700,-0.153,7.439,5.752
-16.950,-52.350,1.050,0.153,7.669,6.135
-15.900,-54.150,4.350,0.230,8.436,5.061
-14.100,-57.150,7.050,0.537,8.129,5.291
-12.000,-58.500,8.250,0.614,8.359,5.598
-10.200,-59.100,10.800,-0.230,7.362,5.752
-8.550,-59.400,12.450,0.767,7.822,6.288
-7.200,-59.700,13.200,0.230,7.592,6.135
-6.000,-60.450,14.700,0.000,7.822,5.215
-5.400,-61.800,15.000,0.230,7.592,5.675
-2.550,-61.800,15.900,-0.153,7.899,6.518
-1.650,-62.700,16.200,0.307,7.976,6.288
0.450,-63.000,16.650,0.767,7.976,5.905
2.850,-62.550,17.400,0.153,7.362,5.522
3.000,-63.150,16.950,0.307,7.822,5.675
5.850,-63.600,17.250,0.153,7.822,5.828
6.150,-63.300,17.550,0.000,7.515,5.752
6.750,-63.600,17.100,0.000,7.899,5.905
7.500,-63.600,16.650,-0.077,7.515,5.905
8.100,-63.300,17.850,-0.077,7.669,5.905
8.550,-63.900,18.000,-0.153,7.515,5.828
9.600,-62.700,17.250,0.537,8.052,5.905
9.600,-63.150,16.500,-0.230,7.285,5.445
9.600,-64.350,17.400,-0.230,7.822,5.828
9.750,-64.050,17.550,-0.077,7.745,6.288
10.050,-62.400,18.000,0.000,7.669,5.598
9.150,-63.600,17.100,-0.307,7.669,5.982
9.900,-63.450,17.100,-0.230,7.669,6.365
8.700,-63.900,16.650,-0.153,7.439,5.675
9.300,-63.150,17.250,-0.230,7.669,6.135
8.850,-63.600,17.100,-0.230,7.592,6.058
9.750,-63.450,18.000,-0.153,7.822,6.365
9.000,-63.600,17.100,-0.077,7.362,6.288
10.200,-63.150,17.250,-0.383,7.745,5.905
8.550,-64.050,16.800,-0.153,7.515,5.905
9.750,-63.600,17.400,-0.153,7.745,5.905
9.750,-63.150,17.550,-0.077,7.515,5.905
9.750,-63.900,16.950,-0.383,7.669,5.828
8.850,-63.450,17.400,-0.153,7.592,5.982
9.000,-63.300,17.400,-0.153,7.745,5.905
9.900,-63.600,17.250,-0.230,7.515,5.905
9.600,-63.900,18.000,-0.153,7.439,5.828
9.300,-63.150,17.400,-0.153,7.592,5.905
8.850,-64.350,17.250,0.077,7.055,5.291
8.400,-64.200,17.850,-0.077,7.669,5.982
9.300,-63.600,17.700,-0.153,7.515,5.982
10.350,-63.600,17.100,-0.230,7.592,5.752
9.600,-65.100,16.200,-0.230,7.822,6.058
9.600,-63.150,16.650,-0.307,7.745,5.982
9.750,-63.450,16.350,-0.230,7.515,6.288
9.450,-63.000,16.350,-0.460,7.439,5.905
9.750,-64.350,16.050,-0.153,7.439,6.058
10.200,-63.600,15.750,-0.460,7.439,6.058
9.300,-63.600,15.600,-0.460,7.439,6.212
10.050,-63.750,15.150,0.153,9.203,7.592
8.550,-63.000,14.550,-0.460,8.052,6.518
8.850,-64.050,12.300,0.000,7.515,6.902
8.700,-62.550,10.350,-0.307,6.595,7.055
9.450,-62.250,8.700,-0.230,6.518,7.439
8.700,-61.650,6.000,-0.230,5.982,7.132
8.700,-61.200,4.350,-0.153,5.828,7.439
8.850,-59.550,4.350,-0.077,5.445,7.745
8.400,-59.850,1.500,-0.307,5.215,7.899
7.800,-58.950,-0.300,-0.614,5.061,8.206
8.550,-58.500,-1.500,-0.307,4.831,7.976
8.250,-57.450,-2.250,-0.307,4.755,8.359
8.850,-57.750,-2.850,0.000,4.755,8.359
8.700,-56.850,-4.350,-0.230,4.448,8.436
9.150,-55.500,-6.600,-0.153,4.064,8.666
8.700,-54.450,-7.800,0.077,3.528,8.972
8.400,-52.650,-9.600,0.000,3.298,8.972
8.400,-51.900,-11.100,-0.153,2.684,8.742
8.100,-52.350,-12.300,-0.307,2.377,8.972
8.700,-50.400,-13.350,-0.230,1.917,9.049
8.100,-50.700,-12.900,-0.153,2.224,9.433
8.100,-50.700,-11.850,-0.307,2.837,9.433
8.400,-50.550,-13.650,-0.614,2.531,9.433
10.050,-51.150,-12.750,-0.307,2.454,9.279
11.250,-50.700,-12.900,-0.230,2.454,9.126
11.250,-49.800,-14.100,-0.614,2.454,9.203
12.600,-51.150,-13.950,-0.153,2.301,9.433
14.100,-50.250,-14.700,-0.383,2.301,9.356
14.850,-49.500,-13.800,-0.537,2.301,9.356
17.550,-49.350,-13.950,-0.614,2.071,9.509
18.900,-48.300,-14.250,-0.690,2.147,9.509
21.750,-48.150,-14.700,-0.537,2.071,9.356
23.550,-47.100,-14.850,-0.614,2.224,9.126
26.250,-46.050,-15.750,-0.767,1.994,9.433
27.450,-45.600,-15.750,-0.844,2.071,9.356
30.000,-44.250,-15.600,-1.150,1.917,9.049
31.800,-43.200,-16.200,-0.844,1.917,9.126
32.850,-40.800,-16.800,-0.767,1.687,9.356
33.900,-40.050,-16.650,-0.844,2.071,9.663
35.850,-38.250,-16.500,-0.844,1.841,9.433
37.200,-36.900,-18.150,-0.767,1.534,9.509
38.550,-34.950,-18.600,-0.920,1.380,9.509
38.850,-33.900,-19.200,-0.460,1.610,9.356
39.300,-32.250,-18.900,-0.844,1.534,9.509
38.850,-30.600,-19.500,-1.457,1.074,10.046
39.750,-27.900,-21.750,0.153,0.920,9.126
38.550,-24.750,-21.450,0.614,0.690,9.663
39.150,-23.100,-22.350,-0.153,0.920,10.200
38.550,-20.550,-24.150,0.077,0.077,9.126
39.000,-18.150,-23.850,1.534,-0.690,9.586
39.300,-15.600,-24.000,-0.997,0.307,10.276
39.150,-15.150,-24.300,0.307,0.460,9.816
39.300,-14.850,-23.700,-0.307,0.230,9.509
38.550,-13.500,-25.350,-0.460,0.000,9.739
37.650,-12.600,-24.600,-0.537,-0.077,9.433
36.600,-12.000,-24.900,0.000,0.383,9.126
37.050,-12.900,-25.800,-0.690,0.997,9.049
36.150,-13.650,-27.150,-0.614,2.377,9.663
35.850,-14.850,-27.450,-0.383,3.451,9.586
34.050,-14.550,-27.900,-0.307,3.681,9.356
34.200,-13.350,-28.800,-0.460,3.068,8.972
34.050,-14.400,-28.800,0.000,2.531,9.279
32.250,-12.600,-29.100,-0.614,2.684,9.509
32.250,-11.850,-29.100,-0.307,2.761,9.049
31.950,-10.950,-29.100,-0.383,2.914,9.203
31.050,-10.500,-30.600,-0.690,2.531,9.126
29.550,-9.750,-30.600,-0.614,2.684,9.279
30.000,-9.900,-30.900,-0.460,2.761,9.279
28.200,-8.400,-29.400,-0.537,2.684,9.203
26.550,-8.700,-30.600,-0.614,2.991,9.356
26.400,-7.200,-31.800,-0.614,3.068,9.509
25.650,-6.750,-31.950,-0.460,2.837,9.356
24.900,-6.450,-31.050,-0.614,2.607,9.509
24.150,-5.850,-31.650,-0.537,2.607,9.509
22.800,-5.250,-31.350,-0.614,2.454,9.279
21.600,-4.650,-31.200,-0.383,2.531,9.203
20.700,-3.900,-30.750,-0.537,2.607,9.356
20.250,-4.050,-32.250,-0.460,2.531,9.433
18.600,-3.150,-31.350,-0.537,2.301,9.356
17.250,-2.700,-30.900,-0.690,2.071,9.279
17.250,-2.850,-31.650,-0.614,2.071,9.279
16.800,-3.000,-32.700,-0.460,2.377,9.279
15.750,-3.450,-32.250,-0.460,2.607,9.279
16.050,-3.300,-31.800,-0.460,2.607,9.203
15.300,-3.150,-31.800,-0.460,2.071,9.126
14.400,-3.150,-33.000,-0.153,2.761,8.359
15.450,-3.300,-32.700,-1.227,2.684,9.279
16.050,-4.350,-33.000,-0.460,2.991,10.046
14.700,-5.100,-33.000,-0.230,3.988,11.043
15.450,-6.000,-32.100,-1.304,3.298,8.206
15.600,-5.100,-33.000,-0.307,5.215,9.739
15.450,-5.850,-31.950,-0.230,4.141,9.739
15.900,-4.800,-31.050,-0.077,2.147,9.356
16.050,-4.950,-31.200,-0.077,1.764,8.282
16.650,-4.800,-30.600,0.307,1.841,10.046
18.600,-4.650,-30.300,0.690,2.531,9.279
18.000,-3.300,-30.450,-1.457,2.147,10.200
17.700,-4.200,-30.450,-0.153,1.610,12.347
17.700,-5.100,-30.000,-0.460,2.147,9.663
17.850,-5.400,-30.300,-0.460,2.454,8.512
17.700,-4.650,-28.800,-0.460,2.684,9.049
18.900,-4.650,-30.600,-1.380,2.531,9.279
18.450,-4.500,-30.000,-0.077,2.531,9.509
17.550,-4.050,-29.850,-0.383,2.607,9.126
18.750,-4.650,-30.000,-0.307,2.684,9.279
18.000,-4.950,-29.250,-0.153,2.607,8.896
18.150,-4.350,-28.200,-0.153,2.377,9.203
18.000,-4.800,-29.550,0.153,2.301,9.356
20.250,-4.200,-29.100,-0.537,2.607,8.972
19.500,-5.850,-29.700,-0.690,2.914,9.433
20.250,-5.400,-30.000,-0.383,2.454,8.896
19.950,-5.550,-29.700,-0.230,2.531,9.049
21.900,-6.450,-29.100,-0.690,2.531,9.049
22.800,-5.850,-28.950,-0.460,2.454,9.279
22.800,-6.150,-28.650,-0.614,2.531,9.049
23.400,-7.200,-28.950,-0.690,2.761,9.279
24.000,-6.900,-29.250,-0.767,2.607,9.433
24.750,-8.400,-28.950,-1.074,2.531,9.203
24.450,-7.050,-28.950,-0.844,2.531,9.279
23.850,-7.950,-28.800,-0.614,3.221,9.433
23.700,-7.650,-28.800,-0.690,3.068,9.356
23.400,-6.300,-29.700,-0.844,2.761,9.279
23.550,-7.050,-28.950,-0.767,2.837,9.203
22.500,-6.450,-30.150,-0.537,2.914,9.356
20.700,-6.450,-30.000,-0.844,2.684,9.203
20.250,-5.550,-29.700,-0.844,2.837,9.356
18.600,-5.100,-30.150,-0.767,2.761,9.356
17.550,-4.950,-30.750,-0.614,2.607,9.126
16.200,-4.950,-29.550,-0.614,2.684,9.279
14.250,-4.350,-30.300,-0.537,2.531,9.279
13.050,-4.650,-30.600,-0.383,2.454,9.126
10.350,-5.400,-30.150,-0.230,2.607,9.509
9.300,-6.150,-30.450,-1.841,2.454,7.822
7.950,-7.050,-30.750,-0.844,3.451,9.126
6.450,-6.000,-30.750,-1.074,2.684,7.745
5.550,-7.500,-30.900,0.614,3.298,10.276
3.300,-6.450,-31.050,0.690,3.221,9.663
3.150,-8.100,-30.600,0.077,3.144,9.049
3.000,-7.500,-29.850,0.000,3.451,9.049
2.550,-7.950,-30.450,0.077,3.068,9.433
2.100,-8.550,-29.700,-0.844,4.295,6.135
2.250,-7.800,-30.450,0.690,3.144,9.126
3.300,-10.950,-30.900,0.307,4.064,9.433
3.150,-12.000,-30.150,-0.077,3.834,8.896
3.450,-14.400,-31.950,-0.230,4.141,8.512
2.850,-16.350,-32.100,-0.153,4.755,8.666
3.600,-17.250,-32.100,-0.230,5.215,8.512
3.150,-18.300,-31.050,-0.230,5.138,8.206
2.550,-19.650,-31.800,-0.230,5.138,8.129
2.700,-19.650,-31.500,-0.383,5.061,7.976
3.150,-21.000,-30.900,-0.230,5.061,8.052
3.000,-21.300,-32.100,-0.230,5.368,7.976
1.350,-22.800,-30.450,-0.230,5.215,8.052
-0.450,-22.800,-31.500,-0.230,5.291,7.745
-0.450,-23.550,-31.200,-0.307,5.752,7.976
-0.600,-24.300,-30.900,-0.307,5.982,7.669
-1.800,-24.150,-30.000,-0.307,5.905,7.515
-2.250,-25.500,-30.300,-0.230,5.905,8.052
-2.700,-25.050,-30.300,-0.230,5.905,7.745
-3.750,-24.750,-28.800,-0.077,5.982,7.745
-4.050,-24.150,-28.200,0.077,5.598,7.439
-4.650,-26.400,-27.600,0.077,5.752,7.515
-5.100,-24.900,-28.500,0.230,5.675,7.745
-5.700,-25.800,-28.650,0.230,5.675,7.899
-5.250,-26.100,-28.050,0.230,5.598,7.745
-6.450,-26.550,-28.950,0.307,5.982,7.515
-5.250,-26.100,-28.650,0.307,5.445,7.745
-5.400,-24.750,-28.500,0.230,5.675,7.285
-4.500,-26.250,-29.400,0.153,5.982,7.745
-3.600,-25.650,-29.850,0.000,6.058,7.439
-2.100,-25.650,-30.900,0.077,6.212,7.362
-1.650,-25.800,-30.150,0.153,6.135,7.439
-0.150,-25.350,-30.750,0.153,6.135,7.592
0.750,-25.050,-31.350,0.153,6.135,7.439
1.500,-25.200,-31.350,0.153,6.058,7.669
3.300,-23.700,-31.200,0.077,6.135,7.362
4.500,-24.750,-31.650,0.153,6.365,7.362
5.100,-24.450,-31.800,0.153,5.982,7.515
6.300,-25.800,-32.250,0.153,5.905,7.439
9.300,-24.600,-33.000,0.000,6.365,7.669
9.900,-24.900,-32.250,0.000,5.982,7.439
11.550,-24.300,-32.700,-0.077,6.135,7.515
13.200,-23.700,-33.750,-0.614,5.752,7.669
14.850,-23.250,-32.250,-0.844,5.828,7.745
15.600,-21.900,-32.250,-0.460,5.675,7.669
15.600,-21.300,-32.250,-0.307,5.675,7.899
16.950,-19.800,-31.950,-0.307,5.368,8.282
17.100,-18.000,-31.500,-0.230,4.908,8.282
18.750,-16.500,-32.850,-0.077,4.601,8.436
18.900,-14.250,-31.200,0.000,3.911,8.819
19.200,-13.500,-31.500,-0.230,3.604,8.666
19.500,-12.900,-31.950,-0.230,3.681,8.666
20.850,-13.650,-31.650,-0.307,3.988,8.972
21.150,-14.100,-31.650,-0.153,3.758,8.819
21.450,-14.250,-31.800,-0.383,4.295,8.666
22.050,-15.300,-32.250,-0.230,4.295,8.742
22.800,-15.450,-30.450,-0.153,4.141,8.972
21.000,-15.450,-30.750,-0.537,3.911,8.742
21.450,-15.150,-30.750,-0.537,4.218,8.819
19.650,-13.800,-32.400,-0.537,4.218,9.203
20.550,-13.050,-32.100,-0.537,4.141,8.436
18.900,-13.950,-31.950,-0.614,3.988,8.666
17.400,-12.900,-32.100,-0.383,4.218,8.819
16.500,-13.200,-32.250,-0.230,4.218,8.666
14.400,-12.450,-31.350,-0.537,4.064,9.203
12.900,-12.300,-31.500,-0.383,3.988,8.589
9.450,-12.300,-31.650,-0.460,3.988,8.589
6.300,-12.150,-31.200,0.077,4.295,8.972
5.700,-13.200,-31.350,0.383,4.831,8.589
2.400,-13.800,-31.200,0.000,4.831,8.896
0.750,-14.700,-30.750,0.000,4.371,8.589
-0.600,-14.400,-31.050,-0.077,4.141,8.666
-1.950,-14.100,-30.300,0.153,4.371,8.666
-3.000,-15.000,-30.600,0.460,4.141,8.666
-3.300,-16.200,-28.950,0.153,4.218,8.589
-3.750,-15.300,-29.850,0.000,3.988,8.436
-4.500,-15.150,-29.400,0.383,3.604,8.819
-5.100,-15.300,-29.850,0.000,4.064,8.896
-4.800,-15.150,-30.000,-0.537,4.141,8.282
-4.200,-15.750,-28.050,-0.230,4.525,8.436
-4.350,-17.250,-28.800,0.383,4.601,8.666
-4.800,-18.750,-29.400,0.307,4.755,8.666
-3.750,-18.000,-28.950,0.230,4.755,8.512
-3.600,-17.700,-30.300,0.230,4.755,8.589
-3.150,-17.850,-30.450,0.000,4.755,8.512
-2.700,-17.250,-30.000,0.153,4.678,8.512
-1.050,-16.500,-31.800,0.307,4.678,8.666
-0.450,-15.750,-30.600,0.153,4.601,8.589
0.750,-15.150,-30.150,0.077,4.525,8.819
1.350,-13.800,-31.050,0.077,4.448,8.589
3.450,-12.900,-31.350,0.153,4.141,8.742
4.200,-11.400,-30.900,0.307,4.064,9.049
6.600,-11.850,-31.500,0.000,3.834,8.819
7.350,-10.200,-32.100,-0.077,3.681,8.819
9.600,-9.900,-32.250,0.077,3.681,8.972
12.000,-9.000,-30.900,0.077,3.911,8.896
13.650,-9.900,-31.950,-1.457,3.451,8.896
15.000,-9.300,-31.350,-0.077,3.681,8.819
16.350,-10.350,-30.750,-0.460,3.834,9.049
17.400,-8.700,-31.350,-0.614,3.604,9.356
17.850,-9.600,-30.600,-0.383,3.221,9.049
18.450,-8.850,-30.450,-0.383,2.914,8.972
18.600,-8.850,-29.700,-0.307,2.837,9.126
18.600,-8.400,-30.600,-0.230,3.144,9.126
18.600,-9.300,-30.000,-0.153,3.068,8.972
17.400,-10.500,-30.000,-0.153,3.221,8.972
18.450,-12.000,-31.800,-0.230,3.221,8.742
19.800,-14.400,-31.650,-0.153,3.988,8.742
20.100,-16.200,-31.800,-0.153,4.371,8.589
19.350,-18.450,-32.850,-0.307,4.678,8.436
18.150,-21.450,-32.100,-0.230,5.215,7.899
19.500,-24.600,-31.800,-0.077,5.982,8.052
19.500,-26.850,-30.750,-0.230,6.518,7.592
19.800,-29.400,-32.250,-0.307,6.365,7.285
18.750,-30.750,-30.600,-0.230,6.595,6.672
19.200,-33.750,-30.300,-0.230,6.902,6.595
19.950,-35.550,-29.850,-0.077,6.979,6.135
19.350,-36.600,-28.050,-0.153,7.439,5.752
19.350,-39.450,-26.850,-0.077,8.052,5.291
19.200,-41.250,-26.250,-0.230,8.359,5.368
18.750,-42.900,-25.800,-0.153,8.436,5.215
18.600,-43.800,-24.900,-0.307,8.206,4.678
18.450,-44.550,-24.750,-0.460,8.282,4.908
18.750,-44.100,-24.000,-0.537,8.589,5.061
17.700,-44.250,-23.250,-0.460,8.666,4.985
17.850,-44.550,-24.000,-0.153,8.512,4.985
17.700,-45.150,-24.300,0.077,8.666,4.755
17.700,-44.400,-24.300,-0.307,8.589,4.678
17.700,-43.950,-25.050,0.153,8.436,5.061
18.600,-43.200,-25.800,-0.230,8.282,5.138
17.100,-41.850,-26.850,-0.307,8.282,5.368
17.700,-39.900,-27.150,-0.307,8.206,5.445
17.100,-38.550,-28.950,-0.230,7.745,5.675
16.350,-36.300,-29.250,-0.153,7.515,5.982
16.950,-35.100,-30.000,-0.230,7.209,6.365
18.000,-32.850,-31.050,-0.153,6.825,6.365
16.950,-31.800,-30.900,-0.307,6.825,6.518
16.650,-30.600,-30.900,-0.153,6.518,6.749
16.500,-28.950,-31.350,-0.230,6.672,7.132
16.800,-27.750,-32.250,-0.077,6.672,7.209
16.350,-26.100,-32.850,-0.153,6.365,7.362
16.800,-24.600,-32.100,-0.383,5.752,7.669
16.350,-22.950,-32.100,0.077,5.291,8.129
16.500,-19.800,-31.800,-0.460,5.215,7.976
16.800,-18.600,-31.200,0.077,4.908,8.206
16.950,-15.150,-32.550,-0.383,4.601,8.512
16.650,-14.250,-31.350,0.000,4.371,8.666
17.100,-12.600,-31.800,-0.230,3.988,8.742
16.500,-11.100,-31.350,-0.307,3.758,8.972
16.200,-9.150,-30.600,-0.307,3.451,9.126
17.250,-7.500,-30.300,-0.077,2.914,9.126
16.350,-6.450,-29.850,-0.230,3.068,9.126
17.100,-5.250,-29.250,-0.153,2.607,9.279
16.950,-3.300,-28.200,-0.230,2.454,9.433
16.200,-1.800,-28.950,-0.230,2.224,9.433
16.350,0.750,-27.600,-0.383,1.610,9.586
16.500,1.650,-26.100,0.000,1.150,9.663
17.100,4.200,-26.100,-0.230,0.844,9.663
15.450,4.350,-25.050,-0.153,0.460,9.969
15.750,6.150,-24.750,-0.307,0.230,9.969
15.300,6.900,-23.550,-0.307,0.077,9.893
14.550,7.950,-23.550,-0.153,-0.153,9.816
13.800,8.400,-22.500,-0.077,-0.307,10.353
13.650,7.950,-22.500,0.000,-0.230,9.356
12.750,8.100,-22.800,0.153,0.000,10.046
12.750,7.050,-24.750,0.307,0.077,9.663
12.450,5.400,-24.150,0.153,0.230,9.816
13.200,4.650,-26.250,0.307,0.614,9.356
13.050,2.850,-26.400,0.077,1.150,9.509
12.450,1.200,-28.350,0.153,1.380,9.433
12.600,-1.350,-28.350,-0.230,2.224,9.433
13.950,-4.500,-31.050,-0.077,2.607,9.279
13.200,-6.900,-30.450,-0.307,2.914,9.203
13.950,-8.400,-31.050,-0.230,3.604,9.049
13.800,-10.950,-31.350,-0.077,3.834,8.666
13.650,-13.800,-31.950,-0.153,4.064,8.589
13.800,-15.750,-32.400,-0.307,4.295,8.359
14.850,-19.050,-32.400,-0.230,5.061,8.129
13.350,-21.750,-33.000,-0.153,5.445,7.745
13.950,-24.750,-31.200,-0.077,6.058,7.515
14.400,-27.300,-31.650,-0.307,6.288,7.209
14.400,-31.200,-31.200,-0.230,6.825,6.749
15.150,-34.050,-30.300,-0.383,7.515,6.365
14.400,-35.550,-30.000,-0.153,7.745,5.905
14.700,-38.700,-28.050,-0.307,8.129,5.598
15.000,-41.100,-27.450,-0.230,7.976,5.368
14.100,-42.000,-26.550,-0.307,8.282,5.138
14.850,-43.500,-25.650,-0.153,8.359,4.985
15.600,-44.850,-24.600,-0.383,8.206,4.295
15.300,-46.350,-23.250,-0.230,8.819,4.295
15.600,-48.150,-22.950,-0.383,9.203,3.988
16.200,-48.750,-21.150,-0.307,9.049,3.758
15.300,-51.000,-21.150,-0.307,9.126,3.681
15.150,-49.350,-20.250,-0.460,9.663,3.758
15.450,-50.250,-21.300,-0.230,8.896,3.681
15.150,-49.050,-21.150,-0.537,8.896,4.218
14.400,-49.050,-21.600,-0.537,8.742,4.064
14.850,-48.600,-21.150,-0.383,9.049,3.758
13.950,-48.150,-21.900,-0.230,9.203,3.681
13.650,-48.150,-22.200,0.153,9.203,3.834
13.350,-47.100,-23.700,-0.307,9.049,4.295
12.600,-45.600,-23.550,-0.230,9.049,4.601
11.400,-42.150,-25.800,-0.230,8.589,4.908
11.850,-40.200,-27.300,-0.077,7.822,5.215
11.100,-38.550,-27.600,-0.460,7.515,5.215
10.800,-36.150,-28.350,-0.077,7.515,5.828
10.800,-35.400,-29.400,-0.230,7.362,6.212
11.100,-33.300,-29.100,-0.383,7.362,6.442
11.400,-31.050,-30.600,-0.077,7.132,6.672
10.500,-29.850,-31.650,-0.230,6.672,7.055
10.650,-27.750,-32.550,-0.153,6.212,6.902
9.600,-25.800,-32.700,-0.230,5.982,7.285
9.750,-23.850,-32.400,-0.153,6.058,7.669
9.900,-22.800,-33.300,-0.153,5.905,8.129
9.750,-19.800,-32.400,-0.230,5.368,7.899
9.600,-18.000,-32.400,0.000,5.061,8.129
9.000,-15.150,-32.550,-0.153,4.755,8.512
10.350,-12.450,-32.250,-0.077,4.295,8.666
9.000,-10.200,-32.100,-0.230,3.834,8.819
8.700,-8.400,-30.450,0.153,3.298,8.972
9.000,-5.700,-30.150,0.000,2.991,9.203
9.600,-2.400,-30.300,-0.077,2.377,9.509
8.850,-1.200,-28.050,-0.077,1.917,9.433
8.700,1.800,-28.050,-0.077,1.457,9.509
8.400,4.650,-24.600,0.000,0.767,9.586
10.200,7.800,-24.000,-0.153,0.307,9.586
9.300,8.700,-23.400,0.690,-1.150,10.123
9.000,8.850,-22.050,-0.307,-0.537,10.200
9.150,8.100,-22.650,-0.153,0.000,9.356
9.750,8.400,-22.500,0.000,-0.460,9.509
8.400,8.850,-23.250,-0.230,0.230,10.046
9.150,8.700,-23.250,0.077,-0.077,10.123
8.700,7.650,-22.800,-0.077,-0.077,9.739
8.100,6.750,-24.600,0.000,0.077,9.969
8.100,4.650,-24.600,0.077,0.307,9.433
8.400,4.050,-26.100,0.000,0.767,9.663
8.850,1.500,-27.750,-0.077,1.380,9.433
8.850,-1.950,-28.800,0.153,2.071,9.203
7.800,-3.300,-29.700,0.153,2.531,9.509
7.800,-5.400,-31.200,0.077,2.837,9.433
8.400,-7.950,-30.900,0.077,3.374,9.126
8.100,-10.500,-31.350,0.077,3.604,8.819
8.550,-12.600,-31.200,0.077,3.758,8.972
8.550,-14.400,-32.400,-0.077,4.218,8.589
7.350,-15.900,-32.400,0.000,4.525,8.359
7.350,-19.050,-31.350,0.077,4.985,8.052
7.500,-21.600,-33.450,-0.077,5.368,7.822
7.800,-25.200,-32.400,0.000,5.828,7.439
8.250,-28.350,-32.550,-0.153,6.212,6.749
8.700,-31.050,-30.150,-0.153,6.902,6.518
8.400,-33.900,-29.550,-0.153,7.669,6.288
8.700,-36.750,-29.550,-0.077,8.052,6.135
9.150,-39.150,-28.350,-0.077,7.822,5.828
8.850,-41.550,-27.300,-0.153,8.206,5.061
8.550,-43.500,-25.350,0.153,8.512,4.908
8.850,-44.250,-24.600,-0.153,8.359,4.448
9.300,-47.100,-23.700,-0.153,8.742,4.371
9.900,-47.250,-21.750,-0.230,9.049,3.834
9.450,-49.200,-21.600,-0.153,9.279,3.604
10.350,-49.950,-20.700,-0.153,9.356,3.758
9.000,-49.950,-19.800,-0.077,9.433,3.528
9.000,-49.950,-19.650,-0.153,9.433,3.374
9.450,-50.850,-19.200,-0.614,9.126,3.374
9.600,-50.100,-19.650,-0.460,9.203,3.758
9.750,-51.000,-20.550,-0.307,9.203,3.374
9.150,-49.950,-20.100,-0.537,8.972,3.144
8.100,-49.350,-18.900,-0.230,9.433,3.604
7.350,-49.950,-19.650,0.153,9.509,3.451
6.450,-48.450,-20.700,0.000,9.356,3.834
5.400,-47.550,-22.650,0.153,9.279,4.141
6.000,-44.550,-23.400,-0.153,8.512,4.218
4.650,-43.350,-24.150,-0.153,8.436,4.831
4.050,-40.950,-26.250,-0.153,7.745,5.061
3.000,-39.000,-26.100,0.307,7.669,5.598
4.200,-38.100,-27.900,-0.230,7.669,5.675
1.950,-35.400,-28.350,-0.077,7.592,5.982
3.150,-33.750,-29.400,-0.077,7.439,6.135
3.150,-30.750,-30.300,-0.153,6.825,6.825
2.700,-28.350,-30.900,0.000,6.518,6.749
2.400,-26.550,-30.900,-0.077,6.212,7.285
3.150,-23.550,-31.200,0.000,5.828,7.745
2.700,-20.700,-31.500,-0.153,5.445,7.976
1.800,-18.600,-30.900,-0.077,4.985,8.129
3.150,-15.450,-31.200,0.077,4.601,8.436
2.700,-13.050,-30.900,-0.153,4.141,8.436
2.850,-11.100,-31.200,-0.153,3.681,8.972
2.250,-8.250,-30.000,-0.153,3.298,8.972
3.150,-5.850,-30.000,0.077,2.991,8.896
3.150,-3.150,-28.200,0.000,2.454,9.279
2.850,-0.900,-27.150,0.000,1.841,9.509
1.950,2.400,-25.950,-0.153,1.227,9.433
2.550,4.350,-24.900,0.077,0.537,9.586
2.100,6.750,-24.000,-0.077,0.000,9.509
2.700,7.800,-22.200,0.383,-1.994,9.739
3.300,7.650,-22.500,-0.690,-0.230,9.893
2.550,7.200,-23.700,-0.153,0.460,10.046
3.000,6.600,-24.750,0.077,0.383,9.816
2.250,4.500,-25.050,-0.077,0.383,9.663
2.850,3.150,-25.500,-0.230,0.690,9.433
3.600,1.200,-26.250,-0.077,1.227,9.586
3.000,-1.350,-27.750,0.077,1.610,9.356
2.550,-4.200,-29.250,0.230,2.224,9.356
3.000,-7.050,-29.700,0.077,2.914,9.279
2.250,-8.850,-31.050,0.077,3.681,9.049
2.550,-11.550,-30.150,-0.077,3.911,9.049
2.550,-13.500,-30.600,-0.077,4.064,8.819
2.550,-14.550,-31.050,0.000,4.218,8.666
2.850,-16.800,-32.250,0.000,4.371,8.282
2.100,-18.750,-31.950,-0.077,4.908,7.976
2.250,-22.350,-32.850,0.077,5.291,7.976
3.000,-24.600,-30.900,-0.077,5.828,7.669
3.150,-28.200,-31.200,-0.230,6.212,6.749
3.000,-30.750,-28.950,0.000,6.902,6.749
4.500,-33.000,-29.550,-0.230,7.362,6.518
2.850,-36.750,-28.950,-0.307,7.592,5.752
3.300,-39.450,-27.150,-0.153,8.282,5.522
3.150,-42.600,-25.350,-0.153,8.512,4.985
3.450,-44.250,-23.850,-0.153,8.742,4.601
3.900,-44.700,-23.250,0.000,8.819,4.371
4.050,-46.650,-22.200,0.000,8.896,4.295
3.450,-47.550,-21.150,0.000,8.819,3.911
3.750,-48.450,-19.950,-0.153,9.126,3.528
4.500,-48.900,-19.650,-0.077,9.126,3.604
4.500,-49.650,-18.300,-0.230,9.279,3.298
5.100,-50.850,-18.150,-0.383,9.203,3.144
4.800,-51.150,-18.150,-0.614,9.279,3.144
4.200,-51.600,-17.250,-0.690,9.356,3.221
3.300,-51.150,-17.700,-0.460,9.279,3.144
1.950,-50.550,-17.850,-0.460,9.126,2.684
2.550,-50.850,-17.550,-0.307,9.279,2.991
1.650,-50.250,-17.700,-0.077,9.509,3.221
1.050,-50.850,-16.950,0.153,9.586,3.681
-0.450,-49.650,-17.250,-0.307,9.433,3.604
0.450,-48.600,-18.300,-0.230,9.433,3.758
-0.300,-45.900,-19.200,-0.153,8.896,4.064
-1.650,-45.600,-20.400,-0.153,8.896,4.525
-2.100,-43.200,-22.500,-0.153,8.129,4.831
-2.850,-40.650,-23.850,-0.077,8.206,5.368
-3.300,-37.800,-25.200,-0.077,7.439,5.752
-3.150,-35.700,-26.250,-0.153,7.362,6.212
-3.450,-33.000,-27.000,-0.230,6.902,6.288
-3.150,-31.800,-27.450,-0.153,6.595,6.595
-2.700,-27.900,-28.800,-0.230,6.288,7.209
-3.150,-25.950,-28.800,-0.230,6.058,7.592
-3.600,-22.650,-28.950,-0.153,5.291,7.822
-3.450,-19.050,-30.150,-0.077,4.678,8.282
-4.050,-17.700,-29.100,0.077,4.295,8.282
-3.750,-15.600,-29.700,0.000,4.218,8.819
-4.350,-13.800,-28.200,-0.153,3.988,9.049
-4.350,-12.600,-29.100,0.000,3.681,9.049
-4.350,-11.100,-29.250,-0.077,3.298,9.049
-3.600,-8.550,-29.700,-0.077,2.991,9.279
-3.900,-7.200,-28.650,-0.153,2.531,9.356
-4.350,-4.950,-27.150,-0.077,2.377,9.509
-4.350,-3.600,-26.850,0.153,2.224,10.506
-4.500,-1.800,-26.100,-0.077,1.687,9.663
-4.350,-0.750,-25.050,0.383,0.537,9.203
-4.500,1.200,-24.750,0.153,0.000,9.433
-4.950,0.300,-25.350,0.077,0.307,9.586
-4.050,0.450,-25.350,-0.153,0.614,9.433
-4.350,-2.550,-26.700,0.000,1.227,9.279
-4.200,-5.250,-27.600,0.000,1.917,9.126
-5.100,-9.150,-28.200,-0.230,3.144,9.126
-4.050,-11.700,-29.100,0.077,3.911,8.896
-3.300,-16.500,-29.550,-0.077,4.448,8.589
-3.900,-20.400,-29.850,0.000,4.985,8.206
-5.400,-23.850,-28.950,-0.077,5.445,7.745
-3.450,-26.250,-28.650,0.000,5.982,7.669
-3.900,-29.400,-28.350,0.077,6.442,6.979
-3.600,-34.050,-27.150,0.153,6.979,6.442
-3.450,-37.050,-25.500,0.000,7.592,6.212
-3.750,-39.750,-24.450,0.000,8.052,5.368
-3.300,-42.450,-22.050,-0.153,8.512,4.755
-3.000,-46.800,-19.500,-0.153,8.972,4.218
-2.100,-48.150,-18.450,0.000,9.279,3.604
-3.150,-51.000,-15.450,-0.230,9.203,3.068
-2.100,-51.900,-13.650,-0.077,9.279,2.991
-1.950,-53.100,-12.000,-0.307,9.663,2.607
-1.500,-54.600,-10.050,0.000,9.509,2.224
-2.100,-55.800,-8.700,-0.077,9.663,1.227
-1.650,-58.500,-6.450,-0.537,9.969,0.844
-0.750,-58.800,-5.400,-0.460,11.350,0.690
-0.600,-59.550,-3.300,0.000,9.586,0.077
-0.900,-59.700,-3.150,0.077,10.123,0.383
-0.900,-59.400,-2.850,0.383,9.739,0.307
-1.050,-58.650,-4.050,-0.230,10.353,1.534
-2.400,-58.200,-6.300,-0.230,10.200,1.227
-1.500,-55.500,-8.850,-0.307,9.739,1.457
-2.100,-54.000,-10.500,-0.077,9.739,1.841
-1.800,-52.200,-13.800,0.153,9.816,3.068
-2.400,-49.200,-16.500,-0.307,9.433,3.298
-3.000,-45.750,-19.650,-0.153,9.126,3.988
-3.300,-42.450,-22.800,0.000,8.589,4.831
-3.450,-39.900,-23.550,-0.153,7.822,5.138
-4.350,-35.100,-25.050,-0.383,7.209,5.675
-4.500,-32.100,-26.550,-0.153,6.518,6.672
-5.250,-30.150,-27.300,-0.460,6.058,6.749
-5.850,-27.000,-27.450,-0.383,5.675,7.362
-6.750,-26.400,-26.850,-0.307,5.445,7.515
-6.300,-25.650,-27.150,-0.153,5.982,7.745
-8.250,-25.950,-26.700,0.153,5.982,8.206
-8.700,-24.300,-26.550,0.383,5.905,7.899
-9.750,-22.950,-26.550,0.000,5.291,7.976
-9.600,-20.400,-26.250,0.153,4.525,8.512
-11.550,-17.250,-25.800,0.153,3.758,8.896
-12.000,-15.600,-25.800,0.153,3.144,8.972
-12.150,-13.500,-25.350,0.000,2.761,9.126
-12.900,-11.850,-24.450,0.230,2.607,9.356
-12.750,-8.550,-22.950,0.153,1.610,9.586
-13.200,-7.650,-22.950,-0.077,0.920,9.739
-14.400,-6.150,-22.650,-0.077,0.614,9.816
-14.100,-5.250,-21.750,-0.077,0.307,9.816
-14.850,-4.050,-21.900,-0.230,-1.610,8.819
-14.550,-5.850,-21.900,-0.690,0.920,9.816
-15.450,-6.300,-22.500,0.383,-0.230,9.663
-14.850,-7.800,-21.600,0.000,-0.230,9.279
-15.000,-8.100,-21.300,-0.077,-0.307,9.279
-15.600,-11.550,-22.200,-0.077,0.077,9.586
-15.600,-12.900,-22.500,-0.230,0.844,9.509
-15.750,-16.500,-22.350,-0.077,1.764,9.279
-15.450,-21.750,-22.650,-0.230,2.837,9.203
-16.050,-24.000,-21.900,-0.307,3.834,8.819
-15.450,-27.450,-21.300,-0.153,4.448,8.589
-15.900,-30.300,-19.650,-0.153,4.908,8.359
-15.000,-32.850,-19.050,0.230,5.291,8.129
-15.300,-34.950,-17.700,-0.153,5.598,7.285
-14.700,-38.100,-17.100,-0.153,6.212,7.055
-15.300,-40.800,-15.150,-0.307,6.825,6.442
-14.700,-42.750,-12.600,-0.383,7.209,6.135
-14.400,-45.750,-10.350,-0.230,7.592,5.291
-14.850,-47.100,-7.800,-0.230,8.512,5.061
-14.550,-49.650,-4.950,-0.307,8.819,4.448
-13.800,-50.850,-3.150,-0.383,9.049,3.911
-13.650,-52.650,-0.150,-0.460,9.279,3.144
-14.700,-54.450,2.550,-0.537,9.126,2.607
-13.650,-54.900,4.650,-0.383,9.356,2.224
-13.200,-56.700,7.650,-0.460,9.663,1.227
-12.450,-57.750,10.050,-0.307,9.816,0.920
-12.600,-58.650,13.650,-0.307,9.893,0.767
-12.750,-59.100,14.850,0.077,10.046,0.844
-12.900,-58.500,14.850,-0.383,9.663,0.460
-13.200,-57.750,15.300,-0.690,10.353,1.994
-12.900,-57.900,15.450,-0.690,9.586,-0.997
-12.600,-58.350,16.050,-0.307,9.816,-0.153
-13.500,-58.500,15.450,-0.307,9.739,0.153
-13.800,-57.150,15.000,-0.920,10.046,-0.537
-13.200,-58.200,13.800,-0.614,10.123,0.307
-14.550,-56.550,12.000,-0.460,10.046,0.844
-14.100,-55.200,8.850,-0.383,9.663,1.380
-14.250,-55.500,8.100,-0.230,9.586,2.377
-14.100,-54.300,5.850,-0.307,9.586,2.224
-14.550,-53.550,4.050,-0.077,9.433,2.914
-15.150,-51.900,1.200,-0.230,9.203,3.221
-15.750,-51.300,-1.500,-0.307,8.972,3.834
-14.850,-49.950,-3.000,-0.153,8.666,4.448
-15.750,-48.000,-5.400,-0.153,8.206,4.985
-14.550,-46.050,-7.950,-0.153,7.822,5.675
-15.600,-43.200,-9.450,-0.077,7.055,6.058
-16.650,-41.850,-10.950,-0.153,6.825,6.595
-15.900,-39.600,-12.000,-0.153,6.212,6.902
-16.500,-37.950,-14.250,-0.230,5.675,7.439
-15.600,-36.450,-15.150,-0.460,5.445,7.285
-15.900,-35.400,-15.900,-0.460,5.291,8.206
-15.900,-34.050,-16.650,-0.383,4.755,8.206
-15.900,-32.100,-17.100,-0.153,4.141,8.436
-17.250,-30.300,-18.300,-0.230,3.681,8.666
-15.750,-29.100,-19.350,-0.153,3.604,9.049
-16.650,-28.350,-18.300,-0.153,2.684,9.126
-17.100,-27.000,-19.800,-0.230,2.301,9.126
-17.400,-26.250,-18.900,-0.077,2.224,9.203
-17.550,-25.650,-20.100,0.000,2.224,9.356
-16.950,-25.350,-19.800,-0.230,2.301,9.586
-16.950,-24.450,-20.700,-0.307,2.071,9.586
-16.950,-23.550,-19.950,-0.230,1.380,9.356
-16.350,-24.000,-19.650,-0.230,0.690,9.203
-15.600,-24.750,-20.100,-0.383,0.690,9.203
-16.650,-27.750,-19.650,-0.230,1.841,8.972
-16.050,-31.350,-18.000,0.153,3.451,9.126
-15.750,-33.450,-16.200,-0.767,4.218,8.282
-16.050,-36.900,-14.100,-0.153,4.755,8.282
-16.350,-38.100,-13.350,-0.153,5.291,6.825
-16.050,-41.700,-11.400,0.230,5.982,6.749
-15.750,-42.900,-7.800,-0.153,6.135,6.825
-15.000,-46.650,-4.650,-0.077,6.825,5.445
-15.600,-50.100,-1.500,-0.307,7.822,5.215
-14.700,-51.750,2.250,-0.307,8.666,4.371
-14.850,-53.100,6.450,0.000,8.896,3.221
-15.000,-56.700,12.300,-0.230,9.203,2.454
-14.400,-57.600,16.500,-0.230,10.123,0.920
-14.100,-56.700,20.550,-0.230,10.276,0.767
-14.400,-58.500,23.550,-0.383,10.736,0.307
-14.250,-58.050,25.050,-0.153,10.660,0.000
-14.250,-57.600,25.050,-0.614,10.123,-0.383
-13.800,-57.150,25.200,-0.844,10.046,-0.153
-15.450,-57.600,22.950,-0.537,10.046,0.383
-14.250,-57.600,21.300,-0.153,10.123,0.844
-15.150,-56.700,18.600,-0.537,9.586,0.997
-13.800,-56.700,16.500,-0.153,9.509,1.687
-14.550,-56.400,14.250,-0.077,9.663,1.994
-15.450,-55.200,11.550,-0.383,9.356,2.607
-14.850,-54.300,7.650,-0.307,9.126,3.758
-15.150,-52.950,6.150,-0.383,8.972,4.448
-15.450,-51.000,2.550,-0.077,7.976,4.908
-15.450,-50.700,-0.750,-0.077,7.822,5.598
-15.150,-48.600,-3.000,-0.153,7.362,6.135
-15.300,-46.350,-4.200,-0.230,6.825,6.749
-15.300,-44.850,-6.450,-0.153,6.442,6.979
-15.900,-44.250,-8.700,-0.307,6.135,7.209
-16.200,-42.750,-9.450,-0.460,5.828,7.592
-15.300,-40.800,-10.650,-0.153,5.291,7.669
-15.750,-39.900,-12.600,0.077,4.755,8.206
-15.600,-39.000,-13.500,-0.077,4.218,8.589
-16.800,-37.050,-14.100,-0.153,3.758,8.742
-15.600,-35.700,-15.450,-0.383,2.991,8.819
-16.200,-34.200,-15.600,-0.383,2.377,9.203
-15.450,-34.500,-16.350,-0.077,1.764,8.896
-15.750,-34.800,-15.900,-0.153,2.837,9.049
-15.300,-36.900,-14.250,-0.230,3.221,9.049
-16.200,-38.850,-13.200,-0.077,4.064,9.049
-15.150,-40.800,-11.850,-0.230,4.525,8.436
-15.000,-42.300,-9.300,-0.307,5.061,8.206
-15.450,-44.250,-7.500,-0.230,5.291,7.515
-14.850,-46.800,-5.400,-0.153,6.058,7.362
-14.700,-48.450,-3.000,-0.230,6.825,6.825
-14.850,-50.250,-0.300,-0.307,7.055,6.595
-13.800,-51.450,2.100,-0.307,7.439,5.522
-13.650,-52.950,5.100,-0.690,8.206,5.138
-13.950,-54.000,8.250,-0.383,8.052,4.985
-13.200,-55.800,11.700,-0.307,8.436,3.911
-13.050,-56.250,15.450,-0.230,9.126,3.298
-13.050,-57.300,19.650,-0.307,9.509,2.224
-13.800,-58.650,24.000,-0.614,9.586,1.304
-13.050,-57.450,27.900,-0.537,10.046,1.227
-13.800,-56.850,32.250,0.767,10.736,7.055
-13.200,-57.450,32.850,-0.767,10.430,-0.307
-14.400,-57.300,32.700,1.534,10.506,1.764
-14.850,-56.700,32.100,-0.844,9.816,0.537
-13.950,-56.850,32.250,-0.614,10.123,-0.077
-13.950,-55.650,30.900,-0.153,10.583,0.383
-14.850,-56.400,27.900,-0.230,10.430,0.997
-13.200,-56.700,25.350,0.153,9.509,1.534
-13.800,-56.550,21.450,0.077,9.663,2.377
-14.100,-56.100,17.100,-0.153,8.896,2.607
-13.500,-55.500,13.500,-0.230,8.742,3.758
-13.950,-55.050,8.850,0.153,8.206,4.601
-14.400,-52.800,6.450,0.230,7.745,5.445
-14.400,-51.300,3.600,-0.077,7.285,6.135
-14.700,-49.650,-0.600,-0.537,6.902,6.672
-14.850,-48.450,-2.550,-0.077,5.445,5.522
-14.100,-45.750,-6.450,0.077,5.445,7.669
-14.550,-42.750,-8.850,-0.230,4.678,8.282
-14.250,-41.700,-11.850,0.153,3.298,8.666
-14.100,-40.050,-13.200,0.077,2.914,8.896
-14.700,-37.950,-14.100,0.000,2.454,9.126
-14.250,-36.600,-15.600,0.153,2.224,9.433
-14.550,-34.950,-15.900,-0.230,1.994,9.663
-14.250,-34.350,-16.950,0.077,1.610,9.433
-15.000,-32.250,-17.850,0.077,1.150,9.586
-13.950,-31.350,-18.450,-0.153,0.153,9.356
-14.400,-30.900,-18.900,0.000,-0.383,9.509
-14.550,-30.600,-18.900,0.153,-0.153,9.816
-14.250,-31.650,-18.000,0.000,0.230,9.509
-13.050,-33.450,-18.150,-0.077,1.074,9.509
-14.250,-35.850,-16.200,-0.077,1.457,9.356
-13.650,-38.700,-13.950,-0.077,2.147,9.049
-12.900,-41.400,-12.450,0.077,3.068,8.819
-13.800,-43.650,-9.150,-0.230,4.448,8.436
-13.050,-47.100,-6.600,0.000,5.061,8.206
-13.200,-48.900,-3.300,0.000,5.445,7.899
-12.750,-50.550,-1.350,-0.153,5.752,7.132
-13.050,-52.200,1.800,-0.077,6.825,6.825
-13.050,-53.250,4.950,-0.077,7.285,6.212
-12.300,-55.200,8.250,-0.230,7.745,5.598
-13.650,-55.500,11.100,-0.230,8.436,5.061
-12.900,-54.900,14.850,0.077,8.666,4.755
-12.450,-57.150,17.400,0.153,8.742,4.064
-12.150,-57.300,18.900,-0.230,9.279,3.604
-11.550,-57.300,21.450,-0.077,9.279,3.144
-12.750,-57.450,23.400,-0.153,9.356,2.991
-12.150,-57.450,25.050,-0.077,9.663,2.531
-12.450,-57.600,26.100,-0.153,9.739,2.837
-12.900,-58.050,25.650,-0.077,9.893,2.454
-12.150,-57.600,25.050,-0.383,9.893,2.837
-11.700,-56.700,23.850,0.000,9.663,2.761
-11.700,-56.850,20.100,0.000,9.739,3.604
-12.300,-56.550,18.150,-0.153,9.433,4.064
-12.300,-55.950,14.400,-0.383,8.359,4.678
-12.750,-55.500,11.250,-0.307,7.976,5.291
-12.000,-54.300,8.100,0.000,7.439,5.445
-12.000,-53.400,5.400,-0.077,6.825,6.365
-12.150,-51.450,3.600,-0.307,6.288,5.982
-11.850,-52.650,2.850,-0.077,6.365,6.825
-12.000,-52.500,1.050,0.153,6.365,7.285
-12.300,-51.600,0.600,0.153,6.365,7.285
-11.550,-50.400,-1.050,-0.077,6.365,7.592
-11.550,-49.350,-2.100,-0.153,5.828,7.822
-12.150,-48.150,-4.050,-0.307,5.445,8.129
-12.150,-47.700,-5.100,-0.307,5.138,8.129
-11.550,-46.800,-6.750,0.000,4.831,8.666
-11.250,-44.700,-8.400,-0.153,3.988,8.666
-11.700,-43.200,-11.100,-0.153,3.604,8.972
-11.550,-41.400,-12.600,0.000,2.914,9.126
-12.000,-41.550,-13.350,0.000,2.377,9.356
-11.400,-39.450,-15.600,0.077,1.917,9.356
-11.250,-37.350,-16.050,0.000,1.380,9.509
-11.100,-36.750,-17.700,-0.153,0.460,9.509
-10.800,-35.100,-17.850,-0.537,-0.307,9.509
-10.950,-36.750,-18.150,-0.460,0.000,9.126
-10.500,-39.150,-16.500,-0.307,0.614,9.126
-11.400,-40.200,-14.700,-0.077,1.994,9.433
-11.250,-42.000,-12.750,0.153,2.607,9.049
-10.950,-45.450,-9.150,-0.153,3.758,9.203
-10.500,-47.250,-6.900,0.383,4.525,8.129
-10.800,-49.050,-3.600,0.614,5.138,8.666
-10.350,-51.300,-1.800,0.614,5.445,8.206
-10.650,-51.600,-0.150,0.383,5.598,8.359
-10.650,-54.450,2.700,0.307,5.982,7.209
-9.900,-53.850,6.450,0.153,6.288,6.365
-10.650,-56.550,10.050,0.077,7.285,5.905
-10.800,-55.950,12.450,-0.077,7.899,5.522
-10.950,-57.000,16.350,0.000,8.206,4.908
-10.050,-58.350,18.900,0.000,8.742,4.218
-10.650,-58.200,22.950,0.000,9.126,3.758
-9.300,-58.500,25.800,0.000,9.663,3.068
-9.900,-58.500,28.350,0.000,9.739,2.607
-9.450,-57.900,31.050,0.000,9.893,2.301
-9.900,-58.500,31.350,-0.153,10.276,2.377
-9.600,-58.500,31.950,-0.153,9.816,2.761
-9.900,-58.800,30.000,0.153,10.046,2.301
-10.200,-58.650,28.500,0.000,9.586,2.301
-10.050,-58.500,25.800,0.000,9.509,2.761
-10.350,-59.550,23.550,0.077,9.356,3.604
-10.350,-57.900,20.100,0.077,8.589,4.141
-10.500,-57.000,17.400,0.077,8.436,4.908
-9.900,-56.700,14.400,0.153,7.976,4.908
-10.350,-56.100,11.550,0.077,7.209,6.212
-9.900,-55.800,9.150,0.153,7.055,6.595
-9.750,-54.750,6.150,0.000,6.825,6.595
-9.750,-53.850,4.050,0.153,6.518,6.902
-10.500,-52.050,1.800,0.077,5.982,7.439
-10.800,-51.150,-0.750,0.077,5.522,7.745
-10.800,-51.150,-2.850,0.077,5.291,8.052
-10.050,-49.200,-4.500,0.153,4.601,8.359
-10.800,-47.550,-7.350,0.230,4.141,8.589
-10.350,-45.750,-8.550,0.077,3.604,8.896
-10.200,-43.800,-10.650,0.077,2.991,9.049
-10.800,-42.450,-12.300,0.153,2.377,9.279
-9.150,-41.400,-14.550,0.077,1.687,9.509
-9.300,-39.600,-15.300,0.230,0.920,9.509
-8.700,-38.100,-17.250,0.153,0.690,9.586
-8.850,-37.650,-17.100,0.153,0.153,9.586
-8.250,-37.050,-18.750,0.153,-0.307,9.356
-8.700,-36.900,-17.550,0.230,0.153,9.739
-8.850,-38.100,-17.100,0.230,0.383,9.509
-7.200,-40.200,-16.500,0.000,1.150,9.509
-8.250,-41.850,-14.400,0.000,1.841,9.509
-8.250,-43.650,-12.600,0.000,2.377,9.279
-8.250,-45.900,-10.950,0.077,2.837,9.203
-8.400,-47.850,-8.100,-0.077,3.451,8.896
-8.550,-49.200,-5.700,0.153,4.064,8.589
-8.250,-50.700,-2.700,0.077,4.755,8.052
-8.400,-52.650,0.150,-0.153,5.445,7.439
-7.950,-54.900,4.350,0.153,6.518,7.132
-7.800,-55.500,8.100,-0.077,7.132,6.288
-7.200,-56.100,12.750,0.000,7.439,5.675
-6.600,-58.800,16.200,-0.077,8.359,5.061
-7.200,-59.100,20.400,0.000,8.972,4.601
-8.250,-59.400,24.450,-0.230,9.203,3.758
-7.800,-58.500,27.300,0.077,9.509,2.761
-6.750,-59.700,30.300,0.230,9.433,2.761
-6.600,-58.500,32.550,-0.077,9.663,2.607
-7.050,-58.800,34.200,-0.077,9.816,1.841
-7.050,-58.950,35.250,0.000,10.046,2.071
-6.900,-58.650,34.800,-0.077,9.893,1.841
-7.050,-58.650,33.900,0.000,9.893,2.071
-6.900,-59.100,32.700,-0.077,9.969,2.531
-6.000,-59.400,28.800,-0.153,9.816,2.837
-6.300,-59.250,25.350,0.000,8.742,3.221
-7.200,-58.500,21.600,-0.153,8.666,4.678
-6.450,-58.500,18.300,0.000,8.436,5.522
-7.500,-58.200,15.300,0.000,7.669,5.675
-7.200,-57.450,12.450,0.230,7.132,6.365
-7.200,-56.700,10.200,0.153,6.672,6.365
-7.950,-55.950,7.050,-0.230,6.365,7.132
-6.450,-54.900,4.350,0.153,6.212,7.362
-7.050,-53.250,2.100,0.000,5.752,7.592
-6.300,-52.650,-0.600,0.077,5.675,7.899
-6.600,-52.500,-2.400,-0.077,5.138,8.052
-6.450,-49.500,-5.100,0.000,4.448,8.512
-5.250,-48.750,-8.250,0.153,3.681,8.742
-5.100,-45.450,-11.700,-0.077,2.837,9.126
-4.950,-43.650,-14.250,0.077,1.841,9.356
-4.350,-40.650,-16.650,0.000,0.920,9.509
-3.600,-39.300,-18.450,-0.537,-0.383,11.196
-3.450,-38.400,-19.050,-0.383,-1.764,8.282
-2.700,-40.050,-17.850,-0.153,1.074,10.123
-3.750,-41.550,-17.100,-0.077,0.767,9.509
-3.000,-43.050,-15.300,0.230,0.920,9.586
-3.300,-44.400,-13.650,0.614,1.457,9.356
-3.300,-46.650,-11.400,-0.230,2.454,8.972
-2.700,-48.450,-9.150,0.153,2.837,8.896
-3.450,-51.150,-6.900,0.077,3.758,8.896
-3.450,-52.650,-3.900,0.230,4.448,8.742
-3.600,-53.700,-0.300,0.000,5.215,8.512
-2.700,-54.900,0.750,0.153,5.368,7.822
-3.450,-55.800,5.250,0.077,5.752,7.285
-3.300,-57.150,8.250,0.000,6.595,6.672
-2.400,-58.950,12.150,-0.153,7.209,6.595
-3.750,-59.400,16.500,-0.077,7.669,5.905
-1.800,-60.000,19.200,-0.077,8.052,5.138
-3.000,-60.600,22.050,0.153,8.359,4.601
-2.550,-61.200,25.950,-0.153,8.742,4.064
-1.800,-60.300,29.250,-0.077,9.356,3.298
-1.650,-60.000,32.850,0.000,9.739,2.837
-2.550,-59.400,36.900,-0.077,9.663,2.301
-1.800,-60.450,37.650,-0.153,9.893,1.764
-3.000,-58.950,39.900,0.000,9.893,1.534
-1.650,-59.100,41.250,-0.077,10.200,1.457
-1.950,-58.950,42.000,0.077,9.969,1.304
-2.550,-59.400,41.250,-0.230,10.046,1.457
-1.800,-60.000,37.800,0.077,9.739,1.917
-1.350,-60.900,35.850,-0.077,9.816,2.454
-2.400,-60.750,33.600,-0.077,9.663,2.684
-2.400,-59.550,29.400,0.000,9.126,3.451
-2.250,-60.450,26.100,0.153,8.819,4.064
-1.800,-60.300,23.700,-0.230,8.359,4.448
-2.850,-60.000,20.550,-0.153,7.899,4.908
-2.250,-59.550,16.950,0.077,7.745,5.368
-2.100,-58.800,15.000,0.000,7.515,5.982
-2.400,-57.900,12.750,-0.153,7.132,6.365
-3.150,-58.350,9.750,-0.077,6.825,6.672
-3.450,-57.150,7.200,0.000,6.365,6.979
-3.600,-55.950,4.950,0.077,6.212,7.515
-2.700,-54.600,2.400,0.077,5.675,7.669
-3.300,-53.100,-0.900,0.000,4.908,8.282
-3.450,-51.900,-4.050,-0.077,4.218,8.819
-2.250,-49.350,-6.900,0.000,3.221,8.742
-3.150,-48.150,-9.600,0.383,2.991,9.126
-3.300,-46.950,-10.950,0.077,2.301,9.203
-2.550,-44.700,-13.200,0.077,1.534,9.279
-1.800,-44.850,-13.800,-0.077,0.460,9.203
-1.800,-45.900,-13.650,0.153,1.380,9.356
-1.350,-46.800,-11.700,0.077,1.917,9.203
-0.750,-49.050,-10.350,0.000,2.301,8.896
-0.750,-49.650,-7.650,0.000,2.914,8.742
-0.750,-51.450,-5.850,0.000,4.141,8.819
-0.900,-53.400,-3.300,-0.077,4.295,8.282
-0.900,-54.600,-0.300,0.000,4.678,7.976
0.450,-55.650,2.100,0.077,5.598,7.899
-0.750,-56.850,5.850,0.077,6.058,7.515
-1.050,-58.050,7.650,0.153,6.749,7.439
0.150,-58.200,10.050,0.153,7.055,7.132
-0.900,-58.800,12.150,-0.077,6.672,6.365
-1.200,-59.250,15.150,0.000,7.362,6.212
-0.450,-59.250,16.650,-0.153,7.822,5.752
-0.300,-60.450,18.450,-0.153,8.052,5.675
-0.600,-60.600,20.700,-0.077,8.589,5.291
-1.500,-60.000,21.300,-0.077,8.666,5.138
-1.050,-60.000,21.900,0.153,8.742,5.445
-1.050,-61.200,21.900,-0.077,8.359,5.061
-0.600,-60.450,21.600,-0.077,7.976,5.291
-1.650,-60.600,21.900,0.153,8.512,4.908
-1.500,-60.450,21.900,0.077,7.822,4.448
-1.500,-60.750,22.050,-0.077,8.206,4.985
-1.500,-60.450,20.250,0.077,8.666,5.215
-1.650,-60.300,19.200,-0.077,8.512,5.291
-2.400,-59.850,17.100,0.000,8.052,5.752
-1.350,-58.500,16.200,-0.153,7.285,6.058
-2.100,-59.100,13.050,0.077,7.132,6.212
-0.900,-58.650,11.700,0.077,6.365,6.595
-2.550,-57.900,9.750,-0.077,6.595,6.672
-1.950,-57.450,7.200,0.000,6.595,7.132
-1.800,-58.050,6.150,-0.153,6.365,7.439
-1.650,-57.300,6.000,0.000,6.135,7.592
-2.250,-55.500,3.300,-0.077,5.752,7.669
-1.950,-55.200,1.050,0.000,5.138,7.976
-2.700,-54.600,-0.300,0.000,5.138,8.052
-2.250,-53.850,-3.150,0.153,4.831,8.742
-2.550,-52.650,-4.200,0.307,4.141,8.666
-1.500,-51.600,-6.300,-0.077,3.528,8.589
-1.650,-51.450,-7.500,0.000,2.761,8.819
-1.350,-49.200,-8.250,0.153,2.607,9.203
-1.650,-49.350,-7.800,0.077,3.374,9.203
-2.700,-50.100,-7.350,0.077,3.374,9.126
-1.800,-50.250,-7.950,0.307,3.298,9.126
-2.100,-49.500,-7.950,0.153,3.298,9.203
-1.800,-48.300,-8.100,-0.077,3.298,9.279
-2.250,-49.950,-9.000,0.077,3.221,9.433
-1.200,-48.900,-8.550,-0.077,2.837,9.049
-2.400,-48.900,-7.950,0.153,3.298,9.279
-1.950,-49.950,-8.700,0.000,3.144,9.126
-1.200,-49.050,-8.250,0.077,3.144,9.203
-1.500,-49.050,-8.250,0.077,3.221,9.203
-1.950,-49.350,-9.450,0.153,3.221,9.203
-2.250,-49.650,-8.550,0.077,3.068,9.433
-1.950,-48.300,-9.150,-0.077,3.221,9.126
-1.650,-49.050,-8.250,0.000,3.144,9.126
-2.400,-49.350,-9.600,0.153,3.144,9.203
-2.100,-49.050,-9.150,0.153,3.068,9.279
-1.950,-49.200,-9.300,0.077,2.991,9.203
-2.700,-49.350,-9.600,-0.230,3.144,9.203
-1.650,-49.200,-8.850,0.077,2.991,9.203
-1.500,-48.600,-8.700,0.153,3.144,9.126
-2.250,-48.450,-8.850,0.077,3.144,9.279
-1.800,-49.200,-8.550,0.077,2.991,9.126
-2.100,-48.300,-8.400,0.077,3.068,9.203
-1.350,-47.400,-9.300,0.077,3.068,9.356
-1.500,-49.350,-9.000,0.077,3.068,9.279
-1.950,-49.050,-8.850,0.000,3.144,9.203
-2.550,-49.500,-9.150,-0.077,3.068,9.126
-2.250,-49.500,-10.050,0.153,2.761,9.279
-3.300,-48.750,-9.450,-0.077,2.914,8.972
-2.400,-48.600,-9.150,0.077,2.991,9.203
-1.500,-48.150,-9.300,0.000,2.991,9.356
-1.200,-48.750,-9.000,0.000,3.068,9.279
-1.350,-49.500,-9.150,0.000,2.991,9.049
-2.250,-49.200,-8.550,0.077,3.068,9.126
-2.700,-48.600,-8.400,0.230,3.221,9.203
-2.100,-49.500,-8.250,0.000,3.221,9.356
-2.400,-48.150,-8.850,0.153,3.068,9.049
-2.700,-48.750,-9.750,0.077,3.068,9.203
-1.950,-48.900,-8.700,0.153,3.068,9.279
-2.850,-49.500,-8.550,0.153,3.068,9.433
-2.250,-49.500,-7.950,0.000,3.221,9.279
-1.950,-49.950,-8.250,0.000,2.914,8.972
-1.800,-49.500,-8.250,0.077,3.221,8.896
-1.950,-50.850,-7.050,0.153,3.911,9.279
-2.400,-51.750,-6.150,0.153,3.988,9.203
-1.950,-51.900,-4.800,0.000,3.758,8.666
-2.850,-51.150,-4.200,0.000,3.834,8.819
-3.000,-51.900,-4.050,0.077,3.681,8.896
-1.950,-53.400,-1.650,0.077,3.988,8.359
-1.650,-55.200,0.600,-0.153,5.215,7.745
-2.100,-57.000,4.350,0.077,5.828,7.745
-1.800,-56.400,6.000,0.077,6.365,7.592
-1.500,-58.200,8.550,0.077,6.672,7.285
-1.800,-59.250,10.800,-0.077,7.055,6.518
-1.800,-59.100,12.300,0.153,7.439,6.288
-1.200,-59.100,15.300,-0.077,7.822,6.212
-1.200,-60.300,16.650,-0.077,7.669,5.752
-0.750,-60.600,18.300,-0.077,8.052,5.522
-1.950,-60.900,20.100,-0.153,7.976,5.368
-0.150,-60.750,21.000,0.000,8.052,5.291
-1.050,-60.300,22.950,-0.077,8.589,4.908
0.150,-61.650,24.600,-0.383,8.512,4.525
1.200,-60.750,25.200,-0.383,8.666,4.371
1.350,-61.050,26.400,-0.920,9.279,4.371
3.450,-62.400,26.850,-0.230,9.279,4.371
4.650,-61.350,27.000,-0.307,9.049,4.218
5.250,-62.100,25.350,-0.153,8.589,4.678
7.200,-62.100,23.100,0.153,8.589,5.138
8.250,-61.350,21.300,0.230,8.206,5.291
7.800,-62.250,18.150,0.153,7.822,5.522
7.500,-61.350,16.200,0.077,6.979,6.058
8.100,-60.900,12.750,-0.230,6.902,6.365
7.650,-60.900,11.100,-0.307,6.979,6.902
7.050,-59.250,9.750,-0.077,6.672,7.132
7.500,-59.250,7.800,-0.307,6.365,7.439
7.800,-57.750,6.000,-0.230,5.905,7.515
7.500,-56.850,4.050,-0.230,5.445,7.822
7.350,-56.700,2.100,-0.230,5.368,7.976
7.800,-56.100,0.150,-0.230,4.831,8.129
7.500,-54.750,-1.650,-0.153,4.678,8.436
7.500,-54.450,-2.550,0.000,4.371,8.589
7.050,-53.700,-4.350,-0.153,3.988,8.742
7.950,-52.950,-6.150,-0.230,3.528,8.819
7.650,-51.750,-7.800,-0.153,3.144,9.279
7.950,-49.650,-9.300,-0.383,2.684,9.049
7.650,-50.400,-9.750,0.000,2.914,9.049
7.350,-48.900,-11.250,-0.077,2.761,9.586
7.800,-48.750,-12.450,0.077,2.071,9.433
7.950,-46.950,-14.400,-0.153,1.917,9.203
7.350,-45.600,-15.900,-0.230,0.920,9.509
8.250,-43.950,-16.200,0.000,1.304,9.816
7.800,-42.900,-18.600,0.077,0.153,9.203
7.500,-41.400,-18.450,0.307,-2.301,8.589
7.950,-42.600,-18.300,-0.230,0.383,9.739
6.450,-44.700,-17.850,-0.383,1.150,9.509
7.050,-44.250,-15.750,0.000,1.150,9.586
7.800,-46.050,-15.000,-0.153,1.534,9.586
7.650,-47.850,-13.050,-0.077,1.610,9.433
7.650,-48.450,-11.400,-0.153,2.224,9.049
8.100,-50.550,-8.700,0.000,2.837,9.279
7.500,-51.450,-7.350,-0.153,3.298,8.819
8.400,-52.050,-5.400,-0.153,3.758,8.436
7.650,-54.000,-4.200,0.153,4.064,8.512
7.650,-55.800,-1.500,-0.230,4.601,8.359
7.800,-58.200,1.800,-0.230,5.522,7.899
7.050,-58.050,5.100,-0.307,5.828,7.592
8.250,-60.000,7.500,-0.230,6.518,7.285
7.650,-60.600,10.950,-0.230,6.595,7.055
7.500,-60.000,13.350,0.077,6.902,6.595
8.550,-61.650,16.050,-0.153,7.285,5.905
7.200,-61.350,18.600,-0.230,7.745,5.368
8.850,-61.650,21.600,-0.153,8.436,5.291
8.700,-61.050,23.400,-0.230,8.666,4.755
8.250,-61.950,25.650,-0.230,8.666,4.601
7.650,-61.650,27.300,-0.307,8.972,4.371
8.100,-61.800,29.550,-0.230,9.203,4.295
9.000,-61.950,30.000,-0.307,9.203,3.988
7.800,-63.300,30.600,-0.383,9.126,4.141
9.000,-61.500,29.400,-0.153,8.972,4.064
9.750,-61.950,28.950,-0.153,9.203,4.141
8.550,-61.800,27.000,-0.383,9.049,4.371
8.850,-61.650,25.500,-0.230,8.819,4.831
9.300,-62.400,22.800,-0.230,8.206,4.755
9.600,-61.500,21.000,-0.307,7.976,5.368
9.900,-61.200,18.000,-0.153,7.745,5.752
9.300,-60.900,15.750,-0.230,7.515,6.212
9.300,-60.600,13.200,-0.460,6.979,6.518
9.450,-60.750,11.100,-0.153,6.749,6.749
9.150,-59.100,7.650,-0.383,6.442,7.285
8.550,-58.650,5.550,-0.153,5.982,7.439
9.150,-57.150,2.700,-0.383,5.675,7.976
9.000,-55.500,-0.300,-0.230,5.138,8.436
10.050,-54.150,-3.600,-0.307,4.448,8.589
9.000,-52.650,-6.000,-0.307,3.681,8.819
8.550,-50.100,-8.550,-0.460,2.684,8.742
8.700,-49.200,-10.650,-0.077,2.454,9.203
8.550,-47.700,-11.850,-0.153,1.610,9.279
8.250,-47.550,-12.750,-0.460,0.690,8.742
8.400,-47.850,-12.150,-0.153,1.227,9.049
8.850,-49.500,-10.950,-0.460,1.994,8.896
8.700,-51.750,-7.500,0.000,2.914,9.126
9.000,-53.250,-4.350,-0.077,4.064,8.819
8.400,-54.900,-0.300,-0.077,4.525,8.129
8.550,-57.600,3.000,-0.153,5.368,7.669
8.850,-58.800,6.900,-0.077,5.982,7.362
10.350,-60.150,10.650,-0.537,6.595,6.979
8.700,-60.300,14.100,-0.230,7.055,6.365
9.000,-61.050,17.550,-0.307,7.669,5.905
8.700,-61.950,21.300,-0.153,8.206,5.215
9.450,-62.100,23.700,-0.383,8.512,4.755
9.150,-61.500,26.700,-0.307,8.742,4.371
9.750,-61.950,30.150,-0.307,8.819,4.064
8.850,-62.100,32.550,-0.307,8.896,3.528
8.250,-61.650,34.800,-0.383,9.509,2.684
9.450,-62.400,36.900,-0.307,9.509,2.607
9.150,-61.500,36.750,-0.307,9.433,2.377
10.350,-60.600,40.050,-0.230,9.279,1.994
10.050,-60.300,40.200,-0.383,9.433,2.147
10.500,-61.800,41.700,-0.383,9.586,1.994
9.600,-60.300,43.500,-0.460,9.586,1.534
9.000,-60.600,45.000,-0.230,9.663,1.227
9.600,-60.300,45.450,-0.230,9.893,0.614
9.750,-59.250,47.550,-0.230,9.893,0.920
9.450,-58.800,47.550,-0.307,9.739,0.997
10.350,-58.800,48.300,-0.460,9.663,0.307
10.050,-58.650,50.850,-0.307,9.739,0.383
9.600,-58.650,51.300,-0.537,12.960,-0.307
9.900,-59.400,50.250,-0.690,9.203,0.614
9.600,-58.500,50.400,-0.307,9.356,0.153
9.450,-57.750,51.300,-0.307,9.816,0.000
8.700,-58.350,51.150,-0.383,9.893,0.000
9.300,-58.200,50.850,-0.844,9.739,0.383
9.150,-58.650,50.100,-0.460,9.816,0.307
9.750,-59.550,48.300,-0.460,9.739,1.304
9.900,-58.800,47.550,-0.920,9.816,0.383
9.150,-60.150,45.750,-0.230,9.816,0.844
8.100,-60.150,44.100,0.153,9.739,1.304
9.750,-60.900,42.450,-0.307,9.433,1.227
9.600,-60.750,41.550,-0.230,9.433,1.150
9.300,-60.000,40.200,-0.307,9.663,2.147
9.300,-61.350,36.600,-0.153,9.663,2.531
8.850,-61.050,34.050,-0.230,9.586,3.144
9.600,-62.250,32.100,-0.153,9.356,3.528
9.000,-61.800,28.500,-0.460,9.279,3.911
8.850,-61.350,25.500,-0.383,8.512,4.448
9.300,-61.650,21.750,-0.153,7.822,5.291
9.000,-60.150,18.150,0.077,7.439,5.752
8.850,-60.750,13.800,-0.077,7.132,6.288
9.150,-59.550,11.100,-0.153,6.672,6.749
8.700,-58.200,7.650,-0.230,6.135,7.285
8.550,-57.000,4.350,-0.383,5.598,7.592
8.700,-55.050,1.050,0.077,4.908,8.052
7.800,-54.150,-2.550,-0.153,4.141,8.359
8.400,-54.000,-4.500,0.077,3.758,8.589
8.550,-52.650,-5.550,-0.383,3.144,8.589
8.400,-52.500,-7.800,0.077,2.454,8.819
9.000,-51.600,-8.550,0.153,2.454,9.509
8.550,-51.150,-8.100,-0.230,2.837,9.049
8.550,-51.600,-6.900,-0.383,3.834,9.049
8.550,-50.850,-7.350,-0.614,4.064,8.972
9.150,-51.750,-7.800,-0.230,3.834,9.279
9.600,-50.550,-9.150,-0.153,2.684,8.972
10.800,-49.800,-10.500,-0.153,2.147,9.049
11.700,-50.100,-10.650,-0.077,1.917,9.203
13.500,-50.400,-8.850,-0.077,2.147,8.896
12.000,-51.300,-7.800,-0.153,2.531,8.896
12.900,-53.100,-5.250,-0.153,3.298,8.512
13.950,-55.950,-1.050,-0.383,4.525,8.359
12.450,-56.850,2.550,-0.230,5.368,7.822
13.650,-58.950,6.000,-0.153,6.288,7.055
12.750,-59.400,10.050,-0.307,6.979,7.132
13.050,-60.750,13.500,-0.230,7.362,6.672
12.750,-60.150,16.800,-0.460,7.745,6.288
13.200,-60.900,18.000,-0.230,7.899,5.905
12.600,-61.200,20.550,-0.153,7.899,5.522
13.200,-61.650,22.350,-0.230,8.206,5.368
12.750,-61.950,22.800,-0.307,8.436,4.985
12.750,-62.100,24.900,-0.460,8.436,4.755
12.300,-61.800,25.950,-0.230,8.589,4.525
13.950,-61.650,27.750,-0.460,8.742,3.988
12.600,-62.250,28.950,-0.230,9.049,4.218
12.600,-61.500,32.100,-0.614,9.049,3.911
12.900,-62.550,32.550,-0.383,9.203,3.374
14.250,-62.400,34.650,-0.307,9.126,3.298
13.650,-62.250,35.250,-0.307,9.433,2.991
12.900,-61.650,36.750,-0.383,9.509,3.221
13.200,-61.500,37.800,-0.537,9.433,2.531
12.750,-60.750,36.900,-0.460,9.663,2.684
13.350,-62.100,37.800,-0.383,9.279,2.531
13.800,-61.500,38.100,-0.307,9.126,2.377
13.200,-61.800,38.250,-0.844,8.972,2.301
13.350,-61.650,39.750,-0.153,9.433,2.224
13.500,-61.050,40.650,-0.767,9.586,2.147
12.750,-60.900,41.850,-0.767,9.893,1.764
13.050,-60.600,41.400,-0.230,9.816,1.917
13.500,-61.500,41.100,-0.767,9.816,2.454
13.200,-60.900,40.350,-0.383,10.046,2.301
13.650,-61.200,38.550,-0.460,9.816,2.377
13.500,-62.100,36.000,-0.307,9.433,3.144
13.200,-61.500,32.250,-0.383,9.279,3.528
12.900,-62.700,28.200,-0.307,8.742,3.758
13.800,-62.400,25.350,-0.307,8.589,4.678
13.200,-62.250,21.750,-0.230,8.052,4.985
12.300,-60.300,17.850,-0.460,7.592,5.675
13.050,-60.300,15.600,-0.307,7.209,6.058
12.450,-60.600,12.450,-0.307,6.672,6.518
12.750,-59.550,11.100,-0.307,6.672,6.902
13.050,-59.550,8.400,-0.230,6.672,7.285
13.200,-57.750,6.750,-0.307,6.442,7.439
12.450,-57.300,4.050,-0.460,5.982,7.899
11.550,-55.800,-0.300,-0.383,4.985,8.052
12.750,-54.000,-4.200,-0.230,3.911,8.512
13.350,-52.350,-6.000,-0.153,3.758,9.279
11.550,-51.750,-7.950,-0.307,3.144,8.972
12.750,-51.300,-9.300,0.000,2.607,9.203
12.300,-48.450,-10.350,-0.614,2.377,9.509
12.750,-48.150,-12.900,-0.077,2.147,9.739
12.300,-46.350,-14.250,0.153,1.841,9.049
12.600,-45.600,-15.750,-0.383,0.920,9.279
12.600,-44.700,-15.900,-0.383,0.383,9.586
14.400,-43.950,-16.050,-0.307,0.767,9.279
14.100,-43.650,-15.750,-0.230,1.150,9.586
15.300,-43.650,-15.900,-0.537,1.304,9.893
15.600,-43.500,-16.350,-0.537,0.997,9.126
16.650,-43.050,-16.500,-0.383,0.844,9.509
19.050,-43.200,-16.500,-0.537,0.844,9.663
20.850,-41.850,-16.650,-0.307,0.537,9.739
21.300,-41.850,-16.800,-0.537,0.460,9.586
23.250,-42.900,-16.500,-0.383,0.537,9.509
24.000,-43.200,-14.700,-0.307,0.690,9.279
23.700,-43.650,-14.100,-0.460,1.074,9.126
24.150,-46.500,-11.100,-0.307,2.301,9.049
24.600,-49.200,-8.550,-0.690,3.298,8.819
25.350,-52.950,-3.300,-0.690,4.064,8.666
24.000,-54.150,-0.750,-0.537,4.985,8.052
24.750,-56.250,4.050,-0.690,5.982,7.132
24.300,-57.150,8.400,-0.767,6.825,6.288
24.150,-59.400,13.650,-0.767,7.439,5.982
24.450,-60.750,18.300,-0.844,8.512,5.368
24.900,-60.750,22.800,-0.690,8.896,4.908
24.600,-62.250,25.950,-0.844,8.896,4.371
24.450,-61.500,28.050,-0.767,9.279,3.911
24.150,-61.200,31.350,-0.614,9.279,3.221
24.450,-62.250,32.400,-0.614,9.663,2.991
24.750,-62.250,34.350,-0.767,9.586,2.684
24.300,-61.350,34.950,-0.767,9.663,2.147
24.750,-61.200,37.350,-0.844,9.663,2.377
24.750,-60.900,36.150,-0.767,9.203,2.224
24.450,-60.750,37.050,-0.844,9.739,1.841
25.050,-60.150,37.950,-0.767,9.893,2.224
24.450,-60.600,36.000,-1.074,9.816,2.607
23.700,-60.450,34.500,-1.841,8.436,1.150
24.900,-62.100,32.550,-0.460,9.509,2.454
25.350,-61.350,28.350,-0.767,8.666,3.604
24.900,-61.950,23.400,-0.153,8.359,4.371
25.200,-61.200,21.000,-0.690,8.436,4.525
25.200,-60.000,17.700,-0.383,8.589,5.445
24.600,-59.850,15.000,-0.767,7.745,5.982
24.900,-58.950,11.550,-0.920,7.592,6.518
24.300,-57.750,8.250,-0.614,6.749,6.825
24.900,-55.500,2.700,-0.614,6.135,7.592
24.600,-53.850,-0.450,-0.690,5.445,8.052
24.000,-51.450,-5.400,-0.614,4.371,8.206
24.450,-48.300,-9.150,-0.537,2.684,8.666
23.850,-44.400,-13.050,-0.537,1.534,9.126
24.900,-41.100,-18.150,-0.767,-0.153,9.969
24.900,-39.000,-18.150,-0.307,-2.761,9.433
25.050,-39.450,-18.000,-0.844,0.230,10.736
25.650,-40.950,-16.800,-0.844,0.844,9.893
25.500,-41.400,-15.750,-0.920,1.227,9.509
26.700,-42.000,-15.000,-1.074,1.304,9.663
26.850,-42.450,-14.850,-0.537,1.917,9.739
27.900,-43.350,-13.500,-0.844,1.841,9.509
28.650,-43.050,-12.750,-0.767,1.994,9.356
30.150,-43.500,-11.850,-0.920,2.301,9.203
30.450,-45.000,-10.050,-0.537,2.684,8.972
31.950,-46.200,-8.250,-0.460,3.374,8.666
32.550,-48.300,-6.000,-0.383,3.988,8.129
32.550,-50.850,-3.600,-0.230,4.985,7.592
32.550,-53.400,2.100,-0.383,5.522,7.132
32.700,-55.650,8.250,-0.997,6.672,5.368
32.400,-58.050,15.000,-0.614,8.666,4.601
31.800,-59.550,23.550,-0.844,9.433,3.911
32.400,-60.750,28.800,-0.920,9.816,2.607
31.500,-60.150,33.450,-0.997,9.816,1.841
31.950,-59.400,38.400,-0.997,10.276,1.227
30.900,-59.400,39.450,-0.690,10.583,1.150
31.050,-58.500,41.400,-1.150,9.969,0.690
30.900,-58.800,42.000,-1.150,9.893,0.460
31.350,-59.400,41.250,-0.920,9.663,0.690
31.050,-59.250,40.650,-0.767,9.816,0.767
30.300,-60.150,39.150,-0.844,9.739,1.457
31.350,-60.300,36.600,-0.767,10.200,2.531
30.750,-60.750,33.300,-0.844,9.893,2.147
31.350,-60.750,31.050,-0.920,9.126,2.761
31.500,-60.300,26.850,-0.614,8.972,2.607
30.900,-60.000,24.450,-0.690,8.742,2.761
30.300,-59.400,21.150,-0.767,8.666,4.755
30.300,-59.850,18.000,-0.920,8.359,4.678
30.150,-59.400,15.150,-0.920,8.206,5.291
30.450,-57.900,11.550,-0.767,7.515,6.058
31.050,-57.150,8.400,-0.767,6.979,6.442
30.750,-55.500,5.250,-0.614,6.442,6.672
30.300,-53.700,2.550,-0.920,6.135,7.362
31.200,-51.750,-0.900,-0.844,5.291,7.822
30.600,-50.550,-4.200,-0.614,4.831,8.129
31.200,-48.900,-6.150,-0.767,4.064,8.512
29.550,-47.100,-8.400,-0.690,3.374,8.512
30.900,-44.550,-10.200,-0.537,2.607,9.126
30.600,-44.550,-11.850,-0.690,2.531,9.356
30.600,-44.100,-12.450,-0.844,2.071,9.049
30.150,-43.500,-12.000,-0.690,2.377,9.279
30.600,-43.650,-11.550,-0.614,2.991,9.356
31.500,-44.400,-10.950,-0.767,2.684,9.049
31.050,-44.400,-10.050,-0.537,2.914,9.126
32.250,-44.100,-9.300,-0.460,3.068,8.972
32.400,-47.100,-8.400,-0.307,3.604,8.589
30.900,-48.000,-6.450,-0.844,4.525,8.512
31.800,-50.550,-3.450,-1.150,5.138,8.282
31.200,-51.000,-0.900,-0.844,5.675,7.899
32.100,-54.450,1.950,-0.537,5.598,6.749
31.350,-54.300,3.750,-0.307,6.058,6.365
32.700,-55.650,7.500,-0.920,6.902,6.442
32.400,-57.300,11.700,-0.997,7.592,6.212
32.700,-58.500,15.000,-0.690,7.976,5.291
32.250,-58.350,19.500,-0.920,8.359,4.371
32.550,-60.450,23.100,-0.920,8.896,3.528
33.300,-60.450,27.450,-1.074,9.433,3.298
32.250,-59.700,29.700,-1.150,9.509,2.224
32.250,-59.550,33.450,-1.074,9.586,1.687
32.550,-60.150,37.050,-0.920,9.893,1.457
33.000,-60.150,37.500,-0.920,9.969,1.074
33.150,-59.400,38.850,-0.767,10.200,0.920
32.550,-58.500,39.000,-0.537,10.046,1.304
32.850,-59.250,39.000,-0.920,9.356,1.380
33.600,-59.700,37.350,-1.074,10.046,1.227
32.400,-58.800,36.600,-1.150,9.969,1.764
32.700,-59.550,33.450,-1.074,9.893,2.071
33.600,-60.300,30.300,-0.537,9.663,1.917
32.550,-59.850,27.750,-0.767,9.739,2.531
32.550,-60.150,24.450,-1.227,9.279,3.681
32.850,-58.950,21.300,-0.690,8.896,4.141
33.150,-58.950,18.000,-0.690,8.666,4.831
32.250,-57.600,14.100,-0.767,7.822,4.985
31.500,-56.850,10.350,-0.997,7.592,5.675
32.700,-57.000,8.550,-0.844,7.285,5.598
33.150,-55.500,6.450,-1.227,6.825,6.749
32.850,-54.000,3.450,-0.844,6.058,6.825
32.700,-52.650,0.450,-0.844,5.828,7.362
33.150,-51.300,-1.800,-0.844,5.675,7.822
33.150,-50.100,-3.450,-0.997,5.291,7.976
33.000,-48.150,-5.700,-0.767,4.985,8.129
34.350,-45.600,-6.450,-0.844,3.911,8.512
33.000,-43.500,-9.600,-0.690,3.374,8.742
34.050,-40.800,-11.850,-0.614,2.377,8.819
34.650,-39.300,-13.500,-0.690,1.841,9.126
34.650,-37.800,-14.100,-0.460,2.224,9.586
34.500,-35.700,-15.300,-0.767,1.841,9.663
35.850,-33.750,-15.750,-0.690,1.150,9.279
35.700,-33.450,-17.250,-0.920,0.077,9.586
35.850,-32.850,-16.350,-0.614,0.000,9.356
35.850,-34.050,-16.500,-0.537,0.460,9.586
35.700,-33.600,-15.750,-0.460,1.074,9.356
36.450,-37.050,-14.400,-0.537,1.687,9.279
35.850,-39.600,-13.050,-0.383,2.531,8.589
36.900,-42.750,-10.650,-0.844,3.834,8.436
36.450,-45.150,-7.650,-0.767,4.678,7.976
35.550,-48.000,-3.900,-0.307,5.368,7.669
35.850,-51.300,-0.450,-0.920,6.442,6.749
34.950,-53.250,3.300,-1.150,7.285,6.212
36.150,-55.050,7.650,-0.537,8.052,5.522
35.250,-56.550,12.750,-0.844,8.589,4.831
34.650,-58.650,16.050,-0.997,8.896,4.141
35.850,-58.950,19.500,-0.690,9.509,3.758
35.700,-59.550,23.400,-0.690,9.279,2.991
34.950,-59.700,25.500,-0.920,9.893,2.531
35.250,-59.100,26.250,-0.920,10.046,2.224
36.000,-59.700,26.100,0.000,10.276,4.141
36.000,-59.100,26.550,-1.457,9.663,1.764
36.300,-61.050,25.650,-0.844,9.663,2.684
35.400,-60.600,25.200,-0.844,9.356,2.071
35.550,-59.700,23.100,-0.997,9.509,2.837
35.250,-59.850,21.300,-1.304,9.049,3.451
35.250,-59.400,20.400,-1.457,8.666,3.528
34.500,-58.800,18.000,-0.537,8.512,3.758
35.700,-57.450,17.550,-0.920,8.436,4.141
34.950,-58.050,15.900,-0.920,8.359,4.064
34.800,-58.200,14.700,-0.767,8.359,4.525
35.250,-57.750,13.800,-0.614,8.436,4.371
35.550,-57.150,14.850,-0.844,8.436,4.678
35.250,-57.000,12.300,-0.844,8.359,4.908
35.850,-57.150,11.100,-0.767,8.436,5.138
36.150,-57.000,10.950,-0.767,7.976,5.291
35.250,-55.800,7.800,-0.767,7.515,5.675
35.250,-54.300,5.100,-0.614,7.132,6.135
35.250,-54.750,4.350,-0.920,6.979,6.442
34.800,-53.700,5.100,-0.690,6.672,6.365
35.250,-52.800,2.850,-0.690,6.518,6.518
35.550,-53.100,1.500,-0.767,6.442,6.749
35.250,-51.900,1.200,-0.844,6.365,6.825
34.950,-51.600,1.800,-0.767,6.518,6.979
35.550,-52.200,1.500,-0.844,6.825,6.979
35.400,-52.950,1.800,-0.767,6.288,6.825
35.400,-52.200,1.800,-0.844,6.518,6.749
35.100,-53.250,2.250,-0.690,6.442,6.902
34.950,-52.950,3.150,-0.690,6.749,6.825
34.800,-54.000,4.050,-0.844,6.979,6.058
35.100,-54.150,4.800,-0.614,6.902,6.212
35.100,-54.300,5.850,-0.614,7.285,6.212
35.850,-55.200,7.350,-0.767,7.592,5.752
34.500,-56.550,9.450,-0.767,7.822,5.752
34.950,-56.550,10.050,-0.614,8.359,5.598
34.800,-57.150,10.950,-0.767,8.282,5.138
35.100,-56.550,10.950,-1.227,7.899,5.982
35.700,-56.700,10.800,-0.690,7.899,5.675
35.250,-56.100,10.950,-0.767,7.822,4.985
33.750,-57.300,11.100,-0.997,7.822,4.985
34.950,-56.700,12.450,-0.767,7.976,4.985
34.800,-57.000,12.900,-0.614,8.129,4.755
35.700,-57.300,14.250,-0.690,8.206,4.678
34.650,-58.200,15.000,-0.997,8.512,4.371
35.700,-58.500,17.850,-1.074,8.896,4.295
35.100,-58.650,19.800,-0.767,8.972,3.834
34.500,-58.650,22.050,-0.690,9.433,3.528
35.400,-59.850,23.550,-0.920,9.279,3.068
34.650,-59.850,24.600,-0.614,9.203,2.837
35.550,-60.450,25.950,-0.767,9.279,2.607
34.500,-59.550,26.100,-0.767,9.356,2.224
34.800,-59.700,27.750,-0.767,9.509,2.071
34.950,-60.300,29.850,-0.690,9.663,1.764
35.850,-60.000,31.050,-0.844,9.739,1.687
35.400,-60.000,31.650,-0.997,9.969,1.764
35.100,-60.750,30.900,-0.767,9.969,1.917
35.250,-60.600,29.550,-0.844,9.893,1.917
35.400,-59.400,27.150,-0.920,9.739,2.454
34.950,-60.150,23.550,-0.537,9.509,2.607
34.800,-59.700,21.300,-0.614,8.512,3.374
34.950,-59.250,18.150,-0.383,8.819,3.834
35.100,-58.650,15.900,-0.690,8.512,4.295
35.550,-57.750,12.750,-0.614,8.282,4.831
34.950,-56.700,11.100,-0.997,7.899,5.061
34.050,-56.250,8.550,-0.690,7.592,5.445
34.650,-55.950,7.200,-0.614,7.592,5.752
34.800,-54.600,6.750,-0.614,7.592,6.058
34.350,-54.450,4.950,-0.614,7.132,6.135
34.350,-53.250,3.750,-0.614,6.979,6.595
34.950,-53.100,2.700,-0.767,6.749,6.672
35.100,-52.650,1.800,-0.767,6.518,6.825
34.500,-51.750,0.750,-0.614,6.288,6.902
34.500,-51.600,0.750,-0.537,6.135,6.902
34.650,-51.450,0.750,-0.614,6.288,6.825
35.400,-51.450,0.900,-0.690,6.442,6.825
34.500,-52.950,0.900,-0.614,6.365,7.132
34.950,-52.200,0.750,-0.460,6.135,6.979
34.050,-52.500,1.200,-0.537,6.442,6.979
34.950,-52.950,2.250,-0.537,6.749,6.672
35.400,-54.000,3.150,-0.614,6.979,6.518
34.200,-54.750,4.800,-0.767,7.055,6.288
35.400,-55.050,5.250,-0.767,7.439,6.058
34.800,-54.450,7.050,-0.844,7.439,5.905
34.350,-56.850,8.400,-0.614,7.209,5.522
34.200,-56.850,9.450,-0.767,7.669,5.291
35.400,-57.150,12.900,-0.767,7.822,5.138
34.800,-58.200,14.550,-0.537,8.129,4.525
34.800,-58.950,18.300,-0.690,8.589,3.451
34.050,-60.900,22.650,-0.614,9.203,2.531
34.650,-59.700,26.700,-0.690,9.816,2.377
34.950,-60.150,30.450,-0.844,9.969,1.687
34.500,-59.100,32.550,-0.767,10.276,1.304
34.500,-60.000,33.000,-0.844,10.583,1.074
34.350,-59.250,32.850,-0.537,9.739,1.457
34.650,-60.300,33.300,-1.074,9.969,1.227
34.500,-60.300,31.200,-0.767,9.816,1.534
34.650,-60.600,30.000,-0.767,9.816,1.687
34.200,-60.000,27.600,-0.920,9.739,2.301
34.650,-60.000,24.000,-0.767,9.279,2.991
35.100,-59.550,20.550,-0.844,9.126,3.144
35.850,-58.800,18.600,-0.844,8.819,3.374
34.950,-57.450,15.300,-0.767,8.666,4.141
36.150,-56.400,12.450,-0.690,8.359,4.678
37.200,-56.250,9.300,-0.767,8.052,4.985
36.600,-54.900,6.450,-0.997,7.745,5.368
38.100,-53.700,3.750,-0.920,7.592,5.522
38.550,-52.050,2.250,-0.920,7.515,6.212
39.000,-51.150,0.450,-0.767,7.362,6.442
39.450,-49.350,-2.550,-0.767,7.055,6.749
38.100,-47.700,-5.700,-0.383,6.365,6.902
38.250,-45.900,-7.950,-0.537,6.212,7.132
38.400,-42.750,-10.500,-0.153,5.215,7.592
37.950,-41.100,-12.600,-0.383,5.061,7.822
38.100,-37.800,-14.550,-0.230,4.371,8.819
37.350,-36.150,-15.750,-0.614,3.988,8.589
37.500,-33.300,-16.650,0.000,3.681,8.742
38.400,-31.800,-17.400,-0.537,3.068,8.819
38.100,-30.750,-18.450,-0.383,2.761,9.049
38.400,-28.500,-18.450,-0.307,2.301,9.279
38.100,-26.550,-19.350,-0.307,1.687,9.356
38.550,-27.000,-19.500,-0.383,1.764,9.356
37.950,-27.900,-19.200,-0.307,2.147,9.279
38.550,-29.250,-18.150,-0.460,2.224,8.896
38.400,-31.950,-18.600,-0.383,2.837,8.896
38.700,-34.350,-17.400,-0.153,3.911,8.742
38.850,-37.200,-15.600,-0.383,4.985,8.206
37.800,-40.050,-13.650,-0.153,5.522,7.899
38.100,-41.400,-12.600,-0.460,6.058,7.439
36.450,-43.650,-10.950,-0.614,6.212,7.745
38.100,-46.650,-8.700,-0.307,6.825,7.439
35.700,-48.300,-8.700,-0.460,7.209,6.749
35.850,-49.050,-6.600,0.537,7.439,6.212
35.700,-50.250,-4.950,-0.537,7.362,5.905
36.150,-52.950,-2.700,-0.153,8.052,5.138
35.850,-54.150,-0.600,-0.307,8.129,5.215
37.050,-54.900,0.900,-0.230,8.819,4.525
36.300,-57.450,3.900,-0.153,9.049,3.834
35.850,-57.450,5.550,0.153,9.356,3.834
36.900,-57.900,6.000,-0.307,9.816,3.758
37.200,-58.200,6.450,-0.230,9.509,3.604
36.750,-58.200,6.900,-0.230,9.279,3.298
36.450,-57.750,6.150,0.000,9.203,4.064
36.450,-57.150,5.700,0.307,8.972,3.911
36.150,-57.150,5.550,0.153,8.819,3.988
36.300,-56.850,4.350,0.230,8.742,4.218
35.850,-56.400,4.800,0.230,8.436,4.371
36.900,-57.000,4.650,0.077,8.589,4.525
34.200,-57.450,5.100,0.000,8.819,5.061
33.150,-56.700,5.550,0.000,8.359,5.138
33.000,-57.000,6.000,-0.230,8.052,4.908
33.000,-56.100,6.000,-0.614,7.976,5.291
33.300,-56.850,5.400,-0.460,7.899,5.675
33.000,-55.050,5.550,-0.614,7.745,5.905
34.050,-55.650,4.350,-0.383,7.515,6.672
34.050,-54.600,3.150,-0.614,7.285,6.518
33.750,-53.850,1.200,-0.690,6.749,7.209
31.500,-52.500,-0.900,-0.230,5.982,6.672
31.350,-51.450,-2.400,-0.153,5.445,7.515
30.300,-50.400,-4.650,-0.307,4.908,7.899
28.950,-50.400,-5.550,-0.153,3.988,8.282
28.500,-50.400,-5.700,-0.077,4.141,8.666
27.150,-49.350,-6.000,-0.614,4.295,8.589
24.900,-50.700,-5.850,0.000,4.678,8.819
24.750,-51.600,-5.850,-0.307,4.525,7.745
22.800,-52.200,-4.650,-0.460,4.448,8.896
21.750,-52.500,-4.200,-0.460,4.064,8.589
18.750,-53.400,-4.800,-0.077,4.295,8.359
17.700,-53.550,-4.800,-0.307,4.678,8.589
16.500,-53.100,-4.350,-0.614,4.601,8.436
15.750,-54.000,-3.300,-0.690,4.371,9.203
14.100,-53.700,-2.850,-0.230,3.681,8.819
13.650,-54.600,-3.600,-0.614,4.141,8.819
12.300,-54.750,-2.400,-0.614,4.601,8.819
12.600,-55.050,-1.950,-0.614,5.061,8.206
12.300,-55.050,-1.650,0.077,4.525,8.436
12.750,-55.200,-2.700,-0.690,4.141,8.819
12.150,-55.500,-2.100,-0.077,4.755,8.819
12.150,-54.750,-2.250,-0.230,4.678,8.666
12.150,-55.050,-2.250,-0.537,4.371,8.282
12.450,-55.500,-2.100,-0.153,4.755,7.822
12.600,-55.050,-1.800,0.230,3.988,9.203
11.850,-54.750,-1.800,0.230,3.911,8.742
11.250,-54.750,-2.100,-0.690,4.908,8.589
12.750,-55.050,-2.400,-0.230,4.755,8.742
11.850,-55.500,-2.400,-0.383,3.911,8.436
12.150,-54.000,-2.250,0.230,4.678,8.972
11.700,-55.050,-1.500,-0.230,4.755,8.742
12.150,-54.750,-2.550,-0.153,4.448,8.589
12.600,-55.050,-2.550,0.077,4.371,8.359
12.000,-55.500,-2.700,-0.230,4.601,8.589
12.750,-54.450,-2.100,0.383,4.601,8.512
13.200,-54.450,-2.250,0.000,4.448,8.589
11.850,-54.450,-1.950,-0.153,4.371,8.436
13.050,-55.500,-2.250,-0.307,4.371,8.742
12.450,-54.600,-2.550,-0.153,4.525,8.819
11.700,-55.500,-3.750,-0.307,4.525,8.742
12.300,-54.600,-1.950,0.000,4.371,8.589
11.850,-53.850,-2.550,-0.307,4.678,8.666
12.300,-54.450,-2.550,-0.230,4.525,8.589
12.150,-54.600,-2.700,-0.383,4.678,8.436
12.000,-54.450,-3.450,-0.230,4.448,8.666
12.300,-53.100,-2.550,-0.614,4.448,7.669
13.050,-51.750,-3.450,-0.153,4.218,8.359
12.900,-52.350,-3.300,-0.460,4.448,9.203
14.100,-52.200,-3.450,-0.383,3.988,9.203
15.300,-50.250,-2.250,-1.150,4.755,9.203
16.050,-50.400,-2.550,-1.074,4.525,8.589
15.450,-50.400,-1.950,-0.920,4.141,8.282
15.750,-49.500,-2.700,-3.451,5.215,11.810
18.450,-48.600,-1.500,-1.227,3.834,7.976
19.200,-49.200,-1.500,-0.920,4.064,9.049
19.650,-48.600,-0.600,-3.068,5.982,6.288
20.850,-47.400,-1.350,-2.301,3.298,8.512
21.300,-46.500,-1.200,-1.841,3.758,8.742
19.200,-46.800,-1.050,-1.687,3.911,8.129
21.300,-47.850,-2.100,-1.994,3.758,8.052
21.150,-47.700,-1.800,-2.147,4.141,9.049
20.700,-47.100,-1.500,-1.534,3.834,8.052
19.500,-47.250,-1.200,-2.377,4.295,10.583
19.200,-48.900,-1.500,-1.534,4.218,8.436
19.500,-49.200,-2.100,-1.457,3.604,8.129
19.500,-50.400,-0.450,-0.844,3.834,8.129
19.200,-50.400,0.300,-1.764,4.448,9.279
19.200,-50.700,-0.900,-1.687,3.374,8.819
19.050,-49.200,-0.300,-1.227,5.522,5.445
18.300,-50.550,-2.250,-0.920,4.755,9.049
17.550,-50.550,-2.550,-1.150,3.528,8.359
15.750,-49.950,-3.450,0.000,4.218,9.049
15.000,-51.000,-4.200,-0.844,3.374,7.976
14.550,-51.450,-3.450,0.000,4.141,9.969
14.550,-53.550,-3.000,-0.307,4.141,8.282
14.700,-53.100,-3.000,-0.230,4.601,8.742
15.150,-54.300,-2.850,-0.307,4.525,8.512
16.500,-54.300,-2.550,0.307,4.218,8.206
16.800,-54.750,-2.250,0.077,4.218,8.666
17.250,-54.150,-1.200,-0.537,4.371,8.512
16.500,-54.900,-1.650,-0.307,4.678,8.666
17.700,-54.300,-1.950,-0.614,3.988,8.129
15.900,-54.600,-1.950,-0.307,4.371,8.589
16.050,-54.600,-2.550,-0.153,4.525,8.512
16.500,-55.350,-2.550,-0.614,4.141,8.512
17.100,-54.000,-2.100,-0.614,4.371,8.742
17.400,-55.200,-1.950,-0.307,4.371,8.052
17.250,-54.750,-1.500,-0.230,4.755,8.359
17.400,-55.200,-1.650,-0.383,4.601,8.206
17.400,-55.500,-0.600,-0.230,4.295,8.282
15.600,-54.750,-1.200,-0.153,4.678,8.359
17.100,-55.200,-1.650,-0.307,4.525,8.359
16.950,-55.350,-2.400,-0.153,4.678,8.512
17.250,-54.150,-1.500,-0.307,4.525,8.512
17.700,-55.050,-0.900,-0.307,4.448,8.436
16.800,-55.200,-1.350,-0.307,4.678,8.589
16.650,-55.200,-2.250,-0.537,4.525,8.512
16.650,-55.650,-1.800,-0.230,4.525,8.206
16.200,-54.600,-2.100,-0.153,4.601,8.512
16.800,-55.350,-1.200,-0.383,4.448,8.512
17.400,-55.050,-2.250,1.074,3.451,9.969
16.800,-55.350,-2.100,-0.690,4.371,8.129
16.200,-55.650,-2.100,-0.383,4.755,8.819
