10.650,7.950,-22.950,-0.077,-0.307,9.509
11.250,8.100,-22.800,-0.153,-0.153,9.663
11.250,7.050,-22.500,-0.153,-0.230,9.739
10.950,7.050,-22.650,-0.614,-0.460,9.739
10.500,8.400,-22.500,-0.230,-0.077,9.739
10.800,7.350,-22.350,0.000,-0.383,9.893
10.350,7.200,-23.400,-0.230,-0.230,9.586
9.900,7.200,-23.250,-0.690,-0.230,9.586
9.600,7.500,-23.250,-0.153,-0.460,9.663
7.650,6.900,-22.800,-0.307,-0.077,9.663
5.700,7.200,-23.100,0.153,0.000,9.739
4.650,7.350,-22.800,-0.153,0.000,9.816
3.300,7.350,-23.550,-0.077,-0.230,9.663
1.200,7.200,-22.350,-0.460,-0.230,9.509
-1.050,4.800,-22.500,0.000,0.153,9.663
-2.400,4.200,-23.100,-0.383,0.000,9.816
-5.100,4.200,-22.800,-0.153,-0.230,9.663
-6.600,2.700,-23.250,0.077,0.077,9.816
-8.700,1.200,-23.250,-0.307,-0.077,9.739
-10.050,-1.050,-23.400,-0.460,-0.537,9.586
-12.750,-3.150,-22.500,1.380,0.000,8.742
-14.100,-6.000,-21.600,0.997,0.230,9.279
-14.700,-8.250,-22.200,-0.844,0.383,9.509
-15.450,-9.600,-22.200,1.304,-1.764,8.819
-15.750,-12.150,-22.200,-0.614,0.537,9.969
-15.300,-14.700,-22.200,0.767,0.537,9.816
-13.800,-16.500,-22.800,-0.537,-0.920,9.816
-14.400,-18.450,-23.550,-0.077,0.230,10.123
-13.800,-20.100,-22.650,0.077,0.153,9.893
-12.750,-21.750,-23.100,0.307,-0.460,9.816
-11.250,-24.300,-22.050,-0.920,-0.230,9.509
-10.950,-26.550,-22.650,0.690,-0.920,8.972
-9.450,-28.950,-21.150,0.230,1.534,9.969
-7.800,-31.050,-21.900,0.230,0.690,9.893
-5.700,-30.900,-22.650,0.383,0.077,9.586
-2.850,-32.550,-22.500,0.000,-0.767,9.433
-0.450,-33.000,-21.600,0.153,0.077,9.739
1.050,-33.750,-22.050,-0.307,0.077,9.893
4.500,-35.100,-22.650,0.153,-0.077,9.816
6.150,-35.100,-21.900,0.614,0.383,10.200
7.500,-36.300,-21.300,1.150,1.534,10.813
11.700,-36.750,-21.900,-0.230,0.767,9.586
16.200,-34.200,-22.350,0.077,-1.074,8.359
19.050,-33.150,-22.500,-0.307,0.153,9.739
22.650,-32.100,-21.750,0.230,0.537,9.126
25.500,-28.350,-21.750,-0.383,-0.153,9.663
28.200,-27.000,-22.500,-0.153,0.077,9.739
29.100,-24.150,-22.650,-0.383,0.153,9.663
30.900,-21.750,-23.550,1.994,1.610,10.200
31.800,-17.850,-22.800,-0.614,0.844,9.893
32.400,-13.950,-22.800,0.000,0.844,10.276
32.250,-10.350,-23.250,0.153,-0.307,9.509
31.950,-7.800,-22.650,-0.153,0.614,9.816
30.000,-4.500,-23.250,-0.230,-0.077,9.279
27.750,-1.950,-23.550,1.380,0.690,9.279
26.550,0.300,-23.550,-1.227,0.230,9.663
25.050,2.100,-22.800,1.227,-0.077,9.663
22.800,3.750,-22.650,-0.307,0.383,9.586
21.000,4.950,-22.650,0.537,-0.153,9.586
18.600,5.550,-23.100,-0.460,0.077,9.739
16.500,7.200,-22.800,-0.383,0.230,9.663
14.550,7.500,-22.650,-0.230,-0.077,9.586
11.550,7.950,-23.100,-0.153,-0.153,9.433
7.800,8.100,-22.650,-0.690,-0.153,9.509
4.500,7.950,-22.950,-0.614,-0.537,9.279
1.500,5.550,-22.800,0.000,1.380,9.663
-1.200,5.550,-23.400,0.077,0.997,10.353
-3.600,4.650,-22.950,0.307,-0.767,9.049
-6.300,2.700,-22.650,-0.383,0.460,9.739
-8.850,-0.150,-22.800,-0.077,0.460,9.969
-10.200,-0.150,-22.500,-0.230,-0.614,9.279
-12.600,-2.100,-22.050,0.767,0.920,9.279
-14.250,-4.800,-21.900,0.767,1.457,11.043
-14.250,-7.950,-22.200,-0.077,0.614,9.739
-14.700,-9.000,-21.750,0.460,-1.764,8.896
-15.450,-12.300,-22.950,-0.383,0.844,9.893
-14.400,-15.150,-22.650,0.690,0.230,10.123
-13.800,-15.000,-22.050,-0.460,-1.074,9.279
-14.400,-18.150,-22.500,0.077,0.230,9.816
-13.350,-19.800,-22.650,0.307,-0.307,9.663
-13.350,-21.300,-22.200,0.230,-0.383,9.586
-12.600,-24.000,-21.900,-0.383,-0.153,9.739
-12.000,-24.900,-22.050,0.077,-0.383,9.739
-11.400,-26.100,-21.750,0.920,0.153,9.816
-9.750,-27.600,-22.050,0.767,0.307,9.893
-9.150,-28.200,-22.050,0.307,-0.767,9.203
-8.850,-29.400,-21.150,0.537,-0.383,9.663
-8.550,-30.300,-20.700,0.844,0.000,9.356
-7.650,-29.850,-21.900,0.920,-0.307,9.203
-7.950,-30.450,-22.350,0.614,-0.230,9.509
-7.050,-30.000,-21.150,0.690,-0.153,9.509
-7.800,-29.250,-21.600,0.690,-0.230,9.663
-9.150,-28.950,-22.350,0.614,-0.077,9.663
-9.600,-27.300,-21.900,0.690,-0.153,9.663
-11.250,-25.650,-22.800,0.000,-0.153,9.433
-10.950,-24.150,-21.750,-0.077,-0.460,9.126
-12.150,-21.300,-23.400,0.307,0.077,9.433
-14.250,-18.450,-21.600,0.153,-0.153,9.509
-14.250,-16.800,-22.500,0.077,-0.153,9.739
-15.750,-14.400,-21.900,0.153,0.077,9.586
-15.000,-10.950,-22.350,0.000,0.077,9.739
-15.750,-8.100,-22.050,0.230,0.000,9.816
-13.950,-6.900,-22.950,0.000,0.153,9.816
-12.900,-3.300,-22.800,0.307,-0.077,9.663
-11.850,-3.000,-22.200,0.230,-0.230,9.663
-11.100,0.300,-22.050,0.230,-0.077,9.663
-8.250,2.100,-22.800,0.230,-0.230,9.586
-6.000,3.300,-21.600,0.230,-0.383,9.663
-4.350,4.950,-21.900,0.153,0.230,9.739
-3.750,6.450,-22.350,0.460,-0.153,9.586
-0.150,7.200,-22.350,1.457,-0.460,9.126
3.000,7.200,-22.500,-0.307,0.460,11.043
7.350,5.550,-24.150,-1.994,0.153,9.739
9.750,7.950,-23.550,-0.920,0.307,9.586
11.850,7.350,-22.500,0.307,-1.610,8.589
14.850,7.950,-22.350,-0.690,0.614,9.969
16.950,6.450,-22.950,-0.153,0.383,9.969
17.250,6.150,-23.400,-0.077,-0.614,9.509
19.950,4.800,-23.100,-0.153,0.307,9.586
22.050,4.800,-23.100,0.000,0.000,9.739
22.800,2.700,-23.250,0.153,-0.153,9.509
24.600,1.650,-23.550,0.230,0.077,9.586
26.400,0.000,-23.550,0.153,0.000,9.586
27.000,-1.350,-23.250,0.230,0.077,9.586
27.900,-3.150,-24.000,0.307,0.230,10.200
30.000,-4.500,-23.550,0.307,0.000,9.893
30.600,-6.600,-23.850,0.383,0.230,9.509
30.900,-8.850,-24.300,0.614,0.230,9.663
31.050,-11.550,-24.300,0.383,0.000,9.586
31.800,-14.100,-25.350,0.153,0.153,9.739
30.750,-17.100,-24.000,0.383,0.230,9.509
30.600,-18.000,-24.900,0.767,0.000,9.586
30.000,-21.300,-24.300,1.457,0.000,9.433
30.600,-22.650,-23.250,-0.614,0.767,10.046
31.350,-24.750,-22.350,-1.917,0.767,9.816
29.100,-26.850,-22.350,0.307,1.227,10.660
27.450,-28.050,-23.400,-0.383,-0.690,9.126
25.800,-29.850,-22.200,0.537,0.460,10.123
22.650,-31.500,-22.800,-0.230,0.383,9.663
19.800,-33.150,-22.500,0.230,-0.077,9.663
17.100,-34.500,-22.050,0.077,0.307,9.739
14.100,-34.350,-21.900,0.077,0.000,9.663
11.250,-35.250,-22.200,0.153,0.000,9.586
8.550,-34.650,-22.050,0.307,0.077,9.586
6.300,-35.700,-22.350,0.460,0.000,9.663
2.850,-35.550,-21.750,0.844,-0.077,9.586
0.750,-34.650,-21.600,0.614,0.077,9.433
-1.350,-33.750,-21.750,0.460,0.000,9.739
-4.200,-32.400,-20.850,1.074,0.153,9.663
-7.050,-30.300,-21.000,0.307,0.000,9.509
-8.700,-29.100,-21.000,1.150,0.230,9.203
-10.350,-27.750,-20.550,1.534,-0.307,9.203
-10.800,-26.700,-21.750,-0.690,1.610,12.193
-11.400,-24.900,-21.600,-1.764,-0.307,6.442
-12.000,-21.750,-22.050,0.614,-2.607,9.509
-13.950,-20.250,-22.500,0.537,0.077,8.282
-14.850,-18.150,-22.050,-0.614,0.000,9.049
-15.150,-14.400,-22.350,0.230,-1.457,8.819
-15.450,-14.400,-22.050,0.230,0.230,9.663
-15.450,-12.150,-21.900,-0.307,0.307,9.816
-14.850,-9.600,-22.050,0.000,-0.537,9.739
-15.150,-8.400,-22.200,0.230,0.460,9.663
-14.250,-6.300,-22.050,0.077,-0.230,9.586
-14.400,-4.800,-21.750,0.153,-0.153,9.739
-12.300,-2.550,-21.450,0.383,-0.077,9.663
-12.150,-2.100,-22.650,0.307,-0.153,9.739
-10.800,-0.600,-20.700,0.230,-0.153,9.816
-9.600,0.750,-21.300,0.383,-0.077,9.509
-7.200,2.250,-21.300,0.383,-0.230,9.509
-6.750,4.050,-22.350,-0.383,-0.153,9.663
-3.750,4.500,-22.050,0.307,0.153,9.893
-2.400,5.550,-22.500,0.153,-0.383,9.586
-1.500,6.600,-22.050,0.614,0.000,9.663
0.300,6.750,-22.950,0.997,-0.153,9.203
2.700,6.900,-22.050,0.000,0.307,10.046
5.250,7.050,-22.650,-1.994,0.230,10.583
7.050,7.950,-22.200,0.690,-1.380,8.052
10.200,7.650,-21.900,-0.230,-0.077,9.816
11.100,8.100,-23.250,-0.460,0.767,10.736
12.750,7.350,-22.350,-0.307,-0.690,9.433
13.950,7.950,-23.100,-0.383,0.000,10.046
14.550,6.900,-22.650,-0.307,0.000,9.739
16.800,7.200,-22.650,-0.307,-0.460,9.509
16.650,6.300,-22.950,-0.153,0.000,9.586
17.400,6.450,-23.400,-0.307,-0.460,9.356
18.150,5.700,-22.950,-0.230,0.000,9.433
19.200,6.600,-22.650,-0.153,-0.307,9.433
19.650,6.150,-22.650,-0.230,-0.153,9.739
18.750,6.000,-22.800,-0.153,-0.153,9.663
19.500,5.250,-22.950,-0.077,-0.153,9.586
18.600,4.950,-23.400,-0.077,-0.077,9.739
19.950,5.850,-23.700,-0.077,-0.230,9.739
19.050,5.400,-22.200,0.000,-0.077,9.586
18.900,6.450,-23.100,0.000,-0.153,9.663
19.800,6.150,-22.650,-0.307,-0.153,9.509
19.050,5.400,-22.650,-0.230,-0.230,9.816
18.900,6.300,-22.950,0.000,-0.153,9.816
19.500,6.150,-22.500,-0.230,-0.153,9.663
19.200,5.400,-23.100,-0.077,-0.153,9.663
18.750,5.250,-23.250,0.077,-0.077,9.663
19.350,6.150,-22.800,0.000,-0.077,9.509
19.500,4.950,-22.650,0.000,-0.230,9.586
19.800,5.700,-22.950,-0.077,-0.077,9.586
19.800,5.850,-23.250,0.153,-0.153,9.663
19.050,6.150,-22.950,0.077,-0.230,9.663
18.300,5.850,-22.200,-0.153,-0.153,9.663
18.600,5.550,-22.500,0.077,-0.230,9.739
19.200,5.550,-23.100,-0.153,-0.230,9.739
18.450,5.850,-22.650,-0.077,-0.307,9.739
18.300,5.700,-23.400,-0.077,-0.077,9.586
19.350,5.400,-22.350,0.000,-0.077,9.586
18.900,5.400,-23.100,0.000,-0.153,9.663
20.100,5.250,-22.200,0.000,-0.230,9.663
19.200,5.700,-22.500,0.077,-0.077,9.586
19.650,5.100,-23.400,-0.077,-0.077,9.663
19.650,5.250,-21.900,-0.153,-0.153,9.739
18.300,5.400,-22.950,-0.153,-0.077,9.586
18.750,5.250,-23.100,-0.077,-0.307,9.663
19.050,6.300,-23.250,-0.077,-0.077,9.739
19.050,6.300,-22.800,0.000,-0.153,9.509
19.500,5.550,-22.950,0.153,-0.077,9.663
18.300,5.700,-23.550,0.000,-0.230,9.739
18.750,5.850,-23.400,-0.077,-0.153,9.663
19.800,5.700,-22.650,0.000,-0.230,9.663
19.200,5.700,-22.950,-0.077,-0.153,9.739
18.150,5.700,-23.250,-0.153,-0.153,9.586
18.900,5.850,-22.650,-0.153,-0.153,9.663
18.600,6.150,-23.550,-0.077,-0.153,9.663
18.750,5.700,-23.100,-0.077,-0.153,9.509
18.600,5.550,-23.100,0.077,-0.153,9.663
18.900,5.850,-22.950,0.077,-0.153,9.663
18.750,5.550,-23.850,0.000,-0.077,9.663
18.900,6.000,-23.400,-0.077,-0.153,9.663
20.400,6.150,-23.250,-0.153,-0.153,9.586
18.900,5.400,-23.400,-0.077,-0.077,9.509
18.900,6.000,-23.100,-0.077,-0.153,9.586
18.600,5.100,-22.800,0.077,-0.153,9.586
19.800,5.700,-22.800,-0.153,-0.153,9.663
18.600,5.550,-22.800,-0.153,-0.153,9.739
19.050,6.000,-22.800,0.000,-0.230,9.816
18.900,5.250,-23.100,-0.077,-0.230,9.586
20.250,4.800,-22.650,0.000,-0.153,9.663
18.750,5.250,-23.100,-0.153,-0.153,9.739
18.600,5.400,-23.400,-0.153,-0.153,9.663
19.200,5.850,-22.650,0.000,-0.153,9.586
18.450,5.850,-24.000,0.000,-0.153,9.509
19.800,5.850,-23.550,-0.077,-0.153,9.586
19.200,5.250,-22.800,-0.077,-0.153,9.739
19.200,5.400,-22.800,0.000,-0.153,9.816
19.200,5.250,-23.550,-0.077,-0.077,9.816
19.650,5.400,-22.650,-0.153,-0.077,9.663
19.500,6.150,-23.100,-0.077,-0.077,9.663
19.200,6.300,-23.400,-0.077,-0.153,9.663
18.900,5.700,-22.800,0.000,-0.153,9.739
18.600,4.950,-23.100,-0.077,-0.153,9.663
18.600,5.550,-22.800,0.077,-0.153,9.739
18.450,5.550,-23.250,0.000,-0.230,9.433
18.750,6.000,-23.400,-0.077,-0.153,9.663
18.750,6.150,-22.200,-0.077,-0.230,9.663
19.500,6.000,-22.950,-0.077,-0.077,9.586
19.500,5.100,-23.400,0.077,-0.077,9.586
18.750,5.700,-23.100,0.000,-0.153,9.739
20.100,5.850,-23.250,0.000,-0.153,9.586
19.050,5.850,-23.250,-0.153,-0.153,9.739
19.950,4.800,-24.000,-0.153,-0.153,9.586
18.900,5.400,-22.950,-0.153,-0.307,9.663
19.200,5.400,-22.500,-0.077,-0.153,9.739
19.500,5.550,-23.700,-0.077,-0.230,9.739
19.350,5.250,-23.100,-0.077,-0.153,9.739
19.200,5.700,-22.650,0.077,-0.230,9.739
19.200,5.700,-22.050,-0.077,-0.153,9.663
18.600,5.250,-23.100,-0.077,-0.230,9.663
18.450,5.700,-22.950,-0.077,-0.153,9.663
19.500,5.850,-22.500,0.000,-0.153,9.739
18.750,5.550,-22.350,-0.153,-0.230,9.663
19.050,4.500,-22.650,-0.077,-0.153,9.739
19.350,6.000,-23.100,-0.077,-0.230,9.663
19.650,5.250,-22.800,-0.077,-0.153,9.739
19.050,6.150,-23.250,-0.077,-0.153,9.586
18.900,4.650,-22.800,-0.077,-0.230,9.739
18.750,6.300,-23.400,0.000,-0.153,9.663
18.600,4.950,-23.700,0.000,-0.230,9.586
18.000,5.250,-23.700,-0.077,-0.153,9.739
19.200,6.000,-22.650,-0.077,-0.153,9.739
19.050,5.550,-21.900,0.230,-0.153,9.739
19.800,5.700,-22.800,-0.077,-0.153,9.739
19.350,5.850,-22.650,-0.077,-0.077,9.663
18.900,5.550,-23.100,-0.077,-0.230,9.739
19.800,5.250,-23.100,-0.077,-0.153,9.509
19.050,4.650,-22.650,0.000,-0.077,9.509
19.200,5.100,-23.400,0.000,-0.153,9.586
19.950,5.700,-22.800,-0.077,-0.077,9.663
19.950,4.650,-23.100,-0.153,-0.077,9.663
18.600,5.250,-23.400,-0.077,-0.077,9.663
19.050,6.300,-22.800,-0.077,-0.153,9.663
18.900,5.550,-23.400,-0.077,-0.230,9.663
19.200,6.000,-22.950,-0.077,-0.230,9.586
19.500,4.500,-22.650,-0.077,-0.153,9.663
19.200,5.700,-22.200,0.077,-0.077,9.663
19.050,5.550,-22.650,-0.077,-0.153,9.663
19.350,6.150,-22.800,-0.153,-0.230,9.739
19.800,4.800,-23.550,-0.077,-0.077,9.663
18.450,5.550,-23.100,0.230,-0.153,9.816
18.750,6.150,-22.050,-0.153,-0.077,9.586
19.350,5.250,-22.950,-0.153,-0.153,9.663
19.050,4.800,-23.250,-0.077,-0.077,9.663
18.450,5.850,-22.650,-0.077,-0.230,9.663
19.800,5.700,-22.800,-0.153,-0.153,9.816
19.350,6.450,-22.800,-0.307,-0.153,9.739
19.200,5.700,-22.950,0.000,-0.153,9.433
19.650,5.400,-22.800,-0.077,-0.077,9.663
19.350,5.100,-22.950,-0.077,-0.153,9.509
18.900,5.850,-23.250,-0.077,-0.077,9.663
18.900,5.100,-23.400,0.000,-0.153,9.586
20.100,6.000,-22.800,0.000,-0.153,9.586
18.900,4.800,-23.400,0.000,-0.153,9.739
19.350,5.550,-23.400,-0.077,-0.077,9.433
19.650,5.550,-23.100,-0.077,-0.153,9.586
19.200,6.150,-23.100,0.000,-0.230,9.739
19.050,6.300,-23.400,-0.153,-0.153,9.663
19.350,5.400,-22.950,0.000,-0.153,9.509
19.500,6.450,-22.800,0.000,-0.153,9.586
19.200,5.400,-23.250,-0.077,-0.077,9.663
19.350,5.550,-23.100,0.000,-0.153,9.663
19.200,6.000,-23.100,-0.077,-0.153,9.663
19.200,5.850,-23.700,0.000,-0.230,9.586
19.950,5.850,-23.250,0.000,-0.153,9.893
18.600,5.400,-22.650,-0.153,-0.230,9.663
17.850,5.100,-22.950,0.000,-0.077,9.739
19.500,6.000,-23.550,0.000,-0.153,9.663
19.500,6.300,-23.850,0.000,-0.077,9.663
19.800,5.850,-23.100,0.230,-0.153,9.893
19.650,4.950,-23.100,-0.077,-0.077,9.663
19.200,6.450,-23.400,0.000,-0.230,9.663
19.500,6.000,-22.950,-0.077,-0.153,9.586
19.800,5.400,-22.800,0.000,-0.230,9.509
19.050,5.100,-23.850,-0.077,-0.153,9.663
19.650,5.400,-23.100,-0.153,-0.153,9.433
18.900,6.000,-22.950,-0.077,-0.153,9.663
19.500,5.550,-22.050,-0.077,-0.077,9.586
18.900,4.350,-23.400,-0.077,-0.153,9.739
19.650,4.950,-22.800,0.000,-0.153,9.586
19.350,6.600,-23.100,0.077,-0.153,9.663
19.350,5.850,-22.800,-0.153,-0.077,9.893
18.300,6.000,-22.950,0.000,-0.153,9.586
18.900,4.950,-23.700,0.000,-0.153,9.586
18.900,5.700,-22.650,-0.077,-0.307,9.586
19.050,5.400,-23.550,-0.077,-0.153,9.586
18.600,6.150,-23.850,0.000,-0.153,9.663
18.300,5.850,-23.400,0.000,-0.153,9.663
17.700,6.150,-23.400,-0.077,-0.230,9.509
19.200,5.100,-22.950,-0.077,-0.153,9.663
18.450,5.400,-23.250,-0.077,-0.153,9.663
19.500,5.850,-23.400,0.000,-0.307,9.663
20.100,6.000,-23.100,-0.077,-0.153,9.739
18.150,5.550,-23.550,-0.077,-0.153,9.509
19.050,6.000,-22.800,-0.077,-0.153,9.663
19.950,5.550,-23.400,-0.077,-0.153,9.739
19.050,5.700,-23.100,0.000,-0.153,9.586
19.500,6.000,-22.950,-0.153,-0.230,9.509
19.200,5.550,-22.950,-0.077,-0.077,9.739
18.600,6.000,-23.250,-0.153,-0.153,9.663
18.900,5.250,-23.550,0.000,-0.077,9.663
18.150,4.800,-22.950,-0.077,-0.230,9.739
18.150,5.250,-22.200,-0.153,-0.153,9.663
18.600,4.950,-22.950,-0.077,-0.153,9.739
19.200,6.150,-22.950,0.000,-0.230,9.663
19.500,5.550,-22.950,0.000,-0.230,9.663
18.900,5.700,-23.400,-0.153,-0.153,9.663
19.350,5.850,-23.550,-0.077,-0.230,9.739
19.500,5.700,-22.500,0.230,-0.153,9.586
18.900,5.400,-22.500,0.000,-0.077,9.433
18.450,5.700,-23.250,0.000,-0.153,9.739
18.900,4.800,-23.100,0.077,-0.153,9.663
18.600,5.700,-23.250,0.000,-0.153,9.509
19.650,5.550,-22.950,-0.153,-0.153,9.509
20.250,5.250,-22.950,-0.077,-0.077,9.663
18.600,5.550,-23.400,-0.077,-0.230,9.586
19.350,5.700,-23.400,-0.153,-0.077,9.586
18.600,5.550,-23.700,-0.077,-0.153,9.586
18.600,5.550,-22.350,-0.077,-0.153,9.663
18.750,6.000,-23.400,0.000,-0.230,9.663
19.650,5.100,-22.950,0.000,-0.153,9.739
19.050,5.850,-23.400,0.000,-0.077,9.586
19.200,5.550,-23.250,-0.077,-0.077,9.586
19.500,6.000,-22.500,-0.153,-0.153,9.663
19.650,5.400,-23.400,0.000,-0.077,9.663
19.350,5.850,-23.100,-0.153,-0.153,9.969
19.800,6.450,-22.650,0.000,-0.153,9.663
18.150,6.000,-23.850,-0.077,-0.230,9.663
18.750,6.300,-23.400,0.000,-0.153,9.663
19.050,5.700,-22.950,0.000,-0.153,9.663
19.200,5.700,-23.850,-0.153,-0.077,9.739
18.900,6.300,-23.250,-0.153,-0.230,9.586
18.750,5.550,-23.400,-0.077,-0.153,9.739
19.050,5.700,-22.650,0.000,-0.153,9.663
18.450,5.850,-22.650,-0.077,-0.153,9.509
18.750,5.550,-23.400,-0.077,-0.077,9.663
18.450,5.700,-22.650,0.077,-0.230,9.586
19.350,4.950,-22.650,0.000,-0.153,9.663
19.350,5.850,-23.100,-0.077,-0.153,9.663
18.750,5.400,-23.400,0.000,-0.153,9.739
18.750,4.500,-23.100,-0.077,-0.230,9.663
19.500,5.400,-22.950,0.230,-0.077,9.739
19.800,5.550,-24.300,-0.307,-0.153,9.663
19.200,5.250,-23.850,-0.077,-0.077,9.586
20.550,5.550,-23.250,-0.077,-0.153,9.433
19.350,6.000,-22.800,-0.153,-0.230,9.586
19.200,4.950,-23.100,0.000,-0.153,9.663
18.600,5.400,-21.750,-0.077,-0.153,9.893
19.500,5.550,-24.000,-0.077,-0.077,9.586
19.200,5.700,-22.800,0.000,-0.153,9.586
19.200,5.250,-23.250,-0.077,-0.077,9.663
18.750,5.550,-23.700,-0.153,-0.230,9.663
18.900,5.550,-21.750,0.000,-0.230,9.739
18.600,5.850,-23.250,-0.077,-0.153,9.893
19.350,5.700,-23.250,-0.077,-0.153,9.586
18.750,5.100,-23.400,-0.153,-0.153,9.663
19.050,5.100,-22.950,-0.153,-0.230,9.663
19.200,5.550,-24.000,0.077,-0.153,9.739
18.750,5.400,-23.850,0.000,-0.077,9.663
18.450,6.300,-22.800,-0.153,-0.153,9.433
18.900,5.700,-23.400,-0.077,-0.153,9.586
19.050,5.250,-23.550,-0.077,-0.153,9.739
19.050,6.150,-22.650,-0.077,-0.230,9.663
19.650,5.250,-23.100,-0.077,-0.153,9.739
19.500,5.550,-23.550,0.000,-0.077,9.586
18.750,6.300,-22.950,-0.077,-0.153,9.663
19.500,5.400,-23.400,-0.077,-0.230,9.663
19.200,5.700,-22.800,0.000,-0.153,9.663
19.200,4.800,-23.100,-0.077,-0.153,9.739
18.750,6.000,-22.200,0.153,-0.077,9.586
18.750,5.700,-22.950,0.000,-0.077,9.509
19.350,5.100,-23.100,-0.077,-0.230,9.663
18.600,5.850,-22.950,-0.077,-0.153,9.663
19.500,6.000,-22.200,-0.077,-0.153,9.663
19.800,5.550,-22.800,0.000,-0.077,9.816
18.900,5.550,-22.650,-0.077,0.000,9.663
20.250,5.550,-23.100,-0.077,-0.230,9.663
18.600,4.950,-22.950,-0.077,-0.077,9.663
19.500,5.400,-23.850,0.077,-0.230,9.586
19.200,5.700,-23.100,0.000,-0.077,9.663
19.200,5.700,-23.400,-0.077,-0.153,9.586
18.900,6.000,-23.550,-0.077,-0.153,9.893
19.350,4.950,-22.650,0.000,-0.077,9.739
19.650,6.000,-22.950,-0.077,-0.153,9.586
18.450,5.550,-22.950,-0.077,-0.153,9.586
19.350,5.550,-23.700,-0.614,0.000,8.972
18.600,5.100,-23.100,-0.230,-0.383,9.663
19.050,5.700,-23.100,0.000,-0.230,9.586
19.650,6.150,-22.950,-0.307,-0.230,9.663
18.900,5.400,-22.800,0.000,-0.153,9.739
19.350,5.100,-23.100,0.000,-0.077,9.509
18.750,4.950,-22.800,0.000,-0.153,9.739
19.350,5.250,-22.650,-0.307,-0.153,9.356
19.050,5.550,-23.100,0.153,-0.077,9.356
19.350,6.000,-22.500,-0.153,-0.230,9.663
18.600,6.000,-22.500,-0.077,-0.153,9.739
19.500,5.700,-22.800,-0.077,-0.230,9.663
19.200,5.550,-23.400,0.000,-0.230,9.586
18.750,5.700,-23.250,-0.077,-0.153,9.663
18.600,5.250,-22.800,0.000,-0.153,9.739
20.400,4.950,-23.550,0.000,-0.230,9.663
18.600,5.700,-23.700,0.000,-0.153,9.663
19.350,5.850,-22.950,-0.077,-0.153,9.739
19.200,5.250,-23.400,-0.077,-0.230,9.509
19.650,5.700,-22.500,0.077,-0.153,9.663
18.450,5.550,-22.950,0.000,-0.153,9.586
19.350,5.550,-23.400,0.077,-0.077,9.433
19.350,5.250,-23.550,0.077,-0.307,9.509
19.200,5.400,-22.650,0.153,-0.077,9.663
18.900,6.300,-22.650,0.077,-0.230,9.586
20.550,5.850,-22.800,0.077,-0.077,9.739
20.250,5.550,-22.800,0.383,-0.230,9.586
20.400,4.350,-22.950,-0.077,-0.230,9.509
22.650,4.200,-23.850,0.153,-0.077,9.739
23.550,3.450,-23.700,-0.077,-0.077,9.816
24.150,2.250,-23.250,0.153,-0.077,9.356
24.450,2.550,-23.550,0.230,-0.153,9.663
24.600,1.050,-23.250,0.077,0.000,9.663
25.800,0.000,-23.250,0.077,-0.077,9.739
25.950,0.450,-23.550,0.077,0.000,9.739
27.150,-2.100,-23.850,0.077,0.000,9.586
28.050,-1.650,-23.550,0.077,-0.230,9.739
28.650,-2.250,-23.850,0.153,-0.077,9.663
29.250,-4.200,-24.150,0.077,-0.153,9.816
29.850,-2.100,-23.700,0.077,-0.077,9.663
28.950,-3.000,-23.850,0.307,-0.153,9.663
29.400,-4.050,-24.450,0.307,-0.077,9.586
29.250,-3.600,-24.450,0.230,0.000,9.433
28.800,-5.100,-23.550,0.383,-0.077,9.739
28.350,-4.650,-23.400,0.307,0.000,9.663
29.850,-5.250,-23.550,0.307,0.000,9.663
29.550,-6.750,-24.000,0.537,0.000,9.586
29.550,-5.850,-23.850,0.614,-0.077,9.663
30.900,-6.900,-24.450,0.537,-0.153,9.586
30.900,-8.250,-23.850,0.614,-0.077,9.509
31.200,-9.750,-24.450,0.230,0.000,9.739
31.200,-9.750,-24.300,0.614,0.000,9.816
30.600,-10.950,-25.500,0.614,0.000,9.663
31.650,-12.750,-24.300,0.690,0.000,9.663
30.300,-15.000,-24.600,0.614,-0.153,9.586
30.600,-15.150,-23.700,0.690,0.077,9.739
31.050,-16.800,-24.750,0.537,0.077,9.739
30.300,-18.900,-24.150,0.537,-0.230,9.739
29.700,-20.550,-24.450,0.997,-0.153,9.509
29.550,-22.350,-24.150,1.380,-0.077,9.586
28.950,-23.550,-23.700,1.764,0.383,9.586
29.400,-24.600,-22.500,-2.301,0.307,8.206
27.600,-28.050,-22.500,0.077,-2.224,7.669
24.900,-29.700,-22.650,0.000,0.077,8.052
23.550,-30.900,-22.650,-0.614,0.460,10.276
20.400,-32.400,-22.500,0.230,-0.230,9.893
18.150,-33.000,-22.350,0.230,0.767,10.200
15.600,-34.650,-21.600,0.153,0.077,9.816
13.500,-35.100,-22.800,0.383,0.153,9.816
8.700,-34.950,-22.200,0.077,-0.077,9.663
6.000,-35.100,-22.800,0.460,-0.153,9.433
5.250,-35.250,-22.350,0.230,0.000,9.509
2.850,-34.950,-22.200,0.614,-0.230,9.509
0.000,-35.550,-22.350,0.460,-0.307,9.586
-0.900,-34.350,-22.950,0.307,0.000,9.739
-2.250,-33.900,-21.900,-0.153,-0.307,9.739
-3.000,-33.150,-21.750,0.153,-0.230,9.739
-3.450,-32.700,-21.750,0.153,-0.537,9.663
-4.050,-32.850,-21.450,0.307,-0.383,9.586
-3.600,-32.700,-21.150,0.537,-0.460,9.586
-4.050,-33.150,-22.800,0.307,-0.230,9.586
-3.900,-32.850,-22.500,0.537,-0.307,9.663
-3.300,-33.300,-22.650,0.460,-0.307,9.739
-3.600,-32.400,-21.750,0.460,-0.307,9.663
-4.500,-32.400,-21.900,0.614,-0.230,9.509
-3.750,-33.150,-20.850,0.690,-0.307,9.586
-3.600,-32.550,-21.750,0.537,-0.383,9.356
-3.900,-32.850,-21.450,0.460,-0.307,9.586
-4.350,-32.850,-21.900,0.767,-0.383,9.893
-4.350,-32.850,-21.750,0.690,-0.614,9.663
-3.300,-33.300,-21.450,0.307,-0.077,9.816
-2.850,-33.150,-22.200,0.614,-0.307,9.739
-4.350,-33.150,-21.750,0.614,-0.537,9.356
-3.300,-33.000,-21.750,0.537,-0.230,9.433
-4.350,-33.300,-21.900,0.383,-0.153,9.586
-2.850,-33.600,-22.050,0.383,-0.307,9.586
-4.200,-33.600,-21.300,0.460,-0.383,9.739
-3.450,-34.050,-22.200,0.614,-0.230,9.586
-3.900,-34.050,-21.300,0.230,-0.153,9.586
-3.450,-35.550,-19.800,0.383,0.000,9.663
-3.000,-36.750,-19.200,0.614,0.383,9.279
-3.750,-38.700,-18.600,0.537,0.997,9.586
-3.000,-39.000,-17.400,0.383,1.304,10.046
-3.900,-40.200,-16.350,0.537,1.764,9.663
-3.450,-42.000,-15.450,0.307,2.301,9.356
-3.600,-43.800,-14.400,0.460,2.071,9.126
-3.450,-43.350,-12.000,0.537,2.684,9.126
-3.000,-45.300,-11.700,0.383,3.451,9.049
-3.450,-46.200,-9.900,0.307,4.218,9.049
-3.600,-46.200,-8.550,0.460,3.911,8.819
-2.850,-46.650,-9.600,0.307,3.834,8.819
-3.300,-47.100,-8.100,0.460,3.834,8.666
-3.000,-48.300,-7.650,0.460,4.371,8.589
-3.300,-48.150,-6.750,0.460,4.601,8.436
-3.300,-48.750,-6.300,0.383,4.755,8.436
-3.450,-49.050,-4.500,0.537,4.908,8.359
-3.300,-50.250,-4.800,0.383,5.061,8.436
-3.750,-49.350,-4.950,0.537,4.908,8.589
-3.150,-49.200,-5.100,0.614,4.678,8.359
-3.600,-49.050,-4.650,0.460,4.985,8.436
-3.750,-49.800,-4.350,0.383,4.908,8.206
-3.900,-49.350,-4.500,0.460,4.755,8.282
-3.150,-49.350,-5.100,0.460,4.755,8.282
-3.600,-49.650,-5.100,0.537,4.908,8.359
-4.500,-48.000,-5.550,0.383,4.908,8.129
-2.850,-48.450,-6.450,0.614,4.755,8.589
-4.200,-48.600,-6.150,0.460,4.678,8.436
-4.800,-47.850,-4.650,0.537,4.755,8.282
-5.550,-48.300,-5.400,0.537,4.678,8.359
-4.200,-48.150,-5.850,0.844,4.755,8.206
-6.000,-47.550,-5.700,0.690,4.755,8.359
-7.200,-47.400,-6.750,0.844,4.755,8.282
-6.150,-46.650,-6.300,0.844,4.755,8.206
-7.500,-46.950,-6.300,0.920,4.831,8.512
-8.400,-45.150,-7.050,0.997,4.755,8.129
-9.600,-44.850,-8.700,0.920,4.755,8.436
-8.700,-45.600,-8.250,0.460,4.678,7.362
-10.350,-44.100,-9.150,0.000,4.601,7.669
-10.500,-42.300,-10.500,0.383,4.601,8.052
-11.250,-41.700,-11.400,0.767,4.678,8.129
-11.400,-40.650,-11.700,-1.074,4.295,6.595
-12.450,-38.550,-13.950,-0.460,4.601,8.819
-12.900,-37.800,-13.950,0.153,4.678,8.282
-13.050,-36.300,-15.000,-0.460,4.985,8.436
-13.650,-36.450,-16.800,0.230,5.138,8.129
-13.500,-35.250,-16.200,-0.153,4.755,8.436
-13.650,-33.750,-17.550,0.153,4.525,8.129
-14.250,-32.550,-18.900,-0.153,4.908,8.282
-13.950,-30.900,-19.350,0.000,4.908,8.359
-13.800,-31.650,-19.950,-0.077,4.831,8.282
-13.200,-29.700,-21.000,-0.153,5.138,8.129
-13.950,-29.250,-20.550,0.000,4.678,8.436
-13.650,-27.900,-22.350,-0.153,4.678,8.359
-13.500,-27.900,-23.250,0.077,4.831,8.282
-13.050,-27.900,-23.700,0.077,4.755,8.436
-12.750,-26.850,-23.700,0.077,4.831,8.436
-12.900,-25.950,-24.300,0.230,4.831,8.359
-12.150,-24.900,-24.900,0.077,4.755,8.282
-11.100,-24.750,-24.750,0.307,4.755,8.282
-11.400,-24.150,-24.600,0.153,4.678,8.359
-11.100,-24.000,-25.200,0.153,4.831,8.512
-11.100,-23.550,-25.200,0.000,4.678,8.282
-10.500,-22.950,-25.500,-0.153,4.448,8.282
-10.500,-22.500,-25.800,-0.077,4.601,8.129
-10.350,-23.250,-25.650,0.230,4.755,8.436
-10.200,-23.250,-26.550,0.230,4.831,8.512
-10.350,-23.700,-26.400,0.307,4.831,8.512
-10.950,-23.700,-25.800,0.153,4.755,8.282
-10.350,-23.400,-25.350,0.230,4.831,5.215
-9.750,-22.350,-26.400,-1.150,4.908,8.436
-9.900,-23.250,-25.800,0.230,4.908,8.666
-11.100,-22.950,-26.700,0.383,4.908,8.742
-10.200,-24.000,-26.400,0.153,4.678,8.206
-10.650,-22.650,-25.950,0.383,4.601,8.512
-10.800,-24.150,-25.500,0.153,4.601,8.896
-9.900,-22.350,-25.500,0.077,4.755,8.742
-9.900,-24.000,-25.800,-0.230,4.908,8.359
-11.100,-23.550,-26.250,0.077,4.831,8.512
-10.950,-24.150,-25.050,-0.077,4.755,8.282
-10.950,-24.000,-24.900,-0.153,4.755,8.206
-11.550,-25.500,-24.000,-0.153,4.831,8.282
-12.150,-25.800,-23.550,0.000,4.831,8.129
-12.600,-26.550,-22.950,-0.077,4.908,8.282
-13.200,-27.300,-22.950,0.000,4.755,8.206
-12.900,-27.600,-22.200,-0.153,4.908,8.359
-13.800,-28.050,-21.750,0.077,4.755,8.359
-13.650,-29.100,-21.300,0.230,4.831,8.436
-14.400,-30.750,-19.650,0.000,4.831,8.666
-13.950,-30.900,-20.100,-0.077,4.831,7.899
-14.250,-31.950,-19.500,-0.153,4.831,8.206
-14.100,-32.850,-18.000,-0.077,4.831,8.206
-14.250,-33.450,-16.950,-0.230,4.908,8.282
-13.500,-35.250,-16.050,-0.230,4.831,8.282
-13.500,-36.750,-15.750,-0.307,4.908,8.282
-13.050,-38.550,-14.550,-0.153,4.985,8.512
-12.900,-38.850,-13.950,0.000,4.831,8.359
-12.300,-40.800,-12.450,0.000,4.908,8.436
-10.800,-41.550,-12.000,-0.307,4.831,8.129
-11.250,-42.450,-10.200,-0.153,4.601,8.129
-10.050,-44.250,-9.150,0.230,4.678,7.976
-8.250,-45.750,-7.050,0.153,4.985,8.052
-7.050,-47.100,-6.750,0.767,5.368,7.899
-5.400,-46.800,-6.450,0.077,4.755,8.129
-3.900,-48.600,-5.850,0.307,4.601,8.129
-2.550,-49.500,-4.950,0.153,4.985,8.589
-0.750,-49.650,-4.650,0.077,5.291,8.666
0.000,-50.700,-4.350,-0.153,5.215,8.206
1.650,-49.950,-4.500,-0.077,4.908,8.206
2.850,-50.550,-5.250,-0.077,4.908,8.282
3.750,-50.400,-3.750,-0.460,4.755,8.052
5.400,-51.300,-4.350,0.844,5.828,9.203
7.800,-52.650,-2.850,0.000,5.445,8.589
11.100,-52.500,-3.600,0.307,4.908,7.822
13.050,-51.450,-3.900,0.307,5.138,8.206
14.550,-51.750,-4.050,0.153,4.985,7.822
17.100,-51.450,-4.500,0.460,4.678,7.362
20.250,-50.550,-5.700,-0.383,5.445,8.436
20.850,-49.350,-5.850,0.230,5.061,8.052
24.150,-48.750,-7.050,0.000,5.138,8.129
25.650,-48.150,-7.800,0.077,5.061,8.282
26.700,-47.100,-9.450,0.077,5.061,8.206
27.300,-47.100,-9.000,-0.077,5.215,8.359
28.500,-44.850,-9.600,-0.077,4.908,7.976
30.600,-43.650,-11.550,-0.230,5.138,8.129
30.750,-42.600,-12.450,0.307,5.138,8.052
31.650,-42.300,-13.800,0.000,5.675,7.976
32.400,-40.500,-14.700,0.077,5.215,8.052
33.450,-38.100,-17.100,0.230,4.985,7.899
34.200,-36.300,-18.000,0.077,5.061,7.822
33.900,-34.350,-19.200,0.153,5.675,7.822
34.200,-32.100,-19.950,-0.307,5.138,7.976
33.900,-30.750,-22.050,-0.307,4.755,8.206
31.650,-28.050,-22.650,-0.307,5.445,8.129
30.900,-26.850,-24.750,-0.383,4.908,8.052
28.350,-25.500,-26.250,0.767,5.598,9.203
26.700,-25.200,-27.150,0.000,5.598,7.822
25.950,-22.800,-29.100,-0.614,5.061,7.745
23.550,-22.650,-28.650,0.307,5.061,8.436
22.950,-21.300,-29.100,-0.460,5.291,7.899
20.250,-19.950,-30.000,0.000,5.215,7.976
17.700,-19.500,-30.150,-0.537,5.368,8.129
16.200,-18.150,-30.900,-0.153,5.291,7.976
14.250,-16.950,-31.350,-0.153,5.061,8.052
12.300,-17.100,-31.800,-0.383,4.985,8.129
9.300,-16.800,-30.750,-0.077,4.985,8.282
7.050,-17.400,-31.500,-0.460,4.985,7.899
4.050,-17.700,-30.600,-0.230,4.755,8.206
1.050,-18.150,-30.900,1.687,6.365,8.512
0.300,-19.050,-30.150,0.077,5.215,8.282
-1.800,-19.650,-30.000,0.307,4.985,7.976
-3.150,-21.000,-29.250,-0.383,5.291,7.976
-5.700,-21.300,-28.800,0.077,4.831,8.206
-6.750,-21.900,-27.300,-0.230,5.061,8.052
-8.100,-22.650,-27.900,-0.230,5.138,8.282
-9.150,-23.850,-27.150,-0.537,4.755,8.129
-11.250,-25.650,-24.450,-0.767,4.601,7.976
-12.300,-26.250,-23.100,1.150,4.218,6.825
-13.200,-28.350,-22.350,-1.227,4.908,7.745
-13.650,-29.550,-20.550,0.153,4.831,7.362
-13.950,-30.750,-19.650,0.230,5.675,8.512
-14.250,-33.750,-18.600,-0.307,5.215,7.976
-13.350,-35.250,-16.650,0.307,5.061,8.282
-14.400,-36.600,-15.600,-0.307,4.985,8.129
-13.050,-37.350,-14.550,-0.153,5.138,8.359
-12.750,-38.400,-13.050,0.000,4.985,8.206
-11.400,-40.650,-12.450,-0.077,5.061,8.206
-11.850,-41.400,-11.700,-0.230,5.138,8.589
-9.450,-42.900,-10.650,-0.230,4.755,8.052
-9.900,-43.800,-9.450,0.153,4.831,7.976
-9.300,-45.450,-7.200,0.230,5.445,8.052
-7.650,-46.350,-6.750,-0.230,4.985,7.822
-6.000,-47.550,-6.450,0.614,5.138,8.052
-3.900,-48.750,-5.250,-0.153,4.908,7.899
-2.550,-49.350,-5.400,0.614,5.368,8.512
-0.900,-49.950,-4.650,0.153,5.138,8.359
2.250,-50.700,-5.250,0.077,4.908,8.129
2.850,-50.850,-4.650,0.153,4.831,8.129
4.200,-51.750,-4.350,0.077,4.985,7.976
4.500,-51.000,-4.800,-0.383,4.601,8.129
5.550,-50.700,-4.500,0.153,3.988,6.518
7.650,-52.050,-3.900,-0.230,4.985,8.359
9.000,-51.900,-3.900,0.614,4.908,7.822
11.400,-52.500,-4.800,0.383,4.755,8.436
12.900,-52.200,-4.350,0.153,4.985,8.436
15.000,-52.050,-4.200,0.230,5.138,8.359
15.300,-51.600,-4.500,0.537,5.291,8.282
16.950,-52.050,-4.500,0.383,4.908,8.359
17.400,-50.250,-5.400,0.537,4.908,8.206
18.900,-51.450,-5.250,0.537,4.831,8.359
18.000,-49.950,-5.550,0.383,4.831,8.282
19.350,-51.000,-5.550,0.383,4.908,8.206
18.750,-51.150,-5.550,0.230,5.061,8.359
18.600,-50.250,-5.250,0.077,4.831,8.129
19.050,-50.550,-4.950,0.077,4.831,8.359
19.050,-50.250,-4.950,0.077,4.908,8.359
19.350,-50.700,-6.000,0.230,4.831,8.282
18.900,-51.000,-5.250,0.077,4.908,8.282
19.200,-50.850,-5.550,0.383,4.908,8.206
19.500,-49.950,-5.550,-0.153,4.755,8.206
18.900,-51.300,-5.100,0.077,5.215,8.512
19.650,-50.250,-5.550,0.077,4.985,8.282
18.900,-51.300,-5.250,0.077,4.985,8.282
19.050,-50.250,-4.950,0.153,4.678,8.282
18.750,-51.600,-5.550,0.153,5.061,8.282
18.900,-50.400,-4.950,0.460,4.371,7.592
18.600,-50.850,-5.100,0.077,4.755,8.129
19.050,-51.600,-4.200,0.230,4.908,8.129
18.900,-52.500,-4.800,0.000,4.985,8.206
18.450,-51.300,-4.800,0.153,5.138,8.282
17.850,-51.900,-4.200,0.000,5.215,8.052
18.300,-52.500,-4.050,0.153,5.138,7.439
18.750,-52.950,-2.250,0.153,5.138,7.899
18.000,-52.200,-2.100,0.077,5.291,7.899
19.350,-53.100,-0.450,0.000,5.598,7.822
17.400,-53.250,-0.900,0.153,5.905,7.592
18.750,-53.700,0.750,0.153,6.212,7.439
18.450,-54.300,2.250,0.077,6.288,7.055
18.600,-54.450,2.400,0.153,6.442,7.209
18.900,-55.500,3.150,0.077,6.672,7.209
18.300,-55.050,4.650,0.000,6.672,6.902
17.250,-55.650,5.850,0.077,6.749,6.825
18.600,-55.500,6.000,0.000,6.672,6.365
18.900,-56.700,7.950,0.000,7.055,6.365
18.750,-57.000,7.650,0.077,7.132,6.595
17.850,-56.100,8.850,0.000,7.132,6.288
18.900,-57.300,9.300,-0.077,7.285,6.135
17.250,-56.850,10.500,-0.077,7.515,6.058
18.150,-57.900,11.400,0.077,7.669,5.982
18.750,-57.000,11.550,-0.153,7.669,6.058
17.850,-57.450,12.750,0.077,7.822,5.675
17.850,-58.200,12.600,0.077,7.976,5.675
18.450,-56.850,12.750,0.000,7.822,5.445
19.050,-57.600,12.750,0.000,7.745,5.752
17.850,-57.300,12.750,0.000,7.822,5.598
18.300,-58.950,13.050,0.000,7.822,5.598
18.750,-58.350,13.200,0.000,7.745,5.522
17.550,-56.850,13.050,0.153,7.745,5.598
18.000,-57.450,12.900,0.077,7.899,5.675
18.150,-57.600,13.200,-0.077,7.745,5.368
19.200,-58.200,13.200,0.153,7.976,5.522
18.000,-57.600,12.900,0.153,7.439,5.905
18.300,-57.450,13.050,-0.077,8.052,5.522
17.700,-57.750,12.900,0.153,7.745,5.598
16.800,-57.750,13.800,0.307,7.592,5.598
17.400,-58.200,13.050,0.307,8.129,5.675
17.100,-57.900,13.350,0.230,7.669,5.598
16.350,-57.900,13.650,0.230,7.976,5.598
15.150,-57.450,13.950,0.000,7.669,5.598
14.400,-57.750,14.100,0.077,7.976,5.598
14.100,-58.050,14.850,0.230,7.822,5.598
13.350,-57.900,13.500,0.383,7.976,5.675
11.250,-58.350,14.700,0.230,7.899,5.522
10.950,-57.450,15.450,0.230,7.899,5.675
9.750,-58.650,15.150,0.537,7.745,5.598
8.250,-57.750,15.000,0.767,7.745,5.752
6.600,-58.200,14.550,0.383,7.439,4.985
4.800,-57.300,14.250,0.153,8.359,5.752
3.000,-57.150,14.550,0.153,7.745,5.675
2.100,-56.700,13.950,0.153,7.822,5.445
0.900,-57.150,14.100,0.153,7.669,5.598
-0.150,-57.300,12.900,0.153,7.899,5.675
0.150,-55.650,13.050,0.077,7.899,5.445
-0.900,-55.950,13.050,0.153,7.669,6.135
-1.650,-56.700,12.450,0.460,7.899,5.752
-2.250,-55.800,12.300,0.383,7.822,5.522
-1.950,-56.100,12.000,0.767,7.669,5.598
-3.450,-55.350,12.900,0.614,7.745,5.752
-3.750,-54.900,11.550,0.690,7.976,5.828
-4.050,-54.150,11.400,0.690,7.745,5.675
-4.950,-54.450,10.650,0.383,8.206,5.905
-6.300,-53.850,9.450,0.460,7.822,5.752
-7.800,-52.950,8.550,0.920,7.592,5.598
-9.450,-53.250,8.850,0.844,7.669,5.445
-8.400,-52.350,7.650,0.767,7.976,5.828
-9.300,-52.950,7.200,-0.153,8.282,5.215
-10.500,-50.250,5.250,-0.077,6.595,5.522
-10.350,-51.600,4.950,-0.153,8.436,5.598
-10.650,-51.750,4.350,0.460,7.515,5.368
-10.800,-51.150,2.700,0.537,7.899,5.445
-12.450,-49.950,0.900,0.690,7.976,5.522
-11.400,-49.950,-0.150,0.307,7.439,6.135
-11.250,-48.450,-1.500,0.383,8.436,5.982
-12.900,-49.650,-2.400,0.230,7.362,5.675
-12.600,-47.850,-3.450,-0.690,8.206,5.905
-13.050,-46.800,-4.200,-0.153,7.515,5.752
-13.050,-45.900,-6.150,-0.230,8.129,5.522
-12.600,-45.750,-8.400,-0.153,7.515,5.368
-12.450,-44.550,-9.150,-0.153,8.052,5.752
-12.300,-44.550,-10.050,0.000,7.745,5.598
-12.750,-44.100,-11.550,-0.077,7.822,5.522
-12.600,-43.350,-12.450,0.000,7.745,5.522
-12.000,-42.600,-14.100,0.153,7.822,5.522
-11.550,-41.550,-15.750,0.230,7.899,5.598
-11.550,-41.400,-16.350,0.460,7.899,5.905
-10.650,-40.650,-16.950,0.077,7.822,5.752
-9.600,-40.350,-19.650,0.077,7.669,5.522
-9.000,-39.300,-20.250,-0.153,7.822,5.445
-7.500,-39.600,-20.850,-0.460,7.745,5.752
-7.200,-38.550,-21.750,-0.460,7.669,5.982
-7.200,-39.000,-21.300,-0.307,7.592,5.675
-6.300,-39.000,-21.900,-0.230,7.592,5.905
-7.050,-38.100,-22.200,0.000,7.669,5.598
-7.350,-38.550,-22.050,0.230,7.745,5.675
-6.750,-39.600,-21.600,0.153,7.592,5.828
-6.600,-38.700,-21.300,0.153,7.669,5.752
-6.750,-39.450,-21.900,0.153,7.592,5.752
-6.000,-38.550,-21.000,0.153,7.745,5.828
-6.300,-38.550,-21.900,0.230,7.669,5.828
-6.600,-38.700,-21.750,0.153,7.669,5.675
-6.750,-37.950,-21.300,0.153,7.669,5.752
-6.900,-38.700,-21.750,0.153,7.592,5.675
-6.450,-39.000,-21.750,0.153,7.592,5.828
-7.650,-38.100,-21.750,0.077,7.745,5.752
-6.600,-39.000,-22.350,0.077,7.822,5.905
-7.500,-38.550,-21.600,0.153,7.592,5.752
-7.200,-38.850,-22.500,0.077,7.592,5.828
-7.200,-38.550,-20.550,0.077,7.669,5.828
-7.050,-38.550,-21.150,0.077,7.669,5.675
-6.900,-38.550,-21.000,0.153,7.592,5.598
-6.450,-38.550,-21.450,0.077,7.669,5.828
-7.050,-38.250,-21.600,0.230,7.592,5.598
-7.200,-38.250,-21.450,0.153,7.669,5.752
-6.150,-38.700,-21.450,0.153,7.592,5.828
-7.050,-38.400,-21.600,0.230,7.669,5.752
-6.450,-38.100,-22.350,0.153,7.745,5.905
-6.900,-38.550,-22.350,0.153,7.592,5.675
-7.650,-39.150,-22.200,0.153,7.592,5.675
-7.350,-38.550,-21.450,0.153,7.669,5.828
-6.900,-38.550,-21.750,0.077,7.669,5.905
-7.200,-38.850,-22.050,0.153,7.669,5.982
-6.750,-37.950,-21.750,0.077,7.669,5.752
-6.450,-39.000,-22.200,0.307,7.592,5.752
-6.300,-38.700,-21.600,0.077,7.669,5.675
-6.450,-38.700,-21.450,0.077,7.669,5.752
-7.050,-39.450,-21.900,0.153,7.669,5.675
-6.750,-37.650,-21.600,0.153,7.669,5.905
-6.900,-38.100,-21.900,0.153,7.592,5.215
-5.700,-37.950,-22.050,0.153,7.592,5.828
-7.650,-38.400,-22.500,0.230,7.745,5.828
-6.300,-38.250,-21.600,0.230,7.592,5.675
-7.200,-37.500,-21.300,0.153,7.592,5.828
-7.350,-38.100,-21.300,0.153,7.822,5.752
-7.050,-38.250,-22.050,0.153,7.592,5.675
-6.750,-37.800,-21.600,0.077,7.592,5.598
-7.050,-39.150,-20.700,0.153,7.745,5.828
-6.900,-39.000,-21.900,0.153,7.745,5.675
-6.900,-39.150,-21.600,0.077,7.669,5.828
-7.500,-39.000,-22.050,0.077,7.592,5.828
-6.900,-38.100,-21.300,0.230,7.745,5.752
-7.200,-39.000,-21.600,0.153,7.745,5.598
-6.750,-38.250,-21.150,0.153,7.669,5.905
-7.350,-38.250,-21.600,0.153,7.669,5.675
-6.450,-38.400,-21.300,0.077,7.669,5.752
-6.900,-38.100,-21.900,0.153,7.669,5.828
-6.000,-38.100,-21.300,0.077,7.669,5.828
-6.300,-39.000,-20.850,0.077,7.669,5.828
-7.200,-38.100,-21.600,0.077,7.669,5.828
-6.450,-39.300,-21.150,0.077,7.592,5.828
-6.300,-38.400,-21.600,0.153,7.592,6.135
-6.450,-38.850,-21.300,0.077,7.669,5.752
-7.050,-39.300,-20.850,0.077,7.822,5.905
-7.050,-37.950,-21.300,0.077,7.822,5.828
-6.150,-38.550,-21.450,0.153,7.669,5.752
-6.450,-38.100,-22.350,0.153,7.822,5.752
-7.050,-39.150,-21.750,0.077,7.669,5.828
-6.600,-38.100,-21.900,0.077,7.669,5.752
-7.200,-38.400,-21.450,0.153,7.515,5.752
-6.600,-37.650,-21.600,0.153,7.822,5.445
-6.750,-38.400,-21.600,0.230,7.822,5.905
-6.450,-38.250,-21.000,0.077,7.745,5.752
-7.050,-38.400,-21.750,0.153,7.592,5.752
-7.500,-38.100,-21.600,0.077,7.592,5.905
-7.050,-38.850,-21.300,0.077,7.669,5.675
-6.150,-39.150,-21.600,0.077,7.745,5.828
-6.900,-38.250,-21.900,0.153,7.745,5.675
-6.450,-38.700,-21.600,0.000,7.669,5.675
-7.050,-38.550,-22.200,0.077,7.592,5.445
-7.650,-38.250,-22.350,0.153,7.669,5.905
-6.150,-38.850,-21.300,0.000,7.745,5.828
-6.900,-38.850,-21.600,0.153,7.592,5.828
-6.900,-38.250,-22.350,0.230,7.822,5.828
-6.750,-38.400,-20.850,0.153,7.669,5.675
-6.600,-38.250,-21.300,0.077,7.669,5.905
-6.450,-38.700,-21.000,0.153,7.669,5.522
-6.750,-37.950,-22.050,0.077,7.899,5.675
-6.900,-38.250,-22.050,0.153,7.669,6.058
-7.050,-38.550,-22.200,0.077,7.669,5.752
-6.900,-38.100,-21.450,0.153,7.669,5.752
-6.600,-38.400,-21.600,0.077,7.745,5.752
-7.650,-38.850,-21.150,0.077,7.745,5.828
-7.350,-37.950,-21.750,0.153,7.745,5.828
-5.400,-38.100,-21.600,0.153,7.669,5.675
-6.150,-39.150,-21.300,0.077,7.669,5.905
-5.850,-39.150,-22.050,0.077,7.745,6.058
-7.650,-38.550,-21.450,0.077,7.745,5.905
-6.900,-38.400,-21.450,0.153,7.669,5.675
-7.200,-38.100,-22.050,0.077,7.669,5.752
-6.150,-39.000,-21.900,0.077,7.745,5.598
-7.500,-39.000,-22.200,0.153,7.592,5.675
-6.900,-38.850,-21.900,0.153,7.669,5.752
-6.000,-38.100,-22.050,0.077,7.745,5.675
-6.900,-39.000,-22.200,0.153,7.745,5.675
-7.500,-38.400,-21.600,0.230,7.592,5.138
-7.050,-39.150,-21.750,0.230,7.822,5.522
-7.200,-37.950,-22.500,0.153,7.592,5.675
-6.450,-38.850,-21.450,0.077,7.669,5.828
-6.300,-37.950,-21.450,0.153,7.745,5.828
-6.900,-38.400,-21.300,0.230,7.669,5.675
-7.200,-38.400,-21.600,0.000,7.669,5.828
-6.750,-39.150,-22.050,0.077,7.669,5.828
-6.000,-39.000,-21.900,0.153,7.669,5.675
-6.900,-38.850,-21.150,0.230,7.669,5.982
-6.150,-39.000,-21.600,0.000,7.976,5.828
-6.600,-39.000,-21.000,0.307,7.439,5.905
-6.900,-38.550,-21.900,0.690,8.129,5.675
-7.050,-39.000,-21.300,0.537,7.285,5.598
-7.500,-38.850,-21.900,0.537,7.899,5.828
-5.400,-37.950,-22.950,0.537,7.592,5.675
-5.700,-37.950,-23.550,0.460,7.976,5.675
-3.600,-37.050,-23.250,0.307,7.745,5.828
-2.850,-36.600,-24.450,0.230,7.745,5.675
-2.700,-36.450,-25.350,0.383,7.592,5.522
-0.600,-37.350,-25.650,0.537,7.592,5.598
0.450,-36.900,-25.800,0.690,7.439,5.598
3.300,-37.050,-25.650,-0.537,9.739,7.592
4.950,-36.450,-26.550,-0.077,7.515,4.908
6.450,-36.600,-26.700,0.307,7.669,4.985
8.700,-36.600,-26.400,0.230,9.049,5.368
11.250,-36.600,-26.250,-0.230,7.669,8.512
14.550,-37.200,-26.700,0.230,9.356,6.979
15.450,-37.200,-25.800,0.000,8.206,5.138
17.400,-37.350,-24.900,-0.997,6.979,4.064
20.400,-38.550,-25.350,0.000,8.206,4.908
21.600,-39.000,-24.750,-0.460,7.669,5.445
22.200,-40.050,-23.550,-0.230,7.976,5.061
25.050,-39.300,-23.400,-0.077,7.899,5.215
24.750,-40.950,-21.600,-0.230,8.129,5.522
25.500,-40.200,-20.850,-0.153,7.976,5.445
26.700,-41.400,-20.100,-0.077,7.899,5.368
27.000,-40.950,-19.650,0.077,7.745,5.291
29.100,-43.050,-18.900,0.153,7.976,5.522
28.950,-42.450,-17.700,-0.077,7.976,5.522
30.000,-44.100,-17.100,-0.307,7.822,5.445
31.050,-43.500,-16.500,0.000,7.899,5.522
30.750,-44.400,-15.900,0.153,7.976,5.598
31.350,-44.550,-15.300,0.077,7.899,5.675
31.050,-44.700,-14.250,0.000,7.669,5.445
31.050,-45.000,-14.700,-0.077,7.669,5.445
31.950,-45.900,-14.250,-0.153,8.052,5.445
32.400,-45.450,-13.950,0.000,7.745,5.445
31.500,-45.000,-13.350,0.000,7.899,5.291
31.800,-44.250,-14.550,-0.153,7.899,5.291
31.200,-45.150,-15.600,0.000,7.976,5.598
31.050,-44.250,-15.000,-0.077,7.899,5.368
29.850,-44.100,-15.900,-0.230,7.745,5.675
29.700,-43.500,-17.250,-0.307,7.976,5.445
28.950,-42.900,-19.050,-0.153,7.976,5.291
28.200,-41.700,-19.950,0.077,8.052,5.445
27.000,-40.350,-19.800,0.077,7.899,5.445
25.350,-40.650,-21.300,-0.767,9.893,-0.690
25.500,-40.050,-22.200,-0.153,8.052,6.058
23.700,-40.050,-21.000,0.153,7.899,5.445
23.400,-39.600,-22.350,0.230,7.822,5.368
22.200,-38.550,-22.800,0.077,7.745,5.445
21.600,-39.150,-23.850,-0.077,6.825,3.298
20.850,-38.100,-23.700,-0.077,7.822,5.445
19.650,-38.400,-24.450,-0.153,7.669,5.522
19.500,-37.800,-24.000,-0.230,7.899,5.522
19.050,-38.400,-24.600,-0.153,7.745,5.598
19.050,-37.350,-24.900,-0.307,7.822,5.522
18.750,-38.250,-25.050,-0.230,7.822,5.598
17.550,-38.100,-24.750,-0.307,7.822,5.598
16.950,-37.650,-25.950,-0.230,7.822,5.598
17.400,-37.950,-25.950,-0.230,7.899,5.828
16.800,-37.800,-25.800,-0.153,7.745,5.522
15.300,-37.050,-25.800,-0.230,7.745,5.522
15.450,-36.600,-26.550,-0.307,7.669,5.598
13.800,-35.700,-26.700,-0.383,7.822,5.598
13.800,-36.150,-27.150,-0.460,7.745,5.675
12.300,-36.450,-26.850,-0.690,7.745,5.598
12.300,-36.150,-27.450,-0.537,7.669,5.752
11.250,-37.050,-26.400,-0.230,7.822,5.445
9.150,-36.000,-26.850,-0.307,7.822,5.138
9.000,-37.050,-25.950,-0.383,7.592,5.522
5.850,-36.600,-26.250,-0.307,7.592,5.445
4.050,-37.350,-27.150,0.153,8.206,5.368
3.900,-36.600,-26.400,-0.307,7.515,5.368
2.250,-37.200,-26.100,-0.153,7.822,5.445
1.800,-37.500,-25.650,-0.230,7.976,5.522
0.300,-37.950,-25.350,-0.153,7.515,5.215
-0.750,-37.500,-24.900,-0.230,7.669,5.368
-2.400,-38.100,-24.000,0.153,7.976,5.752
-3.150,-38.250,-23.850,-0.153,7.976,5.598
-3.300,-38.550,-23.550,0.000,7.822,5.445
-5.100,-38.700,-21.900,-0.383,7.899,5.598
-5.550,-39.750,-22.050,-0.307,7.745,5.522
-6.150,-39.000,-20.850,-0.153,7.822,5.445
-7.200,-39.600,-19.800,-0.077,7.745,5.675
-7.650,-40.200,-18.750,-0.383,7.669,5.752
-9.150,-40.500,-18.150,-0.230,7.669,5.522
-9.900,-41.100,-17.550,-0.537,6.825,5.368
-10.950,-42.300,-15.900,0.460,8.666,5.368
-11.100,-41.850,-15.600,-0.077,8.129,6.518
-11.850,-42.450,-13.950,0.307,7.899,5.905
-12.150,-42.900,-12.900,-0.230,7.362,5.445
-12.450,-43.050,-11.850,0.153,7.976,5.598
-11.400,-43.500,-10.500,0.000,7.669,5.675
-14.250,-45.300,-9.300,-0.383,8.052,5.445
-12.450,-45.300,-7.950,-0.614,7.745,5.445
-13.800,-46.350,-6.000,-0.230,8.052,5.522
-12.900,-48.000,-4.950,-0.307,7.976,5.522
-12.300,-47.850,-2.700,-0.460,8.052,5.598
-12.450,-48.150,-1.500,-0.537,7.669,5.138
-11.250,-50.700,0.600,-0.153,7.822,5.368
-10.950,-51.600,2.550,-0.077,7.899,4.908
-10.350,-52.650,5.100,-0.077,7.669,5.675
-8.700,-53.850,7.500,0.000,9.739,5.368
-6.750,-53.250,8.700,-0.307,8.589,5.675
-5.250,-55.650,10.200,0.307,8.129,5.291
-1.350,-56.550,12.000,-0.077,8.359,4.908
-0.150,-55.800,12.300,0.153,7.592,5.138
3.000,-57.000,13.500,0.000,8.512,5.675
4.800,-57.900,14.850,-0.230,7.362,5.675
7.650,-57.750,13.950,-0.767,7.592,4.985
8.550,-57.750,15.150,0.000,8.896,4.831
12.000,-57.750,14.700,0.690,8.436,5.445
15.300,-57.900,13.950,0.690,8.436,4.985
18.150,-57.900,13.500,0.307,9.126,5.598
21.150,-57.900,12.750,0.153,7.669,4.985
24.000,-56.550,10.950,0.153,8.512,5.061
25.650,-55.500,9.600,-0.307,7.899,5.445
27.450,-54.600,6.600,0.153,8.206,5.445
29.850,-55.050,5.250,0.230,7.669,4.985
30.150,-53.850,2.550,0.690,8.666,5.368
32.850,-52.950,0.300,0.383,8.359,5.291
34.050,-51.600,-1.350,0.153,7.362,5.061
33.450,-51.000,-3.750,0.153,8.742,5.291
35.100,-48.750,-5.700,0.230,7.592,5.215
34.950,-46.950,-9.000,0.153,8.206,5.291
35.550,-45.600,-10.350,-0.230,7.822,5.291
34.200,-43.800,-12.450,-0.997,8.129,5.675
32.250,-44.100,-14.850,-0.230,7.669,5.138
31.350,-42.000,-16.800,-0.307,7.745,5.215
28.350,-42.000,-19.200,0.307,8.896,5.061
27.300,-40.500,-20.550,-0.614,8.129,5.752
26.100,-39.900,-21.450,0.230,8.512,5.905
23.850,-40.050,-22.050,-0.077,7.822,5.291
21.900,-39.300,-24.000,-0.460,8.282,5.445
19.950,-37.800,-24.300,-0.153,8.282,5.445
18.750,-37.800,-24.600,-0.230,7.976,5.138
16.200,-36.150,-25.350,-0.153,7.899,5.061
14.700,-37.050,-26.700,-0.230,8.282,5.368
12.000,-36.300,-27.150,-0.383,7.822,5.368
9.300,-36.450,-26.550,0.153,7.822,5.982
6.450,-36.150,-26.550,-0.614,8.052,5.368
4.350,-37.050,-25.200,-0.153,7.592,4.908
2.250,-37.800,-25.500,-0.153,9.126,6.058
-0.900,-37.200,-23.850,-0.077,7.592,5.828
-1.800,-37.650,-24.000,-0.383,8.512,5.215
-3.900,-37.650,-23.250,-0.077,7.745,5.061
-5.550,-39.000,-21.150,0.230,8.282,5.522
-6.450,-40.200,-20.550,-0.230,7.822,5.598
-8.400,-40.350,-18.450,-0.230,7.899,5.522
-9.300,-41.100,-17.400,-0.307,7.362,5.368
-11.400,-41.850,-13.800,1.074,9.739,6.672
-12.300,-43.050,-13.050,-0.153,8.282,5.368
-12.750,-44.250,-10.950,0.153,7.515,4.601
-12.300,-45.900,-8.700,0.690,8.896,5.445
-12.750,-45.900,-7.200,0.383,7.285,5.138
-12.150,-46.200,-6.000,0.614,8.359,5.445
-12.450,-47.550,-5.100,0.614,7.209,5.368
-12.600,-48.000,-4.500,0.614,8.129,5.445
-12.450,-46.950,-4.950,0.690,7.592,5.905
-11.700,-47.850,-3.900,0.230,7.899,5.752
-11.400,-48.300,-4.050,-0.153,7.439,5.675
-12.600,-46.950,-4.350,-0.230,7.745,5.675
-12.150,-48.300,-4.200,-0.077,7.515,5.752
-11.850,-47.850,-3.300,-0.230,7.669,5.752
-12.150,-48.300,-3.750,-0.230,7.515,5.828
-12.600,-47.700,-3.900,-0.077,7.822,5.828
-11.550,-47.850,-4.200,-0.077,7.515,5.752
-12.300,-47.100,-4.350,-0.153,7.745,5.598
-12.150,-47.700,-4.500,-0.383,7.592,6.058
-12.450,-48.450,-3.900,-0.077,8.129,5.982
-12.150,-48.300,-4.200,0.077,7.515,5.675
-12.300,-48.750,-4.500,-0.153,7.745,5.828
-11.550,-47.400,-4.950,-0.307,7.822,5.598
-12.600,-48.450,-3.750,-0.077,7.592,5.752
-12.750,-47.550,-4.200,-0.153,7.745,5.905
-12.900,-47.250,-3.300,-0.230,7.822,5.905
-12.450,-48.300,-4.650,-0.153,7.745,5.905
-12.000,-47.850,-4.500,-0.153,7.745,5.982
-12.300,-47.250,-4.950,-0.077,7.745,5.675
-12.450,-47.400,-4.350,-0.537,7.669,5.752
-12.000,-48.000,-4.200,-0.077,7.132,5.982
-12.600,-49.200,-3.000,0.307,8.512,5.291
-12.000,-49.200,-1.650,-0.153,7.822,4.908
-11.550,-49.500,-0.150,0.077,8.129,4.831
-11.550,-51.300,2.400,-0.077,8.512,4.448
-11.400,-51.750,2.700,-0.614,8.972,4.141
-10.950,-52.200,4.800,0.000,9.203,3.758
-11.700,-53.550,5.850,-0.077,9.126,3.374
-11.400,-54.450,7.800,-0.230,9.126,2.991
-10.950,-54.750,10.200,-0.230,9.509,2.914
-11.100,-54.600,10.800,-0.153,9.586,2.684
-11.100,-54.450,10.950,-0.153,9.816,2.684
-11.250,-55.050,10.650,-0.230,9.356,2.454
-11.700,-54.900,10.350,-0.077,9.356,2.837
-11.400,-55.350,10.650,-0.230,9.433,2.531
-10.800,-54.750,11.550,-0.230,9.279,2.607
-11.400,-54.900,11.250,-0.077,9.356,2.454
-11.250,-55.350,10.800,-0.077,9.433,2.454
-10.950,-55.500,11.250,-0.690,9.279,2.301
-10.800,-54.300,10.800,-0.077,9.433,2.454
-10.800,-55.500,10.500,0.000,9.279,2.684
-10.800,-55.500,10.200,-0.077,9.433,2.377
-11.400,-54.600,10.650,-0.077,9.433,2.454
-10.800,-54.450,9.900,-0.460,9.433,2.607
-11.100,-55.500,10.350,0.000,9.509,2.531
-11.850,-54.900,9.450,0.153,9.356,2.377
-10.650,-54.450,8.550,0.153,9.509,2.531
-11.100,-53.850,8.550,0.230,9.356,2.377
-11.700,-54.600,7.650,0.230,9.509,2.301
-10.950,-53.550,6.300,0.230,9.356,2.454
-10.950,-54.750,5.100,0.077,9.433,1.687
-11.400,-53.700,3.300,0.383,9.509,2.147
-11.700,-54.000,2.400,0.077,9.586,2.147
-10.200,-54.750,0.450,0.077,9.586,2.147
-10.950,-51.900,-1.050,0.000,9.509,2.224
-10.200,-52.500,-3.150,0.153,9.586,2.147
-8.850,-53.700,-4.050,-0.077,9.663,2.224
-7.800,-52.800,-5.700,-0.153,9.509,2.147
-8.100,-52.800,-6.900,-0.153,9.509,2.147
-6.450,-52.650,-7.950,-0.153,9.509,2.454
-4.800,-52.200,-9.000,-0.153,9.509,2.301
-5.250,-51.900,-9.450,0.153,9.433,2.224
-3.750,-52.350,-9.900,0.000,9.816,2.301
-3.150,-52.350,-10.350,-0.153,9.279,2.454
-2.850,-51.900,-10.950,-0.153,9.433,2.224
-1.050,-52.050,-11.550,0.383,9.203,2.301
-0.450,-52.050,-12.150,0.614,9.433,2.301
1.500,-52.200,-12.000,0.690,9.049,1.917
3.300,-52.650,-13.350,-0.077,10.430,2.454
4.500,-52.200,-13.800,0.307,9.356,3.451
5.250,-52.500,-13.350,0.000,10.123,2.531
7.650,-51.600,-13.500,0.230,9.203,1.764
9.450,-52.500,-12.750,0.153,9.586,1.764
11.850,-52.650,-13.800,0.000,9.739,2.607
15.900,-52.650,-14.100,-1.764,10.123,2.147
16.950,-52.650,-12.750,-0.690,9.739,1.764
17.700,-52.650,-11.550,-0.537,9.049,1.150
19.350,-52.500,-11.550,-0.460,9.509,1.687
21.450,-52.650,-10.800,-0.383,9.433,2.147
22.050,-52.650,-9.900,-0.307,9.663,1.994
23.250,-53.400,-9.150,-0.230,9.433,1.841
24.300,-53.550,-8.100,-0.383,9.433,1.841
25.650,-53.850,-6.900,-0.383,9.509,2.301
26.400,-55.200,-6.900,-0.537,9.356,1.841
27.750,-53.850,-4.800,-0.690,9.586,2.147
28.050,-54.150,-4.950,-0.690,9.356,2.224
27.300,-54.450,-4.950,0.307,9.356,1.457
27.450,-54.900,-5.550,1.227,9.126,1.841
27.600,-55.200,-4.800,0.307,9.586,2.301
28.800,-55.050,-3.900,0.153,9.663,2.454
30.000,-56.100,-3.000,0.383,9.663,1.917
30.900,-55.950,-0.900,0.307,9.356,2.224
31.200,-55.500,-0.300,0.307,9.586,2.071
33.000,-55.800,2.250,0.307,9.356,2.071
33.000,-56.550,3.150,0.307,9.586,1.917
33.450,-56.700,6.300,0.077,9.433,1.994
32.550,-57.450,8.700,0.153,9.509,1.994
33.300,-58.650,11.550,-0.077,9.586,1.917
33.150,-58.350,13.200,-0.077,9.586,1.994
33.300,-58.800,15.450,0.000,9.203,1.304
33.300,-57.750,17.700,-0.230,10.430,2.454
32.100,-57.750,19.800,0.000,8.742,1.380
31.650,-58.050,21.000,0.077,9.969,2.301
30.450,-58.200,21.600,-0.077,9.739,2.301
29.550,-57.750,22.950,-0.153,9.433,1.917
28.200,-57.600,23.550,0.153,9.586,2.071
29.100,-58.650,25.500,0.077,9.356,2.071
28.650,-57.600,25.350,-0.307,9.433,2.224
26.550,-58.350,27.000,-0.153,9.739,1.917
25.200,-58.500,28.200,0.077,9.203,1.994
24.300,-57.150,28.650,-0.153,9.663,2.147
22.200,-58.200,30.450,0.000,9.509,2.224
20.700,-57.450,31.050,0.077,9.663,1.917
19.200,-58.500,31.950,0.000,9.356,1.841
17.400,-57.600,31.950,0.000,9.509,1.841
15.300,-57.600,32.250,0.000,9.586,2.071
13.350,-58.050,34.200,-0.077,9.433,2.301
12.750,-57.900,34.350,-0.077,9.586,2.071
10.050,-58.350,33.750,-0.153,9.279,2.224
8.100,-58.950,33.750,-0.153,9.509,1.994
7.200,-57.600,33.750,0.000,9.356,2.454
6.150,-57.300,33.300,-0.077,9.586,2.301
5.850,-57.600,34.200,0.077,9.356,2.301
4.800,-57.000,33.300,0.153,9.433,2.531
4.050,-58.050,31.650,0.383,9.509,2.224
2.850,-58.050,33.600,0.460,9.279,2.684
2.400,-58.050,32.700,0.383,9.433,2.377
1.650,-57.300,33.000,0.307,9.433,2.301
0.450,-56.850,31.050,0.153,9.509,2.531
0.000,-57.150,31.050,0.230,9.586,2.454
0.600,-57.750,31.800,0.153,9.356,2.454
-0.900,-56.550,31.650,0.153,9.509,2.454
-1.800,-56.400,31.350,0.307,9.356,2.377
-2.250,-56.250,29.850,0.307,9.433,2.454
-2.550,-56.100,29.100,0.153,9.433,2.454
-3.900,-57.000,29.400,0.307,9.279,2.607
-4.800,-56.250,29.400,0.230,9.356,2.607
-4.500,-56.250,28.650,0.230,9.586,2.607
-4.650,-56.850,27.450,0.230,9.279,2.301
-6.300,-56.400,27.450,0.000,9.203,2.607
-5.850,-56.100,27.000,0.153,9.433,2.454
-6.900,-55.800,26.550,0.153,9.279,2.301
-6.450,-56.700,26.400,0.153,9.586,2.531
-6.450,-55.950,25.950,0.153,9.433,2.301
-6.600,-55.950,25.350,0.230,9.279,2.147
-6.450,-55.650,24.900,0.153,9.509,2.454
-7.950,-56.700,24.150,0.307,9.509,2.377
-7.500,-55.650,23.400,0.383,9.433,2.377
-9.000,-55.050,21.900,0.153,9.509,2.301
-9.000,-56.100,20.700,0.000,9.433,2.301
-9.750,-55.200,19.650,-0.077,9.509,2.531
-9.450,-55.650,18.750,-0.153,9.509,2.224
-9.900,-55.800,18.900,-0.077,9.356,2.531
-10.050,-56.100,16.650,0.230,9.049,2.531
-10.050,-54.900,15.900,-0.153,9.279,2.301
-9.900,-54.600,15.300,-0.077,9.279,2.531
-10.800,-55.650,13.650,-0.307,9.509,2.607
-11.100,-55.050,13.650,-0.153,9.433,2.607
-10.500,-54.300,12.900,-0.077,9.509,2.454
-10.800,-55.200,11.850,0.000,9.433,2.454
-10.500,-53.700,10.650,-0.077,9.356,2.377
-11.100,-53.550,9.450,-0.153,9.356,2.531
-11.100,-54.450,8.100,-0.077,9.356,2.454
-11.700,-54.300,7.350,-0.077,9.433,2.454
-11.550,-53.850,6.300,-0.077,9.509,2.301
-11.550,-53.700,5.250,-0.077,9.356,2.454
-12.000,-53.100,4.350,-0.230,9.509,2.377
-11.400,-53.250,3.450,-0.153,9.356,2.301
-10.500,-53.700,2.250,0.153,9.586,2.147
-11.100,-53.400,0.000,0.230,9.433,2.377
-10.800,-53.250,-0.450,0.307,9.509,2.301
-10.800,-53.700,-1.200,0.000,9.509,2.454
-9.750,-53.400,-2.700,-0.153,9.356,2.377
-9.600,-52.950,-3.600,-0.077,9.663,2.607
-8.700,-53.250,-5.100,0.000,9.356,2.531
-7.200,-53.400,-5.850,0.000,9.586,2.224
-6.750,-51.750,-7.500,0.077,9.203,2.301
-6.900,-52.050,-7.350,-0.077,9.586,2.454
-5.700,-52.050,-8.250,-0.077,9.203,2.224
-4.800,-52.500,-8.850,0.000,9.279,2.377
-4.200,-52.200,-9.900,0.307,9.433,2.454
-3.450,-51.750,-9.600,0.000,9.509,2.147
-3.600,-51.300,-10.950,0.153,9.433,2.301
-1.800,-51.600,-10.800,-0.077,9.279,2.301
-1.800,-52.200,-10.950,-0.230,9.279,2.377
-0.300,-52.350,-11.850,-0.077,9.279,2.224
0.450,-51.750,-11.550,-0.153,9.509,2.684
1.350,-52.950,-12.750,-0.230,9.356,2.224
1.650,-52.200,-12.000,-0.307,9.126,1.994
1.950,-53.100,-12.450,-0.460,9.356,2.301
3.000,-52.050,-12.300,-0.690,9.586,1.994
1.800,-52.950,-12.150,-0.383,9.126,2.301
2.400,-52.950,-11.550,-0.077,9.586,2.377
2.550,-52.050,-12.300,0.077,9.356,2.454
1.350,-53.100,-12.150,-0.153,9.356,2.301
1.500,-52.500,-12.150,-0.230,9.586,2.377
1.350,-52.500,-11.850,-0.153,9.356,2.301
1.650,-53.100,-12.300,-0.230,9.509,2.301
2.250,-53.550,-11.700,-0.230,9.509,2.377
1.350,-52.800,-12.000,-0.230,9.586,2.607
1.350,-51.450,-10.800,-0.230,9.356,2.224
0.300,-53.100,-10.800,-0.307,9.356,2.301
0.300,-53.100,-11.400,-0.307,9.433,2.301
-1.050,-52.050,-11.100,-0.153,9.356,2.377
-1.650,-52.350,-10.350,-0.307,9.433,1.764
-2.250,-52.950,-10.200,-0.077,9.356,2.301
-2.100,-53.250,-10.050,-0.153,9.509,2.301
-2.850,-52.050,-9.450,-0.230,9.356,2.454
-4.500,-52.950,-8.550,0.000,9.509,2.377
-6.000,-52.650,-8.250,0.000,9.279,2.377
-6.300,-52.650,-7.950,-0.690,10.200,3.604
-7.050,-52.650,-7.650,-0.230,9.126,1.841
-8.100,-52.800,-5.700,-0.077,9.586,2.761
-7.650,-53.250,-5.100,-0.077,9.509,2.761
-8.850,-52.950,-4.050,-0.153,9.433,2.071
-10.050,-53.400,-1.950,-0.077,9.433,1.994
-9.450,-52.800,-1.050,0.000,9.586,2.224
-11.400,-53.100,0.150,0.153,9.586,2.377
-11.250,-53.850,1.350,0.153,9.586,2.301
-10.650,-54.000,3.000,0.000,9.433,2.224
-12.000,-54.450,3.600,-0.077,9.433,2.301
-11.250,-53.250,5.250,-0.153,9.586,2.147
-11.400,-53.700,5.700,-0.077,9.509,2.454
-11.550,-54.000,7.050,0.000,9.433,2.377
-10.800,-54.150,8.550,-0.230,9.433,2.224
-10.950,-55.200,10.350,0.000,9.509,2.301
-11.400,-54.900,10.800,-0.153,9.509,2.301
-11.850,-54.900,12.450,-0.230,9.433,2.454
-11.400,-55.050,13.800,-0.230,9.126,1.994
-10.800,-55.050,14.700,-0.153,9.279,2.224
-10.800,-54.900,16.500,0.000,9.356,2.454
-10.650,-55.500,18.900,0.153,9.433,2.454
-11.100,-54.600,20.550,0.230,9.816,2.071
-9.600,-54.450,22.050,0.000,9.126,2.147
-9.300,-55.500,22.800,-0.153,9.663,2.071
-8.850,-55.800,24.450,-0.077,9.433,1.994
-6.900,-55.500,25.050,-0.077,9.586,1.994
-5.700,-55.800,27.900,0.230,9.586,2.301
-3.600,-56.850,28.200,0.230,9.203,2.147
-2.550,-57.600,28.950,0.077,9.586,2.454
-0.900,-58.200,29.700,0.000,9.663,2.301
0.150,-57.000,31.050,0.000,9.356,2.454
1.200,-57.750,31.650,-0.077,9.433,2.301
1.950,-57.300,31.950,-0.077,9.126,1.994
2.550,-57.300,32.550,-0.844,10.123,2.377
4.950,-57.000,32.700,-0.230,8.436,0.767
6.750,-58.800,34.500,0.153,9.509,1.841
9.300,-57.450,34.950,0.307,9.356,1.841
10.350,-58.200,34.050,0.153,9.509,1.304
12.450,-58.350,32.850,0.000,9.356,1.841
15.450,-57.900,34.350,-0.153,9.739,2.071
17.400,-58.050,32.400,-0.230,9.509,1.994
20.100,-57.900,32.250,0.077,9.663,2.071
21.300,-57.900,31.200,0.307,9.586,1.917
24.000,-58.800,29.850,0.460,9.509,1.917
24.600,-58.200,29.700,0.230,9.509,1.917
25.500,-58.050,28.500,-0.230,9.203,2.377
25.500,-58.350,27.300,-0.077,9.739,1.917
26.100,-59.250,26.400,0.460,9.663,1.917
28.050,-57.600,24.600,0.000,9.663,1.764
29.400,-57.450,23.550,0.077,9.586,1.917
30.150,-57.750,22.500,-0.077,9.356,1.687
30.750,-58.500,21.150,0.000,9.586,1.687
32.550,-58.500,19.350,0.000,9.203,1.764
32.550,-57.450,17.550,-0.077,9.663,1.917
33.600,-57.150,16.050,0.077,9.586,2.071
34.050,-57.000,14.400,-0.077,9.356,1.917
35.550,-56.850,11.700,0.077,9.663,1.841
35.700,-55.950,9.450,0.077,9.509,2.071
35.550,-56.400,8.100,0.000,9.663,1.994
34.500,-56.250,6.450,0.000,9.509,2.224
33.750,-56.250,4.050,-0.153,9.356,2.071
32.850,-55.950,3.150,-0.077,9.049,2.301
31.500,-56.400,1.800,0.077,10.046,2.761
30.450,-55.800,-0.150,-0.077,9.739,2.684
30.300,-54.300,-1.050,-0.077,9.969,2.071
29.700,-54.450,-3.450,0.077,9.049,1.917
27.450,-54.000,-4.950,-0.153,9.739,1.764
27.150,-54.150,-5.100,0.000,9.279,1.994
25.500,-53.250,-6.600,0.307,9.739,2.147
24.300,-53.550,-8.400,-0.077,9.356,1.764
22.950,-52.950,-9.000,0.077,9.509,1.687
21.900,-52.500,-9.150,-0.077,9.586,1.764
20.550,-52.200,-10.050,-0.077,9.433,2.224
20.100,-52.950,-10.950,-0.230,9.509,2.147
19.050,-52.200,-10.500,-0.460,9.433,2.071
18.150,-52.350,-11.550,-0.460,9.509,2.071
16.950,-52.050,-12.600,-0.460,9.509,1.994
15.450,-52.500,-12.750,-0.307,9.279,2.147
12.900,-52.950,-12.600,-0.230,9.433,2.454
12.600,-52.800,-13.800,-0.230,9.433,2.224
10.350,-52.950,-13.800,-0.153,9.433,2.224
9.000,-52.650,-12.750,0.000,9.586,2.071
7.650,-52.200,-12.300,0.000,9.586,1.917
6.300,-52.950,-13.500,0.077,9.433,2.071
4.350,-52.350,-12.150,-0.307,9.509,1.994
3.600,-52.650,-12.600,-0.230,9.509,2.071
1.650,-52.800,-12.000,-0.230,9.586,2.071
1.050,-52.800,-12.150,-0.230,9.586,2.071
-0.600,-53.250,-10.350,-0.077,9.509,2.147
-1.050,-52.800,-10.500,-0.153,9.356,1.917
-2.850,-52.500,-9.450,-0.077,9.663,1.994
-3.450,-52.950,-8.250,0.000,9.509,2.224
-4.350,-52.650,-7.500,-0.153,9.509,2.147
-5.700,-53.400,-7.200,-0.153,9.356,2.377
-6.900,-52.500,-6.150,0.077,9.279,2.377
-8.400,-52.950,-4.200,-1.227,10.660,3.681
-8.550,-53.250,-3.300,-0.614,8.742,1.917
-9.600,-52.650,-2.100,0.000,9.816,2.607
-9.750,-53.400,-0.750,-0.153,9.586,2.377
-9.450,-53.400,1.200,0.000,9.586,1.994
-11.400,-53.700,3.450,-0.077,9.433,2.147
-11.100,-53.250,3.600,0.153,9.509,2.147
-11.400,-54.150,5.850,0.153,9.586,2.301
-11.400,-54.750,7.650,0.230,9.433,2.224
-11.400,-53.700,8.550,0.153,9.433,2.224
-11.700,-55.050,9.000,0.000,9.509,2.531
-11.700,-55.050,10.350,0.077,9.356,2.377
-10.800,-54.600,11.550,0.153,9.356,2.301
-10.800,-55.350,11.550,0.307,9.509,2.454
-10.500,-55.350,11.850,0.230,9.433,2.454
-10.350,-54.450,12.750,-0.077,9.203,2.531
-10.350,-53.700,11.550,-0.230,9.586,2.607
-11.100,-55.500,11.850,-0.307,8.972,2.531
-11.550,-55.050,12.600,-0.153,9.663,2.377
-10.500,-54.300,12.150,-0.230,9.356,2.684
-10.650,-55.050,12.600,0.000,9.663,2.914
-10.500,-54.750,12.300,-0.153,9.356,2.301
-10.950,-54.750,12.150,0.077,9.663,3.374
-10.500,-55.200,11.700,-0.153,9.356,2.454
-10.800,-55.050,12.150,-0.307,9.356,2.761
-11.700,-54.300,12.300,0.000,9.586,2.761
-11.850,-54.450,11.850,0.614,11.120,6.902
-11.100,-55.200,13.200,-0.153,9.356,2.147
-10.200,-55.950,13.800,0.460,9.663,1.380
-10.650,-56.100,15.000,-0.307,9.893,1.764
-10.350,-55.050,14.250,-0.153,9.663,1.764
-10.950,-55.050,13.950,-0.153,9.663,1.841
-11.100,-55.650,12.750,-0.230,9.509,2.224
-11.700,-54.900,11.400,-0.230,9.663,2.607
-10.950,-55.050,10.350,-0.077,9.663,2.684
-11.400,-54.600,9.150,-0.153,9.509,2.991
-12.600,-52.650,6.450,-0.153,9.126,3.221
-11.550,-52.050,4.350,-0.230,8.512,3.604
-11.700,-51.750,4.050,0.000,8.742,4.141
-12.450,-51.900,1.350,-0.230,8.512,4.601
-12.300,-50.400,-0.750,-0.153,8.512,4.831
-12.300,-48.900,-1.500,-0.307,8.129,4.908
-12.000,-48.000,-2.550,-0.230,8.052,5.291
-12.450,-48.000,-3.900,0.000,7.899,5.522
-12.150,-47.850,-4.800,-0.307,7.592,5.598
-12.750,-45.600,-6.150,-0.077,7.592,5.828
-12.000,-45.600,-7.350,-0.077,7.439,6.058
-12.450,-45.150,-7.650,0.077,7.209,6.442
-13.050,-43.350,-8.700,0.000,7.209,6.749
-12.900,-43.050,-9.750,-0.153,6.902,6.749
-12.750,-42.450,-11.250,-0.230,6.365,6.595
-12.750,-40.500,-12.600,-0.153,5.982,7.209
-14.100,-40.050,-13.200,-0.077,5.905,7.362
-14.100,-38.400,-13.950,0.000,5.598,7.669
-14.400,-38.400,-14.700,0.000,5.291,7.669
-12.900,-37.500,-14.550,-0.077,5.138,8.742
-13.200,-35.850,-15.150,-0.077,4.908,8.129
-13.200,-36.900,-15.900,0.000,4.985,8.052
-14.100,-36.750,-15.150,-0.153,5.215,7.976
-13.200,-36.000,-15.600,0.000,5.138,8.129
-13.650,-36.150,-14.850,-0.230,4.985,7.976
-13.650,-36.000,-15.750,0.077,4.985,8.206
-13.800,-35.850,-15.600,0.000,5.061,8.129
-13.800,-36.000,-15.750,-0.077,5.138,7.822
-13.950,-36.150,-15.000,0.077,4.985,8.206
-13.500,-36.000,-15.300,0.000,5.138,8.052
-14.100,-35.550,-15.900,0.000,5.061,7.976
-14.250,-35.250,-15.450,0.153,4.985,8.129
-14.100,-34.350,-16.200,0.077,5.061,7.822
-13.350,-34.800,-17.100,0.230,5.138,8.129
-14.100,-33.900,-16.950,0.230,5.138,8.052
-14.250,-33.900,-17.100,0.000,5.215,7.976
-13.950,-32.250,-17.550,0.077,5.138,8.206
-14.400,-33.750,-17.700,0.230,5.138,8.052
-14.700,-32.250,-18.300,0.153,5.061,7.899
-14.400,-30.750,-20.100,0.153,5.215,8.052
-13.500,-30.750,-20.400,0.077,5.138,8.052
-14.250,-29.850,-20.550,0.077,5.215,7.976
-13.950,-29.400,-21.000,0.000,5.215,7.976
-13.200,-28.800,-21.600,0.000,5.061,7.976
-13.350,-28.050,-21.450,0.153,5.215,8.129
-12.600,-27.450,-22.950,0.153,5.138,8.742
-12.150,-27.450,-23.250,0.153,4.755,7.899
-12.450,-26.850,-23.400,0.077,5.215,8.129
-12.450,-26.100,-23.550,0.153,5.215,7.822
-12.000,-26.850,-24.150,0.230,5.061,7.899
-11.550,-25.950,-23.700,0.690,5.291,8.206
-12.000,-25.800,-24.600,0.460,5.291,8.129
-11.250,-25.950,-24.750,0.383,5.215,7.899
-11.400,-25.050,-24.150,0.614,5.215,7.899
-10.350,-24.750,-24.450,0.537,5.061,8.206
-9.600,-24.900,-25.500,0.383,5.061,7.976
-10.350,-23.700,-25.800,0.460,5.215,8.052
-9.900,-22.950,-26.250,0.537,5.215,8.129
-9.450,-22.950,-26.100,0.460,5.215,8.129
-7.650,-22.500,-26.700,0.383,5.291,7.976
-7.650,-22.800,-27.750,0.383,5.215,8.129
-6.300,-21.600,-28.800,0.537,5.215,7.669
-5.250,-21.150,-29.400,0.537,5.138,8.052
-4.200,-21.300,-28.950,0.307,5.291,8.129
-3.000,-20.700,-29.400,0.383,5.061,7.976
-1.950,-19.800,-30.900,0.614,5.138,7.899
0.000,-19.500,-30.300,0.383,5.445,7.822
1.650,-19.650,-30.300,0.614,5.291,7.822
3.300,-18.600,-31.950,0.920,5.215,7.899
5.400,-18.750,-30.900,1.074,4.985,7.822
8.550,-19.350,-31.500,1.380,5.368,7.055
12.150,-19.650,-31.350,0.997,6.058,6.518
16.350,-19.950,-30.600,-1.534,3.988,6.212
18.600,-22.050,-29.550,-2.377,5.445,6.825
19.650,-23.700,-28.650,-1.380,7.669,7.515
20.400,-23.100,-29.700,0.077,5.905,8.819
21.600,-22.500,-29.400,1.150,3.374,7.515
23.250,-24.000,-29.250,0.537,6.288,8.206
24.600,-25.350,-28.350,0.000,5.675,7.592
25.800,-26.550,-26.850,0.077,6.058,7.976
26.850,-27.900,-26.700,0.000,5.215,7.132
27.450,-29.250,-26.250,-0.307,5.752,7.976
28.050,-29.850,-25.200,0.153,5.445,7.899
29.100,-30.750,-23.850,0.000,5.905,8.052
30.450,-31.050,-23.850,0.230,5.522,7.822
30.450,-32.550,-23.700,0.230,5.828,7.745
30.750,-33.450,-22.200,-0.153,5.445,7.669
30.000,-34.200,-21.900,0.230,5.598,8.512
32.100,-34.650,-22.050,0.230,5.445,7.899
31.800,-35.700,-19.500,0.614,5.368,7.515
31.950,-36.150,-20.850,0.460,5.598,7.822
32.400,-36.900,-19.350,0.153,5.368,7.669
32.550,-38.400,-18.300,0.230,5.522,7.822
31.650,-37.050,-18.300,0.537,5.675,7.899
31.200,-38.400,-18.150,0.920,5.445,7.745
30.450,-38.850,-18.000,0.997,5.445,7.745
32.250,-40.050,-17.100,0.997,5.215,7.822
31.200,-41.850,-15.750,0.920,5.522,7.899
29.850,-41.850,-14.700,0.997,5.215,7.976
30.000,-44.250,-13.500,0.690,5.675,8.206
28.650,-45.600,-12.600,0.690,5.291,7.362
29.250,-46.350,-11.550,0.537,5.291,7.285
28.050,-47.550,-9.300,0.230,5.675,7.669
28.650,-46.800,-7.800,0.230,5.982,7.515
27.750,-47.700,-7.200,-0.230,5.752,7.822
26.850,-48.000,-6.300,-0.307,5.522,8.206
26.850,-49.200,-5.700,-0.614,5.291,8.052
26.100,-49.500,-5.700,-0.077,5.368,7.976
25.350,-49.500,-4.650,0.153,5.291,8.052
24.300,-49.800,-4.950,0.000,5.445,7.822
23.850,-51.000,-4.350,-0.153,5.598,8.282
24.000,-50.400,-4.200,-0.230,5.138,8.282
22.950,-50.850,-3.900,-0.230,5.675,8.206
23.250,-50.700,-4.200,-0.153,5.905,7.976
22.800,-50.100,-4.050,0.000,5.368,7.822
23.100,-51.450,-4.200,0.153,5.291,7.899
23.700,-50.850,-4.200,-0.077,5.368,7.976
23.250,-50.700,-4.050,0.077,5.675,8.052
22.950,-50.550,-4.050,-0.844,5.522,7.515
22.950,-51.300,-3.750,-0.077,5.445,7.976
23.850,-50.700,-3.750,0.000,5.368,7.822
22.800,-51.150,-3.900,-0.077,5.215,7.822
23.850,-51.600,-3.450,0.077,5.752,7.822
22.500,-51.150,-4.350,0.000,5.291,7.976
23.550,-50.850,-3.600,0.153,5.598,7.899
21.600,-50.850,-3.750,0.077,5.291,8.206
22.200,-50.850,-4.050,0.000,5.598,7.822
21.900,-51.000,-3.600,-0.307,5.828,8.206
22.050,-50.100,-3.450,0.000,5.368,7.822
22.950,-50.400,-4.350,0.000,5.291,7.745
22.800,-50.100,-4.650,0.000,5.291,7.976
23.250,-50.400,-4.350,0.153,5.291,7.976
23.850,-50.850,-3.750,0.230,5.291,7.976
21.900,-51.150,-4.350,0.000,5.215,7.822
22.050,-51.300,-4.050,0.000,5.138,8.052
21.750,-50.850,-4.950,0.153,5.368,7.976
22.050,-50.550,-3.750,0.077,5.291,8.129
21.600,-50.400,-3.300,0.153,5.291,7.592
21.150,-51.300,-3.600,-0.077,5.368,7.592
21.450,-51.300,-4.350,0.000,5.368,7.899
21.750,-51.600,-3.600,0.077,5.291,7.976
20.550,-50.700,-3.900,0.230,5.598,7.976
21.150,-51.000,-3.900,0.000,5.291,7.976
22.050,-51.750,-3.300,0.000,5.445,7.976
21.600,-51.450,-3.450,-0.077,5.138,7.899
20.850,-51.450,-3.900,0.000,5.522,7.976
21.750,-51.600,-3.300,0.000,5.368,8.129
21.750,-51.300,-4.050,0.153,5.215,7.976
21.150,-51.300,-3.450,0.153,5.291,7.976
21.300,-51.000,-3.750,0.230,5.445,8.052
21.000,-51.000,-3.600,0.153,5.138,8.052
21.750,-50.400,-3.450,0.000,5.368,7.899
21.300,-50.700,-3.600,0.000,5.445,7.899
21.600,-51.150,-4.050,0.077,5.061,7.899
22.200,-51.000,-3.300,0.077,5.368,7.899
21.750,-52.200,-3.450,0.077,5.291,7.976
21.450,-51.000,-3.450,-0.077,5.445,7.362
21.900,-51.300,-3.000,0.230,5.368,8.052
20.850,-52.350,-3.450,0.230,5.982,7.976
21.600,-52.200,-3.150,0.000,5.445,7.976
20.700,-50.850,-3.600,0.383,5.215,7.899
21.300,-50.400,-3.300,0.230,5.291,7.745
20.700,-50.400,-2.850,0.153,5.061,7.899
20.700,-51.750,-4.050,0.077,5.598,8.129
20.700,-51.750,-3.300,0.000,5.215,7.822
20.250,-51.000,-3.450,0.077,5.215,8.129
19.950,-51.150,-3.150,0.077,5.445,8.436
18.450,-52.050,-3.000,0.307,5.291,8.282
18.900,-52.050,-3.900,0.077,5.215,8.052
18.600,-51.900,-3.000,0.077,5.445,7.822
18.150,-51.600,-2.850,0.077,5.061,7.976
16.800,-52.350,-2.550,0.077,5.445,8.052
16.650,-52.350,-2.250,0.000,5.291,8.206
16.650,-52.500,-2.700,0.077,5.368,7.669
15.750,-52.050,-1.650,0.077,5.368,8.206
16.200,-52.800,-1.800,0.153,5.215,8.052
15.600,-53.100,-2.850,0.230,5.138,7.822
15.900,-52.950,-1.050,0.077,5.368,7.976
15.750,-53.400,-2.250,0.307,5.215,7.976
15.000,-53.100,-1.950,0.153,5.291,7.822
15.150,-52.950,-1.200,0.230,5.368,7.976
15.450,-53.100,-1.650,0.153,5.445,8.052
15.000,-53.550,-2.100,0.230,5.061,7.899
15.300,-53.100,-1.800,0.230,5.291,7.976
15.000,-52.200,-2.100,0.153,5.445,8.052
14.700,-53.700,-1.950,0.307,5.291,7.899
13.200,-52.650,-1.500,0.383,5.291,8.129
14.400,-53.100,-1.950,0.000,5.368,7.976
13.650,-52.350,-2.400,0.000,5.368,7.822
14.100,-53.400,-1.500,0.230,5.138,8.129
13.050,-53.250,-1.950,-0.307,5.368,7.976
13.950,-53.700,-1.650,0.614,5.291,7.592
13.350,-52.950,-1.200,0.000,5.291,7.899
14.250,-53.250,-1.800,0.307,5.752,7.745
13.650,-53.250,-0.900,0.460,5.215,7.669
13.950,-53.250,-0.900,0.230,5.522,7.976
13.950,-53.550,-1.050,0.153,5.368,7.899
14.400,-52.650,-0.900,0.153,5.675,7.976
14.400,-53.100,-0.750,0.153,5.522,7.976
14.400,-53.550,-0.450,0.153,5.215,7.592
14.250,-53.100,-0.600,0.153,5.522,7.822
13.950,-53.550,-1.200,0.153,5.445,7.515
14.550,-52.950,-0.900,0.230,5.138,7.745
13.500,-52.650,-1.350,0.077,5.598,7.745
14.400,-53.850,-0.750,0.230,5.368,7.899
14.550,-54.000,-0.600,0.230,5.675,8.052
13.950,-54.150,-0.750,0.307,5.445,7.669
13.950,-52.950,-0.750,0.383,5.675,7.745
12.900,-52.650,-1.350,0.000,5.522,7.822
14.700,-53.400,-2.400,0.153,5.138,7.745
13.200,-53.400,-1.500,-1.457,5.752,7.362
14.400,-52.650,-1.500,0.230,5.752,8.206
14.100,-52.200,-1.950,0.000,5.138,7.592
14.250,-53.250,-1.650,0.307,5.215,8.052
13.650,-53.400,-1.500,0.690,5.598,7.899
13.650,-53.400,-0.900,0.230,5.368,7.515
14.100,-53.850,-1.500,0.230,5.445,7.592
13.200,-54.000,-1.050,0.077,5.445,7.822
14.850,-53.400,-0.450,0.307,5.522,7.899
14.400,-53.550,-0.450,0.000,5.445,7.745
13.800,-53.100,-1.050,0.153,5.522,8.206
13.800,-52.350,-1.050,0.230,5.522,7.976
15.150,-52.800,-1.050,0.230,5.215,7.899
14.250,-53.250,-1.050,0.230,5.138,7.669
12.900,-52.650,-1.050,0.077,5.905,8.206
14.400,-52.650,-0.450,0.077,5.368,7.899
14.100,-53.250,-1.500,0.153,5.138,7.285
14.550,-53.850,-1.050,0.077,5.445,7.976
13.650,-53.250,-0.600,0.383,5.598,8.206
14.400,-52.950,-1.350,0.230,5.445,7.899
13.050,-52.650,-1.800,0.000,5.445,7.669
14.100,-53.550,-0.900,0.230,5.368,7.592
14.250,-52.650,-1.350,0.383,5.291,8.052
13.950,-52.650,-1.800,0.460,5.215,8.282
13.650,-52.350,-1.200,0.230,5.291,8.129
14.250,-53.400,-2.400,0.230,5.291,7.976
14.100,-52.200,-1.950,0.153,5.215,7.899
14.100,-52.950,-1.500,0.307,5.061,8.052
13.500,-52.650,-1.500,0.077,5.215,8.282
13.650,-53.400,-1.350,0.230,5.215,7.976
14.550,-52.800,-1.950,0.153,5.291,7.899
14.250,-52.200,-1.650,0.230,5.752,8.052
13.950,-53.400,-1.950,0.383,5.061,8.052
13.500,-52.650,-1.950,-0.077,5.061,8.052
13.500,-52.800,-1.650,0.307,5.291,7.899
12.900,-53.400,-1.650,0.077,5.522,7.822
14.250,-54.000,-1.650,0.077,5.752,8.052
13.950,-53.250,-1.350,0.000,5.752,7.745
14.550,-52.800,-0.600,0.077,5.368,7.899
13.800,-53.550,-1.050,0.153,5.522,8.052
14.700,-52.800,-0.600,0.153,5.445,7.899
13.800,-52.350,-1.200,0.077,5.368,8.282
13.950,-53.850,-1.200,-0.230,5.522,7.669
14.100,-53.400,-0.450,0.153,5.368,8.052
13.650,-52.650,-1.050,0.230,5.368,7.822
13.800,-52.350,-1.200,0.153,5.445,7.822
14.700,-53.100,-1.650,0.307,5.675,7.899
13.050,-53.100,-0.450,0.077,5.522,8.206
13.650,-52.800,-1.050,0.153,5.291,7.592
14.100,-52.650,-0.750,0.077,5.445,7.822
13.050,-53.100,-0.450,0.230,5.522,7.899
14.250,-53.100,-0.600,0.307,5.215,7.822
13.950,-53.550,-1.350,-0.077,5.215,7.899
13.950,-52.800,-0.750,0.230,5.675,7.976
13.200,-52.950,-1.200,0.307,5.291,8.436
14.100,-53.400,-1.050,0.077,5.138,7.899
14.550,-52.800,-1.500,0.153,5.368,8.129
13.950,-53.250,-1.200,0.153,5.368,8.052
13.500,-52.950,-1.800,0.000,5.368,8.052
13.650,-53.400,-1.200,0.230,5.368,7.822
13.950,-53.700,-1.500,0.383,5.368,7.669
13.350,-53.700,-0.900,0.230,5.368,7.899
14.250,-53.250,-1.050,0.307,5.522,7.669
13.800,-52.500,-1.500,0.383,5.368,7.669
14.100,-53.400,-1.050,0.230,5.828,8.282
14.400,-52.650,-1.950,0.000,5.291,8.052
13.950,-52.950,-0.750,0.153,5.291,8.282
14.250,-52.950,-1.650,0.230,5.138,8.052
13.950,-52.950,-1.350,0.153,5.752,7.976
14.550,-52.350,-0.750,0.153,5.675,7.899
14.400,-52.950,-1.050,0.383,5.368,7.976
13.650,-52.650,-0.450,0.153,5.598,7.515
13.500,-53.550,-1.500,0.230,5.522,7.976
14.250,-53.400,-1.800,0.153,5.291,8.052
13.500,-52.050,-1.200,0.153,5.215,8.052
14.100,-52.200,-0.750,0.000,5.598,7.362
13.800,-53.250,-0.900,0.307,5.291,7.745
13.500,-52.800,-0.900,0.383,5.138,8.129
14.250,-52.350,-1.200,0.077,5.445,7.822
13.500,-52.350,-1.350,0.230,5.368,8.206
15.150,-52.950,-1.650,0.383,5.138,7.669
14.400,-53.100,-0.900,0.230,5.368,7.745
14.250,-53.100,-1.800,0.077,5.215,7.822
13.200,-52.800,-1.800,0.153,5.215,7.745
13.800,-52.500,-1.200,0.230,5.138,7.745
13.950,-53.700,-1.500,0.153,5.368,7.899
14.400,-53.400,-1.200,0.077,5.522,7.976
14.550,-52.650,-1.200,0.230,5.291,7.899
13.950,-52.650,-0.900,0.307,5.368,7.439
14.100,-52.650,-0.900,0.077,5.828,7.976
14.250,-54.150,-1.350,0.460,5.215,7.899
13.800,-54.000,-0.900,0.230,5.291,7.976
13.800,-53.400,-0.750,0.000,5.598,7.899
13.950,-53.400,-1.350,0.307,5.291,7.439
14.250,-52.950,-0.750,0.153,5.675,7.976
14.100,-53.850,-1.350,0.153,5.368,7.899
15.300,-52.650,-1.200,0.230,5.215,7.899
14.250,-53.550,-0.600,0.077,5.598,8.052
13.500,-53.100,-0.450,0.153,5.291,7.822
13.950,-53.400,-1.200,0.307,5.445,7.976
14.250,-53.400,-0.900,0.153,5.522,8.052
14.550,-53.100,-0.750,0.153,5.445,7.899
13.800,-52.200,-1.050,0.153,5.522,7.745
13.500,-52.500,-1.050,0.230,5.368,7.976
13.650,-52.500,-1.800,0.307,4.985,8.206
13.200,-53.250,-1.800,0.307,5.138,7.976
13.800,-52.050,-1.350,0.000,4.908,7.592
13.650,-54.300,-0.450,0.230,5.675,7.822
13.650,-53.550,-0.600,0.537,6.135,8.359
13.800,-53.550,-1.050,0.077,5.061,7.515
13.500,-52.650,-1.200,0.153,5.215,7.745
13.650,-53.850,-0.750,0.230,5.752,8.129
13.200,-52.500,-1.350,0.077,5.445,7.669
13.650,-53.400,-1.200,0.383,5.445,7.362
14.250,-53.700,-0.600,0.307,5.445,8.206
14.550,-52.800,-1.500,0.000,5.368,7.822
13.500,-53.550,-1.050,-0.153,5.445,7.822
14.100,-53.550,-0.900,0.153,5.445,7.899
14.100,-53.550,-0.600,0.307,5.368,7.822
13.200,-53.100,-1.050,0.230,5.522,7.976
13.050,-53.250,-2.250,0.153,5.522,7.899
13.650,-52.800,-1.350,0.383,5.291,8.129
13.650,-52.800,-0.900,0.153,5.445,8.052
13.650,-53.100,-1.350,0.307,5.522,7.822
13.350,-52.200,-0.900,0.307,5.445,7.899
13.650,-52.950,-1.200,0.537,5.445,8.052
13.350,-52.800,-1.050,0.153,5.445,7.899
13.200,-53.250,-1.950,0.537,5.752,7.899
13.200,-53.400,-1.500,1.074,5.522,7.745
10.800,-52.350,-2.550,0.844,4.755,7.745
9.600,-52.650,-1.500,0.690,5.291,8.052
8.700,-53.100,-1.800,0.383,5.828,8.129
8.100,-53.100,-1.650,0.460,5.215,7.592
6.450,-52.950,-1.200,0.537,5.291,7.822
5.250,-52.500,-1.650,0.537,5.445,7.822
3.750,-52.350,-1.050,0.153,5.522,8.129
1.950,-52.500,-1.200,0.307,5.138,8.206
0.000,-51.300,-0.750,0.383,5.138,7.822
-0.750,-51.000,-1.500,0.537,5.291,7.899
-2.250,-50.850,-2.400,0.383,5.291,7.669
-3.600,-49.350,-2.700,0.844,5.368,8.206
-4.650,-50.550,-3.000,0.537,4.985,7.822
-5.850,-48.750,-3.750,0.690,5.215,7.899
-7.350,-48.000,-3.300,0.460,5.445,8.052
-8.100,-47.400,-4.500,0.460,5.291,7.976
-9.600,-46.650,-4.500,0.614,5.215,8.129
-11.250,-46.050,-6.000,0.690,4.985,7.822
-11.850,-45.150,-5.850,0.767,5.291,7.976
-12.600,-44.250,-6.600,0.844,5.138,7.899
-13.800,-42.450,-7.950,1.150,5.138,7.899
-13.500,-42.000,-8.850,1.150,5.368,7.899
-13.200,-40.950,-10.800,0.460,5.752,7.132
-13.650,-40.800,-12.300,-0.383,6.595,8.972
-13.500,-38.400,-12.600,0.000,5.138,7.515
-14.100,-36.750,-14.250,-0.383,4.985,7.669
-14.400,-36.000,-15.450,-0.077,4.831,7.132
-13.950,-35.400,-16.500,-0.690,5.522,7.745
-14.700,-34.050,-16.350,-0.460,5.828,8.436
-13.650,-33.900,-17.400,-0.383,5.752,7.745
-14.700,-33.450,-17.550,-0.537,4.985,7.362
-13.650,-34.350,-18.300,-0.307,5.138,8.129
-13.950,-33.150,-18.000,-0.230,5.752,8.206
-13.200,-34.200,-18.000,0.000,4.985,7.976
-12.900,-33.900,-18.150,0.153,5.291,7.822
-13.500,-34.050,-18.000,0.153,5.215,8.206
-13.950,-33.450,-17.700,0.077,5.291,7.976
-14.100,-33.600,-18.900,-0.077,5.138,7.822
-13.650,-33.600,-18.600,0.153,5.445,7.899
-14.700,-33.150,-18.750,0.077,5.291,7.899
-13.950,-32.700,-17.550,0.000,5.291,8.129
-14.100,-33.450,-18.300,0.153,5.291,8.052
-13.800,-33.000,-19.050,0.000,5.215,7.976
-13.500,-33.600,-18.600,0.077,5.061,8.282
-14.100,-33.300,-18.300,0.000,5.215,7.822
-13.050,-34.050,-18.150,0.153,5.368,7.976
-13.950,-33.750,-18.450,0.000,5.061,7.822
-14.250,-32.550,-18.450,0.077,5.522,8.129
-14.100,-32.550,-18.750,0.077,5.215,7.899
-13.800,-33.600,-18.600,0.153,5.368,7.976
-15.000,-33.900,-18.450,0.000,5.291,7.745
-13.950,-33.300,-18.600,0.000,5.215,7.899
-13.800,-33.150,-18.450,0.077,5.291,7.592
-13.500,-33.750,-18.750,0.077,5.138,7.899
-14.250,-32.550,-18.450,0.077,5.368,8.052
-13.950,-33.600,-18.900,0.000,5.138,7.822
-13.950,-33.450,-18.750,-0.614,4.985,7.515
-13.350,-33.000,-19.200,0.000,5.598,7.976
-13.950,-33.600,-18.000,0.153,4.985,7.745
-13.950,-32.700,-18.450,0.230,5.138,7.822
-13.950,-33.000,-17.700,-0.077,5.291,8.282
-14.250,-33.000,-17.850,0.000,5.291,8.129
-13.800,-33.150,-19.050,0.153,5.291,7.899
-13.950,-33.150,-18.450,0.077,5.215,7.822
-13.800,-33.600,-18.450,0.153,5.675,8.052
-13.500,-33.750,-18.150,-0.077,5.061,7.822
-13.650,-33.900,-18.150,-0.077,5.368,8.052
-13.800,-34.050,-18.300,0.153,5.368,8.129
-13.200,-34.050,-18.150,0.230,5.291,7.899
-13.500,-33.150,-18.900,0.153,5.368,7.822
-13.500,-33.300,-18.600,0.230,5.445,7.976
-13.950,-33.150,-18.000,-0.230,5.061,7.515
-13.500,-33.450,-18.600,0.153,5.368,8.052
-14.100,-32.700,-18.600,0.000,5.291,7.669
-13.800,-32.700,-19.200,0.230,5.215,7.976
-13.800,-31.800,-19.650,0.230,5.445,8.206
-13.500,-30.900,-20.100,0.077,5.061,8.052
-13.650,-30.750,-19.350,0.000,4.831,8.129
-13.200,-30.150,-20.700,0.383,4.678,8.052
-13.350,-29.850,-19.950,0.230,4.831,7.899
-14.100,-29.250,-21.150,0.153,4.985,8.052
-13.650,-28.650,-20.700,0.153,4.831,8.206
-13.650,-27.750,-22.200,0.230,4.908,8.052
-12.450,-25.950,-22.950,0.077,4.831,8.359
-13.650,-26.700,-23.550,0.307,4.985,8.359
-12.450,-25.950,-22.800,0.153,4.908,8.206
-11.250,-26.400,-23.850,-0.153,4.908,8.206
-11.250,-25.500,-24.000,0.383,4.755,8.052
-11.400,-24.750,-24.750,0.307,4.908,8.282
-11.250,-23.550,-24.900,0.230,4.908,8.282
-10.800,-23.250,-25.200,0.153,4.908,8.129
-9.750,-23.100,-25.800,0.230,4.908,8.129
-9.150,-22.800,-25.950,0.153,4.831,8.206
-8.700,-21.150,-27.150,0.153,4.908,8.436
-8.250,-21.300,-27.150,0.153,4.908,8.436
-6.750,-20.100,-27.450,0.153,4.678,8.742
-7.800,-20.700,-28.650,0.153,4.448,8.436
-7.050,-18.750,-28.050,0.614,4.448,8.512
-6.150,-18.300,-28.800,0.077,4.601,8.589
-5.550,-18.750,-28.350,0.230,4.371,8.589
-4.800,-17.700,-28.950,0.230,4.755,8.512
-3.300,-17.100,-29.400,0.230,4.678,8.359
-3.000,-17.100,-29.850,0.307,4.448,8.282
-1.800,-16.350,-29.250,0.077,4.525,8.129
-1.800,-16.350,-30.300,0.153,4.295,8.206
0.000,-16.500,-30.450,0.077,4.448,8.359
-0.150,-16.950,-30.600,-0.383,4.678,8.589
2.100,-16.500,-30.750,0.077,4.678,8.896
1.050,-16.500,-30.900,0.000,4.601,8.819
1.650,-16.050,-31.650,0.000,4.601,8.129
3.150,-16.050,-30.900,-0.153,4.448,8.359
3.900,-16.500,-31.500,-0.153,4.525,8.742
4.800,-15.300,-31.500,-0.383,4.371,8.742
4.800,-16.200,-31.650,-0.230,4.448,8.512
5.700,-15.450,-31.200,-0.230,4.525,8.436
5.850,-15.900,-31.050,-0.153,4.525,8.436
5.400,-16.650,-31.200,-0.230,4.525,8.282
6.300,-16.200,-30.900,-0.307,4.601,8.359
5.850,-16.650,-31.350,-0.307,4.755,8.512
6.300,-15.150,-31.050,-0.383,4.831,8.666
6.150,-15.900,-30.600,-0.230,3.988,8.282
5.250,-15.450,-31.350,-0.230,4.448,8.589
5.550,-15.300,-30.750,-0.307,4.525,8.666
6.150,-15.000,-31.950,-0.153,4.448,8.666
5.400,-14.700,-31.350,-0.153,4.295,8.666
6.300,-14.250,-30.900,-0.230,4.371,8.436
6.450,-13.500,-30.900,-0.153,4.448,8.742
6.000,-12.750,-30.450,-0.077,4.218,8.666
5.700,-12.750,-30.450,-0.230,3.911,8.742
6.150,-11.700,-31.200,-0.307,3.604,8.896
5.850,-10.050,-30.900,-0.077,3.604,8.436
6.450,-8.550,-30.150,-0.153,3.451,8.819
5.850,-8.550,-29.550,-0.153,2.991,8.972
5.700,-7.200,-30.300,-0.153,2.761,9.049
6.150,-6.450,-29.400,-0.153,2.837,9.126
6.300,-6.600,-30.450,-0.230,2.761,9.203
6.150,-5.850,-29.400,-0.230,2.607,9.433
6.150,-4.950,-29.100,-0.153,2.837,9.279
6.600,-3.750,-28.800,-0.153,2.684,9.433
6.600,-2.250,-27.900,-0.153,1.917,9.356
6.300,-1.200,-27.900,-0.077,1.610,8.972
6.300,1.050,-27.450,-0.077,1.534,9.509
7.050,1.950,-27.000,-0.230,0.920,9.663
8.100,1.800,-26.400,-0.153,0.844,9.586
8.100,2.700,-25.350,0.077,0.844,9.586
8.100,3.450,-24.750,-0.230,0.383,9.356
7.500,3.600,-25.200,0.153,0.383,9.816
8.400,4.800,-25.200,-0.460,0.230,9.279
8.250,4.500,-25.200,-0.230,0.460,9.969
8.100,4.950,-24.600,-0.383,0.307,9.739
7.650,5.400,-23.550,-0.077,-0.077,9.586
7.350,6.750,-22.650,0.153,-0.153,9.663
6.300,7.950,-23.400,0.153,-1.150,9.433
6.900,7.800,-23.400,0.077,0.153,9.663
6.000,7.800,-23.400,0.153,-0.077,9.816
6.600,6.450,-23.700,0.153,-0.230,9.586
6.600,5.400,-24.150,0.000,-0.077,9.433
6.300,5.100,-24.750,0.153,0.077,9.509
6.600,3.000,-25.800,0.077,0.460,9.433
5.700,1.050,-26.400,0.077,0.997,9.509
5.550,-0.900,-27.450,0.153,1.457,9.049
5.550,-2.700,-29.100,-0.077,2.377,9.509
6.450,-5.250,-30.000,0.077,2.837,9.433
5.550,-7.650,-29.550,0.230,3.068,8.896
5.700,-9.750,-29.850,0.000,3.298,8.972
5.700,-12.000,-30.450,0.077,3.911,8.742
4.500,-15.300,-31.050,-0.077,4.218,8.742
5.100,-16.800,-32.550,0.077,4.525,8.206
4.650,-20.400,-31.950,0.077,5.138,8.052
5.400,-21.450,-30.900,0.153,5.752,7.669
5.550,-24.450,-31.650,-0.077,6.058,7.669
4.500,-26.100,-30.900,-0.077,6.212,7.362
5.250,-28.650,-31.200,-0.077,6.365,7.132
4.800,-29.700,-29.550,-0.077,6.518,6.749
4.950,-31.500,-28.950,-0.153,7.055,6.518
4.500,-33.450,-29.250,-0.077,7.515,6.518
4.650,-34.950,-27.450,-0.230,7.439,5.982
4.800,-35.550,-27.750,0.000,7.515,6.058
4.200,-37.650,-26.400,-0.077,7.669,5.445
4.350,-39.900,-26.100,-0.153,8.052,4.831
3.600,-41.850,-23.850,0.000,8.512,5.061
5.100,-43.500,-23.250,-0.077,8.819,4.678
4.350,-44.850,-21.750,-0.153,8.666,4.678
4.200,-45.150,-21.000,-0.077,9.049,3.911
4.200,-47.250,-20.400,-0.077,8.972,3.604
3.600,-48.000,-18.900,0.000,9.203,3.681
4.800,-49.200,-17.850,-0.077,9.433,3.528
3.900,-49.200,-17.400,-0.153,9.203,3.528
4.350,-49.650,-16.950,-0.077,9.203,3.298
3.300,-50.550,-16.200,-0.077,9.126,2.991
4.800,-51.450,-15.900,-0.077,9.126,2.837
3.900,-51.300,-14.400,0.077,9.433,2.607
4.650,-52.800,-13.650,-0.077,9.509,2.607
3.600,-52.650,-12.000,-0.077,9.663,2.301
4.050,-52.800,-12.600,0.000,9.816,2.147
3.750,-53.400,-12.300,0.153,9.433,2.147
3.600,-52.800,-12.300,0.153,9.433,2.224
4.800,-52.950,-12.150,0.153,9.663,2.377
4.800,-52.650,-12.750,-0.153,9.433,2.071
4.500,-51.750,-13.650,-0.077,9.586,2.837
4.800,-50.700,-14.850,-0.077,9.509,2.377
4.950,-50.100,-16.200,-0.077,9.203,2.991
4.350,-50.100,-17.400,-0.153,9.433,3.144
5.100,-46.950,-18.150,-0.383,9.203,3.528
4.950,-46.050,-19.950,0.077,8.436,3.604
4.650,-44.700,-21.750,-0.153,8.666,4.141
4.800,-42.300,-22.650,-0.077,8.436,4.525
5.400,-41.100,-24.150,-0.460,8.282,4.985
5.250,-39.450,-24.900,-0.307,7.976,4.601
5.700,-37.650,-25.350,-0.307,7.822,5.445
5.250,-36.000,-26.850,-0.153,7.285,5.522
4.350,-34.050,-27.600,-0.383,7.362,5.828
4.650,-32.700,-28.500,-0.153,7.132,6.365
4.950,-29.700,-28.650,-0.230,7.055,6.825
5.250,-27.600,-30.600,-0.230,6.442,7.362
4.500,-24.750,-30.600,-0.153,5.905,7.362
4.950,-23.400,-31.050,-0.383,5.368,7.745
4.650,-20.250,-31.950,-0.537,5.061,8.052
5.700,-16.950,-30.300,-0.460,4.755,8.359
5.400,-15.300,-31.200,-0.153,4.295,8.512
5.400,-13.500,-31.800,-0.307,4.064,8.436
4.800,-12.000,-30.600,-0.383,3.834,8.896
3.900,-9.750,-30.600,-0.230,3.451,8.819
3.750,-9.000,-30.000,-0.153,2.991,9.049
3.450,-6.150,-28.950,-0.153,2.761,8.972
2.550,-5.250,-29.400,0.000,2.377,9.203
1.500,-5.400,-28.950,0.000,2.224,9.356
1.800,-3.450,-28.050,-0.153,2.224,9.279
1.050,-2.400,-28.200,-0.077,1.764,9.433
0.000,-1.650,-27.150,-0.077,1.457,9.433
-1.950,-1.050,-26.550,0.000,1.304,9.509
-1.500,-0.900,-26.550,0.077,1.150,9.663
-2.100,-0.450,-25.800,-0.077,0.997,9.586
-4.650,0.000,-25.050,0.153,0.844,9.433
-5.100,0.600,-24.000,0.077,0.307,9.663
-5.250,2.100,-22.950,0.153,-0.077,9.663
-6.300,2.250,-23.100,0.230,-0.844,9.586
-6.900,2.250,-23.250,0.460,-0.997,9.203
-6.900,2.100,-22.800,-0.307,0.383,9.893
-7.350,2.100,-23.250,0.153,0.000,9.969
-8.400,2.400,-22.800,-0.077,-0.920,9.433
-7.500,0.900,-22.650,-0.153,-0.153,9.663
-8.550,1.050,-24.000,0.000,-0.767,9.663
-8.400,-0.600,-23.700,0.077,-0.383,9.433
-8.700,-1.650,-24.750,-0.077,0.000,9.509
-9.000,-5.100,-24.900,0.000,0.230,9.509
-9.900,-6.150,-25.200,2.301,1.380,8.972
-9.600,-10.800,-25.650,0.230,2.147,9.739
-10.200,-13.950,-25.500,0.153,3.144,8.896
-10.500,-17.400,-26.550,0.307,3.911,8.896
-9.600,-19.500,-26.250,0.230,4.295,8.282
-8.700,-23.250,-25.950,0.383,5.061,7.822
-8.550,-26.850,-25.650,0.230,5.291,7.669
-9.000,-28.950,-26.100,0.230,6.058,7.515
-9.600,-30.300,-24.600,-0.077,6.518,7.132
-9.600,-34.500,-22.800,0.230,6.979,7.055
-9.450,-36.300,-20.550,0.153,7.439,6.442
-8.700,-38.850,-20.250,0.153,7.592,5.828
-8.100,-40.800,-19.650,0.000,7.899,5.982
-8.250,-42.300,-18.000,0.000,8.206,5.138
-7.650,-43.800,-17.250,0.000,8.512,5.061
-8.400,-45.000,-14.700,0.153,8.512,4.218
-7.950,-46.650,-13.950,0.000,8.436,4.141
-8.700,-47.850,-12.750,0.077,8.896,3.834
-9.000,-48.900,-11.400,-0.230,9.049,3.758
-7.800,-49.200,-10.050,0.077,9.203,3.374
-8.250,-51.150,-8.100,-0.153,9.279,3.298
-7.650,-51.450,-8.550,0.153,9.279,2.837
-7.800,-51.900,-6.750,-0.230,9.816,2.991
-7.200,-52.500,-6.000,0.153,9.433,2.837
-7.500,-52.500,-6.300,-0.077,9.279,2.454
-7.800,-52.200,-6.450,0.153,9.509,3.068
-6.600,-53.700,-5.250,0.000,9.509,2.684
-7.350,-54.150,-5.100,0.077,10.046,2.454
-7.950,-52.950,-5.700,0.000,9.509,2.377
-7.050,-53.100,-5.850,0.000,9.586,2.377
-7.650,-52.500,-6.150,0.000,9.663,2.761
-7.800,-51.600,-7.500,-0.153,9.433,2.761
-7.350,-50.850,-8.850,0.000,9.126,3.068
-7.500,-50.250,-10.200,0.153,9.356,3.604
-7.950,-48.750,-11.100,0.230,9.049,3.911
-8.700,-48.000,-13.050,0.000,8.972,3.528
-7.800,-46.950,-13.500,-0.153,8.436,4.218
-7.950,-46.500,-14.250,-0.077,8.512,4.371
-8.850,-45.300,-14.700,0.077,8.589,4.678
-7.800,-44.400,-16.350,0.000,8.666,4.831
-9.300,-43.350,-16.950,-0.077,8.359,5.061
-9.000,-41.400,-17.850,0.000,8.052,5.445
-8.850,-40.500,-19.650,0.000,7.669,5.675
-9.150,-39.300,-20.100,0.000,7.745,5.828
-9.150,-36.900,-21.000,0.077,7.209,6.365
-9.000,-35.250,-22.800,0.077,6.825,6.442
-8.700,-33.900,-23.100,0.000,6.902,6.825
-9.450,-32.100,-23.100,0.153,6.595,7.209
-9.150,-28.650,-24.450,0.000,6.135,7.209
-8.550,-27.450,-25.050,0.153,5.291,7.285
-9.150,-24.600,-25.950,0.077,4.985,7.822
-10.500,-23.250,-26.250,0.153,4.678,8.129
-9.900,-21.300,-25.950,0.153,4.448,8.436
-9.600,-19.800,-25.800,0.153,4.141,8.819
-9.750,-17.700,-26.550,0.153,3.604,8.819
-9.450,-16.050,-27.000,0.153,3.374,9.049
-9.300,-14.100,-25.650,0.230,3.068,9.049
-9.900,-12.900,-26.550,0.230,2.454,9.203
-9.600,-10.350,-25.500,0.460,2.301,9.356
-9.000,-7.800,-26.250,0.077,1.841,9.509
-9.450,-7.800,-24.900,0.307,1.304,9.356
-10.350,-5.400,-24.750,0.153,0.767,9.509
-9.450,-4.950,-24.900,0.000,0.614,9.279
-10.050,-3.900,-24.600,0.077,0.230,9.356
-10.200,-3.750,-24.450,0.000,0.000,9.433
-10.050,-3.150,-23.700,-0.153,0.000,9.586
-10.200,-3.600,-24.300,-0.153,0.307,9.663
-11.250,-4.500,-23.700,0.077,0.383,9.433
-12.750,-5.700,-22.800,-0.153,0.537,9.893
-12.450,-6.450,-23.400,0.077,0.383,9.586
-13.500,-7.800,-23.100,0.077,0.690,9.663
-14.100,-8.850,-23.100,0.307,0.537,9.969
-13.800,-8.850,-22.950,0.230,0.614,9.816
-14.250,-10.350,-22.500,0.460,0.077,9.663
-14.550,-10.800,-22.350,0.383,0.000,9.586
-14.550,-11.400,-22.350,0.230,-0.230,9.509
-14.700,-12.000,-22.200,0.460,-0.383,9.663
-13.650,-11.700,-21.900,0.230,-0.077,9.663
-15.300,-12.900,-22.500,0.077,-0.460,9.433
-14.400,-13.650,-21.450,0.000,-0.460,9.509
-14.400,-13.650,-21.750,0.000,-0.230,9.663
-14.250,-14.850,-22.200,-0.077,-0.460,9.663
-14.400,-16.200,-22.050,0.153,-0.230,9.586
-13.950,-16.500,-22.650,0.153,-0.230,9.739
-14.550,-16.950,-22.350,0.153,-0.383,9.739
-13.650,-16.650,-22.650,0.153,-0.383,9.663
-14.850,-16.650,-22.200,0.000,-0.383,9.663
-15.000,-17.250,-22.200,0.000,-0.614,9.433
-14.100,-19.050,-22.350,0.077,-0.230,9.356
-14.100,-20.400,-22.200,0.077,-0.153,9.279
-14.700,-22.500,-21.750,0.000,0.230,9.433
-13.350,-24.300,-21.300,0.307,0.767,9.126
-13.650,-26.550,-21.600,0.230,1.457,9.279
-13.800,-29.550,-19.500,-0.153,2.071,9.126
-13.050,-31.350,-19.050,0.077,2.914,9.049
-13.950,-32.850,-17.850,0.077,3.374,8.896
-13.200,-35.100,-15.900,-0.077,3.681,8.742
-13.200,-35.850,-15.450,0.230,4.141,8.359
-12.600,-37.800,-14.100,0.077,4.908,8.282
-12.900,-39.750,-12.750,-0.077,4.985,8.282
-12.000,-39.900,-11.400,-0.077,4.985,7.592
-12.450,-43.950,-10.800,0.000,5.598,7.132
-12.150,-45.450,-7.050,-0.153,6.442,6.902
-11.700,-47.100,-4.350,-0.153,6.902,6.595
-11.100,-47.400,-2.700,0.077,7.745,6.365
-12.150,-50.100,-0.150,-0.077,8.052,5.368
-10.800,-51.000,1.950,-0.153,8.052,5.061
-11.700,-52.050,3.000,-0.153,8.359,4.985
-10.650,-53.700,5.700,0.000,8.436,4.064
-10.500,-53.850,8.100,0.000,8.972,3.758
-10.350,-53.850,9.900,-0.153,8.896,3.221
-9.900,-54.450,13.050,-0.230,9.433,2.991
-9.900,-55.650,14.400,-0.077,9.433,2.224
-10.050,-54.750,17.400,-0.077,9.739,1.841
-9.150,-56.400,20.100,-0.153,9.739,1.380
-9.000,-55.800,22.350,-0.230,9.893,1.150
-8.850,-56.250,22.950,-0.153,9.739,1.227
-8.550,-57.150,24.750,-0.153,9.969,0.614
-9.600,-56.550,25.650,-0.153,9.969,0.153
-9.600,-57.150,26.400,-0.383,9.893,-0.460
-10.050,-57.150,25.650,-0.307,9.279,0.000
-9.300,-57.750,26.550,0.077,10.123,-0.153
-9.150,-56.550,26.250,-0.230,9.663,0.000
-9.900,-55.950,25.950,-0.307,10.046,0.307
-9.000,-55.950,26.100,-0.307,10.046,0.614
-9.300,-55.500,24.000,-0.077,9.893,0.460
-9.300,-56.850,22.800,-0.460,9.893,0.690
-10.050,-57.000,19.950,-0.230,9.969,1.304
-9.900,-56.400,19.050,-0.230,9.816,1.534
-10.200,-56.250,16.350,-0.383,9.356,1.994
-10.950,-54.900,14.700,0.000,9.509,3.068
-11.250,-54.600,12.000,-0.077,9.509,3.144
-10.500,-54.000,9.000,-0.230,8.972,3.068
-11.100,-52.950,7.800,-0.230,8.819,3.451
-10.500,-52.200,4.050,-0.307,8.742,4.371
-10.800,-51.000,1.500,-0.153,7.976,5.291
-11.550,-49.050,-0.300,-0.153,7.976,5.522
-12.150,-48.150,-3.150,0.000,7.439,5.675
-12.300,-47.250,-5.400,-0.230,7.132,6.442
-12.150,-44.250,-8.250,-0.153,6.518,6.672
-12.150,-42.900,-9.900,-0.230,6.058,7.285
-12.750,-40.950,-10.650,0.077,5.138,7.745
-12.450,-39.150,-13.800,-0.153,4.908,8.052
-12.750,-37.200,-14.850,-0.077,4.448,8.282
-12.900,-35.550,-15.750,0.000,3.911,8.359
-12.750,-34.050,-17.400,-0.077,3.604,8.512
-12.900,-32.250,-18.150,-0.077,3.221,9.203
-13.350,-30.300,-19.200,0.000,2.531,8.896
-13.800,-27.300,-19.950,0.230,1.764,9.203
-13.350,-26.550,-20.700,0.000,1.150,9.356
-13.500,-23.850,-21.150,0.077,1.074,9.433
-13.050,-22.800,-21.150,0.000,0.614,9.663
-14.250,-20.250,-22.050,-0.153,0.153,9.509
-13.650,-19.200,-21.450,0.383,-0.153,10.353
-13.950,-18.300,-22.200,0.383,-3.374,9.049
-13.350,-19.500,-22.200,-0.997,0.307,9.893
-14.100,-18.300,-21.150,-0.230,0.153,9.739
-13.650,-18.450,-22.350,0.077,-0.997,9.279
-13.650,-18.750,-22.200,0.000,-0.767,9.509
-13.950,-19.050,-22.050,0.383,0.000,9.816
-15.450,-20.250,-22.200,-0.230,-0.153,9.893
-13.950,-20.400,-21.750,-0.077,-0.614,9.433
-13.050,-21.300,-21.150,0.153,-0.307,9.663
-12.450,-22.200,-22.050,0.077,-0.307,9.739
-12.000,-22.200,-21.450,0.077,-0.383,9.739
-12.300,-24.150,-21.900,-0.077,-0.307,9.586
-12.000,-23.850,-20.550,0.000,-0.537,9.586
-12.600,-24.750,-21.000,-0.077,-0.460,9.356
-11.550,-25.050,-21.300,0.383,-0.077,9.739
-11.250,-27.300,-21.150,0.537,0.077,9.663
-10.500,-27.900,-21.900,0.230,-0.077,9.663
-9.900,-29.100,-20.850,0.307,-0.230,9.739
-8.850,-29.100,-21.300,0.383,-0.153,9.203
-8.700,-29.700,-21.600,0.000,-0.460,9.816
-7.350,-29.400,-21.150,0.230,-0.307,9.433
-6.450,-30.150,-21.150,0.383,-0.077,9.739
-6.750,-31.050,-21.000,0.307,-0.230,9.663
-6.900,-30.450,-21.450,0.460,-0.307,9.663
-5.100,-31.800,-21.450,0.307,-0.383,9.739
-5.550,-32.100,-20.700,0.383,-0.460,9.356
-4.950,-32.850,-19.650,0.077,0.000,9.586
-4.800,-36.150,-19.050,0.460,0.230,9.203
-6.300,-37.650,-16.500,0.383,1.227,9.203
-4.650,-40.500,-15.150,0.307,2.147,9.049
-5.250,-42.600,-12.600,1.304,2.761,8.359
-5.250,-45.000,-8.850,0.153,4.064,8.512
-4.650,-47.100,-5.250,0.153,4.678,7.592
-4.650,-49.500,-2.400,0.383,5.982,7.669
-4.800,-52.050,-0.150,0.230,6.365,7.209
-5.550,-53.100,2.700,-0.077,6.825,6.825
-5.100,-53.250,6.750,0.000,7.515,6.365
-4.350,-54.900,9.000,-0.077,7.439,6.135
-4.650,-55.350,10.800,0.153,7.745,5.752
-3.900,-55.650,12.300,0.077,8.052,5.138
-4.800,-55.800,14.100,0.077,8.206,5.138
-4.200,-55.500,16.350,0.153,8.436,4.678
-4.200,-56.550,18.300,0.000,8.742,4.295
-4.650,-56.100,21.300,0.000,9.203,4.141
-3.900,-56.700,22.350,0.153,9.203,3.221
-3.450,-57.300,24.450,0.230,9.433,2.914
-4.200,-56.400,25.650,0.000,9.509,2.991
-3.900,-56.850,26.850,-0.153,9.586,2.837
-3.900,-57.450,27.900,-0.077,9.509,2.301
-3.000,-56.400,28.050,0.077,9.663,2.224
-4.050,-56.850,28.800,0.077,9.969,2.377
-3.600,-56.700,29.250,-0.077,9.433,2.224
-3.900,-56.850,28.800,-0.230,9.816,2.147
-4.050,-56.700,26.850,0.077,9.509,2.914
-4.350,-56.850,25.050,0.000,9.433,3.221
-4.050,-55.950,22.050,0.077,9.126,3.681
-4.050,-57.300,20.100,0.077,8.359,3.758
-4.350,-55.950,17.100,-0.153,8.896,4.448
-4.500,-55.500,15.000,0.077,8.436,4.985
-4.650,-54.600,12.750,0.230,8.436,5.368
-5.250,-54.000,9.750,0.153,7.669,5.522
-5.400,-53.850,7.050,0.077,6.979,6.058
-4.800,-52.800,4.500,0.077,6.518,6.672
-5.250,-52.500,2.100,0.077,6.288,7.055
-5.250,-51.750,-0.150,-0.077,5.905,7.515
-4.950,-50.100,-0.450,0.230,5.598,7.745
-4.050,-49.350,-3.450,-0.230,5.138,8.052
-4.350,-48.750,-3.750,-0.153,4.678,8.129
-4.350,-47.700,-6.150,-0.077,4.525,8.052
-3.300,-47.850,-6.300,-0.153,4.601,8.436
-2.850,-47.700,-6.150,-0.230,4.295,8.512
-1.650,-47.850,-7.800,0.000,4.371,8.512
-0.900,-47.100,-6.750,0.000,4.141,8.742
1.200,-47.250,-7.350,0.230,3.988,8.742
2.850,-47.550,-7.950,0.230,3.911,8.666
4.350,-48.450,-9.150,0.230,3.834,8.742
4.800,-47.250,-8.550,0.153,3.681,8.972
6.000,-47.400,-9.150,0.230,3.758,8.819
6.300,-47.400,-10.050,0.000,3.681,8.742
6.000,-46.950,-11.250,-0.153,3.374,9.356
6.300,-46.800,-12.150,0.690,2.147,8.742
8.700,-45.300,-12.300,-0.153,2.377,9.126
8.550,-46.050,-11.700,0.690,2.377,8.589
9.450,-46.650,-11.400,0.383,2.607,8.896
9.600,-47.400,-9.300,0.614,3.144,8.589
9.600,-48.450,-7.050,0.460,3.451,8.436
9.450,-49.950,-4.950,0.383,4.295,8.512
9.300,-51.600,-2.400,0.690,4.448,6.212
9.900,-54.600,0.750,0.077,6.135,7.362
9.900,-54.900,4.200,0.383,6.749,7.362
9.750,-56.700,6.450,0.230,6.902,6.672
9.900,-57.150,9.150,0.307,7.132,6.595
9.750,-57.300,10.350,0.230,7.362,6.365
9.000,-57.900,12.150,0.077,7.439,6.135
10.200,-57.300,13.500,0.153,7.362,5.752
9.600,-57.450,14.550,0.153,7.822,5.675
10.050,-58.050,17.250,0.230,8.129,5.061
9.750,-58.650,18.900,0.153,8.359,4.985
9.450,-57.750,21.300,0.153,8.589,4.755
8.850,-59.100,22.500,0.230,8.589,4.064
9.750,-58.350,24.000,0.230,8.819,3.988
10.050,-58.500,26.250,0.077,9.203,3.988
10.050,-57.900,27.000,0.153,9.356,3.834
9.600,-59.100,28.650,0.230,8.896,3.144
9.300,-57.900,29.700,0.153,8.972,3.068
9.600,-58.950,30.900,0.307,9.509,2.837
10.050,-58.050,31.800,0.153,9.739,2.684
10.500,-58.950,33.150,0.153,9.586,2.147
9.750,-58.350,33.750,0.077,9.739,2.454
9.900,-58.050,33.900,0.153,9.739,2.377
9.750,-58.050,32.850,-0.153,9.663,3.068
9.750,-57.750,32.850,0.230,9.356,2.301
10.350,-58.500,31.800,0.230,9.586,2.991
10.200,-58.350,29.850,0.153,9.586,3.374
10.050,-57.750,27.750,0.153,9.586,3.988
9.600,-58.500,23.550,-0.077,8.206,3.604
10.500,-57.900,21.150,0.230,8.589,4.601
10.200,-58.350,19.800,0.077,8.359,4.831
9.600,-58.650,16.200,0.383,8.282,5.061
9.450,-58.050,15.600,0.230,8.052,5.675
8.700,-56.550,12.750,0.230,7.592,6.212
9.450,-57.300,9.600,0.077,7.745,6.365
9.450,-56.250,7.650,0.230,6.902,6.595
9.900,-55.200,5.250,0.153,6.212,7.439
10.200,-54.600,2.550,0.153,5.752,7.285
9.300,-52.200,0.150,0.077,5.061,7.745
9.750,-52.200,-1.800,0.077,4.908,7.899
10.350,-52.350,-1.800,0.000,4.755,7.976
10.500,-51.450,-2.850,-0.153,4.831,8.359
12.150,-50.700,-4.200,0.153,4.908,8.436
12.300,-49.800,-5.700,0.153,4.831,8.589
13.800,-49.050,-7.050,0.077,4.141,8.666
16.200,-49.200,-8.850,0.153,4.218,8.359
16.950,-47.550,-9.450,0.077,3.834,8.666
17.400,-45.600,-10.950,0.153,3.451,9.049
19.650,-45.000,-12.600,0.537,3.221,8.972
21.450,-43.650,-12.450,-0.077,2.914,9.126
22.650,-42.600,-14.250,0.000,2.454,8.972
22.200,-40.050,-15.750,0.153,2.224,9.126
24.300,-38.700,-16.350,0.153,1.994,9.509
26.100,-37.650,-16.950,0.077,1.764,9.049
25.500,-36.900,-18.450,0.537,1.534,9.203
27.600,-36.000,-17.550,0.307,1.380,9.433
27.750,-36.450,-18.000,0.077,1.227,9.203
28.050,-36.300,-16.500,0.153,1.610,9.049
28.050,-38.700,-15.900,0.307,2.837,9.049
28.500,-41.400,-14.250,0.153,3.528,8.972
28.200,-43.050,-11.700,0.383,4.141,8.359
28.500,-45.000,-9.900,-0.307,4.678,8.742
27.450,-47.550,-7.200,0.460,5.138,8.129
28.950,-48.600,-5.100,-0.153,5.522,7.132
27.300,-49.500,-2.700,-0.230,6.288,6.749
29.100,-52.050,-0.300,-0.383,6.825,7.439
29.400,-52.650,3.300,-0.153,6.979,5.522
27.900,-54.150,4.650,0.000,7.285,6.288
27.750,-54.450,6.450,0.000,7.822,5.215
28.500,-54.900,9.000,-0.307,8.129,4.908
28.500,-56.850,11.700,0.000,8.129,4.908
28.200,-56.700,13.800,0.000,8.512,4.448
28.350,-57.150,15.750,0.077,9.126,4.448
28.350,-57.150,18.600,0.000,9.203,3.681
27.900,-57.300,20.550,0.000,9.356,2.914
28.800,-58.050,23.100,-0.383,9.509,2.991
28.650,-58.050,24.150,-0.230,9.663,2.607
27.600,-57.450,25.050,-0.230,9.969,2.607
28.500,-58.050,25.650,0.000,9.509,2.301
28.350,-55.800,25.350,0.230,9.586,2.531
28.050,-57.300,25.350,-0.460,9.509,2.607
29.100,-58.050,24.450,-0.153,9.663,3.068
27.600,-57.600,23.550,-0.230,9.739,2.914
27.900,-57.450,22.500,0.077,9.203,2.914
27.000,-58.050,20.700,-0.153,9.203,3.374
27.000,-57.450,19.200,-0.077,9.049,3.988
26.850,-57.900,17.550,0.077,8.666,4.218
26.400,-56.100,15.300,-0.153,8.666,4.601
25.050,-57.900,14.400,0.077,8.206,4.678
24.750,-57.450,12.900,0.077,7.899,5.215
23.400,-56.700,12.600,0.383,8.206,5.215
22.800,-56.550,10.950,0.077,8.129,5.522
21.000,-55.950,10.500,0.153,7.745,5.982
20.700,-55.800,8.850,0.153,7.439,6.135
18.150,-55.500,7.050,0.077,7.285,6.442
17.400,-56.100,6.750,0.077,6.825,6.442
15.000,-55.050,4.500,-0.614,6.672,7.515
13.950,-55.650,3.300,-0.077,6.135,7.132
12.000,-54.150,1.800,0.153,5.598,7.439
10.050,-52.500,0.000,0.460,5.291,7.669
9.900,-53.100,-0.750,0.614,5.215,7.592
8.400,-52.650,-1.800,0.690,4.985,7.592
6.300,-52.650,-2.100,0.614,5.215,8.206
4.650,-51.600,-1.350,0.614,5.752,7.976
2.400,-51.000,-0.900,0.460,5.598,7.899
0.300,-51.000,-2.400,0.230,5.291,7.899
-2.700,-49.350,-3.150,0.614,5.061,7.669
-4.500,-48.750,-3.000,1.150,5.061,7.745
-7.650,-48.000,-4.950,-0.614,6.058,8.436
-8.100,-46.500,-6.150,0.767,4.985,8.589
-9.450,-45.000,-7.050,0.920,4.831,8.052
-10.800,-43.350,-8.550,0.767,5.445,7.976
-9.600,-42.750,-10.200,-0.460,5.138,8.666
-10.650,-39.450,-12.600,-2.301,4.218,7.745
-12.750,-38.400,-13.200,0.690,4.141,8.052
-12.900,-36.900,-14.700,-0.153,4.601,8.129
-13.500,-35.700,-15.450,-0.307,4.985,8.742
-13.800,-33.450,-16.950,-0.077,4.678,8.129
-14.700,-32.400,-18.000,0.077,5.368,8.819
-14.700,-29.850,-19.200,0.000,4.985,8.896
-14.400,-28.350,-21.150,-0.307,4.141,8.436
-13.050,-26.700,-21.000,0.230,4.141,8.282
-14.100,-25.050,-22.050,-0.153,4.755,8.666
-13.500,-23.850,-23.250,0.153,3.834,8.512
-13.350,-22.200,-23.850,0.307,4.295,8.512
-11.550,-22.350,-24.000,0.614,4.525,8.436
-10.350,-21.900,-25.800,0.460,4.601,8.512
-8.550,-20.250,-27.000,0.460,4.601,8.129
-8.850,-18.450,-27.750,0.690,4.755,8.282
-6.600,-17.850,-29.100,0.690,4.755,8.436
-3.000,-15.600,-28.950,-0.614,5.905,8.436
-0.750,-13.800,-30.300,0.537,4.064,7.669
2.700,-14.100,-31.350,0.460,4.141,7.822
6.000,-13.500,-30.450,0.000,5.598,8.896
10.200,-13.650,-31.200,-1.074,4.141,7.439
13.350,-12.900,-30.900,-0.230,4.908,8.819
15.600,-13.200,-30.750,-0.537,4.448,8.436
18.450,-12.450,-30.150,-0.537,4.295,8.666
20.250,-13.800,-30.300,-0.383,4.371,8.896
21.900,-13.950,-28.950,-0.153,3.911,8.742
24.300,-14.400,-28.800,-0.230,3.681,8.742
25.800,-14.850,-27.900,0.153,3.604,9.126
27.000,-16.950,-26.550,0.077,3.604,8.896
28.350,-17.250,-26.400,-0.153,3.604,9.126
27.900,-19.350,-26.700,-0.230,3.451,8.972
29.700,-20.550,-26.250,-0.077,3.374,8.896
29.400,-22.200,-24.750,-0.077,3.068,8.819
31.200,-23.550,-25.050,0.000,3.068,8.666
30.450,-26.250,-24.300,0.077,3.911,8.282
32.100,-29.250,-23.850,0.153,4.525,8.052
30.900,-33.600,-21.750,-0.077,5.982,8.436
31.800,-36.450,-19.800,0.307,6.288,7.515
31.500,-38.700,-19.350,0.230,7.132,7.055
30.750,-41.550,-17.250,0.307,7.209,6.442
31.500,-43.500,-14.850,0.153,7.592,5.905
31.800,-45.300,-13.200,0.307,7.822,5.522
32.850,-48.000,-11.400,0.077,8.359,5.445
32.250,-50.400,-9.000,0.230,8.512,5.215
33.000,-50.700,-7.500,0.000,9.356,4.908
32.850,-51.300,-6.300,0.230,9.049,4.525
31.650,-51.300,-6.150,0.230,9.126,4.371
32.250,-51.000,-6.150,-0.153,8.819,4.678
33.000,-49.650,-7.500,0.460,8.972,5.061
31.350,-49.500,-10.200,0.460,8.359,4.985
32.400,-47.550,-11.550,0.460,8.282,5.445
32.100,-45.900,-13.050,0.307,7.439,5.828
32.250,-43.350,-15.300,0.537,7.055,6.672
32.100,-43.350,-16.200,0.307,6.518,6.595
32.400,-40.500,-16.800,0.383,6.135,6.749
33.600,-39.750,-17.250,0.537,5.828,7.209
32.100,-38.400,-17.400,0.690,5.291,7.592
31.200,-37.950,-17.400,0.537,5.291,7.745
31.500,-38.100,-17.400,0.460,4.985,7.976
31.650,-38.400,-17.250,0.537,4.755,7.976
31.650,-38.400,-16.650,0.614,4.831,8.052
29.850,-39.900,-16.800,0.307,4.678,8.359
30.450,-39.600,-16.350,0.460,4.601,8.512
29.850,-40.050,-16.950,0.383,4.525,8.589
29.100,-40.050,-16.350,0.690,4.218,8.436
29.550,-38.850,-16.500,0.383,3.988,8.436
30.000,-38.250,-16.500,-0.230,2.914,7.592
30.150,-37.950,-15.750,0.000,2.684,9.509
28.950,-37.800,-15.900,-0.460,2.684,9.126
29.850,-38.550,-15.150,-0.077,2.991,8.972
29.550,-39.150,-15.150,-0.153,3.068,8.742
30.300,-40.650,-14.400,0.077,3.298,8.436
29.400,-41.850,-12.150,0.153,4.141,8.436
29.250,-44.250,-12.000,0.077,4.525,8.129
28.350,-46.050,-9.000,-0.153,5.675,7.132
29.250,-48.150,-5.850,0.153,5.522,7.285
29.400,-50.550,-4.050,0.153,6.442,7.285
29.400,-51.150,-1.050,0.077,6.902,6.672
28.500,-53.250,1.050,0.000,7.285,6.135
29.100,-53.850,3.750,-0.077,7.592,5.982
28.500,-55.350,6.600,0.077,8.129,5.368
29.400,-55.650,8.700,0.000,8.359,5.061
28.200,-57.000,11.100,0.000,8.666,4.755
28.950,-56.850,13.350,0.153,8.972,4.064
28.500,-58.050,14.700,0.077,9.126,4.064
29.550,-57.900,16.200,0.077,9.356,3.834
28.500,-58.200,17.100,0.153,9.279,3.528
28.500,-57.900,16.500,0.307,9.126,3.681
28.500,-57.900,16.350,0.153,9.203,3.681
28.650,-57.750,15.750,0.153,9.126,3.911
28.800,-58.350,15.150,0.230,8.972,3.988
28.350,-57.000,14.100,0.307,8.896,4.064
28.950,-57.300,12.750,-0.077,8.819,4.371
28.650,-56.550,12.300,0.153,8.666,4.448
29.400,-56.400,10.650,0.153,8.436,4.525
28.800,-55.500,8.850,0.077,8.206,4.908
28.350,-55.350,8.100,0.077,8.052,5.138
29.250,-55.650,5.850,0.000,7.745,5.445
29.400,-54.750,4.950,0.077,7.822,5.598
29.400,-53.850,4.950,0.153,7.669,5.598
29.400,-54.600,2.850,0.230,7.822,6.058
28.500,-53.400,2.250,0.230,7.745,5.905
28.200,-52.950,0.900,0.153,7.515,6.135
29.250,-52.950,0.000,0.000,7.362,6.518
28.800,-51.600,-1.800,0.153,7.055,6.672
29.850,-50.850,-4.050,0.153,6.365,6.902
29.250,-49.950,-4.800,0.153,6.058,6.979
28.050,-48.600,-6.000,0.077,6.212,7.362
28.800,-47.550,-6.600,0.077,5.905,7.592
29.250,-45.900,-8.400,0.230,5.522,7.669
29.550,-45.750,-9.900,-0.077,5.138,7.976
30.150,-45.150,-11.100,0.000,4.755,7.899
29.700,-43.050,-12.450,-0.077,4.755,8.052
30.450,-42.600,-12.600,-0.153,4.831,8.052
31.350,-41.550,-12.750,0.000,4.755,8.129
31.500,-40.650,-13.200,0.230,4.908,8.359
30.750,-40.200,-14.850,0.153,4.678,8.512
32.550,-37.800,-15.750,0.153,4.678,8.206
33.450,-38.250,-16.950,0.000,4.755,8.436
33.300,-36.750,-17.550,0.000,4.678,8.206
32.700,-35.100,-17.550,0.153,4.831,8.436
34.050,-34.200,-18.600,0.000,4.755,8.436
33.300,-32.100,-19.650,-0.077,4.831,8.436
33.450,-31.350,-21.000,0.077,4.678,8.436
33.000,-29.550,-22.500,-0.230,4.755,8.282
32.550,-27.750,-24.000,0.153,4.755,8.359
30.450,-26.100,-25.050,-0.383,4.678,8.206
29.850,-25.500,-25.650,0.614,5.215,8.512
27.750,-24.000,-25.800,-0.383,4.831,8.282
27.300,-22.650,-26.700,0.307,4.755,8.512
25.800,-21.300,-27.750,0.000,4.831,8.282
24.450,-21.000,-28.500,0.000,4.985,8.129
23.250,-20.100,-28.800,0.077,4.985,8.589
21.150,-19.500,-29.550,-0.077,4.908,8.359
19.950,-17.250,-30.000,-0.153,4.678,8.129
18.600,-17.250,-30.300,-0.077,4.755,8.206
16.950,-16.050,-30.300,0.000,4.755,8.282
14.850,-15.600,-30.600,0.077,4.908,8.436
13.350,-15.750,-30.000,0.077,4.831,8.282
12.600,-15.300,-31.200,-0.230,4.525,8.282
10.800,-15.600,-30.600,0.153,4.448,8.282
10.800,-15.450,-31.200,0.000,4.755,8.589
9.000,-14.100,-31.200,-0.153,4.371,8.666
7.350,-14.550,-30.750,-0.307,4.525,8.436
7.050,-15.300,-31.650,-0.153,4.371,8.359
5.100,-14.550,-31.650,0.383,4.295,8.512
4.200,-15.900,-30.300,0.844,4.755,8.436
3.600,-16.350,-30.600,0.460,4.525,8.819
3.450,-16.650,-31.950,-0.077,4.831,8.359
3.000,-17.700,-30.000,0.000,4.755,8.282
3.600,-16.950,-31.350,0.000,4.831,8.129
4.050,-17.850,-31.500,-0.230,4.371,4.755
3.600,-17.700,-30.150,-0.537,4.985,9.969
4.350,-17.400,-31.050,0.077,4.448,8.052
2.850,-17.850,-30.600,-0.077,4.601,8.359
3.600,-18.000,-30.000,0.000,4.371,7.822
3.450,-19.350,-31.950,0.153,4.985,8.129
4.050,-20.400,-31.200,0.230,5.215,7.899
4.050,-22.500,-30.450,-0.230,5.445,7.745
4.500,-22.200,-30.150,0.077,5.445,7.745
4.200,-23.550,-30.450,-0.077,5.982,8.052
4.200,-24.450,-30.000,-0.077,6.135,7.362
4.650,-25.500,-31.050,-0.077,6.595,7.132
5.250,-25.050,-30.300,-0.153,5.982,6.902
4.500,-25.800,-30.450,-0.077,6.135,7.362
5.400,-25.200,-30.300,-0.307,6.212,7.362
5.250,-25.200,-30.750,-0.307,5.982,7.515
6.150,-24.900,-31.050,-0.153,6.058,7.055
4.500,-25.500,-30.000,-0.077,6.135,7.055
4.950,-25.350,-30.750,-0.153,6.365,7.515
4.200,-24.900,-29.850,-0.153,6.135,7.592
5.250,-24.450,-30.600,-0.230,5.828,7.592
4.800,-23.250,-31.050,-0.077,5.675,7.669
3.900,-22.200,-30.450,-0.230,5.598,7.899
5.100,-21.300,-31.200,-0.153,5.445,8.052
4.650,-19.650,-30.900,-0.077,5.061,8.129
4.350,-18.750,-30.750,0.000,5.061,8.972
4.950,-16.350,-30.900,-0.153,4.601,8.282
4.500,-15.150,-30.600,0.000,4.141,8.359
4.350,-13.650,-30.000,0.000,4.448,8.742
5.100,-14.250,-30.450,-0.153,3.988,8.972
4.200,-12.000,-30.750,-0.230,3.834,8.589
4.350,-11.700,-30.750,0.000,3.681,8.742
4.650,-12.000,-30.900,-0.153,3.834,8.896
3.900,-11.250,-31.200,0.000,3.834,8.819
4.650,-11.100,-30.600,-0.230,3.528,8.896
4.950,-12.000,-30.900,-0.230,3.451,8.972
4.950,-11.100,-30.450,-0.077,3.681,8.896
4.650,-10.800,-29.850,-0.153,3.604,8.896
4.500,-10.050,-30.600,0.000,3.528,8.819
4.350,-10.500,-30.600,-0.230,3.681,9.049
4.650,-11.100,-30.150,-0.230,3.528,8.742
5.400,-10.050,-30.600,-0.153,3.528,9.279
5.550,-10.350,-30.600,-0.153,3.374,9.049
5.250,-10.500,-30.300,-0.307,3.604,8.972
