-1.650,-49.950,1.500,-0.383,6.058,7.362
-2.100,-49.350,0.600,-0.307,6.058,7.362
-1.950,-49.950,1.350,-0.230,5.982,7.362
-1.650,-49.650,1.350,-0.307,6.058,7.669
-1.350,-49.650,0.600,-0.307,6.058,7.285
-2.400,-49.200,0.750,-0.230,6.058,7.362
-1.800,-49.050,0.900,-0.230,6.135,7.362
-3.150,-49.200,0.300,-0.230,6.058,7.439
-1.950,-50.400,0.750,-0.230,6.135,7.439
-2.100,-49.950,1.050,-0.307,5.982,7.362
-1.800,-48.900,0.600,-0.307,6.135,7.285
-1.800,-48.750,0.750,-0.153,6.135,7.285
-1.650,-49.800,0.900,-0.307,6.212,7.285
-2.100,-49.800,1.200,-0.307,6.058,7.439
-2.400,-49.050,1.800,-0.230,6.135,7.285
-1.950,-49.650,0.300,-0.230,6.058,7.439
-1.800,-49.200,0.900,-0.307,6.135,7.362
-2.100,-49.500,0.750,-0.230,6.058,7.209
-2.550,-49.500,1.050,-0.307,6.212,7.592
-2.250,-49.050,0.750,-0.230,6.058,7.592
-2.250,-49.050,1.500,-0.230,6.135,7.132
-2.250,-50.100,0.750,-0.230,6.058,7.439
-2.400,-48.600,0.750,-0.230,6.135,7.439
-1.950,-49.800,1.350,-0.230,6.058,7.439
-1.500,-49.800,0.900,-0.383,6.058,7.439
-1.800,-49.350,0.900,-0.307,5.982,7.362
-1.500,-49.650,1.200,-0.307,6.058,7.362
-1.200,-48.900,0.000,-0.307,6.212,7.515
-2.100,-49.500,0.450,-0.230,6.212,7.745
-1.500,-49.350,1.500,-0.307,5.982,7.439
-1.950,-49.200,1.050,-0.307,6.058,7.515
-2.550,-49.950,0.900,-0.383,5.982,6.979
-2.250,-49.200,1.950,-0.383,6.135,7.285
-0.750,-49.650,1.050,-0.230,6.058,7.362
-1.500,-48.150,1.350,-0.230,6.058,7.362
-2.100,-49.200,1.200,-0.230,6.135,7.439
-2.400,-48.450,1.350,-0.307,6.058,7.439
-1.800,-49.200,0.750,-0.383,6.058,7.515
-1.500,-49.050,0.300,-0.230,5.982,7.439
-2.100,-49.950,0.750,-0.230,6.058,7.439
-1.500,-48.750,1.200,-0.230,6.058,7.362
-2.400,-48.900,1.200,-0.230,6.212,7.439
-1.650,-48.600,1.350,-0.307,6.135,7.515
-3.450,-49.350,1.200,-0.077,6.135,7.285
-1.950,-47.550,1.050,-0.230,6.058,7.439
-3.450,-48.000,0.300,-0.077,6.135,7.439
-3.150,-48.900,0.750,-0.153,6.135,7.362
-4.350,-48.000,0.450,-0.153,6.212,7.439
-4.350,-48.000,0.750,-0.230,6.365,7.362
-4.650,-48.000,-0.900,-0.153,6.135,7.285
-5.250,-47.250,-0.600,-0.230,6.135,7.285
-5.550,-47.100,-0.900,-0.307,6.135,7.669
-6.300,-46.800,-1.350,-0.383,6.212,7.439
-6.450,-46.050,-1.350,-0.230,6.135,7.209
-7.200,-45.750,-1.800,-0.460,6.135,7.515
-7.500,-45.600,-1.500,-0.460,6.212,7.362
-8.400,-45.900,-1.950,-0.460,6.058,7.285
-7.350,-45.450,-1.800,-0.307,6.212,7.515
-7.500,-45.900,-1.200,-0.153,6.212,7.439
-6.900,-46.650,-1.350,-0.383,6.212,7.362
-7.950,-46.050,-1.200,0.000,6.058,7.362
-6.750,-46.350,-2.100,-0.077,6.058,7.285
-6.300,-46.800,-1.950,-0.230,6.212,7.362
-7.500,-46.500,-1.800,-0.077,6.135,7.362
-7.350,-45.750,-1.650,-0.077,6.058,7.285
-6.900,-45.600,-1.800,0.077,6.288,7.822
-6.900,-45.300,-1.650,-0.077,6.135,7.285
-6.900,-45.600,-1.800,-0.153,6.212,7.285
-8.100,-45.450,-1.200,-0.077,6.135,7.132
-7.500,-46.350,-1.350,-0.230,6.288,7.362
-7.500,-46.500,-1.500,0.000,6.135,7.209
-6.750,-46.650,-2.700,-0.153,6.135,7.362
-7.050,-46.050,-1.350,-0.230,6.135,7.362
-7.350,-46.050,-2.250,-0.153,6.212,7.362
-7.800,-46.200,-1.500,-0.077,6.058,7.362
-7.350,-46.500,-1.950,-0.077,6.288,7.285
-7.500,-46.800,-1.500,-0.153,6.135,7.285
-7.500,-46.500,-2.100,-0.153,6.212,7.209
-7.050,-45.900,-1.350,-0.077,6.135,7.209
-6.900,-45.750,-1.650,-0.230,6.212,7.285
-6.750,-46.500,-2.700,-0.230,6.212,7.055
-7.350,-46.350,-1.350,-0.153,6.058,7.592
-7.050,-45.600,-1.500,-0.230,6.212,7.362
-8.100,-46.050,-1.950,-0.153,6.212,7.209
-6.150,-46.500,-2.100,-0.077,6.135,7.209
-6.750,-45.150,-1.950,-0.153,6.135,7.132
-7.350,-46.050,-2.550,-0.153,6.212,7.439
-7.500,-45.600,-1.950,-0.153,6.135,7.439
-6.900,-47.100,-1.350,-0.077,6.212,7.209
-7.050,-46.350,-1.350,-0.153,6.288,7.285
-6.900,-46.050,-2.400,-0.153,6.212,7.209
-7.050,-45.900,-1.500,-0.153,6.135,7.285
-7.200,-45.000,-1.050,-0.077,6.135,7.439
-6.600,-46.650,-1.950,-0.153,6.212,7.132
-6.750,-46.050,-1.350,-0.153,6.212,7.209
-7.200,-46.200,-1.050,-0.153,6.135,7.515
-6.150,-45.750,-1.350,-0.153,6.135,7.285
-7.500,-47.100,-0.750,-0.153,6.135,7.362
-7.050,-46.050,-1.200,-0.153,6.135,7.285
-7.050,-46.350,-2.250,-0.077,6.135,7.285
-7.050,-46.950,-1.650,-0.153,6.288,7.285
-6.750,-45.600,-1.350,-0.077,6.212,7.209
-7.350,-46.950,-1.500,-0.153,6.212,7.362
-7.050,-46.050,-1.200,-0.153,6.288,7.285
-6.900,-46.200,-1.800,-0.153,6.288,7.209
-7.650,-45.750,-1.950,-0.153,6.135,7.285
-7.350,-46.200,-1.950,-0.077,6.212,7.362
-6.300,-45.600,-1.800,-0.153,6.288,7.209
-7.650,-46.650,-1.650,-0.153,6.135,7.285
-7.650,-46.500,-1.200,-0.153,6.058,7.285
-7.350,-45.600,-1.350,-0.153,6.212,7.209
-6.750,-46.650,-1.350,-0.153,6.135,7.592
-8.100,-46.050,-1.200,-0.153,6.135,7.669
-7.200,-46.050,-1.350,-0.077,6.212,7.285
-7.650,-46.500,-1.200,-0.153,6.212,7.209
-7.650,-46.200,-2.850,-0.230,6.212,7.439
-7.200,-45.600,-1.800,-0.153,6.135,7.209
-7.200,-46.050,-1.200,-0.153,6.212,7.209
-7.800,-46.350,-1.650,-0.153,6.212,7.209
-7.200,-45.600,-1.350,-0.077,6.135,7.362
-7.350,-46.350,-1.050,-0.077,6.288,7.362
-7.350,-46.050,-1.650,-0.077,6.058,7.209
-8.250,-45.900,-2.100,0.077,6.288,7.362
-8.400,-45.300,-2.250,0.077,6.135,7.285
-7.950,-45.750,-2.550,0.000,6.288,7.055
-8.700,-45.150,-2.550,0.077,6.365,7.209
-9.000,-43.800,-2.700,0.000,6.135,7.132
-9.300,-43.950,-3.300,0.000,6.288,7.362
-9.750,-43.650,-4.050,-0.077,6.212,7.132
-10.200,-43.200,-3.750,-0.077,6.365,7.285
-11.250,-42.600,-4.500,-0.153,6.212,7.285
-11.250,-42.900,-5.100,-0.230,6.288,7.132
-10.950,-42.150,-5.700,-0.383,6.212,7.669
-10.200,-42.300,-6.150,-0.307,6.212,7.285
-10.650,-41.250,-6.450,-0.460,6.212,7.132
-11.250,-41.400,-5.400,0.077,6.365,7.132
-10.800,-42.450,-6.450,0.000,6.365,7.285
-10.500,-42.450,-6.150,0.077,6.212,7.209
-11.550,-41.850,-6.450,0.000,6.288,7.285
-10.500,-42.150,-6.300,0.000,6.288,7.285
-10.950,-42.450,-6.450,0.000,6.212,6.979
-10.800,-41.550,-5.850,0.000,6.212,7.822
-10.500,-42.000,-5.550,0.000,6.288,7.285
-11.100,-42.750,-6.000,0.077,6.288,7.209
-11.850,-41.250,-5.550,0.077,6.288,7.209
-9.900,-41.700,-6.000,0.000,6.212,7.285
-11.250,-42.000,-6.750,0.077,6.135,7.362
-11.100,-42.000,-6.300,0.000,6.135,7.055
-11.400,-42.000,-5.550,0.000,6.288,7.439
-10.950,-40.950,-6.300,0.000,6.212,7.209
-11.850,-42.150,-7.200,0.077,6.212,7.285
-12.000,-41.250,-6.150,0.077,6.288,7.285
-11.100,-42.000,-6.150,0.000,6.288,7.055
-11.400,-42.450,-5.400,0.077,6.212,7.362
-11.100,-42.450,-5.850,0.077,6.288,7.132
-10.500,-41.850,-6.450,0.077,6.212,7.209
-12.300,-40.650,-6.150,-0.077,6.288,7.285
-10.950,-41.700,-6.000,0.000,6.135,7.209
-11.250,-41.700,-6.300,0.000,6.212,7.132
-11.550,-41.700,-6.150,0.077,6.212,7.209
-10.950,-41.850,-6.000,0.000,6.212,7.209
-11.100,-42.300,-6.300,-0.077,6.288,7.209
-11.400,-42.150,-6.300,0.000,6.288,7.209
-11.100,-41.400,-6.600,0.000,6.365,7.055
-10.950,-41.250,-6.450,-0.077,6.135,7.209
-10.800,-42.300,-6.150,0.000,6.288,7.285
-12.450,-41.250,-6.600,0.077,6.212,7.132
-10.650,-41.100,-6.000,0.077,6.288,7.285
-10.950,-41.400,-6.750,0.000,6.212,7.209
-11.250,-41.850,-6.000,0.000,6.365,7.055
-11.700,-41.700,-6.600,0.077,6.288,7.055
-11.100,-41.700,-6.000,0.000,6.288,7.132
-11.850,-41.850,-5.250,-0.077,6.288,7.285
-11.550,-41.250,-6.150,-0.077,6.288,7.209
-12.000,-41.850,-5.850,0.153,6.212,7.285
-10.800,-41.700,-6.000,0.153,6.135,7.285
-10.800,-41.700,-6.000,0.000,6.288,7.209
-11.250,-41.250,-6.450,0.077,6.212,7.285
-11.550,-41.550,-5.700,0.077,6.135,7.209
-11.250,-41.850,-6.300,0.153,6.135,7.209
-11.400,-41.550,-5.850,0.383,6.288,7.209
-11.100,-41.700,-6.600,0.307,6.365,7.055
-11.700,-41.400,-6.600,0.230,6.212,7.055
-11.550,-41.550,-6.600,0.153,6.288,7.209
-11.100,-41.250,-7.050,0.153,6.288,7.285
-10.950,-40.800,-7.350,0.230,6.288,7.209
-11.700,-39.450,-8.100,0.153,6.365,7.285
-12.300,-40.500,-7.950,0.153,6.365,7.209
-11.700,-39.150,-8.700,0.230,6.365,7.209
-13.200,-39.000,-9.150,0.153,6.288,7.132
-12.600,-38.100,-9.900,0.153,6.288,7.285
-13.350,-37.950,-10.050,0.077,6.288,7.132
-12.150,-36.900,-10.650,0.077,6.288,7.209
-12.750,-37.050,-10.800,0.077,6.288,7.285
-13.200,-36.900,-11.550,-0.077,6.135,6.979
-11.700,-36.300,-11.700,-0.230,6.135,7.285
-11.700,-36.450,-12.600,-0.153,6.442,7.515
-11.850,-35.250,-11.850,0.383,6.135,7.285
-12.450,-35.400,-12.450,0.230,6.518,7.515
-13.050,-35.850,-11.700,0.383,6.288,6.902
-11.850,-35.700,-13.200,0.000,6.058,7.132
-12.150,-36.000,-12.150,0.153,6.288,7.439
-12.450,-35.850,-12.450,0.230,6.135,7.362
-12.300,-35.100,-12.750,0.230,6.365,7.362
-12.750,-36.450,-11.850,0.153,6.135,7.132
-11.400,-36.450,-12.750,0.153,6.288,7.209
-11.850,-36.000,-12.150,0.153,6.212,7.285
-12.000,-36.000,-11.700,0.077,6.365,7.285
-12.750,-36.000,-12.900,0.230,6.135,7.209
-13.200,-35.850,-12.450,0.153,6.288,6.902
-12.900,-35.550,-12.300,0.153,6.212,7.899
-11.700,-35.700,-12.000,0.230,6.288,7.209
-12.600,-36.000,-12.000,0.230,6.135,7.362
-12.900,-35.550,-12.450,0.153,6.288,7.285
-12.150,-36.450,-11.850,0.153,6.288,7.209
-12.300,-36.450,-12.300,0.153,6.135,7.209
-13.200,-35.700,-13.050,0.077,6.288,7.285
-12.000,-36.300,-12.600,0.153,6.135,7.209
-12.000,-36.150,-12.150,0.153,6.365,7.362
-10.800,-36.300,-12.600,0.537,6.212,7.132
-12.750,-36.450,-12.300,0.230,6.288,7.285
-11.850,-36.150,-12.150,0.230,6.212,7.285
-11.550,-35.700,-12.000,0.077,6.212,6.979
-12.600,-36.000,-12.300,0.230,6.288,7.285
-12.450,-35.550,-12.300,0.077,6.288,7.055
-12.300,-36.300,-12.450,0.230,6.288,7.362
-12.600,-35.850,-11.700,0.153,6.212,7.209
-12.300,-35.400,-12.150,0.230,6.212,7.285
-11.700,-36.150,-12.000,0.230,6.135,7.209
-12.300,-35.400,-12.600,0.153,6.288,7.209
-12.600,-35.700,-12.000,0.153,6.135,7.285
-12.600,-36.150,-12.900,0.153,6.365,7.132
-11.700,-34.650,-13.050,0.230,6.212,7.285
-12.300,-35.850,-12.450,0.153,6.288,7.362
-11.700,-35.700,-11.850,0.230,6.212,7.285
-12.300,-35.700,-13.350,0.307,6.365,7.209
-12.600,-36.300,-12.150,0.153,6.212,7.285
-12.600,-36.300,-11.550,0.153,6.212,7.209
-11.850,-36.300,-12.900,0.077,6.212,7.285
-11.550,-35.700,-12.750,0.230,6.288,7.285
-13.050,-36.600,-12.450,0.230,6.135,7.055
-12.300,-36.150,-11.700,0.307,6.212,7.209
-11.850,-36.450,-12.300,0.153,6.212,7.285
-12.750,-36.300,-12.000,0.153,6.288,7.285
-12.000,-36.600,-11.700,0.230,6.212,7.209
-11.850,-35.850,-12.150,0.077,6.135,7.132
-13.050,-35.700,-12.000,0.153,6.212,7.285
-12.000,-36.300,-11.850,0.077,6.288,7.285
-12.150,-36.000,-12.450,0.307,6.365,7.055
-12.750,-36.450,-12.600,0.153,6.212,7.362
-11.550,-35.700,-12.750,0.153,6.365,7.209
-12.750,-36.900,-13.500,0.230,6.135,7.132
-11.700,-35.700,-11.550,0.230,6.288,7.285
-12.750,-36.750,-12.300,0.153,6.212,7.209
-12.000,-35.700,-12.450,0.230,6.212,7.285
-12.600,-35.550,-12.450,0.153,6.135,7.285
-11.550,-36.300,-13.350,0.230,6.288,7.285
-11.850,-36.150,-12.000,0.153,6.288,7.285
-12.450,-35.850,-13.350,0.537,6.288,7.439
-12.300,-36.600,-13.050,0.307,6.288,7.592
-12.150,-35.850,-12.900,0.230,6.365,7.209
-12.300,-35.550,-12.150,0.460,6.212,7.132
-12.000,-35.400,-13.200,0.537,6.365,7.362
-11.400,-35.550,-13.650,0.537,6.442,7.132
-12.300,-33.450,-13.650,0.460,6.212,7.132
-12.450,-34.350,-14.400,0.307,6.288,7.055
-11.700,-33.300,-15.150,0.230,6.288,7.285
-12.000,-33.300,-15.450,0.383,6.288,7.132
-11.250,-33.150,-16.500,0.153,6.212,7.209
-11.250,-32.400,-16.800,0.000,6.058,7.515
-11.250,-32.700,-17.850,-0.077,6.135,7.285
-11.400,-31.950,-16.800,0.000,6.135,7.285
-10.650,-31.500,-17.400,-0.077,6.058,7.285
-10.800,-32.250,-17.400,0.153,6.135,7.209
-11.250,-31.500,-17.550,0.077,6.058,7.285
-9.600,-33.000,-16.950,0.153,6.288,7.515
-9.750,-33.000,-17.100,-0.153,6.365,7.285
-10.050,-32.550,-16.950,0.153,6.288,7.439
-9.900,-33.450,-16.200,-0.077,6.212,7.669
-9.450,-32.850,-16.800,0.153,6.212,7.362
-9.750,-33.300,-17.400,0.077,6.135,7.592
-10.650,-33.450,-15.900,0.153,6.288,7.055
-10.200,-33.150,-17.250,0.000,6.288,7.209
-8.850,-32.700,-17.250,0.077,6.365,7.285
-8.850,-32.700,-16.800,0.077,6.135,7.285
-9.750,-32.700,-16.500,0.000,6.288,7.209
-9.750,-33.000,-16.650,0.000,6.288,7.285
-9.900,-32.700,-17.100,0.153,6.288,7.132
-9.600,-32.850,-16.650,0.077,6.212,7.362
-10.350,-33.450,-17.100,0.077,6.135,7.209
-9.150,-32.400,-17.100,0.077,6.288,7.209
-9.450,-32.400,-17.550,-0.077,6.288,7.209
-10.050,-32.550,-16.800,0.000,6.365,7.209
-10.200,-32.550,-16.950,0.000,6.135,7.055
-9.900,-32.250,-16.950,0.000,6.288,7.285
-8.700,-33.300,-16.650,0.077,6.212,6.979
-9.900,-32.400,-16.200,0.000,6.288,7.055
-8.700,-33.150,-17.250,0.077,6.288,7.209
-9.750,-33.750,-16.950,0.153,6.288,7.285
-10.050,-33.450,-16.500,-0.077,6.365,7.209
-9.300,-33.300,-17.250,0.077,6.212,7.285
-9.750,-33.450,-16.650,0.077,6.288,7.132
-9.450,-32.700,-16.950,0.077,6.212,7.439
-9.450,-33.150,-16.950,0.077,6.365,7.285
-10.050,-32.850,-16.650,0.153,6.212,7.209
-9.900,-33.000,-16.500,0.000,6.212,7.209
-9.750,-33.750,-17.400,0.153,6.365,7.209
-9.900,-32.400,-17.250,0.000,6.212,7.362
-9.600,-32.700,-17.250,0.077,6.365,7.132
-9.900,-33.000,-16.950,0.077,6.212,7.209
-9.600,-32.700,-16.500,0.077,6.365,7.899
-9.450,-32.850,-17.250,0.077,6.365,7.209
-10.500,-33.450,-17.250,0.077,6.212,7.209
-10.050,-32.850,-17.100,0.077,6.365,7.055
-10.350,-33.750,-16.650,0.000,6.288,7.285
-9.600,-32.550,-16.650,0.153,6.212,7.362
-10.350,-32.400,-16.500,0.077,6.212,7.132
-10.050,-33.000,-17.250,0.077,6.212,7.132
-10.050,-33.150,-17.250,0.077,6.212,7.055
-9.750,-32.100,-16.650,0.153,6.288,7.285
-10.500,-32.850,-16.650,0.000,6.288,7.285
-9.600,-33.150,-16.950,0.077,6.288,7.285
-10.200,-33.450,-16.800,0.077,6.365,7.132
-10.050,-32.700,-16.800,0.077,6.288,7.285
-9.300,-33.450,-16.650,0.000,6.212,7.209
-9.750,-32.700,-17.400,0.077,6.135,7.209
-10.500,-32.700,-16.650,0.000,6.212,7.515
-10.050,-33.000,-16.950,0.000,6.212,7.285
-10.050,-33.000,-17.700,0.000,6.135,7.285
-9.600,-33.600,-16.950,0.000,6.135,7.132
-10.200,-34.050,-16.500,0.000,6.288,7.285
-9.900,-32.400,-17.700,0.000,6.288,7.055
-9.450,-33.000,-16.350,0.077,6.212,7.132
-9.000,-33.900,-17.250,0.077,6.212,7.285
-10.500,-33.600,-16.500,0.077,6.212,7.362
-9.600,-33.300,-16.500,0.000,6.288,7.209
-9.750,-32.400,-16.500,0.153,6.212,7.209
-9.600,-32.700,-16.500,0.000,6.212,7.209
-9.900,-32.850,-17.400,0.153,6.288,7.132
-9.600,-33.750,-17.550,0.077,6.212,7.209
-9.900,-33.150,-17.100,0.153,6.288,7.132
-9.600,-33.300,-16.650,-0.153,6.212,7.209
-9.450,-32.400,-17.250,-0.153,6.288,7.132
-10.950,-33.750,-16.950,0.077,6.212,7.209
-9.450,-32.550,-15.600,0.077,6.288,7.362
-9.750,-32.850,-16.350,0.077,6.135,7.209
-9.150,-33.600,-16.500,0.077,6.365,7.362
-9.900,-32.400,-17.400,0.077,6.058,7.209
-9.150,-32.850,-17.400,0.307,6.212,7.209
-10.350,-32.850,-17.400,0.230,6.135,7.209
-10.200,-32.100,-17.400,0.230,6.365,7.285
-10.500,-32.400,-17.700,0.383,6.135,7.209
-10.050,-33.150,-17.100,0.230,6.365,7.362
-9.150,-32.550,-17.400,0.307,6.288,7.285
-8.550,-31.800,-18.450,0.153,6.288,7.132
-8.850,-31.650,-18.750,0.383,6.365,7.209
-7.950,-31.800,-19.350,0.230,6.518,7.515
-7.050,-31.050,-20.100,0.077,6.442,7.209
-6.600,-30.150,-20.250,-0.307,5.828,7.439
-6.000,-30.600,-21.000,-0.460,5.982,7.132
-5.400,-29.850,-21.600,-0.153,6.288,7.285
-4.800,-29.850,-22.650,-0.307,6.212,7.209
-4.800,-30.000,-21.900,-0.307,6.212,7.209
-4.200,-29.400,-22.500,-0.537,6.212,7.132
-4.800,-29.550,-22.500,-0.307,6.058,7.285
-4.350,-29.400,-21.900,-0.077,6.288,7.209
-4.500,-29.100,-22.500,-0.153,6.135,7.209
-4.650,-29.400,-22.350,-0.153,6.212,6.825
-4.050,-28.800,-22.650,0.000,6.135,7.515
-4.050,-29.400,-22.950,-0.077,6.212,7.362
-4.950,-29.100,-22.500,-0.077,6.212,7.362
-4.950,-28.650,-21.900,0.000,6.288,7.285
-3.750,-29.400,-22.350,-0.153,6.135,7.285
-4.200,-29.250,-21.600,0.000,6.288,7.439
-4.650,-30.000,-22.500,-0.153,6.212,7.285
-3.750,-28.950,-22.350,-0.077,6.212,7.285
-4.500,-29.550,-22.950,-0.077,6.212,7.209
-4.200,-29.550,-22.500,-0.230,6.135,7.285
-4.800,-30.000,-21.750,-0.077,6.212,7.209
-4.650,-29.400,-22.950,-0.077,6.135,7.209
-5.400,-28.500,-22.650,0.000,6.288,7.362
-4.500,-29.100,-22.350,-0.077,6.288,7.439
-4.200,-29.550,-22.650,-0.077,6.135,7.362
-4.800,-28.650,-22.950,-0.077,6.212,7.132
-4.350,-28.650,-22.500,-0.153,6.288,7.132
-4.050,-28.650,-22.200,-0.077,6.212,7.285
-4.350,-29.100,-22.200,-0.077,6.212,7.132
-3.900,-28.950,-23.100,-0.153,6.212,7.209
-3.900,-29.400,-22.500,-0.077,6.288,7.439
-4.050,-29.550,-22.950,-0.230,6.212,7.209
-4.950,-29.100,-22.950,-0.077,6.212,7.592
-4.650,-29.100,-22.050,0.000,6.135,7.515
-3.900,-30.000,-22.050,-0.077,6.288,7.285
-4.200,-29.400,-22.500,-0.077,6.058,7.209
-4.500,-29.250,-22.200,-0.077,6.365,7.209
-4.200,-28.500,-22.800,-0.153,6.212,7.439
-4.350,-28.650,-22.650,-0.153,6.212,7.362
-4.800,-29.850,-23.100,-0.077,6.135,7.362
-4.350,-29.250,-22.500,-0.153,6.135,7.285
-4.200,-28.950,-23.100,-0.077,6.212,7.439
-5.250,-28.800,-22.200,-0.077,6.212,7.055
-4.350,-29.400,-22.050,-0.077,6.288,7.285
-5.250,-28.200,-22.950,-0.077,6.135,7.209
-4.200,-29.250,-22.800,0.000,6.212,7.285
-4.350,-29.550,-22.050,0.000,6.135,7.285
-4.350,-29.250,-22.350,-0.077,6.212,7.285
-4.950,-29.250,-22.500,0.000,6.212,7.362
-4.350,-29.250,-21.900,-0.077,6.212,7.439
-3.750,-29.400,-23.250,-0.153,6.212,7.362
-3.600,-29.400,-22.950,-0.077,6.288,7.362
-5.400,-28.350,-22.350,0.000,6.288,7.285
-4.050,-28.350,-22.200,0.000,6.135,7.132
-5.250,-29.550,-22.050,0.000,5.982,7.285
-4.500,-29.100,-22.500,-0.077,6.058,7.285
-4.350,-30.300,-22.050,-0.077,6.212,7.285
-5.100,-29.250,-22.350,-0.077,6.058,7.822
-4.200,-28.500,-21.600,-0.077,6.135,7.132
-3.450,-29.550,-22.500,-0.077,6.288,7.285
-4.200,-29.250,-22.500,-0.153,6.212,7.439
-4.050,-28.650,-22.200,-0.153,6.212,7.285
-4.650,-28.800,-22.050,-0.153,6.135,7.362
-4.500,-29.250,-22.650,-0.077,6.058,7.209
-4.050,-28.800,-22.800,-0.077,6.135,7.285
-4.500,-28.800,-22.500,0.230,6.135,7.209
-4.950,-29.850,-22.050,-0.307,6.212,7.285
-3.750,-29.250,-22.800,-0.153,6.212,7.285
-5.100,-29.100,-22.500,-0.077,6.212,7.439
-4.500,-28.650,-22.950,-0.077,6.135,7.209
-4.350,-29.100,-23.100,-0.077,6.212,7.132
-5.250,-29.250,-22.800,-0.153,6.212,7.209
-3.750,-29.100,-22.050,0.000,6.212,7.209
-4.200,-29.550,-22.200,-0.077,6.135,7.285
-4.200,-28.950,-22.200,0.000,6.135,7.055
-4.500,-29.550,-22.050,0.000,6.212,7.209
-3.600,-28.500,-22.350,0.000,6.135,7.285
-3.750,-29.700,-22.800,0.077,6.135,7.285
-3.600,-29.550,-22.800,0.307,6.212,7.285
-2.850,-28.050,-23.100,0.307,6.135,7.285
-2.850,-29.100,-22.650,0.000,6.212,7.209
-2.700,-28.500,-24.000,-0.077,6.365,7.209
-1.500,-28.350,-24.150,0.000,6.288,7.209
-0.900,-27.600,-24.000,0.000,6.288,7.209
0.150,-28.200,-25.050,0.000,6.135,7.285
-0.150,-26.700,-24.750,0.077,6.288,7.132
0.150,-27.150,-24.600,-0.153,6.288,7.285
1.050,-27.000,-24.750,-0.153,6.212,7.209
1.350,-26.250,-25.500,-0.077,6.288,7.132
1.200,-26.100,-25.050,-0.077,6.212,7.132
1.950,-26.250,-25.650,-0.077,6.288,7.285
3.000,-26.550,-26.100,-0.230,6.135,7.209
2.700,-26.700,-26.550,-0.077,6.135,7.285
2.250,-26.700,-25.800,-0.230,6.288,7.285
2.400,-26.550,-25.050,0.230,6.212,7.055
2.700,-25.650,-26.400,0.153,6.365,6.749
2.250,-26.550,-25.650,0.230,6.058,7.592
2.250,-27.000,-25.500,0.153,6.288,7.209
2.400,-26.850,-25.200,0.077,6.058,7.132
2.850,-27.150,-26.850,0.077,6.365,7.362
2.700,-25.950,-26.250,0.000,6.058,7.285
1.950,-26.700,-25.800,0.000,6.288,7.209
3.150,-26.850,-26.100,0.230,6.212,6.979
2.700,-26.250,-26.250,0.000,6.288,7.592
2.700,-27.150,-25.050,0.077,6.135,7.285
2.250,-26.550,-25.950,0.077,6.058,7.285
2.700,-27.450,-25.800,0.153,6.288,7.209
2.850,-26.550,-25.800,0.153,6.212,7.132
2.850,-26.700,-25.200,0.077,6.288,7.209
2.550,-27.150,-25.200,0.077,6.288,7.132
3.000,-26.700,-25.500,0.077,6.212,6.979
3.450,-27.450,-25.650,0.153,6.135,6.749
2.700,-26.850,-25.500,0.077,6.212,7.285
2.550,-26.400,-27.000,0.153,6.135,7.132
2.700,-26.400,-25.650,0.000,6.288,7.209
3.000,-26.250,-25.500,0.153,6.288,7.285
3.000,-26.550,-25.800,0.000,6.212,7.285
2.550,-26.850,-25.800,0.153,6.288,7.285
2.550,-27.000,-25.950,0.153,6.212,7.209
2.400,-26.550,-26.400,0.077,6.212,7.209
2.100,-26.400,-25.500,0.077,6.212,7.209
2.250,-26.850,-25.200,0.000,6.135,6.979
3.000,-27.000,-26.100,0.077,6.058,7.285
2.100,-27.150,-25.350,0.077,6.212,7.055
2.100,-26.100,-26.100,0.000,6.288,7.132
2.850,-27.150,-25.500,0.077,6.288,7.439
2.850,-26.400,-25.950,0.077,6.135,7.592
2.550,-27.600,-25.200,0.077,6.212,7.362
2.100,-26.850,-25.200,0.000,6.288,7.285
2.700,-25.950,-25.050,0.077,6.212,7.132
2.700,-27.150,-25.650,0.153,6.135,6.979
2.700,-26.700,-25.350,0.077,6.212,7.209
2.550,-26.850,-25.650,0.077,6.135,7.055
2.850,-27.150,-26.100,0.230,6.365,7.592
1.800,-27.300,-26.700,0.000,6.135,6.979
2.400,-26.550,-25.800,0.077,6.365,7.132
2.850,-26.850,-25.650,0.077,6.365,7.515
2.550,-26.700,-25.950,0.077,6.058,7.285
2.850,-26.850,-25.800,0.230,6.288,7.285
2.100,-26.850,-25.500,0.153,6.288,7.285
2.400,-26.550,-25.200,0.000,6.212,7.209
3.000,-27.150,-25.950,0.077,6.288,7.209
2.250,-27.300,-25.800,0.077,6.135,7.132
2.850,-27.750,-25.650,0.000,6.288,7.669
2.550,-27.450,-26.100,-0.077,6.288,7.285
1.950,-26.850,-25.950,0.077,6.212,7.439
2.400,-27.600,-25.500,0.000,6.288,7.209
3.150,-26.550,-25.650,0.153,6.212,7.515
2.700,-26.850,-25.650,0.230,6.212,7.362
3.300,-26.250,-26.550,-0.077,6.288,7.285
2.850,-26.250,-25.650,0.153,6.288,7.209
3.150,-27.600,-25.800,0.153,6.288,7.132
3.000,-26.850,-25.650,0.153,6.135,7.285
2.550,-27.900,-25.800,0.000,6.365,7.209
2.700,-27.000,-26.100,0.153,6.365,7.285
2.250,-26.700,-25.200,0.153,6.288,7.209
1.800,-26.400,-25.800,0.153,6.135,7.055
2.250,-26.550,-25.500,0.230,6.365,7.209
2.700,-27.150,-26.100,0.153,6.135,7.362
3.150,-27.000,-25.050,0.153,6.365,7.285
2.550,-26.250,-25.350,0.000,6.058,7.055
2.100,-26.550,-25.800,0.077,6.288,7.209
1.950,-26.850,-26.100,0.153,6.288,7.209
2.250,-26.850,-25.950,0.153,6.288,7.285
3.600,-26.550,-25.650,0.077,6.288,7.285
3.000,-26.100,-26.400,0.230,6.288,7.132
4.650,-27.000,-26.100,0.153,6.135,7.362
3.750,-26.700,-26.700,0.153,6.288,7.669
3.450,-26.550,-26.250,0.230,6.288,7.285
4.650,-26.700,-25.950,0.307,6.365,7.209
4.800,-26.400,-26.550,0.230,6.212,7.209
5.550,-26.700,-26.400,0.000,6.288,7.209
6.750,-26.250,-26.700,0.153,6.365,7.132
6.150,-26.700,-25.950,0.153,6.212,7.439
6.150,-26.550,-26.400,0.077,6.365,7.439
6.450,-26.700,-27.000,0.153,6.212,7.209
7.200,-26.250,-27.000,0.153,6.288,7.285
7.650,-26.100,-26.700,0.230,6.212,7.209
8.400,-25.650,-26.850,0.230,6.288,7.285
7.950,-25.950,-26.700,0.230,6.212,7.209
8.850,-26.250,-26.400,0.230,6.212,7.209
9.450,-25.950,-26.250,0.230,6.135,7.285
8.700,-25.800,-26.250,0.383,6.212,7.362
9.600,-26.100,-25.650,0.230,6.212,7.285
9.900,-26.700,-26.850,0.153,6.212,7.285
9.450,-26.400,-26.700,0.000,6.212,7.439
9.750,-25.800,-27.600,0.307,6.288,7.362
9.600,-25.800,-25.650,0.307,6.135,7.209
9.750,-25.800,-26.400,0.383,6.288,7.439
9.150,-26.100,-26.700,0.307,6.212,7.285
9.450,-26.850,-26.550,0.230,6.135,7.209
8.700,-26.550,-25.050,0.307,6.212,7.209
9.750,-26.250,-25.650,0.230,6.212,7.209
8.400,-27.150,-27.150,0.230,6.288,7.209
9.600,-26.850,-26.850,0.153,6.212,7.132
9.750,-25.950,-26.700,0.307,6.288,7.362
9.300,-25.950,-26.550,0.307,6.135,7.209
9.750,-25.950,-26.550,0.307,6.288,7.285
10.050,-27.150,-27.150,0.153,6.135,7.285
9.300,-25.800,-25.800,0.230,6.212,7.285
9.600,-25.800,-26.400,0.307,6.288,7.362
9.150,-25.950,-27.150,0.383,6.288,7.285
9.600,-26.250,-26.700,0.230,6.288,7.209
10.200,-26.700,-25.950,0.383,6.212,7.132
9.150,-26.250,-26.400,0.230,6.135,7.439
8.550,-27.300,-26.400,0.307,6.058,7.209
9.150,-26.100,-26.100,0.307,6.212,7.285
9.600,-25.500,-27.150,0.307,6.135,7.209
10.350,-27.000,-26.850,0.230,6.288,7.285
10.200,-26.100,-26.100,0.230,6.135,7.209
9.000,-27.300,-26.700,0.230,6.135,7.132
9.300,-26.250,-27.150,0.230,6.135,7.209
9.150,-25.650,-26.550,0.230,6.135,7.055
8.850,-26.100,-26.700,0.307,6.212,7.285
9.900,-25.800,-26.550,0.307,6.288,7.209
9.600,-27.000,-26.400,0.383,6.212,7.209
9.900,-26.550,-26.100,0.230,6.212,7.209
9.150,-26.250,-27.150,0.230,6.212,7.209
9.300,-26.550,-26.250,0.230,6.212,7.285
9.300,-25.800,-26.400,0.307,6.135,7.209
9.300,-25.800,-25.950,0.230,6.288,7.362
9.900,-27.450,-26.700,0.307,6.212,7.285
9.600,-25.950,-26.550,0.153,6.288,7.209
9.750,-26.100,-26.550,0.383,6.212,7.132
9.150,-25.950,-25.950,0.307,6.288,7.592
9.150,-26.550,-26.550,0.153,6.058,7.362
9.750,-26.400,-26.550,0.307,6.288,7.515
9.150,-25.800,-26.400,0.307,6.135,7.285
9.150,-26.550,-26.400,0.230,6.288,6.979
9.750,-25.800,-27.000,0.230,6.288,7.209
9.900,-25.950,-27.000,0.230,6.135,7.285
9.000,-26.100,-26.700,0.230,6.212,7.285
8.850,-26.550,-27.300,0.230,6.212,7.362
9.000,-25.350,-27.000,0.230,6.135,7.132
9.600,-26.250,-26.700,0.307,6.212,7.209
8.850,-25.350,-25.950,0.383,6.058,7.132
9.150,-25.800,-25.950,0.307,6.212,7.209
9.450,-26.700,-26.100,0.383,6.288,6.595
9.900,-26.550,-26.250,0.307,6.212,7.285
8.850,-27.150,-27.000,0.460,6.288,7.209
9.450,-25.200,-26.850,0.230,6.135,7.132
10.050,-26.400,-27.000,0.307,6.135,7.209
10.800,-26.250,-26.700,0.460,6.212,7.362
9.600,-25.950,-26.100,0.460,6.288,7.362
11.100,-26.700,-26.700,0.460,6.135,7.132
10.800,-26.400,-25.950,0.460,6.288,7.285
11.700,-26.250,-25.800,0.537,6.288,7.285
11.250,-26.100,-26.850,0.460,6.135,7.209
12.150,-27.300,-26.100,0.383,6.212,7.285
13.050,-26.700,-26.250,0.230,6.212,7.285
12.300,-26.700,-26.400,0.383,6.288,7.209
13.800,-26.550,-25.950,0.307,6.212,7.209
15.000,-26.850,-26.700,0.383,6.288,7.285
15.300,-27.300,-25.800,0.460,6.058,7.362
14.850,-27.300,-25.950,0.383,6.135,7.285
16.500,-27.450,-25.200,0.383,6.058,7.362
16.350,-26.850,-25.050,0.307,6.135,7.285
16.950,-27.750,-24.450,0.307,5.982,7.362
16.350,-28.050,-25.350,0.307,6.058,7.362
18.450,-28.200,-25.050,0.307,6.135,7.745
17.550,-27.900,-24.750,0.460,6.135,7.362
17.400,-27.900,-25.050,0.460,6.058,7.439
19.050,-27.600,-24.750,0.537,6.135,7.362
18.150,-28.200,-24.600,0.460,5.982,7.362
18.150,-28.200,-24.600,0.077,6.135,7.439
18.900,-27.450,-24.150,0.844,5.828,7.362
19.050,-27.900,-24.750,0.230,5.905,6.979
18.150,-27.750,-24.900,0.153,5.982,7.745
18.450,-28.050,-24.900,0.690,5.905,7.285
18.450,-28.500,-25.050,0.537,6.212,7.439
18.000,-28.350,-24.750,0.614,6.212,7.439
18.300,-28.950,-23.850,0.460,5.905,7.285
18.300,-27.750,-24.300,0.383,6.212,7.209
18.150,-27.600,-24.150,0.537,6.135,7.285
18.000,-28.650,-25.050,0.537,6.058,7.439
18.750,-28.200,-23.850,0.537,6.135,7.055
18.300,-28.050,-25.500,0.537,6.058,7.285
18.000,-27.750,-24.900,0.460,6.058,7.362
17.700,-29.100,-25.050,0.537,6.058,7.362
18.300,-27.900,-25.500,0.460,6.058,7.362
17.100,-28.350,-24.750,0.383,5.982,7.362
17.700,-28.500,-24.900,0.460,5.982,7.362
17.250,-28.050,-24.750,0.537,6.135,7.439
18.750,-28.050,-25.500,0.537,6.212,7.362
18.450,-28.500,-24.450,0.460,6.058,7.055
16.950,-28.350,-25.650,0.460,6.058,7.132
17.850,-27.900,-25.350,0.460,6.058,7.132
18.900,-28.200,-25.050,0.383,6.135,7.209
17.850,-26.850,-25.650,0.460,6.058,7.439
18.150,-28.200,-24.300,0.460,6.058,7.285
18.900,-28.050,-24.900,0.537,6.058,7.362
17.550,-26.850,-24.300,0.537,6.058,7.285
18.150,-28.200,-25.650,0.460,5.905,7.362
17.700,-27.600,-25.050,0.383,5.982,7.439
17.250,-27.900,-25.650,0.383,6.058,7.439
18.300,-28.350,-24.300,0.383,6.058,7.822
17.550,-28.200,-24.750,0.383,6.135,7.209
17.700,-28.050,-24.150,0.460,5.982,7.285
17.250,-27.300,-24.750,0.460,6.058,7.285
18.750,-27.900,-24.150,0.460,6.212,7.439
17.100,-28.350,-25.050,0.383,5.982,7.285
18.450,-28.500,-25.650,0.460,6.212,7.362
16.950,-27.300,-25.650,0.460,5.982,7.055
16.800,-27.750,-24.450,0.460,6.212,7.132
17.550,-28.200,-25.350,0.460,6.058,7.439
18.450,-28.200,-24.900,0.383,6.058,7.362
17.850,-28.500,-24.600,0.383,5.905,7.439
17.850,-27.900,-24.750,0.460,6.135,7.285
18.900,-27.900,-24.900,0.460,6.135,7.285
17.100,-28.050,-24.300,0.460,6.135,7.285
18.150,-28.350,-25.050,0.460,6.135,7.362
17.400,-27.750,-25.050,0.537,5.982,7.285
18.150,-28.050,-25.650,0.460,6.058,7.209
17.850,-27.600,-24.750,0.383,6.058,7.362
17.100,-28.350,-25.500,0.460,6.135,7.515
17.850,-28.050,-24.750,0.460,5.982,7.439
18.150,-28.200,-24.750,0.460,5.982,7.362
16.500,-28.200,-24.900,0.383,6.058,7.132
16.650,-27.750,-25.350,0.460,6.058,7.439
18.000,-27.750,-25.350,0.460,5.982,7.285
17.100,-27.600,-24.750,0.537,5.982,7.515
18.450,-28.800,-25.200,0.537,6.058,7.439
17.700,-28.050,-25.500,0.460,6.135,7.439
18.450,-28.950,-25.500,0.537,5.982,7.285
17.400,-27.750,-25.200,0.383,6.212,7.055
17.550,-27.900,-24.600,0.460,6.135,7.132
17.850,-28.050,-25.200,0.537,5.982,7.362
18.150,-28.050,-24.750,0.383,6.058,7.362
17.700,-27.000,-24.450,0.460,6.058,7.362
18.150,-28.350,-24.600,0.383,6.135,7.439
17.700,-27.750,-24.900,0.383,6.135,7.285
18.000,-27.600,-24.450,0.460,6.135,7.439
17.700,-28.050,-24.600,0.460,6.058,7.362
17.700,-28.050,-25.350,0.383,5.982,6.979
18.000,-28.500,-24.750,0.460,6.058,7.209
17.400,-28.050,-25.200,0.537,6.135,7.285
17.250,-28.050,-25.200,0.537,6.058,7.439
18.000,-28.200,-25.200,0.460,6.058,7.362
18.300,-27.300,-24.600,0.460,5.982,7.439
17.400,-27.900,-24.750,0.460,6.135,7.285
18.450,-27.900,-25.200,0.460,6.135,7.362
18.450,-28.050,-25.650,0.537,6.135,7.439
17.850,-28.500,-25.950,0.614,6.058,7.362
17.700,-27.000,-25.350,0.383,6.058,7.439
18.150,-28.200,-24.300,0.460,6.058,7.362
17.250,-27.300,-25.200,0.537,6.135,7.285
17.550,-27.300,-24.450,0.460,5.828,7.285
18.600,-28.200,-25.200,0.460,5.982,7.285
18.000,-28.200,-24.600,0.460,6.058,7.439
18.150,-28.350,-23.850,0.307,5.982,7.362
16.950,-28.050,-24.900,0.460,6.135,7.209
17.850,-27.600,-24.900,0.614,6.058,7.362
17.850,-27.900,-25.200,0.383,6.135,7.285
18.300,-27.900,-25.200,0.460,6.135,7.285
16.800,-27.300,-25.050,0.537,6.058,7.362
18.300,-29.100,-23.850,0.614,6.058,7.439
17.550,-28.350,-25.650,0.537,6.135,7.362
18.000,-28.500,-24.900,0.614,6.058,7.362
17.550,-28.050,-24.300,0.614,6.058,7.362
18.600,-28.500,-25.050,0.537,6.058,7.362
18.750,-28.200,-25.050,0.690,5.982,7.362
19.050,-27.750,-24.450,0.614,6.135,7.285
19.500,-28.950,-24.600,0.690,6.058,7.285
19.650,-28.500,-24.300,0.614,6.058,7.362
18.750,-28.350,-23.850,0.460,6.135,7.285
19.950,-29.550,-24.150,0.614,5.982,7.285
20.100,-29.100,-23.250,0.460,5.982,7.285
20.100,-29.550,-24.000,0.537,6.058,7.439
21.300,-29.400,-23.850,0.537,5.905,7.055
21.150,-30.750,-23.100,0.460,6.058,7.439
21.450,-30.000,-22.800,0.383,6.058,7.439
20.700,-30.150,-22.650,0.460,6.058,7.439
21.750,-30.450,-22.950,0.460,5.982,7.515
21.300,-30.450,-23.100,0.383,5.982,7.285
21.600,-29.850,-23.100,0.307,5.828,7.362
22.200,-29.700,-22.350,0.383,5.982,7.362
22.950,-29.850,-23.100,0.460,5.905,7.669
22.650,-29.700,-22.500,0.000,6.135,7.362
22.800,-30.150,-23.100,0.460,6.442,6.979
22.050,-30.150,-22.350,0.383,6.058,7.439
22.800,-29.550,-22.650,0.383,5.905,7.209
22.200,-29.700,-23.250,0.077,6.288,7.439
22.800,-30.150,-22.500,0.307,5.982,7.285
21.900,-30.750,-22.350,0.153,6.288,7.285
21.600,-29.550,-23.100,0.230,5.982,7.132
22.050,-30.450,-23.550,0.230,6.288,7.362
21.000,-29.400,-23.400,0.307,6.135,7.362
22.050,-29.850,-24.000,0.230,6.058,7.362
21.600,-29.700,-22.650,0.307,6.135,7.515
23.100,-30.000,-23.250,0.230,6.135,7.439
21.900,-29.400,-23.250,0.230,6.288,7.055
21.750,-30.150,-22.800,0.230,6.058,7.285
21.300,-29.700,-22.650,0.153,6.288,7.362
21.450,-30.150,-23.100,0.153,6.058,7.362
21.750,-30.150,-23.250,0.230,6.288,7.362
21.900,-29.850,-22.950,0.307,6.058,7.362
22.200,-30.150,-22.500,0.230,6.212,7.362
22.350,-30.150,-23.250,0.153,6.135,7.362
22.050,-30.150,-22.350,0.230,6.212,7.285
22.200,-30.150,-22.800,0.307,6.212,7.362
21.450,-30.150,-23.100,0.307,6.135,7.285
21.900,-30.000,-22.800,0.153,6.135,7.515
22.350,-29.250,-22.350,0.307,6.058,7.285
22.050,-28.950,-22.650,0.307,6.288,7.362
22.650,-29.850,-23.250,0.307,5.982,7.285
22.650,-30.450,-22.050,0.230,6.135,7.209
22.200,-29.400,-23.250,0.153,6.058,7.362
22.650,-30.150,-22.800,0.307,6.135,7.439
22.350,-29.850,-22.800,0.230,6.058,7.285
22.650,-30.750,-22.650,0.230,6.135,7.209
23.100,-29.700,-23.100,0.153,6.135,7.362
22.200,-29.400,-23.250,0.307,6.212,7.209
22.800,-29.850,-23.100,0.153,6.135,7.822
22.350,-30.600,-23.700,0.307,6.058,7.362
21.750,-29.850,-22.650,0.230,6.135,7.439
21.900,-29.250,-22.650,0.307,6.058,7.209
22.200,-30.150,-22.800,0.230,6.058,7.209
21.900,-30.450,-23.250,0.077,6.135,7.362
22.350,-30.900,-22.950,0.230,6.135,7.285
22.050,-29.100,-22.650,0.230,6.058,7.362
22.200,-30.300,-22.650,0.230,6.365,7.209
22.200,-29.700,-22.350,0.077,6.135,7.439
21.750,-30.450,-22.800,0.230,6.058,7.515
22.500,-29.400,-22.500,0.153,6.212,7.285
22.650,-30.600,-22.350,0.230,6.058,7.362
22.800,-30.000,-23.250,0.307,6.058,7.362
21.750,-30.150,-22.800,0.383,6.212,7.515
22.350,-29.700,-23.550,0.307,6.135,7.285
21.600,-29.850,-22.800,0.230,6.212,7.285
21.300,-30.150,-23.100,0.307,6.135,7.362
22.350,-30.150,-23.400,0.230,6.058,7.285
22.050,-30.000,-22.500,0.383,6.212,7.745
21.750,-30.150,-23.100,0.230,6.058,7.285
22.800,-30.600,-22.050,0.230,6.212,7.209
22.350,-30.300,-23.100,0.307,6.135,7.362
22.200,-30.150,-23.400,0.230,6.288,7.132
21.900,-29.850,-22.500,0.077,6.212,7.439
22.350,-29.850,-22.800,0.230,6.058,7.285
22.200,-29.850,-23.400,0.383,6.212,7.285
21.750,-29.850,-23.700,0.383,6.058,6.979
22.650,-29.250,-23.100,0.460,6.212,7.285
22.200,-29.550,-22.650,0.383,6.135,7.362
22.650,-30.750,-21.900,0.460,5.982,7.209
22.650,-30.150,-22.800,0.307,6.212,7.055
22.950,-30.900,-22.350,0.383,6.058,7.285
24.150,-30.600,-21.000,0.460,6.288,7.285
24.150,-30.750,-21.600,0.383,5.982,7.209
24.000,-30.900,-22.050,0.383,6.135,7.439
24.150,-31.500,-21.600,0.383,6.212,7.209
22.950,-31.350,-21.300,0.383,6.212,7.285
24.000,-31.800,-21.450,0.153,6.058,7.515
25.950,-31.050,-20.550,0.230,6.135,7.285
24.750,-32.100,-20.250,0.307,6.135,7.439
24.900,-32.550,-20.550,0.307,6.135,7.209
26.400,-32.400,-19.800,0.307,6.135,7.285
25.800,-33.150,-20.100,0.307,5.982,7.362
25.350,-33.150,-19.950,0.383,5.828,7.285
26.100,-33.000,-19.200,0.230,6.058,7.209
25.500,-32.550,-18.900,0.383,6.058,7.362
26.400,-33.450,-18.300,0.307,6.058,7.362
26.550,-34.200,-18.450,0.230,6.058,7.592
25.800,-34.200,-18.600,0.307,6.288,7.055
26.850,-34.500,-17.850,0.383,6.058,7.439
26.850,-35.100,-18.150,0.153,6.058,7.515
27.150,-34.200,-17.550,0.307,6.058,7.439
26.850,-34.500,-16.950,0.153,6.058,7.132
28.200,-34.350,-16.950,0.307,6.212,7.439
28.200,-34.500,-16.200,-0.153,5.675,7.209
28.050,-34.500,-16.050,-0.230,5.828,7.439
29.250,-34.050,-15.900,0.153,6.058,7.592
28.950,-35.100,-16.500,0.077,5.752,7.362
28.350,-34.350,-16.200,0.077,5.828,7.439
29.100,-34.200,-16.050,0.077,6.058,7.439
28.500,-35.100,-15.750,0.000,6.058,7.515
29.250,-34.500,-15.900,0.153,5.982,7.439
27.900,-35.100,-15.600,0.077,5.982,7.285
29.250,-34.650,-16.800,0.153,5.982,7.439
29.400,-34.650,-17.250,0.153,5.982,7.439
28.500,-34.800,-16.350,0.077,5.905,7.745
29.100,-34.650,-15.750,0.153,5.982,7.515
27.750,-35.550,-16.500,0.077,6.058,7.515
28.650,-34.050,-16.800,0.077,5.982,7.362
28.800,-34.350,-16.500,0.077,5.905,7.285
29.250,-35.100,-16.650,0.077,5.982,7.362
29.250,-34.950,-15.300,0.153,5.905,7.362
29.100,-35.400,-16.950,0.153,5.905,7.515
29.700,-34.500,-17.400,0.077,5.982,7.439
28.500,-34.350,-16.200,0.077,5.905,7.132
28.350,-34.650,-16.350,0.153,5.828,7.439
28.350,-35.100,-16.950,0.153,5.905,7.362
29.400,-34.800,-16.200,0.077,5.828,7.439
29.550,-35.400,-16.500,0.153,5.982,7.362
28.350,-34.350,-16.650,0.153,5.982,7.439
28.800,-34.500,-17.100,0.153,5.905,7.515
28.800,-34.650,-16.950,0.153,5.905,7.285
28.200,-34.800,-16.500,-0.077,5.905,7.439
28.350,-33.600,-15.450,0.077,5.675,7.209
29.700,-34.200,-16.500,0.077,5.982,7.439
29.700,-35.250,-16.050,0.000,5.905,7.745
28.650,-34.350,-15.600,0.077,6.135,7.439
28.800,-34.500,-16.350,0.000,5.905,7.822
28.650,-34.950,-16.350,0.153,6.058,7.439
29.700,-34.800,-15.600,0.000,5.905,7.439
29.400,-34.650,-16.350,0.000,5.905,7.439
28.650,-34.650,-16.350,0.077,6.058,7.439
29.100,-34.800,-16.200,0.153,5.905,7.745
28.500,-35.250,-16.050,0.077,5.828,7.515
28.800,-34.950,-15.900,0.153,5.982,7.515
28.650,-34.650,-15.450,0.153,5.982,7.439
27.600,-34.500,-16.050,0.153,6.058,7.362
29.550,-34.950,-16.200,0.000,5.828,7.362
28.650,-34.950,-16.500,0.153,5.828,7.515
28.350,-35.100,-16.350,0.077,5.982,7.209
28.650,-34.950,-16.050,0.153,5.982,7.439
30.150,-34.950,-16.350,0.230,5.905,7.362
29.850,-34.650,-16.500,0.077,5.982,7.439
28.200,-34.800,-17.100,0.153,5.905,7.439
28.800,-34.800,-16.500,0.000,5.905,7.439
28.950,-35.850,-16.950,0.077,5.982,7.055
28.650,-34.800,-16.500,0.000,6.058,7.515
28.200,-34.650,-16.200,0.077,6.058,7.515
28.800,-35.250,-16.650,0.230,5.982,7.439
28.350,-34.500,-16.950,0.077,5.905,7.669
27.750,-35.250,-16.350,0.077,5.982,7.362
28.950,-35.100,-16.200,0.153,5.828,7.592
29.550,-35.100,-16.950,0.077,5.982,7.515
28.200,-33.900,-16.050,0.153,5.905,7.515
28.650,-34.800,-16.350,0.230,5.982,7.439
28.350,-34.650,-16.500,0.077,5.905,7.362
28.800,-34.500,-16.800,0.077,6.135,7.515
29.100,-34.350,-16.200,0.230,5.982,7.439
29.250,-34.800,-16.200,0.153,5.905,7.439
29.100,-34.500,-15.600,0.153,5.905,7.439
27.600,-34.500,-16.800,0.230,5.905,7.745
28.800,-34.950,-16.500,0.000,5.905,7.515
29.250,-34.500,-16.350,0.153,5.982,7.362
28.350,-34.800,-16.500,0.000,5.982,7.515
28.050,-34.950,-16.350,0.153,5.982,7.362
29.100,-34.350,-16.500,0.153,5.905,7.362
28.650,-34.350,-16.950,0.153,6.058,7.592
29.700,-34.650,-16.200,0.153,5.752,7.439
28.950,-34.200,-16.650,0.077,5.905,7.362
28.500,-35.400,-16.200,0.230,6.058,7.592
28.650,-34.800,-15.600,0.230,5.982,7.515
29.550,-35.100,-16.800,0.383,6.135,7.439
29.250,-35.550,-14.850,0.230,5.982,7.362
29.400,-35.850,-15.000,0.153,5.982,7.362
29.100,-35.250,-14.100,0.230,5.982,7.362
29.700,-35.850,-14.550,0.153,5.982,7.669
29.850,-36.450,-13.950,-0.077,5.982,7.745
29.250,-36.450,-13.800,0.000,5.905,7.362
29.850,-37.650,-13.500,-0.077,5.905,7.515
29.250,-37.200,-12.750,0.000,5.982,7.439
29.550,-37.200,-12.900,0.000,5.905,7.132
30.000,-37.050,-12.750,-0.153,5.982,7.592
30.150,-37.950,-12.150,0.000,5.905,7.515
30.000,-38.700,-12.300,0.077,5.905,7.285
30.600,-38.850,-12.600,0.000,5.982,7.515
29.550,-37.950,-12.000,-0.077,5.905,7.285
30.000,-38.100,-11.400,0.077,5.828,7.439
30.300,-38.100,-12.600,0.077,5.982,7.439
29.550,-38.700,-11.400,0.077,6.058,7.515
29.700,-38.550,-11.550,0.000,5.905,7.515
28.650,-39.000,-13.050,0.077,5.982,7.669
30.300,-37.800,-12.000,0.000,5.905,7.439
30.150,-37.950,-12.150,0.077,5.982,7.362
30.900,-38.850,-12.450,0.000,5.905,7.592
30.300,-39.150,-12.300,0.077,6.058,7.439
29.100,-39.000,-12.000,0.077,5.982,7.439
30.900,-38.700,-11.700,0.000,6.058,7.439
30.450,-38.850,-11.850,0.077,5.905,7.515
30.000,-38.100,-13.200,0.077,5.982,7.362
29.700,-38.100,-12.600,0.077,5.905,7.439
30.150,-37.500,-11.550,-0.230,5.982,7.439
30.450,-39.150,-12.000,0.230,5.752,7.515
29.550,-38.850,-12.300,0.077,5.905,7.439
29.700,-38.250,-11.550,0.077,5.905,7.515
30.300,-39.000,-12.000,0.077,5.982,7.515
29.850,-37.800,-12.150,0.230,5.982,7.592
30.450,-39.000,-12.000,0.000,5.905,7.515
29.700,-38.850,-11.250,0.000,5.982,7.515
30.000,-38.550,-12.600,0.077,6.058,7.515
29.400,-37.950,-12.150,0.077,5.905,7.209
29.100,-38.550,-12.450,0.077,5.905,7.209
29.400,-38.100,-12.150,0.077,5.905,7.515
30.000,-38.850,-12.000,0.077,5.982,7.439
30.300,-38.700,-12.300,0.000,5.905,7.439
30.450,-38.400,-11.250,0.077,5.982,7.439
30.900,-39.450,-11.250,0.000,5.905,7.362
30.000,-38.100,-11.550,0.153,5.905,7.515
29.550,-38.850,-12.150,0.077,5.905,7.439
30.300,-39.000,-12.750,0.000,5.982,7.439
29.550,-38.400,-11.700,-0.077,5.828,7.515
30.750,-39.600,-11.850,0.000,5.905,7.362
29.700,-38.700,-11.550,0.000,5.905,7.592
30.000,-38.250,-12.150,0.077,5.905,7.592
30.000,-38.550,-11.850,0.153,5.982,7.439
30.000,-39.000,-11.700,0.000,5.905,7.285
30.750,-38.850,-11.700,0.077,5.905,7.439
30.150,-39.150,-12.000,0.000,5.982,7.515
30.150,-39.150,-11.850,0.000,5.982,7.362
29.550,-39.000,-12.150,0.077,5.982,7.362
30.600,-39.300,-12.600,0.153,5.982,7.669
29.700,-38.700,-12.450,0.000,5.828,7.439
29.250,-39.000,-11.700,0.077,5.982,7.515
28.950,-38.100,-12.600,0.077,5.905,7.592
30.150,-38.700,-12.150,0.077,5.905,7.515
29.550,-37.350,-12.450,0.077,5.905,7.362
30.450,-38.550,-12.000,0.000,5.752,7.362
30.600,-38.700,-11.550,0.000,5.982,7.439
30.600,-39.000,-12.300,0.153,6.058,7.439
29.700,-38.100,-12.150,0.077,5.982,7.439
30.600,-38.700,-12.450,0.000,5.982,7.285
28.800,-39.150,-12.150,0.077,5.828,7.439
29.400,-38.700,-11.850,0.230,6.058,7.515
29.850,-38.250,-11.400,0.077,5.982,7.592
30.600,-38.550,-11.550,0.077,5.905,7.439
29.550,-38.700,-11.850,0.077,6.058,7.362
30.300,-38.700,-12.000,-0.077,5.905,7.515
30.600,-38.850,-11.550,-0.077,5.982,7.362
30.300,-38.550,-12.150,0.153,5.982,7.515
29.550,-37.950,-12.150,0.077,6.058,7.362
30.300,-38.850,-12.150,-0.153,5.905,7.669
30.450,-39.000,-11.250,0.000,5.982,7.592
30.150,-39.000,-10.950,0.077,6.058,7.439
30.000,-39.150,-11.850,0.077,5.905,7.515
29.700,-38.700,-12.150,0.000,5.982,7.362
30.600,-38.100,-11.250,0.077,5.828,7.209
31.050,-38.850,-12.300,0.000,5.982,7.592
30.000,-38.100,-11.700,0.000,5.982,7.515
30.000,-39.150,-11.550,0.153,6.135,7.439
29.850,-38.100,-11.700,0.000,5.982,7.669
29.250,-37.800,-11.550,0.077,5.905,7.285
29.700,-39.150,-11.850,0.153,5.982,7.439
30.300,-38.700,-11.250,0.153,5.905,7.515
31.200,-39.600,-10.500,0.077,6.058,7.362
29.400,-39.450,-10.950,0.153,6.058,7.055
29.400,-39.600,-11.100,0.153,6.212,7.822
30.300,-40.350,-10.050,0.153,6.135,7.745
30.150,-40.200,-10.350,0.153,5.828,7.285
30.300,-41.250,-9.450,0.077,6.058,7.439
30.600,-41.100,-9.750,0.077,6.058,7.515
28.650,-42.000,-9.450,0.077,5.905,7.362
29.400,-41.700,-7.950,0.077,6.058,7.669
29.250,-42.000,-8.250,0.077,6.058,7.515
29.700,-42.450,-7.200,-0.077,5.905,7.515
28.650,-43.050,-7.950,0.000,5.982,7.362
27.450,-42.900,-7.050,-0.230,5.982,7.592
28.650,-42.900,-7.200,-0.077,5.905,7.515
28.350,-43.350,-6.900,0.000,5.982,7.439
27.900,-43.350,-6.450,0.153,5.982,7.592
28.950,-43.350,-6.300,0.153,5.982,7.362
28.350,-42.750,-7.200,0.077,5.905,7.439
28.350,-43.950,-6.900,0.153,5.905,7.439
28.650,-43.350,-7.650,0.000,5.905,7.362
27.900,-42.750,-7.350,0.153,5.905,7.209
27.600,-42.900,-7.350,0.077,6.058,7.439
28.500,-43.500,-6.600,0.077,5.982,7.515
28.500,-43.350,-6.750,0.153,5.905,7.592
28.950,-43.200,-6.450,0.077,5.982,7.285
28.050,-42.750,-6.300,0.153,5.982,7.439
28.500,-43.500,-7.200,0.153,5.905,7.515
28.050,-43.050,-6.600,0.153,5.905,7.745
27.750,-43.200,-6.300,0.077,6.058,7.669
28.350,-43.650,-7.050,0.000,5.982,7.362
28.350,-43.500,-7.650,0.153,5.982,7.439
28.200,-43.800,-6.300,0.077,5.905,7.669
29.100,-43.050,-6.600,0.153,5.905,7.439
28.050,-43.800,-6.750,0.077,5.905,7.515
28.650,-43.650,-6.600,0.077,5.982,7.592
27.900,-42.900,-6.600,0.153,5.905,7.592
28.650,-43.500,-7.200,0.077,5.982,7.592
28.200,-42.750,-6.300,0.153,5.905,7.362
28.800,-42.600,-7.050,0.153,5.982,7.439
28.050,-42.900,-7.650,0.077,5.982,7.439
28.350,-43.350,-7.200,0.153,5.982,7.592
28.800,-43.200,-7.200,0.230,5.905,7.515
28.500,-43.500,-5.400,0.153,5.905,7.285
28.500,-42.900,-6.600,0.153,5.905,7.439
28.200,-43.350,-6.600,0.153,5.982,7.362
28.950,-43.950,-6.900,0.153,5.905,7.362
29.100,-43.500,-5.850,0.153,5.982,7.515
27.900,-43.650,-6.600,0.077,5.905,7.515
28.500,-43.500,-6.300,0.153,5.982,7.209
27.750,-42.900,-7.050,0.077,5.982,7.515
28.650,-43.200,-6.300,0.077,5.905,7.439
28.050,-43.200,-5.400,0.153,5.905,7.439
28.950,-43.350,-7.050,0.153,6.058,7.285
28.500,-42.450,-7.650,0.153,5.982,7.515
28.200,-43.500,-6.900,0.077,5.752,7.439
28.800,-43.950,-6.150,0.153,5.828,7.669
28.650,-43.500,-6.750,0.077,5.982,7.362
29.100,-43.800,-7.050,0.153,5.982,7.515
28.350,-43.650,-6.600,0.077,5.905,7.515
28.050,-42.450,-6.900,0.077,5.905,7.439
28.650,-42.900,-6.600,0.153,5.905,7.439
28.200,-43.200,-7.050,0.153,6.058,7.439
28.800,-42.750,-6.900,0.153,5.982,7.515
29.100,-43.350,-7.350,0.000,6.058,7.285
29.400,-43.500,-6.300,0.077,5.828,7.439
27.750,-43.350,-6.900,0.077,5.982,7.515
28.800,-43.200,-7.500,0.077,5.828,7.439
27.600,-42.750,-7.050,0.153,6.135,7.515
28.050,-42.600,-7.500,0.153,5.982,7.209
28.500,-42.750,-6.600,0.077,5.982,7.592
28.800,-43.200,-6.450,0.153,5.905,7.362
27.900,-44.100,-7.350,0.077,6.058,7.439
27.750,-43.500,-6.900,0.077,5.905,7.439
28.050,-43.050,-6.600,0.077,5.982,7.439
28.200,-42.450,-6.600,0.153,5.828,7.362
28.350,-43.050,-7.500,0.153,6.058,7.209
28.650,-43.500,-7.350,0.153,5.905,7.439
28.500,-42.900,-7.200,0.153,5.828,7.592
28.050,-43.800,-7.050,0.077,5.982,7.515
28.200,-43.650,-7.200,0.153,5.905,7.209
27.900,-42.750,-7.650,0.153,5.905,7.439
28.050,-43.500,-6.450,0.230,6.058,7.439
27.900,-43.650,-6.300,0.230,5.982,7.285
28.350,-43.350,-6.600,0.230,5.982,7.592
27.900,-43.200,-6.000,0.307,6.135,7.362
27.000,-43.650,-6.300,0.230,5.905,7.515
27.300,-44.100,-6.150,0.077,5.982,7.362
27.150,-43.950,-5.250,0.230,5.982,7.439
26.700,-44.550,-5.100,0.000,5.905,7.515
27.300,-45.750,-4.500,0.230,5.982,7.515
26.550,-45.600,-4.200,0.077,6.058,7.439
25.950,-45.450,-3.750,0.153,5.982,7.439
25.500,-45.900,-4.050,0.230,5.982,7.822
25.050,-46.350,-3.750,0.077,5.982,7.592
24.900,-46.500,-2.550,0.077,5.982,7.439
24.000,-46.800,-2.850,0.077,5.905,7.745
25.050,-47.700,-3.150,0.153,5.905,7.515
24.150,-48.450,-2.700,0.077,5.982,7.055
23.550,-48.450,-2.250,0.000,5.982,7.592
23.700,-47.550,-2.250,-0.077,5.905,7.362
23.250,-47.550,-2.400,0.153,5.905,7.592
24.000,-47.700,-1.800,0.307,6.058,7.439
22.950,-47.700,-1.500,0.230,5.982,7.285
24.150,-47.850,-1.950,0.307,5.982,7.592
23.400,-47.700,-2.550,0.153,5.905,7.515
23.250,-47.700,-2.400,0.153,5.982,7.439
23.400,-46.800,-1.500,0.077,6.058,7.439
24.300,-47.550,-2.400,0.230,5.905,7.592
23.850,-47.250,-2.550,0.077,5.828,7.515
24.300,-47.250,-2.250,0.153,5.905,7.592
24.000,-47.700,-1.500,0.230,5.905,7.362
23.400,-48.000,-2.550,0.230,5.982,7.285
24.000,-48.000,-2.550,0.153,5.982,7.285
24.150,-48.000,-2.250,0.153,5.905,7.439
22.950,-47.400,-2.400,0.153,5.905,7.515
24.150,-48.000,-1.200,0.153,5.982,7.515
24.000,-46.800,-2.550,0.230,5.828,7.592
23.700,-48.150,-2.250,0.153,5.905,7.439
23.700,-48.150,-2.100,0.307,5.905,7.439
24.300,-47.400,-1.650,0.230,5.982,7.285
22.650,-48.150,-1.800,0.230,5.905,7.515
24.450,-47.250,-1.950,0.153,5.982,7.515
23.100,-47.700,-2.700,0.153,5.905,7.439
24.150,-47.700,-2.100,0.153,5.982,7.439
24.450,-47.550,-1.650,0.153,5.828,7.439
24.150,-48.300,-1.350,0.077,6.058,7.515
24.300,-47.550,-1.650,0.230,5.828,7.362
24.150,-48.150,-2.400,0.230,5.905,7.362
24.300,-47.400,-3.300,0.153,6.058,7.592
24.000,-48.000,-1.650,0.153,6.058,7.515
24.150,-46.650,-2.100,0.230,5.828,7.669
23.850,-48.150,-2.550,0.307,5.905,7.362
24.300,-47.850,-2.250,0.153,5.982,7.515
24.000,-47.850,-1.650,0.230,5.905,7.592
23.400,-47.250,-1.800,0.153,5.828,7.515
24.450,-48.150,-1.800,0.153,5.982,7.592
24.000,-47.700,-2.400,0.077,5.828,7.362
24.300,-48.000,-2.100,0.077,5.982,7.515
24.000,-47.550,-2.550,0.153,5.905,7.745
24.300,-47.250,-2.400,0.153,5.905,7.439
24.000,-48.000,-1.800,0.153,6.058,7.439
22.950,-47.850,-2.100,0.307,5.905,7.439
23.850,-47.700,-2.100,0.230,5.905,7.439
24.600,-48.000,-2.100,0.153,5.522,7.592
24.000,-46.950,-1.350,0.153,5.905,7.515
22.950,-47.850,-2.250,0.153,5.905,7.439
22.800,-47.400,-1.350,0.153,5.982,7.515
24.000,-48.150,-1.800,0.153,5.982,7.439
23.250,-47.850,-2.100,0.000,5.982,7.055
23.850,-47.400,-1.800,0.230,5.752,7.362
23.550,-47.100,-2.700,0.153,5.905,7.745
23.550,-48.450,-1.650,0.230,5.905,7.592
24.000,-46.800,-2.100,0.230,5.905,7.515
22.800,-48.450,-2.250,0.460,5.905,6.979
23.100,-48.300,-2.700,0.230,5.752,7.899
23.100,-47.700,-1.200,0.307,6.135,7.592
23.100,-47.700,-1.650,0.307,5.828,7.592
23.400,-48.300,-1.350,0.230,5.982,7.362
22.500,-48.000,-1.050,0.230,5.982,7.439
22.800,-48.150,-0.150,0.383,5.905,7.439
21.600,-48.300,-0.750,0.230,6.365,7.745
21.300,-49.650,-0.150,0.307,6.058,7.515
21.750,-49.800,0.000,0.230,6.135,7.362
20.250,-50.550,0.600,0.230,5.905,7.439
18.750,-49.950,1.350,0.153,5.982,7.362
18.600,-51.750,1.200,0.000,5.982,7.362
16.950,-51.000,1.350,-0.153,5.982,7.592
17.250,-50.550,1.050,-0.077,5.905,7.515
16.350,-50.550,2.100,0.000,5.828,7.285
15.900,-51.600,1.500,-0.077,5.982,7.592
16.350,-50.550,1.200,0.000,5.982,7.439
16.350,-51.300,1.500,0.000,5.905,7.285
16.950,-51.750,1.050,0.077,6.135,7.669
16.050,-51.300,1.950,0.153,5.982,7.362
16.200,-51.150,1.500,0.153,5.982,7.362
15.900,-51.150,1.050,0.000,5.982,7.439
16.500,-51.600,1.200,0.153,5.982,7.592
17.100,-51.600,1.500,0.153,5.828,7.439
17.100,-51.000,1.350,0.153,5.905,7.515
16.800,-51.450,2.100,0.230,5.905,7.515
17.250,-51.000,1.200,0.153,5.982,7.515
16.350,-51.000,1.950,0.153,5.905,7.592
16.800,-50.700,1.950,0.153,5.982,7.515
16.200,-51.900,2.100,0.153,5.982,7.515
16.050,-51.150,1.950,0.153,5.982,7.439
16.350,-50.850,1.950,0.230,5.982,7.822
16.500,-51.600,1.800,0.153,5.982,7.362
16.200,-51.600,2.100,0.153,6.058,7.362
15.900,-51.150,1.500,0.153,5.982,7.285
16.200,-50.700,1.650,0.000,5.982,7.439
17.100,-51.000,1.650,0.230,5.905,7.515
15.900,-51.300,1.800,0.153,5.982,7.362
16.650,-51.300,2.250,0.153,5.905,7.439
18.000,-50.850,1.500,0.077,6.058,7.439
16.050,-50.700,2.250,0.077,5.905,7.362
15.450,-50.400,1.800,0.000,5.982,7.592
15.750,-49.950,1.200,0.153,5.982,7.515
16.650,-51.600,2.250,0.153,5.905,7.439
16.800,-50.700,1.350,0.153,5.905,7.515
16.350,-50.400,1.050,0.153,5.982,7.132
16.650,-51.150,1.500,0.077,5.905,7.515
16.500,-50.400,2.100,0.153,5.905,7.439
16.800,-50.700,1.650,0.077,5.905,7.592
17.100,-50.850,1.950,0.077,6.058,7.439
16.500,-50.850,2.250,0.153,5.905,7.592
15.900,-49.950,2.250,0.230,5.982,7.132
15.900,-50.850,2.250,0.307,5.982,7.515
16.050,-50.700,1.650,0.153,5.905,7.362
16.500,-50.700,2.400,0.153,5.828,7.515
15.900,-51.450,1.800,0.153,5.982,7.439
15.900,-51.150,0.900,0.153,5.905,7.515
16.950,-50.700,1.500,0.153,5.905,7.439
16.200,-51.450,2.100,0.153,5.905,7.515
17.100,-51.150,1.650,0.077,5.982,7.439
16.500,-51.300,1.200,0.077,5.905,7.132
15.900,-49.950,2.400,0.077,5.828,7.669
16.650,-51.600,2.250,0.077,5.905,7.362
16.500,-51.300,1.950,0.153,5.905,7.439
16.050,-51.150,2.100,0.077,5.905,7.439
16.050,-51.000,1.650,0.153,5.982,7.515
16.200,-50.700,1.800,0.153,5.828,7.669
16.200,-51.150,1.350,0.153,6.058,7.439
16.500,-52.050,0.900,0.153,5.982,7.515
16.350,-50.400,1.800,0.077,5.905,7.362
16.650,-51.000,2.250,0.077,5.828,7.362
16.050,-50.700,2.400,0.153,6.058,7.439
16.200,-50.850,1.950,0.153,5.982,7.362
16.050,-51.000,2.100,0.153,5.752,7.515
16.350,-51.150,2.700,0.230,5.905,7.439
15.900,-50.550,1.200,0.153,5.905,7.439
16.650,-51.300,1.050,0.153,5.982,7.592
16.500,-51.150,1.800,0.000,6.058,7.439
16.200,-50.550,2.100,0.153,6.058,7.592
16.500,-51.300,2.100,0.153,5.982,7.362
16.950,-51.300,2.100,0.153,5.982,7.592
15.150,-50.850,2.250,0.077,5.982,7.132
15.900,-50.700,1.800,0.153,6.058,7.592
16.950,-51.150,2.250,0.230,5.982,7.362
16.650,-50.850,1.800,0.077,5.982,7.592
16.650,-50.550,1.800,0.153,5.905,7.515
16.500,-51.900,1.500,0.230,5.905,7.362
16.200,-51.000,1.350,0.077,5.905,7.515
16.350,-50.700,1.650,0.077,6.058,7.439
15.900,-51.000,0.900,0.077,5.752,7.439
16.200,-51.450,2.250,0.077,5.905,7.592
16.800,-50.400,2.100,0.230,5.982,7.362
15.300,-51.000,1.950,0.230,5.905,7.285
16.050,-50.250,1.800,0.153,5.982,7.515
15.300,-51.000,1.350,0.230,5.828,7.362
16.800,-51.000,1.950,0.307,5.982,7.515
15.450,-51.300,2.100,0.307,5.982,7.515
15.150,-51.000,2.700,0.537,6.058,7.285
14.550,-50.850,2.100,0.230,6.058,7.592
14.700,-51.150,2.550,0.230,5.982,7.362
13.800,-51.300,3.000,0.230,6.058,7.209
12.900,-51.150,2.700,0.153,5.828,7.592
11.850,-51.600,2.250,0.153,5.982,7.745
11.850,-51.600,2.250,-0.077,5.905,7.439
10.800,-52.050,2.700,0.077,5.982,7.592
9.900,-51.750,3.600,0.077,5.982,7.592
9.150,-52.050,2.550,0.077,6.058,7.439
8.850,-51.450,3.150,0.153,5.982,7.439
8.850,-51.900,2.850,0.153,5.982,7.439
8.550,-51.150,3.900,0.077,5.982,7.439
9.150,-52.200,3.300,0.153,5.905,7.285
9.150,-52.200,3.000,-0.077,5.982,6.979
9.450,-51.150,3.450,-1.074,6.058,7.362
9.900,-51.900,2.850,0.077,5.291,7.055
9.300,-52.200,3.000,-0.537,6.212,7.822
9.600,-51.300,3.600,0.153,6.058,7.592
9.900,-51.750,3.300,-0.153,6.135,7.822
9.300,-51.750,3.000,-0.230,5.905,7.592
9.900,-52.200,2.550,-0.230,6.058,7.515
8.850,-52.050,3.150,-0.077,5.982,7.439
9.150,-51.450,3.150,-0.077,6.058,7.362
9.150,-50.550,4.500,0.000,5.828,7.362
9.150,-52.200,4.050,-0.077,5.982,7.515
9.000,-51.750,3.000,-0.077,5.982,7.439
10.200,-53.400,3.450,-0.077,6.058,7.362
8.850,-52.050,3.600,-0.077,5.905,7.362
9.600,-51.450,2.550,-0.077,5.982,7.362
9.600,-50.850,3.450,0.000,6.058,7.285
9.600,-51.450,3.450,-0.077,5.982,7.362
8.700,-52.050,3.300,-0.153,5.982,7.362
9.150,-52.950,3.600,-0.153,6.058,7.439
8.400,-52.200,3.450,0.000,6.058,7.439
8.850,-51.900,4.350,0.000,6.135,7.132
9.900,-51.000,3.750,0.077,5.905,7.439
9.450,-52.500,3.450,-0.077,5.982,7.362
9.600,-51.750,3.450,-0.077,5.905,7.362
8.250,-52.200,3.450,-0.077,6.058,7.439
9.900,-52.050,2.850,-0.077,6.058,7.362
9.000,-52.050,4.050,-0.230,5.905,7.285
9.150,-52.050,2.700,-0.153,5.982,7.362
9.300,-51.750,3.750,0.077,6.058,7.515
9.300,-51.450,3.750,-0.153,6.058,7.132
9.600,-52.500,3.900,-0.077,6.058,7.439
8.550,-51.000,3.300,0.000,5.982,7.362
8.550,-52.500,3.600,0.000,5.982,7.439
9.000,-52.050,3.600,-0.153,5.982,7.209
9.000,-52.050,3.150,-0.230,5.982,7.439
8.700,-51.450,2.850,-0.153,6.058,7.439
9.750,-52.800,4.200,-0.153,6.058,7.439
9.450,-52.200,3.300,0.000,6.058,7.362
8.850,-51.450,3.300,-0.153,5.982,7.362
9.450,-51.450,3.750,0.230,6.135,7.745
9.900,-51.900,3.450,-0.077,5.982,7.285
9.450,-51.300,3.300,-0.077,5.982,7.285
9.900,-51.750,3.450,0.000,5.828,7.362
9.150,-51.750,3.000,-0.077,5.982,7.515
9.300,-52.050,3.900,-0.077,5.982,7.515
8.250,-52.200,3.600,0.000,5.982,7.439
9.450,-51.900,3.450,-0.153,6.058,7.209
8.700,-51.900,3.300,-0.153,6.058,7.209
9.450,-51.300,3.600,-0.153,6.058,7.439
8.850,-51.300,4.350,-0.153,5.982,7.362
8.400,-51.600,3.300,-0.153,5.982,7.362
9.600,-51.750,3.300,-0.153,6.058,7.285
9.150,-51.300,3.600,0.000,6.058,7.285
10.050,-52.650,3.900,-0.153,6.058,7.515
9.450,-52.050,4.800,-0.077,5.982,7.439
10.350,-51.750,3.450,-0.153,5.982,7.439
10.500,-52.050,3.900,-0.077,5.982,7.592
9.150,-51.450,3.450,-0.153,5.982,7.439
9.300,-50.700,3.450,0.000,5.982,7.362
9.000,-51.750,3.150,-0.153,6.135,7.362
9.150,-51.750,4.050,-0.077,5.982,7.439
8.850,-52.050,3.600,-0.153,5.982,7.439
9.600,-51.600,3.150,-0.077,5.905,7.362
9.900,-51.750,3.600,-0.077,6.058,7.439
9.150,-51.000,3.150,-0.153,6.058,7.285
9.300,-51.600,3.450,0.000,5.982,7.439
9.300,-52.050,3.900,-0.230,5.982,7.592
9.300,-51.450,3.000,-0.153,5.982,7.362
9.450,-51.900,4.200,-0.077,6.058,7.439
9.450,-51.750,4.350,-0.077,6.058,7.362
9.000,-51.750,3.750,-0.077,5.982,7.362
9.300,-51.600,3.450,0.000,5.982,7.362
9.150,-51.450,3.750,-0.307,6.135,7.592
9.600,-50.700,2.700,-0.077,5.828,7.439
10.050,-52.050,4.200,-0.153,6.135,7.439
9.600,-50.700,3.600,0.077,5.982,7.515
8.700,-51.300,3.450,0.077,6.135,7.362
8.400,-51.900,3.300,0.153,6.058,7.439
8.250,-51.900,4.050,0.077,6.058,7.439
8.400,-51.600,4.500,0.077,6.212,7.439
6.750,-52.800,3.900,0.077,6.058,7.439
6.450,-50.850,3.900,0.000,6.212,7.362
6.300,-52.350,3.000,0.000,6.212,7.132
5.550,-51.450,2.850,0.000,5.828,7.132
4.950,-50.400,3.000,-1.380,5.598,7.592
4.050,-51.750,2.700,-0.383,5.752,7.592
3.600,-51.600,1.950,-0.153,6.288,7.669
3.000,-51.000,2.400,-0.383,5.675,7.362
3.150,-51.000,1.800,-0.230,6.135,7.515
1.650,-50.850,2.850,-0.307,6.135,7.515
1.800,-49.950,2.100,-0.460,5.905,7.439
1.200,-51.450,1.650,-0.614,5.982,7.439
1.050,-49.950,2.700,-0.383,5.905,7.439
1.050,-50.550,1.950,-0.383,5.982,7.362
0.750,-50.250,2.250,-0.307,6.135,7.362
1.200,-49.650,2.100,-0.307,6.135,7.515
0.750,-50.100,2.100,-0.230,5.982,7.285
1.200,-49.500,1.500,-0.153,6.135,7.439
1.500,-49.650,1.650,-0.230,6.058,7.362
1.350,-51.000,2.250,-0.230,6.058,7.132
0.450,-50.400,1.500,-0.383,6.288,7.362
0.300,-50.100,1.800,-0.230,6.058,7.439
0.900,-50.250,2.400,-0.230,5.905,7.362
1.200,-49.350,1.800,-0.230,5.982,7.439
1.350,-49.800,1.950,-0.153,5.982,7.439
1.500,-50.550,2.250,-0.307,5.905,7.669
0.150,-49.950,2.550,-0.307,5.982,7.362
0.150,-50.250,2.250,-0.230,6.135,7.285
1.050,-50.400,2.100,-0.307,5.982,7.362
0.600,-49.350,2.400,-0.307,5.982,7.285
0.750,-49.950,2.550,-0.230,5.982,7.439
0.750,-49.950,2.100,-0.307,5.982,7.515
1.500,-50.550,2.100,-0.230,6.058,7.439
0.450,-49.350,2.250,-0.383,5.905,7.362
1.650,-49.800,1.800,-0.307,6.058,7.362
0.900,-50.400,1.950,-0.230,6.058,7.285
1.050,-50.250,2.100,-0.307,6.058,7.439
1.800,-51.000,1.500,-0.307,5.982,7.439
0.600,-51.000,2.100,-0.307,6.135,7.439
1.950,-50.550,1.650,-0.153,6.135,7.285
1.050,-51.000,2.400,-0.230,6.058,7.285
1.950,-50.400,2.400,-0.307,5.982,7.439
0.900,-50.700,1.650,-0.307,6.135,7.362
0.900,-50.250,1.800,-0.230,5.905,7.362
0.450,-50.550,1.650,-0.307,5.905,7.439
1.800,-50.550,2.250,-0.230,6.058,7.745
0.300,-50.700,1.950,-0.230,5.982,7.362
0.300,-49.800,2.700,-0.307,6.058,7.362
0.750,-50.550,2.100,-0.307,5.982,7.439
1.200,-50.400,1.650,-0.307,6.058,7.515
1.200,-50.550,1.650,-0.153,5.905,7.362
1.200,-50.550,2.250,-0.307,5.905,7.439
1.050,-50.550,1.650,-0.230,6.058,7.362
1.350,-50.250,1.950,-0.383,6.058,7.515
1.350,-50.400,1.650,-0.230,5.982,7.055
1.050,-49.650,2.250,-0.230,5.982,7.285
0.900,-50.550,2.250,-0.307,5.982,7.362
1.350,-49.950,1.050,-0.230,6.058,7.362
1.050,-50.700,2.700,-0.230,6.058,7.439
1.050,-50.550,2.250,-0.307,6.058,7.362
0.450,-51.000,1.350,-0.614,5.982,7.362
0.600,-50.850,2.250,-0.307,5.982,7.209
0.900,-49.950,1.650,-0.383,5.982,7.362
0.000,-50.250,1.800,-0.230,5.905,7.209
0.600,-49.800,2.400,-0.230,6.135,7.362
1.050,-50.400,1.800,-0.460,6.058,7.515
0.900,-50.550,1.800,-0.537,6.058,7.439
0.900,-49.500,2.400,-0.230,5.982,7.285
0.600,-49.950,1.800,-0.077,5.905,7.515
0.600,-50.100,1.800,-0.153,5.982,7.285
0.150,-49.650,1.800,-0.077,6.058,7.285
0.300,-49.950,1.800,-0.077,6.135,7.515
-1.050,-49.500,1.650,-0.153,6.212,7.439
-0.900,-50.850,1.350,-0.230,6.058,7.285
-1.950,-49.650,0.600,-0.153,6.135,7.209
-2.700,-48.600,0.150,-0.153,6.212,7.285
-2.850,-48.450,-0.150,-0.153,6.135,7.209
-3.750,-48.000,0.300,-0.307,6.135,7.285
-5.250,-48.300,-0.450,-0.307,6.288,7.285
-5.250,-47.850,-0.300,-0.153,6.135,7.285
-5.550,-47.400,-0.450,-0.230,6.135,7.285
-5.850,-47.250,-1.200,-0.230,6.212,7.362
-6.600,-46.800,-1.500,-0.230,6.212,7.285
-6.300,-45.750,-1.200,-0.383,6.212,7.285
-5.550,-46.650,-1.350,-0.230,6.212,7.209
-7.200,-46.950,-1.500,-0.307,6.135,7.285
-6.900,-46.500,-1.650,-0.383,6.212,7.362
-7.050,-46.950,-1.500,-0.230,6.212,7.055
-7.800,-46.050,-1.200,-0.230,6.212,7.439
-7.800,-46.350,-1.050,-0.230,5.982,7.362
-7.050,-46.350,-1.500,-0.077,6.135,7.362
-6.450,-46.350,-1.800,-0.230,6.058,7.285
-6.900,-46.350,-1.650,-0.153,6.135,7.285
-6.300,-46.350,-2.250,-0.153,6.058,7.362
-6.600,-45.900,-1.200,-0.153,6.288,7.209
-7.350,-46.350,-1.500,-0.153,6.058,7.132
-7.650,-46.500,-2.100,-0.230,6.135,7.285
-6.450,-46.500,-1.800,-0.153,6.058,7.285
-7.200,-46.200,-1.050,-0.153,6.288,7.132
-7.350,-46.650,-1.500,-0.077,6.212,7.285
-6.600,-47.250,-2.250,-0.077,6.135,7.285
-7.500,-46.650,-1.500,-0.153,6.135,7.439
-7.800,-46.800,-1.200,-0.153,6.212,7.362
-7.050,-46.500,-1.200,-0.153,6.058,7.285
-6.450,-46.200,-0.600,-0.153,6.212,7.362
-6.900,-45.900,-1.650,-0.153,5.982,7.285
-7.650,-47.100,-0.900,-0.153,6.212,7.209
-6.900,-45.600,-2.100,-0.153,6.212,7.209
-7.200,-46.350,-1.200,-0.230,6.135,7.439
-6.600,-45.750,-1.050,-0.153,6.212,7.745
-6.300,-46.050,-1.050,-0.077,6.135,6.902
-7.200,-46.050,-1.650,-0.077,6.135,7.285
-6.600,-46.500,-1.200,-0.153,6.212,7.209
-6.750,-47.100,-1.050,-0.153,6.058,7.362
-7.650,-46.200,-2.250,-0.077,6.135,7.209
-7.350,-45.600,-1.800,-0.230,6.212,7.362
-7.200,-46.200,-1.350,-0.230,6.058,7.439
-6.750,-47.550,-1.200,-0.153,6.058,7.055
-6.900,-46.950,-1.200,-0.077,6.135,7.209
-7.350,-46.500,-1.950,-0.077,6.212,7.132
-7.050,-46.350,-1.200,-0.307,6.135,7.362
-6.600,-46.650,-1.350,0.000,6.212,7.285
-7.650,-46.500,-1.050,-0.230,6.135,7.209
-6.600,-47.250,-1.350,-0.230,6.212,7.362
-7.200,-46.350,-1.950,-0.077,6.212,7.132
-7.200,-46.650,-1.050,-0.077,6.058,7.285
-7.200,-46.350,-1.050,-0.153,6.212,7.209
-6.150,-47.100,-2.400,-0.153,6.288,7.362
-7.800,-45.300,-1.650,-0.153,6.135,7.132
-7.200,-46.500,-1.950,-0.230,6.212,6.979
-6.450,-46.500,-1.650,-0.230,6.135,7.285
-7.800,-45.900,-1.350,-0.077,6.212,7.362
-7.200,-46.350,-1.050,-0.077,6.288,7.209
-7.200,-46.200,-1.650,-0.153,6.135,7.285
-6.300,-46.500,-1.500,-0.230,6.365,7.285
-7.350,-46.350,-1.200,-0.230,6.135,7.745
-6.900,-45.900,-1.500,-0.537,6.518,7.745
-6.300,-46.350,-1.500,-0.153,6.825,8.129
-6.150,-45.750,-2.850,0.077,6.288,7.515
-7.350,-45.450,-3.450,-0.307,5.982,7.515
-6.150,-44.250,-4.950,-0.307,5.522,8.206
-6.900,-43.500,-5.850,-0.460,4.141,7.899
-5.850,-42.900,-7.500,-0.307,4.448,8.129
-5.550,-43.650,-6.300,-0.153,4.755,8.359
-5.100,-43.800,-6.000,-0.230,4.908,8.359
-4.800,-43.650,-6.000,-0.383,4.831,8.742
-3.600,-44.100,-6.900,-0.307,4.831,8.512
-2.250,-44.550,-6.150,-0.230,4.678,8.436
-1.350,-44.550,-8.100,-0.307,4.141,8.742
-2.100,-42.900,-8.850,0.000,3.911,8.742
-0.750,-42.450,-9.000,-0.230,3.374,8.819
0.900,-42.600,-9.750,-0.153,3.221,9.049
2.400,-42.300,-10.350,-0.230,3.144,9.126
2.250,-41.700,-10.950,-0.307,2.837,9.203
3.750,-42.300,-11.700,-0.230,2.377,9.203
3.900,-41.550,-12.450,-0.307,2.454,9.356
6.000,-41.100,-11.850,-0.230,2.301,9.356
6.750,-41.250,-12.300,-0.307,2.147,9.356
7.050,-40.950,-12.900,-0.153,2.071,9.356
7.950,-40.350,-12.750,0.230,2.071,9.356
9.150,-39.900,-14.250,0.383,1.764,9.356
9.600,-39.600,-14.400,0.077,1.687,9.509
9.450,-39.900,-13.350,0.000,1.687,9.586
9.450,-39.300,-13.800,0.077,1.534,9.433
9.600,-39.600,-13.800,-0.077,1.610,9.586
10.650,-39.000,-14.550,-0.077,1.457,9.816
10.500,-38.850,-14.850,-0.153,1.380,9.816
11.550,-38.100,-15.150,-0.077,1.074,9.433
10.800,-36.750,-15.900,-0.153,0.920,9.586
11.550,-37.650,-16.800,-0.230,0.614,9.586
10.650,-36.450,-16.800,-0.077,0.383,9.586
12.000,-36.900,-16.500,0.000,0.614,9.509
12.150,-37.650,-16.050,-0.230,0.997,9.586
11.400,-36.600,-17.250,-0.153,0.537,9.663
12.000,-36.450,-16.050,-0.077,0.690,9.663
11.400,-36.900,-16.350,0.000,0.844,9.739
11.550,-36.600,-15.900,-0.153,0.383,10.046
11.400,-36.750,-16.800,-0.077,0.690,9.663
10.800,-36.000,-16.500,-0.077,0.844,9.663
12.000,-36.900,-17.100,0.000,0.690,9.739
11.850,-37.050,-16.500,-0.230,0.767,9.663
12.000,-36.450,-16.800,-0.077,0.537,9.279
12.000,-36.150,-16.800,-0.230,0.537,9.663
11.250,-36.150,-16.050,-0.153,0.460,9.586
11.550,-36.150,-17.400,-0.077,0.767,9.586
11.100,-35.700,-16.050,-0.077,0.767,9.509
11.400,-36.450,-16.200,-0.077,0.767,9.663
10.650,-36.600,-15.900,-0.153,0.537,9.663
9.750,-36.300,-16.650,-0.230,0.614,9.509
11.400,-36.450,-16.500,0.077,0.614,9.509
11.250,-36.150,-17.250,-0.153,0.690,9.663
11.550,-36.900,-15.900,-0.077,0.690,9.586
12.000,-36.450,-16.800,-0.230,0.844,9.816
11.850,-37.050,-16.350,-0.077,0.690,9.586
10.950,-36.000,-16.050,-0.077,0.767,9.509
11.700,-37.050,-16.650,-0.077,0.537,9.663
11.100,-36.000,-16.500,-0.153,0.767,9.586
10.800,-36.300,-16.200,-0.383,0.690,8.589
10.950,-36.750,-16.800,-0.307,0.383,10.353
11.250,-36.150,-16.350,0.000,0.614,9.586
10.800,-36.600,-15.750,0.077,0.767,9.586
11.400,-36.450,-16.350,-0.153,0.383,9.279
11.250,-35.700,-16.200,-0.077,0.690,9.663
11.250,-36.450,-16.500,-0.230,0.767,9.663
11.100,-36.300,-15.600,0.000,0.844,9.739
11.250,-35.700,-15.900,-0.077,0.614,9.893
11.250,-35.400,-16.050,-0.077,0.844,9.509
11.550,-36.300,-16.050,-0.153,0.920,9.816
10.950,-35.850,-16.050,-0.077,0.614,9.586
11.250,-36.300,-16.800,-0.077,0.767,9.509
10.650,-36.750,-15.900,0.000,0.690,9.509
10.500,-36.000,-16.500,0.000,0.767,9.586
10.800,-36.300,-16.650,0.000,0.537,9.739
9.750,-35.550,-16.350,0.077,0.614,9.433
10.050,-35.100,-16.200,-0.230,0.383,9.509
8.850,-36.300,-16.800,-0.153,0.537,9.663
8.100,-36.150,-16.050,-0.460,1.074,9.663
6.450,-35.550,-16.650,-0.383,0.537,9.586
5.700,-36.600,-16.500,-0.537,0.460,9.586
4.650,-35.400,-16.800,-0.383,0.690,9.586
4.200,-35.850,-16.800,-0.383,0.614,9.663
5.400,-35.700,-16.650,-0.383,0.537,9.509
3.450,-36.300,-16.800,-0.307,0.690,8.972
4.200,-35.850,-17.100,-0.230,0.307,9.279
4.050,-35.550,-15.900,-0.153,0.767,9.586
4.350,-36.150,-16.800,-0.077,0.614,9.509
4.500,-34.650,-16.800,-0.153,0.690,9.586
3.150,-35.250,-16.800,-0.230,0.690,9.586
3.750,-35.550,-15.900,-0.153,0.690,9.509
4.050,-36.150,-16.500,-0.230,0.690,9.586
4.050,-36.300,-15.900,-0.153,0.614,9.509
4.950,-36.000,-16.350,-0.307,0.537,9.586
4.350,-36.900,-16.650,-0.230,0.690,9.509
4.500,-35.700,-16.500,-0.230,0.690,9.586
4.950,-36.300,-16.950,-0.077,0.690,9.586
3.900,-35.850,-17.100,-0.153,0.690,9.663
4.500,-36.150,-16.350,-0.153,0.690,9.663
4.650,-34.950,-16.350,-0.230,0.614,9.586
4.350,-35.700,-16.350,-0.153,0.690,9.586
3.150,-34.950,-17.100,-0.230,0.614,9.663
4.350,-34.950,-16.500,-0.230,0.614,9.356
4.350,-36.600,-16.800,-0.230,0.614,9.279
3.900,-36.150,-17.100,-0.153,0.690,9.433
4.050,-35.400,-17.250,-0.230,0.690,9.663
4.350,-36.150,-16.200,-0.230,0.690,9.663
3.750,-36.300,-16.350,-0.230,0.690,9.586
4.200,-36.300,-16.800,-0.230,0.614,9.509
3.750,-36.150,-16.500,-0.153,0.690,9.509
5.100,-36.450,-16.950,-0.230,0.537,9.739
3.750,-36.150,-16.200,-0.230,0.614,9.663
4.050,-35.550,-17.100,-0.153,0.614,9.509
4.200,-35.850,-17.100,-0.307,0.614,9.663
4.500,-35.700,-16.950,-0.153,0.614,9.663
4.500,-35.100,-17.250,-0.077,0.614,9.586
4.650,-35.400,-17.100,-0.383,0.690,9.586
4.050,-35.400,-16.650,-0.153,0.690,9.509
4.050,-35.550,-16.950,-0.153,0.690,9.663
4.050,-36.000,-17.100,-0.230,0.690,9.586
4.800,-36.450,-17.100,0.077,0.614,9.739
4.950,-34.950,-17.250,-0.153,0.614,9.586
4.350,-35.550,-16.650,-0.153,0.690,9.739
4.500,-36.150,-16.950,0.000,0.690,9.586
2.850,-36.000,-17.550,0.230,0.614,9.816
2.400,-36.150,-16.800,-0.153,0.997,9.739
1.800,-35.100,-17.400,-0.460,0.537,9.739
1.200,-34.200,-16.950,-0.460,0.690,9.663
0.900,-35.100,-16.500,-0.460,0.997,9.586
0.300,-34.350,-16.350,-0.460,0.537,9.433
-0.150,-34.350,-16.200,-0.307,0.920,9.586
0.450,-35.550,-16.650,-0.230,0.690,9.586
-0.150,-35.400,-16.500,-0.307,0.767,9.663
-0.450,-35.100,-16.950,-0.153,0.920,9.739
-0.750,-34.500,-17.400,-0.153,0.614,9.586
0.450,-34.200,-17.400,-0.230,0.767,9.663
-0.150,-34.500,-16.350,-0.230,0.614,9.509
0.450,-35.550,-17.250,-0.153,0.690,9.586
0.150,-35.100,-16.800,-0.230,0.690,9.663
0.750,-34.200,-16.650,-0.230,0.690,9.586
0.300,-34.350,-16.350,-0.153,0.844,9.586
0.300,-35.550,-16.650,-0.153,0.690,9.586
-0.600,-34.200,-17.100,-0.230,0.690,9.433
0.150,-34.950,-16.200,-0.307,0.767,9.663
-0.150,-35.100,-16.500,-0.307,0.690,9.739
0.450,-34.500,-17.400,-0.153,0.844,9.663
0.000,-34.350,-16.650,-0.230,0.690,9.433
-0.600,-34.650,-16.650,-0.153,0.690,9.586
0.000,-34.500,-16.950,-0.153,0.767,9.509
-0.600,-34.800,-16.350,-0.153,0.844,9.356
0.300,-34.350,-17.400,-0.153,0.767,9.433
0.000,-34.650,-16.050,-0.307,0.690,9.663
0.300,-34.950,-16.650,-0.153,0.767,9.356
0.300,-34.650,-16.800,-0.153,0.690,9.586
0.150,-34.950,-16.350,-0.230,0.767,9.586
-0.150,-34.800,-16.800,-0.153,0.844,9.586
0.450,-34.200,-16.950,-0.153,0.844,9.509
0.150,-34.800,-17.250,-0.230,0.844,9.663
0.150,-34.500,-16.650,-0.230,0.767,9.586
-0.150,-34.800,-16.650,-0.230,0.767,9.663
-0.150,-34.650,-16.950,-0.230,0.767,9.663
0.750,-34.500,-16.350,-0.230,0.767,9.663
0.450,-34.200,-16.800,-0.153,0.690,9.586
0.600,-34.950,-17.400,-0.230,0.844,9.586
-0.150,-34.650,-15.900,-0.230,0.767,9.586
-0.150,-33.900,-16.350,-0.230,0.767,9.586
0.750,-34.800,-16.500,-0.153,0.767,9.509
-0.300,-35.250,-15.900,-0.230,0.767,9.509
0.300,-34.500,-16.800,-0.153,0.767,9.433
-0.150,-35.250,-16.800,-0.153,0.767,9.509
0.600,-34.950,-16.050,-0.307,0.920,9.586
-0.450,-35.400,-16.350,-0.153,0.920,9.663
0.150,-34.800,-17.100,-0.307,0.767,9.586
0.000,-34.200,-16.800,-0.077,0.767,9.509
-0.750,-34.950,-17.250,-0.153,0.844,9.586
0.150,-35.700,-17.250,-0.537,0.844,9.509
-0.150,-34.800,-17.100,0.000,0.767,9.509
-0.450,-34.050,-16.650,0.153,0.920,9.586
-0.300,-35.250,-17.100,0.230,0.920,9.509
-1.650,-34.050,-17.400,-0.153,1.074,9.586
-3.150,-33.000,-16.350,-0.460,0.537,9.509
-3.150,-33.600,-17.400,-0.460,0.844,9.433
-3.900,-33.300,-16.650,-0.383,0.997,9.586
-4.350,-32.250,-16.950,-0.307,0.614,9.433
-4.800,-32.700,-16.950,-0.230,0.997,9.586
-4.500,-33.000,-16.800,-0.230,0.614,9.509
-5.100,-32.850,-16.500,-0.153,0.844,9.739
-4.500,-32.100,-16.650,-0.153,0.997,9.739
-4.500,-32.400,-17.100,-0.153,0.844,9.586
-3.900,-31.950,-16.950,-0.077,0.920,9.663
-4.500,-32.550,-16.200,-0.077,0.767,9.586
-5.100,-32.250,-16.950,-0.230,0.920,9.586
-3.900,-33.300,-16.800,-0.153,0.844,9.586
-5.400,-32.700,-16.950,-0.230,0.767,9.663
-4.200,-31.950,-16.500,-0.153,0.997,9.586
-4.500,-32.550,-17.850,-0.153,1.074,9.356
-4.350,-32.850,-16.350,-0.153,0.920,9.663
-3.900,-33.150,-17.250,-0.077,0.920,9.586
-6.000,-32.400,-18.150,-0.153,0.844,9.739
-3.750,-31.950,-16.500,-0.153,0.920,9.509
-4.500,-32.550,-15.750,-0.230,0.767,9.586
-4.800,-32.550,-16.650,-0.153,0.844,9.586
-4.800,-32.100,-17.100,-0.077,0.920,9.586
-4.200,-32.700,-16.500,-0.153,1.074,9.663
-4.200,-32.250,-16.800,-0.077,0.844,9.586
-4.350,-32.700,-16.500,-0.153,0.920,9.663
-4.350,-32.550,-16.800,-0.077,0.997,9.663
-4.050,-32.550,-17.250,-0.230,0.920,9.509
-4.500,-31.650,-17.100,0.000,0.997,9.586
-4.800,-31.800,-18.000,-0.230,0.844,9.586
-4.800,-33.150,-16.050,-0.153,0.920,9.586
-4.050,-32.850,-16.650,-0.153,0.920,9.586
-4.350,-32.700,-16.200,-0.153,0.920,9.663
-3.750,-31.950,-16.500,-0.153,0.844,9.433
-4.350,-32.100,-16.350,-0.153,0.920,9.586
-4.350,-32.550,-17.400,-0.153,0.997,9.663
-3.900,-32.100,-17.250,-0.230,0.767,9.663
-3.900,-33.150,-16.650,-0.153,0.997,9.586
-4.350,-32.100,-15.600,-0.153,0.920,9.586
-3.600,-32.250,-16.500,-0.077,0.844,9.433
-4.200,-32.850,-16.950,-0.153,0.920,9.739
-4.350,-32.550,-17.100,-0.153,0.844,9.509
-4.500,-31.800,-16.500,-0.153,0.920,9.663
-5.250,-32.250,-16.800,-0.153,0.920,9.586
-4.350,-31.950,-17.400,-0.153,0.920,9.663
-4.650,-33.150,-16.950,-0.153,0.920,9.586
-4.350,-31.800,-16.650,-0.077,0.844,9.586
-4.500,-32.850,-16.800,0.000,1.074,9.893
-4.800,-31.950,-16.500,0.000,0.920,9.586
-5.100,-32.250,-16.500,0.077,0.920,9.816
-5.850,-31.350,-16.350,0.077,0.920,9.356
-6.750,-31.200,-17.550,-0.230,0.920,9.586
-7.500,-30.450,-17.400,-0.307,0.844,9.663
-7.200,-30.600,-17.850,-0.307,0.997,9.663
-7.500,-29.700,-16.650,-0.230,0.920,9.663
-7.650,-29.400,-17.250,-0.153,0.920,9.663
-8.250,-30.450,-17.550,0.000,0.997,9.509
-7.050,-30.000,-16.650,-0.153,0.844,9.433
-7.650,-30.600,-17.700,-0.153,0.920,9.356
-7.500,-30.000,-16.800,0.000,0.767,9.663
-7.200,-30.600,-17.250,-0.077,1.074,9.509
-7.500,-30.000,-17.400,-0.153,0.920,9.509
-7.650,-30.450,-16.800,0.000,0.920,9.663
-8.100,-29.850,-17.400,0.000,0.844,9.586
-7.500,-30.300,-17.250,-0.153,0.920,9.509
-6.450,-30.300,-17.250,-0.077,0.844,9.893
-7.350,-30.000,-17.700,-0.077,0.920,9.586
-7.350,-30.600,-17.100,0.153,0.844,9.586
-7.350,-29.550,-17.250,0.077,0.920,9.586
-7.350,-30.750,-17.550,-0.077,0.920,9.586
-8.100,-29.850,-17.250,0.000,0.997,9.663
-7.950,-30.750,-16.950,-0.153,0.920,9.509
-7.050,-31.050,-16.800,-0.077,1.074,9.509
-7.650,-30.150,-16.200,0.000,0.920,9.663
-7.800,-30.150,-16.950,-0.077,0.920,9.356
-7.950,-30.300,-16.500,-0.077,0.920,9.586
-7.650,-30.000,-17.400,0.000,0.920,9.663
-7.350,-29.550,-16.500,-0.077,0.920,9.586
-7.500,-28.800,-17.250,0.077,0.997,9.586
-8.100,-29.400,-17.100,-0.077,0.997,9.509
-7.350,-29.550,-16.800,0.077,0.920,9.509
-7.650,-30.300,-16.800,-0.153,0.997,9.663
-7.800,-29.700,-16.350,0.000,0.997,9.663
-7.350,-30.900,-16.800,0.000,0.844,9.586
-7.800,-30.150,-16.950,-0.153,0.997,9.509
-7.650,-29.850,-17.100,-0.153,0.920,9.586
-8.400,-29.850,-16.950,0.000,0.997,9.433
-8.100,-30.150,-17.250,-0.077,0.920,9.279
-7.350,-29.700,-16.350,-0.077,0.844,9.663
-7.050,-29.550,-17.100,0.000,0.844,9.586
-8.250,-30.600,-17.400,0.000,0.920,9.586
-7.050,-30.750,-17.250,0.077,0.920,9.586
-7.350,-30.300,-17.850,-0.077,0.844,9.586
-7.650,-31.050,-16.500,-0.077,0.920,9.586
-7.650,-29.850,-16.650,0.000,0.997,9.586
-7.500,-30.300,-17.250,0.000,0.997,9.586
-7.650,-30.450,-17.250,-0.153,1.074,9.969
-7.200,-30.150,-17.850,-0.153,0.997,9.433
-6.900,-30.000,-16.650,0.000,0.920,9.433
-7.800,-30.600,-17.700,-0.077,0.920,9.586
-7.800,-30.150,-16.650,-0.077,0.844,9.586
-8.100,-29.700,-17.100,-0.077,0.997,9.509
-7.800,-29.850,-17.400,-0.153,0.997,9.663
-6.900,-30.450,-17.400,-0.153,1.074,9.509
-7.200,-30.750,-17.100,-0.153,0.920,9.663
-7.050,-30.150,-16.500,0.077,0.997,9.433
-7.800,-30.300,-17.400,0.000,0.920,9.433
-7.500,-30.000,-17.250,-0.153,0.997,9.586
-7.500,-29.850,-17.550,0.000,0.920,9.433
-6.900,-30.000,-16.350,-0.153,0.920,9.509
-7.800,-30.750,-17.250,-0.077,0.997,9.663
-7.350,-29.100,-16.350,-0.077,0.997,9.509
-7.650,-29.100,-17.250,-0.153,0.844,9.509
-7.650,-30.900,-16.650,-0.077,0.920,9.739
-8.100,-30.450,-16.950,0.153,1.074,9.663
-7.200,-30.450,-17.700,-0.153,0.844,9.586
-7.650,-29.850,-16.950,0.000,0.997,9.586
-7.050,-29.700,-16.950,-0.153,0.920,9.433
-7.350,-30.750,-17.250,-0.077,0.997,9.739
-7.800,-30.000,-16.800,-0.077,0.920,9.509
-7.050,-29.850,-16.200,0.153,0.997,9.586
-8.100,-30.300,-16.950,0.153,0.997,9.586
-8.100,-29.100,-17.550,0.077,1.074,9.663
-9.150,-28.800,-16.800,-0.077,0.997,9.509
-8.400,-28.200,-17.400,-0.307,0.767,9.433
-9.750,-28.200,-16.650,-0.230,1.150,9.509
-9.900,-27.750,-17.250,-0.153,0.920,9.663
-9.750,-28.200,-17.250,0.077,0.920,9.663
-9.450,-28.200,-17.850,-0.077,0.997,9.663
-9.300,-28.350,-17.400,0.153,1.074,9.586
-9.600,-27.600,-17.400,-0.077,1.074,9.586
-9.600,-28.350,-16.650,-0.077,0.997,9.509
-9.150,-28.050,-18.150,-0.077,0.997,9.663
-9.450,-27.450,-17.550,0.077,0.997,9.586
-9.900,-27.750,-16.800,-0.077,0.920,9.663
-9.600,-28.050,-18.000,0.077,1.074,9.663
-10.050,-28.200,-17.100,0.000,0.920,9.586
-9.300,-28.050,-17.850,-0.077,0.997,9.586
-9.300,-27.750,-17.400,0.000,0.997,9.586
-9.450,-27.750,-17.250,-0.077,0.844,9.586
-9.300,-28.500,-17.400,0.077,0.767,9.816
-9.000,-27.750,-17.550,0.000,0.920,9.433
-10.350,-27.300,-16.950,0.000,0.997,9.663
-9.750,-27.750,-17.250,0.000,0.920,9.586
-9.900,-27.900,-17.100,-0.077,0.997,9.279
-10.200,-29.100,-17.100,0.000,0.844,9.586
-9.300,-27.600,-16.800,0.077,0.920,9.509
-9.450,-28.350,-17.250,0.000,0.997,9.663
-9.150,-28.050,-17.400,0.000,0.997,9.663
-9.750,-28.350,-17.400,0.000,0.920,9.663
-9.150,-27.450,-18.000,0.000,0.920,9.663
-9.300,-27.750,-16.950,0.000,0.844,9.586
-10.200,-27.750,-17.550,-0.077,0.920,9.509
-8.550,-27.600,-17.100,0.077,0.997,9.509
-10.350,-28.650,-18.150,0.077,0.997,9.586
-9.600,-28.350,-17.400,-0.153,0.997,9.509
-8.700,-27.900,-17.550,0.000,0.997,9.663
-9.300,-27.900,-16.800,0.000,0.997,9.586
-10.050,-28.050,-17.250,-0.077,0.997,9.433
-9.450,-28.500,-17.850,0.000,0.920,9.586
-10.500,-27.750,-16.800,-0.077,0.920,9.586
-9.000,-27.750,-17.550,0.000,1.074,9.663
-9.750,-28.350,-17.550,0.000,0.920,9.433
-9.150,-27.150,-17.250,0.000,0.997,9.663
-9.300,-28.200,-17.400,0.077,0.920,9.509
-9.450,-27.150,-17.100,0.077,0.997,9.663
-9.450,-27.450,-16.500,0.000,0.997,9.586
-9.000,-28.050,-17.700,0.000,0.920,9.739
-9.000,-27.600,-16.950,-0.153,0.920,9.203
-9.600,-28.050,-16.950,-0.077,1.074,9.586
-9.600,-27.300,-16.800,0.000,0.997,9.586
-10.050,-28.050,-17.700,0.000,0.920,9.509
-10.050,-28.050,-17.550,0.077,1.074,9.663
-9.900,-28.350,-16.800,0.077,0.920,9.586
-10.350,-28.050,-17.700,0.000,0.997,9.586
-9.300,-28.650,-16.650,-0.077,0.920,9.586
-9.750,-27.750,-16.950,0.000,0.920,9.509
-10.200,-27.600,-17.400,-0.077,0.920,9.586
-9.150,-28.350,-16.650,0.000,0.997,9.586
-10.350,-27.900,-17.550,-0.077,0.997,9.586
-8.850,-28.200,-17.550,0.077,1.074,9.663
-8.700,-28.050,-17.100,0.077,0.997,9.586
-10.050,-27.900,-17.850,0.077,0.844,9.586
-9.600,-28.500,-17.850,0.230,0.997,9.663
-10.350,-26.850,-17.700,0.230,1.074,9.663
-10.200,-26.850,-17.700,0.153,0.997,9.586
-10.350,-25.200,-17.250,-0.077,0.920,9.663
-11.400,-25.650,-17.400,-0.153,0.920,9.509
-12.300,-25.500,-18.300,-0.077,0.920,9.586
-10.950,-24.750,-17.700,-0.077,0.997,9.433
-11.100,-24.450,-17.100,0.077,1.074,9.663
-11.250,-25.050,-16.950,0.153,0.920,9.509
-10.800,-24.450,-17.700,0.153,0.997,9.509
-10.650,-24.300,-17.550,0.077,0.844,10.046
-11.850,-25.500,-17.700,0.077,1.074,9.356
-10.200,-25.350,-17.850,0.230,0.844,9.509
-11.700,-24.900,-17.400,0.077,0.997,9.586
-11.250,-25.350,-18.300,0.153,1.074,9.509
-11.400,-24.900,-17.400,0.077,0.920,9.586
-10.350,-24.900,-17.250,0.153,1.227,9.586
-11.100,-25.650,-17.700,0.000,1.074,9.586
-11.400,-25.350,-17.400,0.077,0.997,9.586
-12.300,-25.350,-16.950,0.000,0.997,9.586
-11.850,-25.950,-17.550,0.077,1.074,9.586
-10.500,-24.750,-17.550,0.077,0.997,9.586
-11.550,-25.350,-17.250,0.077,0.920,9.586
-11.250,-24.900,-18.150,0.077,1.074,9.586
-10.800,-25.200,-17.850,0.153,0.997,9.663
-11.250,-25.800,-17.550,0.077,0.920,9.586
-11.550,-25.350,-17.250,0.077,1.074,9.663
-10.650,-25.350,-17.400,0.077,0.997,9.663
-11.100,-25.050,-18.150,0.077,0.920,9.509
-12.150,-25.200,-16.500,0.153,0.997,9.663
-11.550,-25.200,-17.400,0.077,0.997,9.739
-11.250,-25.350,-17.850,0.077,0.997,9.509
-11.100,-24.750,-17.400,0.000,0.997,9.663
-10.950,-25.800,-17.550,0.153,1.074,9.739
-12.000,-24.450,-17.100,0.153,0.844,9.356
-10.950,-25.500,-17.700,0.153,0.997,9.586
-11.550,-24.750,-17.550,0.230,0.997,9.586
-10.650,-25.050,-17.850,0.153,1.150,9.663
-11.250,-25.500,-16.950,0.153,0.997,9.586
-11.100,-25.200,-17.400,0.000,1.074,9.586
-10.650,-24.450,-18.450,0.000,0.997,9.586
-10.950,-25.200,-17.850,0.000,1.150,9.586
-11.850,-25.350,-16.950,0.077,1.074,9.586
-11.250,-25.800,-17.700,0.000,0.920,9.663
-11.250,-24.750,-17.250,0.153,1.074,9.663
-10.950,-24.900,-18.450,0.077,0.920,9.586
-11.250,-25.800,-16.950,0.153,0.920,9.663
-11.400,-26.250,-17.850,0.000,1.074,9.816
-11.250,-25.200,-17.550,0.077,1.150,9.509
-11.400,-25.050,-18.150,0.153,0.997,9.586
-11.250,-24.900,-17.100,0.153,1.074,9.509
-12.750,-24.600,-18.000,0.230,0.920,9.433
-10.650,-24.300,-18.150,0.153,1.150,9.586
-12.150,-24.900,-17.700,0.307,1.074,9.509
-11.250,-22.950,-18.000,0.307,0.920,9.356
-12.450,-22.650,-17.400,0.153,1.074,9.433
-11.850,-22.950,-17.850,0.077,0.997,9.739
-11.700,-21.600,-17.700,0.077,1.074,9.586
-13.200,-21.150,-17.700,-0.077,1.074,9.509
-13.950,-21.150,-18.000,-0.077,0.920,9.586
-13.050,-20.700,-18.150,0.077,1.074,9.663
-13.200,-20.250,-18.000,0.077,0.844,9.509
-13.500,-20.400,-18.300,0.230,0.997,9.586
-13.500,-19.800,-17.550,0.230,1.074,9.433
-13.200,-20.400,-17.850,0.077,0.997,9.509
-12.750,-20.700,-18.750,0.230,1.074,9.663
-12.900,-21.300,-18.000,0.230,1.074,9.663
-12.000,-20.400,-18.450,0.153,0.997,9.509
-12.750,-21.150,-18.600,0.230,0.920,9.586
-12.750,-20.250,-17.550,0.153,0.920,9.586
-12.900,-21.000,-18.000,0.077,0.920,9.663
-11.850,-20.850,-18.750,0.153,1.074,9.586
-13.350,-21.000,-18.150,0.230,1.074,9.586
-12.750,-20.850,-18.150,0.153,0.997,9.663
-13.200,-20.250,-17.850,0.230,0.997,9.586
-13.050,-21.150,-18.000,0.153,0.997,9.586
-12.150,-21.150,-17.850,0.230,0.997,9.509
-12.600,-21.000,-17.550,0.077,0.920,9.586
-12.900,-20.850,-18.750,0.077,1.074,9.509
-13.050,-20.850,-17.700,0.153,1.150,9.509
-13.350,-21.150,-17.400,0.307,0.920,9.663
-12.300,-21.450,-17.400,0.307,0.997,9.509
-13.350,-20.700,-19.050,0.153,0.997,9.509
-12.750,-20.700,-17.550,0.153,0.997,9.586
-13.050,-20.550,-18.600,0.000,0.997,9.663
-13.500,-20.400,-18.450,0.153,1.074,9.586
-12.900,-21.000,-17.850,0.230,0.920,9.663
-13.200,-21.150,-17.850,0.077,0.997,9.663
-12.900,-19.800,-18.450,0.230,1.074,9.586
-13.050,-20.250,-18.450,0.153,1.074,9.203
-12.750,-20.550,-19.050,0.153,0.997,9.509
-13.050,-20.100,-18.000,0.230,0.997,9.509
-12.600,-20.850,-18.750,0.153,0.997,9.586
-12.300,-20.100,-18.300,0.077,0.997,9.586
-12.900,-19.200,-18.450,0.153,0.844,9.433
-12.600,-20.250,-18.300,0.153,0.997,9.586
-13.050,-20.850,-19.050,0.153,1.074,9.509
-12.450,-21.000,-18.000,0.153,0.997,9.739
-12.750,-19.650,-18.300,0.153,0.997,9.509
-12.750,-20.100,-18.600,0.230,0.997,9.509
-13.650,-19.500,-17.700,0.230,1.074,9.586
-13.050,-20.400,-17.850,0.230,0.997,9.586
-12.450,-20.400,-18.450,0.153,0.997,9.663
-12.600,-20.550,-18.300,0.077,0.997,9.509
-13.500,-20.250,-18.450,0.153,1.074,9.893
-12.450,-20.400,-17.700,0.153,0.997,9.739
-12.900,-21.300,-17.850,0.230,1.074,9.586
-12.900,-21.450,-17.850,0.153,1.150,9.509
-12.900,-20.100,-18.300,0.153,0.997,9.663
-13.200,-20.100,-18.300,0.077,0.997,9.586
-13.500,-20.400,-18.600,0.153,1.074,9.586
-12.750,-21.150,-18.600,0.153,1.074,9.586
-12.900,-20.100,-17.550,0.153,1.150,9.663
-12.450,-21.600,-18.900,0.230,1.074,9.663
-12.900,-20.400,-17.550,0.153,0.920,9.509
-13.350,-20.550,-18.150,0.077,0.997,9.586
-13.350,-20.550,-18.450,0.077,1.074,9.893
-12.600,-21.450,-18.750,0.153,1.150,9.509
-12.600,-20.100,-18.150,0.307,0.997,9.509
-12.900,-20.550,-18.000,0.460,1.074,9.663
-13.500,-18.900,-17.850,0.690,0.920,9.586
-13.500,-18.450,-18.300,0.690,1.150,9.586
-14.250,-18.300,-18.000,0.690,1.074,9.509
-13.200,-16.350,-18.450,0.307,0.997,9.586
-13.350,-14.700,-19.050,-0.153,0.920,9.586
-12.750,-14.100,-19.800,-0.153,1.150,9.739
-13.050,-13.500,-18.900,0.077,0.690,9.509
-12.150,-14.100,-19.500,0.230,0.844,9.509
-13.050,-12.750,-19.800,0.077,0.920,9.739
-12.450,-13.950,-19.200,0.383,0.844,9.893
-13.350,-14.100,-19.650,0.307,1.074,9.586
-13.500,-13.200,-19.050,0.230,0.920,9.509
-13.950,-14.250,-18.750,0.383,1.074,9.586
-13.650,-13.950,-19.350,0.383,0.997,9.586
-12.900,-14.100,-19.800,0.383,0.844,9.663
-11.850,-12.900,-18.600,0.153,0.997,9.663
-13.500,-13.200,-18.900,0.307,0.997,9.433
-12.900,-13.800,-19.050,0.307,0.920,9.586
-12.900,-13.050,-19.350,0.460,0.920,9.586
-13.050,-13.800,-18.750,0.383,0.997,9.663
-13.200,-13.500,-19.050,0.307,0.920,9.663
-13.200,-13.050,-18.750,0.383,0.920,9.586
-13.200,-13.350,-19.050,0.307,0.997,9.663
-12.900,-13.800,-19.050,0.230,0.997,9.586
-12.750,-13.500,-18.600,0.230,0.920,9.586
-13.050,-13.950,-18.300,0.230,1.150,9.509
-13.050,-14.250,-19.050,0.537,0.920,9.586
-12.750,-13.950,-18.600,0.383,0.997,9.586
-12.900,-12.900,-18.300,0.383,0.997,9.586
-12.900,-13.350,-18.450,0.383,0.920,9.663
-13.350,-13.800,-18.600,0.230,0.920,9.509
-12.900,-13.650,-19.050,0.307,0.997,9.663
-12.750,-13.800,-19.500,0.383,0.997,9.586
-13.050,-13.650,-18.300,0.460,0.920,9.663
-13.050,-13.200,-19.200,0.460,0.920,9.663
-12.750,-13.050,-18.300,0.383,0.997,9.739
-12.450,-13.950,-19.200,0.230,0.997,9.663
-13.050,-14.250,-19.650,0.307,0.997,9.586
-13.350,-13.950,-18.750,0.383,0.997,9.509
-12.450,-13.650,-18.900,0.230,0.997,9.663
-13.350,-12.750,-19.350,0.307,0.920,9.509
-12.900,-13.500,-19.350,0.230,0.997,9.663
-13.200,-13.800,-18.750,0.307,0.997,9.586
-13.650,-13.650,-19.350,0.307,0.920,9.509
-13.500,-13.350,-19.050,0.307,0.997,9.356
-13.800,-13.950,-19.650,0.307,0.920,9.586
-13.950,-13.500,-19.200,0.307,0.920,9.663
-13.650,-12.600,-18.750,0.307,0.920,9.586
-13.050,-13.800,-19.500,0.230,0.920,9.663
-13.350,-13.350,-18.600,0.307,0.920,9.586
-13.050,-13.500,-19.050,0.383,0.920,9.433
-13.500,-13.350,-18.900,0.307,0.997,9.509
-13.050,-14.100,-19.050,0.383,0.997,9.433
-12.900,-12.900,-18.750,0.307,0.920,9.739
-13.050,-13.650,-19.200,0.230,1.074,9.586
-12.900,-13.650,-19.650,0.307,0.920,9.509
-13.350,-13.800,-18.600,0.383,0.920,9.586
-13.050,-13.200,-19.650,0.383,0.767,9.586
-12.750,-13.200,-19.050,0.230,1.074,9.509
-13.350,-13.200,-19.500,0.307,0.920,9.663
-13.650,-13.200,-19.350,0.383,0.920,9.816
-12.450,-12.600,-19.200,0.077,0.997,9.586
-12.600,-13.350,-18.900,0.307,0.997,9.509
-13.650,-14.250,-18.900,0.307,0.920,9.509
-13.200,-13.800,-18.750,0.307,0.920,9.509
-13.050,-14.100,-19.200,0.383,0.844,9.586
-13.650,-14.250,-19.050,0.307,0.920,9.663
-13.200,-13.050,-18.900,0.383,0.920,9.509
-12.750,-13.500,-19.350,0.307,0.920,9.586
-12.450,-13.350,-18.450,0.307,1.074,9.893
-13.500,-13.500,-18.900,0.383,0.920,9.663
-13.650,-13.350,-18.750,0.307,0.920,9.509
-13.200,-13.050,-19.050,0.383,0.844,9.509
-12.750,-13.050,-19.500,0.307,0.997,9.509
-12.900,-14.100,-19.350,0.307,0.844,9.509
-12.750,-13.350,-19.050,0.460,1.074,9.509
-13.200,-13.800,-18.300,0.383,0.997,9.586
-12.300,-12.600,-19.500,0.307,0.920,9.586
-13.200,-13.350,-19.650,0.383,1.074,9.663
-13.050,-13.650,-18.300,0.460,0.920,9.509
-13.350,-14.400,-18.750,0.460,0.997,9.586
-13.650,-13.500,-19.800,0.383,0.844,9.663
-12.900,-13.200,-19.200,0.460,0.997,9.586
-13.650,-14.250,-19.950,0.614,1.074,9.663
-13.350,-12.600,-19.650,0.614,1.150,9.663
-12.450,-12.900,-20.100,0.690,0.920,9.663
-13.050,-12.150,-18.900,0.614,1.074,9.586
-12.450,-10.800,-19.050,0.690,0.997,9.663
-11.400,-10.500,-19.200,0.460,1.074,9.509
-12.600,-9.750,-19.050,-0.077,1.074,9.739
-11.250,-8.700,-18.900,-0.077,0.537,9.433
-10.050,-8.700,-20.550,0.307,0.767,8.972
-10.800,-8.700,-20.550,0.000,0.844,9.586
-9.450,-9.150,-21.300,-0.997,0.767,9.586
-9.300,-8.850,-20.700,0.614,0.460,9.433
-9.300,-8.400,-20.100,-0.230,1.150,9.816
-9.600,-8.700,-21.600,0.077,0.844,9.509
-10.950,-9.150,-20.850,0.077,0.997,9.663
-10.200,-9.300,-20.550,0.153,0.690,9.356
-9.000,-9.900,-20.400,0.000,1.074,9.586
-9.750,-8.850,-20.100,0.230,0.844,9.663
-9.900,-9.750,-20.700,0.077,0.920,9.586
-8.550,-9.900,-20.400,0.077,0.920,9.509
-9.600,-9.450,-20.700,0.153,0.844,9.663
-10.050,-8.850,-20.250,0.077,0.920,9.663
-9.900,-9.300,-20.550,0.153,0.844,9.586
-10.500,-9.450,-20.700,0.077,0.844,9.586
-10.800,-9.300,-21.150,0.153,0.920,9.739
-9.150,-8.850,-20.700,0.153,0.920,9.586
-10.500,-9.750,-19.800,0.077,0.920,9.586
-9.750,-9.150,-20.400,0.077,1.074,9.509
-10.650,-9.450,-20.850,0.077,0.920,9.509
-9.300,-10.050,-21.000,0.153,0.997,9.586
-9.900,-9.300,-19.950,0.000,0.920,9.663
-9.900,-8.700,-21.000,0.000,0.920,9.279
-9.600,-9.000,-20.850,0.077,0.920,9.663
-9.900,-9.000,-21.300,0.077,0.997,9.509
-9.600,-8.850,-20.700,0.153,0.920,9.739
-10.500,-8.850,-21.150,0.153,0.844,9.663
-9.450,-8.700,-21.300,0.153,0.997,9.356
-9.900,-9.750,-20.550,0.077,0.920,9.663
-9.900,-8.700,-21.300,0.077,0.920,9.509
-9.450,-9.450,-20.700,0.077,0.997,9.663
-9.300,-9.000,-21.150,0.077,0.920,9.586
-9.150,-8.850,-21.300,0.153,0.920,9.586
-10.200,-9.450,-21.150,0.153,0.997,9.586
-9.750,-9.600,-20.250,0.153,0.997,9.509
-9.750,-9.300,-20.550,0.153,0.997,9.509
-9.600,-9.900,-21.600,0.077,0.920,9.509
-9.900,-9.300,-20.400,0.077,0.920,9.433
-10.650,-9.600,-19.950,0.077,0.920,9.586
-9.300,-9.300,-20.250,-0.077,0.997,9.663
-10.200,-9.150,-20.250,0.077,0.844,9.586
-11.250,-9.450,-20.250,0.153,1.074,9.663
-11.250,-10.650,-20.850,0.230,1.227,9.586
-10.050,-10.200,-20.550,0.153,0.920,9.509
-10.350,-10.050,-21.000,0.077,0.920,9.586
-10.350,-10.200,-19.950,0.077,0.997,9.969
-10.950,-10.800,-20.700,0.153,1.074,9.509
-10.350,-10.350,-20.100,0.077,1.150,9.816
-11.100,-11.100,-20.700,0.153,0.997,9.586
-10.800,-12.000,-20.550,0.307,1.074,9.739
-12.150,-10.500,-20.850,0.230,1.074,9.586
-11.400,-10.650,-21.000,0.000,0.920,9.433
-11.250,-10.500,-20.100,0.153,0.997,9.586
-10.500,-11.100,-20.400,0.230,1.074,9.586
-11.250,-11.250,-20.400,0.000,0.920,9.739
-11.250,-11.100,-20.100,0.077,0.997,9.509
-10.050,-10.200,-20.550,0.153,0.997,9.663
-10.200,-11.250,-20.850,0.077,0.997,9.586
-11.250,-10.350,-21.000,0.153,0.997,9.663
-11.250,-11.400,-20.550,0.000,0.920,9.663
-10.500,-11.700,-20.550,0.077,0.920,9.586
-10.350,-10.500,-20.250,0.077,0.997,9.663
-10.350,-10.200,-20.100,0.230,0.997,9.663
-10.950,-10.200,-20.250,0.153,0.997,9.816
-10.500,-10.650,-20.400,0.153,0.997,9.586
-9.750,-10.050,-20.700,0.000,0.997,9.509
-10.800,-10.800,-21.150,0.153,0.997,9.586
-9.300,-10.950,-19.950,0.153,1.074,9.433
-10.800,-10.500,-20.550,0.077,0.844,9.509
-10.200,-10.350,-20.400,0.077,0.997,9.663
-11.250,-10.800,-20.100,0.077,0.920,9.356
-10.500,-10.800,-21.150,0.077,0.690,9.586
-10.350,-10.950,-20.550,0.077,1.074,9.356
-10.350,-10.650,-20.550,0.077,0.997,9.509
-10.200,-11.400,-19.950,0.153,0.997,9.586
-10.350,-10.500,-19.950,0.153,0.920,9.739
-10.950,-10.650,-20.100,0.153,0.997,9.509
-10.350,-10.950,-19.950,0.153,0.920,9.586
-10.950,-10.500,-20.550,0.153,0.997,9.586
-10.050,-10.350,-20.100,0.077,1.150,9.279
-10.650,-10.500,-20.850,0.230,0.920,9.433
-10.500,-10.800,-20.550,0.153,0.920,9.663
-10.200,-11.250,-20.100,0.153,1.074,9.663
-11.250,-10.200,-20.250,0.153,0.997,9.509
-10.950,-10.050,-20.400,0.077,0.997,9.663
-11.100,-10.500,-20.700,0.077,0.997,9.739
-11.850,-10.950,-20.700,0.230,0.920,9.586
-10.650,-11.400,-20.100,0.153,1.074,9.586
-11.250,-10.500,-21.000,0.153,0.844,9.969
-11.400,-10.650,-20.250,0.077,0.997,9.586
-10.350,-10.650,-20.700,0.230,1.074,9.586
-10.950,-10.200,-20.250,0.077,0.920,9.586
-10.950,-11.250,-20.550,0.230,0.997,9.663
-11.100,-10.050,-20.550,0.230,1.074,9.586
-10.350,-10.200,-21.300,0.307,0.844,9.586
-10.350,-10.950,-19.950,0.230,0.920,9.586
-10.650,-9.900,-20.550,0.230,0.920,9.663
-10.950,-9.300,-20.850,0.230,0.997,9.586
-9.000,-9.150,-20.850,0.077,0.767,9.739
-9.000,-8.400,-20.850,-0.077,0.920,9.586
-8.100,-8.250,-21.600,0.230,0.844,9.586
-7.800,-6.300,-21.450,0.077,1.074,9.586
-6.900,-5.850,-21.150,-0.230,0.997,9.509
-6.000,-6.150,-22.050,-0.230,0.844,9.663
-5.400,-5.400,-23.100,-0.230,0.920,9.739
-6.150,-4.950,-21.750,-0.230,0.614,9.509
-5.100,-5.100,-21.750,-0.077,0.997,9.509
-4.950,-3.450,-21.600,-0.230,0.767,9.586
-5.100,-3.750,-21.750,-0.077,0.997,9.509
-4.950,-4.800,-22.050,-0.153,0.997,9.356
-5.100,-4.350,-21.750,-0.077,0.767,9.509
-5.550,-3.600,-22.200,0.153,0.844,9.663
-4.800,-4.650,-22.650,0.077,0.997,9.663
-5.250,-4.350,-21.450,0.000,0.844,9.586
-5.250,-4.950,-22.200,0.077,0.997,9.509
-4.950,-4.500,-21.150,0.077,0.844,9.356
-5.250,-3.600,-21.300,0.077,1.074,9.586
-5.100,-4.200,-21.450,0.000,0.844,9.509
-5.250,-4.200,-21.450,0.000,0.844,9.586
-4.800,-5.100,-21.450,0.000,0.920,9.586
-4.500,-5.100,-21.150,0.077,0.920,9.586
-5.400,-5.250,-21.450,0.077,0.997,9.586
-5.700,-3.750,-21.750,0.000,0.920,9.586
-4.350,-4.650,-22.050,0.077,1.074,9.509
-5.100,-4.650,-21.150,0.000,0.844,9.586
-5.400,-4.650,-22.050,0.077,0.920,9.663
-4.650,-4.350,-22.500,0.077,0.844,9.663
-4.800,-4.650,-21.750,0.077,0.997,9.586
-5.550,-4.050,-22.050,0.077,0.997,9.509
-5.100,-4.950,-22.800,-0.077,0.997,9.663
-4.650,-5.100,-22.650,0.000,0.997,9.509
-5.250,-3.600,-21.450,0.077,0.920,9.663
-4.800,-3.600,-21.900,0.153,1.150,9.433
-4.800,-3.600,-21.600,0.000,0.997,9.586
-5.850,-4.200,-22.350,0.000,0.844,9.509
-4.950,-4.650,-21.300,0.077,0.844,9.663
-5.400,-4.350,-22.050,0.000,0.997,9.739
-4.950,-4.800,-22.650,-0.077,0.920,9.663
-5.100,-4.350,-22.350,0.077,0.997,9.663
-5.250,-4.350,-21.900,0.000,0.920,9.586
-5.250,-4.500,-21.750,0.000,0.844,9.663
-5.100,-4.650,-21.750,0.230,0.767,9.816
-5.250,-3.900,-22.050,0.077,0.920,9.663
-5.550,-4.200,-21.450,-0.077,0.997,9.663
-4.800,-3.900,-21.750,0.000,0.920,9.509
-4.800,-3.900,-21.600,0.000,0.997,9.586
-4.950,-4.650,-22.050,0.077,0.920,9.663
-5.100,-4.050,-22.350,-0.077,0.920,9.586
-5.100,-4.650,-22.200,0.000,0.920,9.356
-4.800,-4.200,-22.050,0.000,0.844,9.509
-4.950,-3.300,-21.150,0.077,0.920,9.586
-4.500,-5.100,-22.050,0.000,0.844,9.509
-6.000,-4.350,-22.650,0.077,0.844,9.509
-4.950,-4.050,-21.900,0.077,1.074,9.586
-5.100,-4.500,-22.200,0.077,1.074,9.663
-5.100,-3.600,-22.650,0.153,0.920,9.663
-4.200,-3.900,-22.350,0.153,0.997,9.586
-4.050,-4.050,-22.200,0.307,1.074,9.663
-3.600,-2.850,-22.350,0.230,0.920,9.663
-2.550,-2.550,-22.500,0.153,1.074,9.433
-1.650,-2.550,-22.200,-0.307,1.074,9.663
-0.900,-1.650,-22.650,-0.230,0.920,9.509
-1.200,-1.800,-22.650,-0.307,0.767,9.509
-0.450,-1.650,-22.650,-0.153,0.997,9.663
-0.600,-0.900,-22.650,0.000,0.920,9.433
0.300,-1.200,-22.800,0.153,0.997,9.586
0.000,-1.800,-23.250,0.077,1.074,9.356
-0.450,-1.200,-22.050,0.153,0.920,9.433
-1.050,-1.800,-22.800,0.077,0.997,9.279
-0.150,-1.950,-22.950,0.153,0.920,9.509
-0.150,-2.400,-23.250,0.153,0.997,9.509
-0.450,-1.050,-22.200,0.077,0.920,9.509
-0.300,-0.450,-23.250,0.153,0.920,9.586
-0.150,-1.500,-22.050,0.153,0.920,9.663
-1.350,-1.350,-22.950,0.000,1.074,9.586
-0.900,-1.350,-23.250,0.077,1.074,9.509
-0.150,-1.650,-22.500,0.000,1.074,9.739
0.150,-1.350,-22.350,0.000,0.997,9.586
-0.300,-1.800,-23.100,0.307,0.997,9.509
-0.300,-1.200,-22.950,0.230,0.920,9.509
0.000,-1.350,-22.950,0.153,0.920,9.586
0.000,-1.950,-22.500,0.153,0.920,9.663
0.150,-1.950,-22.800,0.077,0.997,9.586
-0.150,-1.050,-22.350,0.077,1.074,9.509
-0.300,-1.350,-23.550,0.077,0.920,9.663
-0.150,-1.950,-23.550,0.153,0.920,9.586
-0.750,-1.650,-22.650,0.077,0.920,9.279
0.750,-2.100,-22.500,0.077,0.997,9.663
-0.150,-1.200,-22.350,0.077,1.074,9.663
0.150,-0.300,-22.650,0.153,0.997,9.586
-0.300,-1.050,-22.650,0.153,0.920,9.433
0.150,-2.250,-22.500,0.153,0.920,9.586
-0.150,-1.350,-22.800,0.077,0.997,9.586
0.750,-0.750,-22.050,0.153,0.997,9.356
-0.450,-1.050,-23.250,0.230,0.920,9.433
-0.450,-1.200,-22.950,0.077,0.997,9.586
0.000,-1.200,-23.850,0.153,0.997,9.663
0.150,-1.500,-22.500,0.077,0.920,9.663
0.000,-1.350,-22.350,0.153,0.920,9.739
-0.900,-0.750,-23.250,0.000,0.844,9.663
-0.150,-1.200,-22.500,0.153,0.997,9.586
0.150,-1.050,-21.900,0.153,0.920,9.509
0.300,-1.500,-22.650,0.153,0.997,10.276
0.150,-0.900,-22.800,0.000,0.997,9.586
-0.750,-1.650,-22.650,0.000,0.997,9.739
0.300,-0.750,-22.800,0.153,0.997,9.586
-0.300,-1.350,-22.050,0.077,0.997,9.586
-0.150,-1.050,-22.350,0.000,0.997,9.509
-0.150,-0.900,-22.200,0.077,0.920,9.509
-0.150,-1.500,-22.950,0.153,0.920,9.663
0.300,-1.200,-22.800,0.077,0.997,9.586
-0.450,-1.350,-22.500,0.077,0.920,9.739
-0.300,-1.650,-22.650,0.000,0.920,9.663
-0.450,-1.050,-23.250,0.077,0.997,9.279
-1.050,-1.350,-22.500,0.077,0.920,9.356
0.000,-1.650,-22.200,0.307,0.920,9.586
0.150,-1.500,-22.500,0.230,0.920,9.433
-0.150,-1.650,-22.950,0.307,0.997,9.586
0.000,-1.500,-22.800,0.307,0.997,9.663
0.300,-1.200,-22.350,0.460,0.920,9.586
1.050,-1.350,-22.650,0.383,1.074,9.739
1.800,-0.450,-22.950,0.383,1.074,9.816
2.850,-0.150,-23.700,0.153,1.150,9.509
3.750,0.150,-22.950,0.077,0.844,9.586
4.800,0.000,-23.850,0.077,1.150,9.586
6.300,-0.600,-22.500,-0.153,0.920,9.586
6.300,-0.450,-22.800,-0.077,0.844,9.509
6.750,-0.300,-22.650,0.000,0.844,9.663
6.150,0.600,-22.350,0.307,0.844,9.356
7.200,0.000,-23.400,0.153,0.997,9.509
6.900,0.300,-22.800,0.000,0.844,9.816
6.750,0.900,-23.100,0.307,0.844,9.663
7.050,-0.150,-22.950,0.307,0.920,9.509
6.900,1.050,-23.100,0.230,0.844,9.586
6.150,0.600,-23.550,0.307,0.920,9.663
6.450,0.450,-23.700,0.153,0.997,9.586
6.900,0.000,-23.550,0.307,0.997,9.509
7.050,-0.600,-23.550,0.307,0.997,9.586
6.750,0.150,-23.100,0.383,0.997,9.663
6.750,0.300,-23.250,0.230,1.074,9.433
6.900,0.750,-22.350,0.307,1.074,9.663
7.050,-0.600,-23.550,0.307,0.844,9.509
6.750,0.450,-22.950,0.383,0.997,9.509
6.750,1.200,-22.650,0.307,1.074,9.586
7.050,0.300,-22.650,0.230,0.920,9.586
6.750,0.600,-22.800,0.307,0.920,9.586
6.750,1.050,-22.500,0.153,0.997,9.663
6.600,-0.150,-23.400,0.307,1.074,9.739
7.350,-0.450,-22.200,0.307,1.074,9.433
6.750,0.000,-22.500,0.460,0.920,9.509
7.500,0.000,-23.100,0.230,0.844,9.586
6.900,0.450,-22.650,0.153,0.997,9.663
6.600,0.750,-22.950,0.230,0.844,9.433
6.450,-0.300,-23.400,0.307,0.920,9.586
6.300,0.450,-22.500,0.230,0.997,9.663
7.350,0.150,-22.800,0.307,0.920,9.279
7.350,0.300,-23.250,0.153,0.920,9.279
6.450,0.450,-22.950,0.000,0.920,9.739
7.350,0.300,-23.400,0.153,0.844,9.586
7.050,0.600,-22.950,0.307,0.920,9.663
7.050,0.300,-22.950,0.230,0.844,9.739
7.650,0.000,-22.950,0.230,0.920,9.586
6.600,0.300,-23.100,0.230,0.920,9.433
7.050,0.450,-22.050,0.307,0.844,9.663
6.750,0.000,-23.100,0.307,0.844,9.663
7.200,0.000,-23.700,0.307,0.920,9.356
7.200,0.450,-22.950,0.230,0.844,9.509
7.200,0.000,-23.100,0.230,0.997,9.586
7.350,0.000,-22.800,0.153,0.997,9.586
7.650,0.450,-23.250,0.230,0.997,9.586
7.350,0.450,-23.550,0.383,0.997,9.663
6.150,-0.150,-22.800,0.230,0.920,9.433
6.900,0.000,-23.100,0.230,0.920,9.663
7.500,0.300,-22.950,0.307,0.997,9.663
7.200,0.000,-22.800,0.383,0.920,9.586
6.600,0.150,-22.950,0.307,0.920,9.663
6.450,0.300,-23.550,0.537,1.074,9.509
7.950,0.150,-22.950,0.614,1.074,9.509
8.550,0.750,-22.950,0.537,1.074,9.586
8.850,0.450,-23.250,0.614,1.074,9.509
10.950,0.300,-22.950,0.383,1.074,9.509
11.400,0.000,-23.100,0.230,0.997,9.509
11.700,-0.150,-23.850,0.000,0.767,9.586
12.900,-0.450,-22.200,0.077,0.920,9.433
13.650,0.450,-22.950,0.230,0.844,9.356
12.450,0.000,-24.150,0.537,0.767,9.509
12.300,0.000,-23.250,0.230,0.767,9.586
12.600,0.300,-22.350,0.537,0.920,9.433
12.300,0.150,-22.650,0.460,0.920,9.586
12.900,0.300,-22.800,0.383,0.920,9.509
13.350,0.000,-23.100,0.383,0.920,9.586
12.750,0.000,-23.550,0.460,1.150,9.586
12.150,0.600,-22.500,0.537,0.920,9.356
12.900,0.150,-22.650,0.307,0.844,9.586
12.150,0.000,-22.050,0.460,0.844,9.586
12.300,0.150,-23.250,0.537,0.844,9.509
13.050,0.750,-21.750,0.383,0.920,9.586
12.300,0.000,-23.250,0.460,0.920,9.739
12.750,0.000,-23.550,0.383,0.920,9.663
13.050,-0.600,-23.100,0.383,0.844,9.586
12.450,-0.150,-22.950,0.460,0.844,9.739
13.050,0.000,-22.650,0.460,0.844,9.433
12.750,0.000,-23.400,0.307,0.767,9.893
13.200,-0.300,-22.800,0.383,0.690,9.433
12.300,0.600,-23.250,0.460,0.690,9.356
12.300,0.900,-23.400,0.383,0.844,9.663
12.150,-0.450,-22.950,0.383,0.844,9.586
12.450,-0.600,-23.250,0.383,0.844,9.586
13.050,0.000,-23.250,0.307,0.767,9.586
13.200,-0.300,-22.650,0.383,0.844,9.586
12.600,0.000,-23.550,0.230,0.767,9.586
12.750,0.300,-22.500,0.460,0.920,9.586
12.600,-0.450,-22.800,0.537,0.920,10.046
12.450,0.000,-23.100,0.460,0.614,9.586
12.900,0.150,-22.800,0.383,0.920,9.893
12.300,0.000,-23.700,0.383,0.844,9.586
12.450,0.000,-23.550,0.383,0.844,9.739
12.750,-0.600,-22.650,0.383,0.920,9.509
13.050,0.000,-22.800,0.460,0.767,9.586
12.900,0.150,-22.950,0.383,0.920,9.663
12.300,0.450,-23.400,0.230,0.844,9.739
12.750,0.300,-23.550,0.307,0.997,9.663
11.850,-0.900,-23.100,0.460,0.997,9.663
12.000,0.600,-23.250,0.383,0.844,9.663
12.600,0.000,-23.250,0.307,0.844,9.509
12.300,0.300,-22.800,0.460,0.844,9.586
12.750,0.000,-23.250,0.383,0.920,9.663
12.900,0.000,-22.800,0.307,0.997,9.509
12.150,0.600,-22.500,0.383,0.920,9.509
12.000,0.000,-22.950,0.460,0.844,9.586
12.150,-0.150,-22.800,0.307,0.920,9.969
12.450,0.300,-23.550,0.383,0.767,9.663
12.450,0.300,-22.800,0.383,0.844,9.433
12.150,-0.150,-23.100,0.307,0.997,9.509
12.750,0.150,-22.800,0.383,0.844,9.586
13.200,-0.300,-22.800,0.307,0.767,9.586
12.000,0.150,-23.400,0.614,0.767,9.509
11.850,-0.300,-23.250,0.690,0.997,9.969
12.300,0.900,-22.350,1.074,0.997,9.509
13.050,-0.150,-23.400,1.457,0.844,9.816
15.300,-0.900,-23.400,0.844,0.997,9.433
17.100,-1.950,-22.650,-0.537,1.994,9.969
17.550,-3.000,-23.400,0.230,1.074,9.739
19.200,-1.800,-22.950,0.153,0.307,9.509
20.100,-3.300,-22.650,0.077,1.227,9.663
20.550,-3.150,-23.700,0.230,0.614,9.356
19.800,-4.500,-22.950,0.383,0.537,9.203
20.400,-3.450,-22.800,0.307,1.074,9.663
18.600,-3.300,-23.100,0.690,0.537,9.509
19.800,-3.600,-22.650,0.460,0.844,9.586
19.350,-3.600,-22.800,0.767,0.844,9.586
19.350,-3.000,-22.950,0.537,0.614,9.586
19.350,-3.600,-23.400,0.690,0.997,9.663
20.100,-2.700,-23.100,0.460,0.767,9.586
18.450,-3.150,-22.500,0.537,0.767,8.896
19.050,-3.450,-22.200,0.690,0.920,9.663
18.600,-2.550,-22.500,0.614,0.614,9.663
19.200,-2.400,-24.150,0.537,0.767,9.739
19.050,-2.850,-23.100,0.614,0.844,9.586
18.750,-1.800,-22.800,0.460,0.690,9.433
17.850,-2.250,-22.200,0.537,0.844,9.586
18.300,-3.000,-22.500,0.614,0.767,9.816
19.050,-2.400,-22.650,0.537,0.920,9.586
18.750,-2.700,-22.800,0.537,0.767,9.586
17.850,-2.550,-23.400,0.537,0.767,9.586
17.550,-2.550,-22.650,0.537,0.920,9.509
18.300,-2.400,-23.850,0.460,0.767,9.509
18.600,-2.250,-23.850,0.537,0.690,9.586
18.000,-3.000,-23.250,0.537,0.920,9.586
17.550,-2.400,-22.800,0.537,0.920,9.739
18.750,-1.950,-22.350,0.537,0.690,9.586
19.050,-1.950,-22.800,0.537,0.920,9.509
18.600,-3.000,-22.950,0.690,0.844,9.509
18.750,-2.700,-23.550,0.537,0.614,9.509
18.450,-2.100,-22.650,0.383,0.844,9.356
18.150,-2.250,-23.550,0.537,0.690,9.663
18.300,-3.300,-23.100,0.614,0.844,9.586
18.450,-1.950,-23.100,0.614,0.920,9.586
18.150,-2.850,-23.250,0.614,0.844,9.586
18.300,-2.400,-22.950,0.537,0.997,9.586
18.150,-2.850,-23.550,0.614,0.767,9.433
18.900,-2.850,-23.550,0.537,0.844,9.663
17.850,-2.100,-22.650,0.767,0.767,9.433
18.750,-2.850,-23.100,0.537,0.920,9.586
18.300,-2.400,-23.400,0.537,0.844,9.663
18.000,-2.100,-22.650,0.460,0.844,9.509
18.150,-2.250,-23.400,0.460,0.767,9.586
18.450,-2.700,-23.850,0.537,0.844,9.663
17.550,-2.550,-23.250,0.537,0.767,9.509
18.150,-2.400,-22.650,0.690,0.690,9.509
18.000,-1.950,-23.400,0.537,0.844,9.203
18.900,-2.250,-22.950,0.460,0.767,9.586
19.050,-2.550,-23.400,0.614,0.844,9.663
19.050,-1.650,-23.100,0.537,0.920,9.663
17.850,-2.400,-23.100,0.537,0.997,9.586
18.900,-2.100,-22.950,0.537,0.767,9.663
18.450,-2.550,-23.100,0.614,0.844,9.433
18.150,-2.550,-23.100,0.614,0.690,9.739
18.600,-2.400,-23.100,0.537,0.767,9.739
18.300,-2.400,-22.650,0.383,0.844,9.509
18.900,-1.950,-23.100,0.460,0.844,9.586
18.000,-1.950,-23.100,0.614,0.767,9.586
18.000,-2.250,-22.050,0.460,0.844,9.356
18.300,-2.550,-23.550,0.230,0.690,9.586
18.300,-3.300,-23.250,0.460,0.767,9.586
18.750,-2.100,-22.800,0.537,0.844,9.739
17.850,-2.550,-22.500,0.767,0.767,9.586
18.000,-3.150,-23.700,0.767,1.074,9.586
19.050,-2.700,-22.500,0.844,0.844,9.739
19.050,-3.750,-23.550,0.767,0.767,9.739
20.400,-3.300,-23.100,0.767,0.997,9.509
20.700,-4.050,-23.250,0.844,0.767,9.509
21.150,-4.500,-22.950,0.767,0.920,9.586
21.600,-5.400,-22.350,0.844,0.844,9.356
22.950,-6.600,-22.500,0.460,0.690,9.586
23.250,-5.850,-22.200,0.307,0.614,9.739
24.150,-6.450,-22.950,0.383,0.383,9.663
24.150,-7.500,-23.100,0.230,0.844,9.586
25.050,-7.200,-22.200,-0.920,0.690,9.663
25.050,-6.150,-22.350,0.920,0.383,9.509
24.900,-6.750,-22.800,0.153,1.074,9.739
24.900,-7.200,-22.500,0.460,0.844,9.586
24.300,-6.750,-21.900,0.307,0.614,9.663
24.750,-6.150,-21.900,0.307,0.844,9.663
24.000,-6.450,-22.200,0.383,0.767,9.356
24.150,-6.600,-22.650,0.230,1.150,9.356
24.150,-6.600,-21.750,0.537,0.767,9.433
24.750,-6.450,-22.200,0.383,0.767,9.663
24.450,-7.050,-22.500,0.230,0.920,9.663
24.150,-6.900,-21.900,0.460,0.767,9.509
25.650,-6.900,-22.350,0.153,0.767,9.663
24.900,-6.600,-22.200,0.383,0.614,9.586
24.600,-6.000,-21.750,0.307,0.767,9.509
25.200,-6.900,-22.650,0.383,0.767,9.203
24.450,-6.900,-21.750,0.307,0.690,9.509
24.150,-7.500,-21.450,0.230,0.690,9.663
24.750,-6.750,-23.100,0.383,0.614,9.509
24.450,-7.050,-21.150,0.383,0.767,9.586
25.500,-7.350,-21.750,0.383,0.767,9.663
24.600,-7.500,-22.650,0.307,0.767,9.663
24.900,-6.750,-22.200,0.383,0.920,9.969
25.800,-5.850,-21.750,0.307,0.767,9.663
24.900,-6.000,-22.050,0.460,0.767,9.509
24.600,-6.450,-22.500,0.307,0.767,9.663
25.050,-5.700,-21.750,0.383,0.690,9.586
23.850,-6.000,-22.050,0.307,0.690,9.663
24.750,-7.500,-22.800,0.383,0.844,9.509
24.000,-6.000,-22.200,0.383,0.844,9.586
23.700,-7.200,-22.500,0.230,0.690,9.663
24.150,-6.900,-21.900,0.307,0.844,9.509
24.300,-6.750,-22.500,0.307,0.690,9.279
24.450,-6.750,-22.050,0.383,0.767,9.433
24.450,-6.750,-22.050,0.307,0.767,9.586
23.550,-6.450,-22.050,0.383,0.767,9.586
25.200,-6.450,-22.350,0.383,0.767,9.509
24.000,-7.050,-21.600,0.383,0.920,9.586
25.050,-6.300,-21.900,0.307,0.844,9.509
25.500,-6.000,-22.650,0.383,0.690,9.586
24.450,-6.150,-22.200,0.383,0.844,9.356
25.650,-6.300,-22.200,0.537,0.767,9.433
24.300,-7.350,-22.800,0.307,0.690,9.663
24.000,-6.150,-22.500,0.383,0.767,9.586
23.550,-6.300,-22.050,0.307,0.767,9.663
24.750,-6.450,-22.350,0.383,0.767,9.586
23.550,-7.200,-22.200,0.307,0.844,9.586
24.450,-6.600,-22.350,0.307,0.767,9.509
24.750,-6.300,-22.500,0.307,0.690,9.586
24.300,-6.150,-22.350,0.383,0.844,9.433
24.000,-6.150,-21.900,0.307,0.767,9.586
24.300,-7.050,-22.650,0.307,0.767,9.586
24.900,-7.050,-22.200,0.307,0.767,9.586
24.150,-7.050,-21.900,0.307,0.844,9.509
23.850,-7.050,-22.350,0.383,0.844,9.586
24.600,-7.500,-22.800,0.307,0.844,9.586
25.500,-7.050,-21.750,0.230,0.767,9.509
24.000,-7.050,-23.100,0.383,0.614,9.663
23.850,-7.350,-21.900,0.614,0.920,9.433
24.900,-6.750,-22.050,0.614,0.767,9.816
25.200,-7.200,-22.500,0.614,0.844,9.663
24.900,-8.100,-22.650,0.537,0.844,9.586
25.950,-7.950,-22.350,0.460,0.767,9.663
26.100,-8.550,-22.050,0.460,0.844,9.739
26.400,-9.300,-21.750,0.537,0.920,9.586
27.900,-9.900,-21.300,0.460,0.844,9.509
28.500,-10.800,-21.450,-0.460,0.153,9.049
29.100,-11.700,-21.450,0.153,0.920,9.739
28.500,-12.900,-20.700,-0.307,0.614,9.663
29.700,-12.000,-20.700,0.000,0.383,9.509
29.100,-13.200,-19.950,-0.153,0.997,9.739
30.150,-12.750,-20.850,0.000,0.383,9.586
29.400,-12.300,-20.700,0.077,0.537,9.663
29.550,-12.150,-20.850,0.153,0.767,9.969
29.100,-12.300,-20.700,0.077,0.537,9.586
29.700,-13.350,-21.300,0.077,0.614,9.433
29.250,-12.300,-20.850,0.077,0.614,9.739
30.150,-12.900,-20.400,0.077,0.614,9.509
28.650,-13.050,-21.450,0.077,0.767,9.586
28.650,-12.600,-20.700,0.077,0.537,9.509
29.250,-13.050,-21.150,0.230,0.690,9.586
28.050,-13.050,-20.100,0.077,0.614,9.509
30.300,-12.000,-20.550,0.230,0.537,9.663
29.700,-13.950,-20.400,0.153,0.614,9.739
29.400,-12.300,-20.700,0.153,0.614,9.586
29.250,-13.950,-20.100,0.230,0.690,9.509
29.700,-12.600,-20.550,0.230,0.614,9.663
28.950,-12.750,-20.850,0.153,0.614,9.509
29.700,-13.200,-20.400,0.153,0.537,9.739
29.850,-12.900,-20.550,0.077,0.460,9.663
29.400,-12.900,-20.700,0.153,0.614,9.663
28.950,-12.300,-21.000,0.077,0.690,9.816
28.950,-13.200,-20.850,0.077,0.614,9.356
29.550,-12.750,-20.550,0.230,0.614,9.586
29.850,-12.900,-20.550,0.153,0.537,9.586
29.400,-12.600,-19.950,0.077,0.537,9.663
29.850,-13.500,-20.700,0.230,0.690,9.586
29.400,-12.300,-21.450,0.153,0.614,9.663
29.550,-12.000,-19.950,0.077,0.614,9.509
29.100,-13.500,-20.550,0.153,0.690,9.739
29.250,-13.500,-19.800,0.230,0.767,9.663
30.300,-12.450,-20.400,0.077,0.460,9.663
28.800,-12.600,-20.700,0.077,0.614,9.586
28.200,-11.850,-20.250,0.000,0.767,9.586
28.950,-12.150,-20.550,0.077,0.614,9.739
29.700,-13.050,-20.250,0.153,0.614,9.663
29.550,-12.750,-20.700,0.153,0.537,9.279
29.700,-13.500,-20.400,0.077,0.537,9.663
28.650,-12.000,-20.100,0.153,0.614,9.663
28.500,-12.750,-19.950,0.153,0.614,9.586
29.100,-13.050,-19.950,0.153,0.614,9.663
28.950,-12.900,-21.300,0.153,0.537,9.663
28.800,-12.300,-20.100,0.230,0.614,9.663
28.950,-12.750,-20.850,0.153,0.614,9.586
28.800,-11.850,-20.700,0.000,0.537,9.586
28.650,-12.600,-20.250,0.153,0.537,9.663
29.700,-12.600,-20.550,0.153,0.537,9.509
28.950,-13.050,-21.300,0.077,0.614,9.586
29.100,-12.600,-21.150,0.230,0.537,9.509
27.900,-11.850,-20.100,0.153,0.537,9.816
29.100,-12.450,-20.400,0.230,0.614,9.739
28.950,-12.600,-20.700,0.077,0.537,9.663
28.800,-13.200,-20.850,0.230,0.537,9.663
28.650,-13.350,-20.850,0.153,0.614,9.509
29.850,-12.600,-20.250,0.153,0.690,9.663
29.550,-12.000,-20.550,0.153,0.767,9.893
30.150,-13.050,-21.000,0.077,0.767,9.739
29.100,-12.750,-20.250,0.153,0.614,9.586
28.500,-11.850,-21.000,0.077,0.460,9.433
29.550,-12.600,-20.550,0.230,0.690,9.663
29.400,-13.800,-20.550,0.383,0.614,9.816
29.250,-13.500,-19.950,0.077,0.537,9.586
29.700,-13.950,-19.800,0.230,0.537,9.739
29.700,-14.700,-19.500,0.230,0.690,9.586
29.550,-15.450,-20.400,-0.153,0.537,9.586
29.850,-15.900,-20.550,-0.230,0.460,9.663
30.900,-16.650,-21.000,-0.153,0.614,9.663
28.650,-16.200,-19.800,0.077,0.460,9.663
30.300,-16.500,-19.950,0.230,0.537,9.816
30.150,-16.950,-20.100,0.077,0.690,9.586
29.250,-16.500,-20.400,0.077,0.614,9.509
29.700,-15.900,-20.700,0.153,0.690,9.509
30.150,-15.900,-19.950,0.000,0.537,9.739
30.450,-15.300,-20.700,0.153,0.690,9.663
30.300,-16.050,-20.250,0.077,0.537,9.586
30.000,-16.950,-19.950,0.153,0.690,9.663
30.900,-16.800,-21.000,0.000,0.614,9.663
30.600,-16.050,-21.000,0.077,0.537,9.663
30.150,-16.050,-19.650,0.077,0.537,9.586
30.450,-16.350,-20.850,0.077,0.537,9.586
29.850,-15.750,-19.950,0.230,0.690,9.586
30.450,-16.200,-20.100,0.153,0.460,9.663
30.150,-16.350,-20.550,0.153,0.690,9.663
29.400,-15.600,-19.800,0.077,0.614,9.586
30.450,-16.650,-19.950,0.077,0.614,9.509
30.300,-16.200,-20.400,0.077,0.614,9.586
30.000,-16.200,-19.950,0.153,0.614,9.586
30.600,-16.650,-19.950,0.153,0.537,9.509
28.650,-15.600,-19.800,0.077,0.690,9.893
30.300,-16.350,-20.550,0.153,0.537,9.663
29.850,-16.800,-20.100,0.153,0.537,9.509
30.450,-17.250,-20.700,-0.077,0.767,9.893
30.000,-16.350,-19.950,0.077,0.537,9.356
28.650,-16.800,-19.950,0.077,0.614,9.586
29.100,-16.050,-20.700,0.077,0.614,9.433
30.000,-16.800,-19.950,0.077,0.767,9.663
30.600,-16.350,-20.100,0.077,0.537,9.739
29.700,-16.500,-20.700,0.153,0.537,9.663
30.300,-16.200,-20.850,-0.077,0.690,9.586
30.450,-16.050,-20.550,0.153,0.537,9.663
30.600,-16.050,-19.800,0.153,0.614,9.739
30.150,-17.250,-19.650,0.000,0.614,9.663
29.250,-15.900,-19.800,0.153,0.690,9.509
30.750,-16.050,-19.800,0.000,0.614,9.433
29.700,-15.750,-19.800,0.077,0.307,9.586
30.000,-15.900,-19.650,0.077,0.690,9.433
29.400,-15.900,-20.550,0.077,0.614,9.509
29.550,-15.750,-20.700,0.153,0.614,9.586
30.300,-15.750,-20.550,0.153,0.537,9.586
30.600,-15.900,-19.650,0.077,0.537,9.586
30.000,-16.950,-20.100,0.230,0.690,9.663
29.250,-16.500,-20.550,0.000,0.537,9.586
30.300,-16.650,-20.850,0.077,0.614,9.586
29.850,-16.950,-19.800,0.077,0.537,9.509
29.850,-17.100,-19.800,0.077,0.767,9.586
29.700,-15.600,-19.500,0.077,0.614,9.586
29.850,-15.900,-20.100,0.077,0.614,9.586
30.150,-15.900,-19.650,0.153,0.537,9.509
30.000,-16.500,-19.800,0.153,0.614,9.586
29.400,-16.800,-19.500,0.230,0.690,9.509
29.850,-16.350,-19.500,-0.077,0.537,9.586
30.900,-16.650,-19.800,0.077,0.690,9.663
30.300,-17.100,-19.500,0.077,0.460,9.586
30.450,-16.500,-21.000,0.077,0.767,9.816
30.300,-16.200,-20.250,0.153,0.383,9.279
30.150,-16.500,-20.100,0.230,0.844,9.433
29.700,-16.950,-20.100,0.153,0.614,9.663
30.600,-16.650,-20.550,0.153,0.614,9.586
30.600,-16.800,-18.750,0.153,0.614,9.586
30.150,-17.700,-19.650,0.077,0.767,9.586
30.300,-18.450,-20.250,0.153,0.690,9.663
30.000,-18.450,-19.650,0.153,0.537,9.433
29.850,-18.750,-20.100,0.077,0.767,9.586
30.000,-20.100,-20.100,0.230,0.614,9.663
29.550,-20.400,-19.350,0.077,0.690,9.739
30.300,-20.850,-19.500,0.077,0.614,9.663
29.700,-21.300,-18.750,0.000,0.767,9.739
28.950,-21.150,-19.350,-0.077,0.537,9.356
29.400,-21.900,-18.600,0.000,0.614,9.433
29.700,-21.150,-19.800,0.153,0.690,9.739
30.450,-21.300,-18.600,0.230,0.614,9.663
29.100,-21.450,-19.350,0.153,0.614,9.586
28.950,-21.750,-18.750,0.077,0.537,9.739
29.100,-21.450,-19.650,0.153,0.537,9.586
29.700,-21.150,-19.200,0.077,0.614,9.509
29.400,-21.300,-19.050,0.153,0.614,9.586
30.150,-21.600,-19.500,0.077,0.690,9.739
29.550,-21.300,-19.500,0.153,0.537,9.586
29.700,-21.150,-19.050,0.077,0.690,9.433
28.950,-21.150,-18.750,0.077,0.690,9.586
29.100,-21.750,-19.500,0.077,0.460,9.663
29.250,-20.250,-19.950,0.153,0.537,9.433
28.650,-21.300,-19.050,0.077,0.690,9.739
29.400,-21.000,-19.350,0.153,0.690,9.586
28.500,-21.600,-19.050,0.153,0.690,9.509
29.700,-21.300,-19.350,0.230,0.614,9.509
29.400,-21.750,-18.450,0.153,0.614,10.046
29.550,-21.300,-18.600,0.153,0.537,9.739
29.700,-21.750,-19.350,0.000,0.690,9.586
30.150,-21.000,-18.750,0.307,0.537,9.663
28.800,-21.150,-18.900,0.153,0.614,9.509
29.700,-22.050,-19.350,0.077,0.614,9.663
30.150,-20.700,-19.050,0.077,0.537,9.739
29.100,-21.150,-19.050,0.153,0.690,9.586
29.700,-21.450,-20.100,0.153,0.537,9.663
29.550,-21.600,-19.350,0.077,0.690,9.739
30.300,-22.200,-19.500,0.153,0.537,9.663
29.550,-21.450,-19.050,0.153,0.614,9.509
29.400,-22.350,-18.900,0.077,0.614,9.739
29.550,-21.300,-19.200,0.077,0.767,9.509
29.850,-21.450,-19.500,0.153,0.614,9.663
29.400,-21.300,-19.800,0.153,0.690,9.663
28.800,-21.900,-19.500,0.230,0.614,9.509
28.050,-21.900,-19.650,0.153,0.614,9.586
29.550,-21.300,-18.900,0.460,0.690,9.663
28.350,-21.900,-19.800,0.153,0.690,9.433
28.350,-21.900,-18.900,0.153,0.690,9.586
29.700,-22.650,-19.500,0.077,0.614,9.509
28.800,-22.800,-19.050,0.153,0.614,9.663
29.100,-23.400,-18.750,0.153,0.614,9.663
28.800,-24.150,-19.950,0.153,0.690,9.663
28.650,-24.450,-18.900,0.230,0.690,9.586
29.700,-24.750,-18.600,0.230,0.690,9.663
28.950,-24.150,-18.900,0.460,0.844,9.279
27.900,-25.200,-18.750,0.077,0.767,9.509
27.750,-24.300,-19.050,0.230,0.614,9.586
27.750,-25.950,-19.200,0.153,0.537,9.586
28.500,-25.500,-18.900,0.077,0.690,9.586
26.850,-25.950,-18.150,0.077,0.614,9.663
28.350,-26.250,-19.050,0.153,0.537,9.739
27.900,-25.650,-19.800,0.153,0.690,9.586
27.150,-25.500,-19.350,0.153,0.537,9.739
27.300,-25.650,-18.900,0.537,0.614,9.586
27.450,-26.850,-19.350,0.153,0.537,9.433
26.700,-24.900,-19.500,0.153,0.690,9.663
27.300,-25.350,-18.600,0.153,0.460,9.586
27.900,-26.250,-18.750,0.230,0.614,9.663
26.850,-25.350,-18.750,0.153,0.537,9.739
27.750,-25.950,-19.050,0.153,0.614,9.509
27.750,-26.550,-19.050,0.230,0.614,9.433
27.150,-25.800,-18.600,0.077,0.614,9.356
27.750,-25.800,-18.900,0.307,0.614,9.663
27.150,-26.400,-18.450,0.153,0.767,9.586
27.750,-25.500,-18.750,0.153,0.690,9.586
27.750,-25.800,-18.600,0.230,0.537,9.739
27.600,-25.500,-19.050,0.077,0.614,9.663
27.750,-27.000,-19.350,0.230,0.767,9.586
26.700,-25.650,-19.050,0.153,0.690,9.586
27.600,-25.500,-19.800,0.077,0.690,9.663
27.600,-25.950,-18.450,0.153,0.614,9.586
28.350,-26.100,-18.150,0.077,0.614,9.586
27.000,-26.850,-18.600,0.153,0.690,9.586
27.000,-26.250,-19.200,0.230,0.614,9.586
27.150,-25.950,-18.300,0.153,0.614,9.586
27.450,-25.950,-18.450,0.077,0.614,9.586
28.200,-25.650,-18.450,0.153,0.690,9.586
27.600,-25.500,-18.750,0.230,0.614,9.663
28.050,-25.200,-19.050,0.077,0.690,9.586
28.800,-25.950,-18.450,0.230,0.844,9.739
27.900,-25.200,-19.200,0.153,0.690,9.739
27.450,-25.950,-18.450,0.153,0.614,9.663
27.450,-25.800,-18.750,0.230,0.614,9.509
28.200,-25.800,-18.600,0.153,0.690,9.586
26.850,-25.650,-18.750,0.153,0.690,9.663
27.300,-25.350,-18.750,0.230,0.614,9.433
28.200,-26.100,-18.750,0.307,0.690,9.663
28.200,-25.050,-18.600,0.153,0.690,9.816
27.450,-25.200,-19.500,0.153,0.690,9.586
27.450,-25.800,-19.500,0.230,0.690,9.586
26.700,-24.900,-19.650,0.153,0.690,9.663
27.450,-25.350,-18.750,0.153,0.614,9.663
27.750,-25.650,-18.750,0.153,0.767,9.663
27.150,-26.100,-18.600,0.307,0.767,9.586
28.200,-26.550,-19.350,0.153,0.537,9.663
27.750,-26.100,-19.500,0.230,0.614,9.509
27.450,-26.100,-18.600,0.460,0.767,9.509
27.150,-25.650,-18.600,0.230,0.614,9.509
27.750,-26.250,-18.450,0.230,0.614,9.586
28.200,-25.050,-19.500,0.230,0.614,9.433
28.050,-26.700,-18.600,0.307,0.614,9.509
29.100,-26.700,-18.300,0.230,0.690,9.739
27.000,-26.700,-19.050,0.230,0.690,9.509
27.150,-27.600,-18.750,0.153,0.767,9.663
25.800,-27.600,-18.900,0.153,0.767,9.586
25.800,-28.050,-18.900,0.153,0.614,9.356
25.650,-28.350,-18.150,0.307,0.614,9.586
25.350,-29.100,-18.600,0.230,0.767,9.586
25.350,-29.850,-18.450,0.230,0.690,9.586
24.600,-29.400,-17.850,0.307,0.690,9.739
24.300,-30.150,-18.000,0.307,0.537,9.509
23.850,-30.000,-18.150,0.230,0.690,9.509
23.550,-30.600,-18.450,0.153,0.537,9.433
23.400,-30.900,-18.900,0.000,0.690,9.586
22.500,-31.350,-17.850,0.077,0.614,9.739
21.900,-31.650,-18.300,0.230,0.690,9.586
23.100,-30.750,-18.150,0.230,0.614,9.586
23.250,-30.300,-18.600,0.153,0.460,9.663
23.550,-31.200,-18.450,0.307,0.614,9.586
22.950,-31.500,-18.300,0.153,0.614,9.586
23.100,-31.650,-19.200,0.230,0.383,9.509
22.650,-30.600,-18.300,0.537,0.614,9.663
23.250,-31.500,-18.450,0.230,0.690,9.586
23.550,-31.200,-18.300,0.153,0.460,9.586
23.400,-30.900,-17.850,0.307,0.537,9.586
23.100,-30.750,-18.600,0.153,0.614,9.816
22.500,-30.450,-18.300,0.230,0.614,9.509
22.950,-31.050,-18.000,0.537,0.537,9.356
22.650,-31.350,-18.450,0.230,0.690,9.356
23.100,-30.600,-17.700,0.230,0.614,9.586
23.250,-30.600,-17.100,0.153,0.537,9.586
22.950,-30.750,-18.600,0.230,0.614,9.509
23.250,-31.500,-18.150,0.077,0.690,9.586
22.500,-30.600,-18.150,0.230,0.690,9.739
23.550,-31.050,-18.000,0.307,0.614,9.586
23.850,-31.650,-17.850,0.307,0.690,9.586
23.850,-30.750,-18.600,0.153,0.537,9.663
23.550,-30.750,-18.300,0.153,0.614,9.739
22.500,-30.450,-18.300,0.230,0.614,9.509
22.650,-31.050,-19.200,0.230,0.537,9.509
22.950,-30.900,-18.600,0.000,0.383,9.893
23.400,-31.050,-18.150,0.230,0.460,9.433
23.400,-30.450,-18.600,0.537,0.920,9.816
23.250,-30.750,-18.300,0.000,0.690,9.586
23.700,-30.300,-18.150,0.230,0.307,9.509
22.650,-30.900,-18.450,0.077,0.767,9.509
22.200,-31.050,-17.550,0.230,0.614,9.663
23.850,-31.050,-18.450,0.077,0.767,9.739
23.100,-30.300,-18.150,0.153,0.690,9.969
23.250,-30.900,-18.150,0.000,0.614,9.739
23.400,-31.350,-18.600,0.077,0.690,9.586
23.100,-30.600,-18.150,0.230,0.460,9.586
23.550,-31.500,-18.750,0.230,0.614,9.586
23.550,-30.450,-18.300,0.153,0.690,9.663
22.650,-29.850,-18.450,0.230,0.690,9.663
23.400,-31.200,-18.600,0.230,0.690,9.663
23.100,-31.200,-18.300,0.230,0.537,9.509
23.400,-31.650,-18.300,0.307,0.614,9.279
23.100,-30.450,-18.600,0.383,0.690,9.739
24.150,-31.050,-18.600,0.230,0.460,9.509
22.950,-31.350,-18.300,0.153,0.614,9.586
22.800,-31.500,-18.450,0.230,0.537,9.586
24.000,-31.500,-17.700,0.230,0.614,9.663
23.100,-30.450,-17.400,0.153,0.537,9.586
22.950,-31.350,-18.600,0.230,0.537,9.663
22.800,-30.600,-18.450,0.153,0.537,9.586
23.400,-30.900,-17.850,0.307,0.614,9.739
23.850,-30.900,-18.150,1.304,0.767,9.969
22.650,-30.300,-18.750,-0.153,0.460,9.663
22.950,-31.650,-18.150,0.230,0.614,9.663
22.350,-31.200,-18.000,0.307,0.690,9.586
22.350,-31.800,-18.000,0.307,0.614,9.586
22.200,-32.550,-18.150,0.230,0.844,9.586
20.700,-32.550,-18.450,0.077,0.614,9.586
20.100,-32.700,-18.150,0.153,0.614,9.663
19.800,-33.900,-18.750,0.230,0.537,9.586
19.050,-33.150,-18.300,0.307,0.537,9.663
19.050,-33.600,-18.000,0.230,0.690,9.663
19.050,-33.900,-18.000,0.307,0.614,9.586
18.000,-35.250,-17.250,0.077,0.690,9.663
18.150,-34.050,-18.150,0.153,0.537,9.663
18.000,-34.050,-18.750,0.153,0.460,9.279
17.700,-34.500,-17.850,0.077,0.307,9.586
18.000,-34.350,-17.550,0.077,0.460,9.739
18.450,-34.650,-17.100,0.153,0.537,9.663
18.150,-34.950,-17.700,0.383,0.537,9.509
18.150,-34.350,-17.850,0.307,0.614,9.586
18.300,-33.900,-17.850,0.077,0.614,9.739
18.300,-33.450,-18.300,0.077,0.537,9.509
18.150,-33.750,-17.700,0.230,0.614,9.586
18.000,-34.650,-17.850,0.153,0.537,9.279
18.150,-33.600,-17.100,0.230,0.383,9.509
18.000,-33.750,-18.150,0.000,0.614,9.586
17.550,-33.900,-17.850,0.230,0.537,9.663
18.600,-34.050,-17.850,0.153,0.537,9.586
17.400,-33.600,-17.400,0.230,0.614,9.739
18.750,-35.100,-17.550,0.153,0.614,9.586
18.000,-33.900,-18.450,0.307,0.690,9.586
17.100,-33.900,-18.000,0.230,0.614,9.816
18.000,-34.350,-17.700,0.537,0.614,9.739
18.300,-34.650,-17.550,0.153,0.537,9.509
18.000,-34.200,-17.850,0.230,0.614,9.663
18.450,-34.200,-17.850,0.153,0.614,9.586
18.450,-34.500,-17.250,0.230,0.537,9.663
18.450,-34.800,-17.550,0.230,0.614,9.433
18.150,-33.900,-18.150,0.230,0.460,9.816
17.850,-33.750,-17.850,0.230,0.537,9.509
18.000,-34.650,-18.000,0.153,0.537,9.356
17.400,-34.950,-17.550,0.230,0.614,9.663
18.450,-34.500,-18.450,0.230,0.614,9.586
18.000,-34.200,-17.700,0.230,0.614,9.739
17.100,-34.200,-17.400,0.230,0.537,9.663
17.700,-34.500,-17.400,0.307,0.614,9.586
16.950,-34.200,-18.300,0.230,0.614,9.663
17.100,-33.600,-18.000,0.153,0.537,9.509
17.850,-34.650,-17.850,0.153,0.537,9.586
16.950,-34.650,-18.600,0.230,0.537,9.663
16.950,-34.800,-17.850,0.153,0.537,9.663
17.400,-34.950,-17.700,0.153,0.614,9.663
18.300,-34.350,-17.400,0.230,0.614,9.586
17.700,-34.050,-17.400,0.230,0.614,9.509
18.000,-33.450,-17.400,0.230,0.614,9.586
18.450,-34.950,-17.700,0.307,0.690,9.509
17.250,-34.500,-17.700,0.307,0.537,9.509
16.500,-34.650,-18.000,0.230,0.614,9.586
16.650,-34.200,-17.400,0.230,0.844,9.739
17.250,-35.250,-17.850,0.383,0.690,9.509
16.050,-34.650,-16.800,0.307,0.537,9.509
15.300,-34.500,-17.850,0.383,0.614,9.586
16.500,-35.250,-17.850,0.383,0.690,9.586
15.000,-34.650,-17.550,0.307,0.614,9.586
14.550,-35.550,-18.000,0.307,0.690,9.893
12.750,-35.400,-17.400,0.153,0.614,9.663
12.750,-36.150,-17.850,0.230,0.767,9.816
12.450,-35.700,-16.800,0.230,0.460,10.046
11.100,-36.000,-17.100,-0.077,0.614,9.586
10.500,-36.300,-16.500,0.077,0.537,9.509
10.050,-36.300,-16.650,0.000,0.460,9.663
11.100,-35.400,-17.400,0.153,0.460,9.586
10.500,-36.000,-17.400,0.153,0.614,9.586
10.350,-37.050,-16.800,0.230,0.614,9.586
11.550,-36.150,-17.850,0.077,0.537,9.663
11.100,-36.300,-17.700,0.153,0.537,9.356
11.250,-36.450,-18.000,0.153,0.537,9.586
11.400,-35.400,-17.250,0.153,0.537,9.433
10.500,-36.300,-16.950,0.230,0.537,9.663
11.250,-35.550,-17.100,0.153,0.537,9.433
10.650,-36.000,-16.950,0.077,0.537,9.586
10.800,-36.450,-17.250,0.230,0.537,9.586
11.550,-35.850,-17.100,0.230,0.460,9.509
11.100,-35.850,-17.100,0.153,0.614,9.586
11.250,-37.500,-17.550,0.307,0.614,9.279
11.250,-35.550,-16.950,0.230,0.537,9.356
11.250,-36.150,-17.100,0.230,0.460,9.586
11.700,-36.300,-16.950,0.230,0.460,9.509
11.250,-36.450,-16.650,0.153,0.614,9.586
10.200,-35.850,-18.150,0.077,0.537,9.586
10.350,-36.450,-17.850,0.230,0.690,9.663
10.500,-36.300,-16.650,0.153,0.614,9.663
10.800,-36.450,-17.100,0.307,0.690,9.509
10.350,-36.300,-17.700,0.230,0.690,9.509
10.050,-37.350,-16.650,0.230,0.537,9.739
10.650,-35.550,-17.700,0.153,0.614,9.586
11.550,-36.900,-17.850,0.153,0.460,9.663
11.550,-35.550,-16.950,0.153,0.537,9.739
11.100,-36.150,-17.550,0.307,0.614,9.509
10.800,-36.150,-17.250,0.230,0.614,9.663
10.950,-35.850,-17.700,0.230,0.537,9.356
10.800,-36.450,-16.650,0.307,0.844,9.586
10.050,-36.450,-17.100,0.307,0.537,9.433
10.050,-36.000,-18.150,0.307,0.537,9.663
9.450,-35.700,-17.100,0.230,0.690,9.586
8.700,-36.000,-17.250,0.460,0.614,9.586
9.900,-36.300,-16.650,0.153,0.690,9.586
11.400,-36.600,-17.250,-0.920,1.150,9.816
10.350,-36.300,-18.150,-0.077,-0.077,9.049
9.450,-35.550,-17.250,-0.614,0.230,9.663
8.400,-35.550,-17.100,-0.153,0.997,10.046
8.700,-35.550,-18.000,-0.537,0.307,9.586
7.950,-36.000,-16.650,-0.230,0.460,9.663
8.100,-35.850,-17.250,-0.307,0.690,9.739
8.100,-36.000,-17.100,-0.460,0.383,9.433
8.100,-35.850,-17.700,-0.307,0.614,9.739
7.950,-36.600,-16.800,-0.230,0.537,9.586
8.550,-36.150,-17.100,-0.230,0.460,9.279
7.950,-35.850,-17.100,-0.307,0.537,9.663
8.550,-35.700,-17.550,-0.153,0.537,9.816
8.700,-36.150,-16.800,-0.230,0.537,9.433
8.100,-35.250,-16.800,-0.230,0.537,9.663
8.400,-36.450,-17.250,-0.230,0.383,9.586
8.700,-35.850,-17.400,-0.230,0.537,9.663
8.700,-35.700,-17.700,-0.230,0.460,9.586
7.800,-37.200,-18.150,-0.230,0.460,9.509
8.250,-36.600,-16.200,-0.307,0.383,9.663
7.800,-35.550,-16.650,-0.307,0.537,9.126
8.250,-35.250,-17.400,-0.077,0.460,9.356
8.400,-35.400,-17.550,-0.230,0.460,9.586
8.550,-36.450,-17.400,-0.230,0.460,9.663
7.650,-35.400,-17.400,-0.230,0.767,8.896
8.550,-37.050,-16.350,-0.230,0.690,10.123
7.950,-34.950,-17.100,-0.383,0.383,9.509
7.950,-35.850,-17.250,-0.307,0.307,9.356
8.550,-35.250,-17.400,-0.307,0.537,9.663
8.550,-35.850,-16.500,-0.230,0.537,9.279
8.700,-36.000,-16.350,-0.153,0.383,9.433
7.950,-36.300,-17.250,-0.153,0.537,9.663
8.100,-35.250,-16.950,-0.307,0.383,9.893
8.700,-35.850,-17.250,-0.153,0.537,9.586
7.950,-36.300,-17.100,-0.230,0.844,9.586
8.100,-36.600,-17.400,-0.230,0.230,9.433
8.100,-34.950,-17.400,0.230,0.614,9.893
7.500,-34.050,-18.300,-0.153,0.307,9.279
7.800,-33.450,-19.050,-0.383,0.000,9.203
8.700,-31.950,-19.500,-0.537,-0.537,9.969
8.250,-31.800,-19.800,-0.537,-2.147,9.279
7.500,-31.200,-19.650,-0.767,0.077,9.586
9.300,-32.250,-19.650,-0.153,-0.920,9.586
9.150,-32.100,-19.650,-0.614,-0.460,9.663
7.200,-30.600,-19.350,-0.077,-1.150,9.663
7.800,-32.400,-20.400,-0.307,-0.537,10.430
8.400,-32.850,-18.450,-0.077,-0.844,9.279
7.050,-35.250,-18.450,-0.077,-0.307,9.356
8.550,-35.700,-18.600,-0.230,0.153,9.279
7.950,-37.200,-15.300,-0.230,0.920,9.509
8.100,-39.900,-14.700,-0.153,1.917,9.663
8.100,-40.650,-13.050,-0.153,2.147,9.356
8.100,-41.700,-12.300,0.153,2.147,9.433
8.100,-43.050,-11.400,-0.077,2.301,9.433
8.250,-43.500,-9.000,-0.153,2.761,8.896
8.400,-45.300,-7.650,-0.153,3.604,8.742
7.650,-46.500,-6.450,-0.307,4.141,8.666
7.950,-48.150,-3.900,-0.230,4.601,8.436
7.800,-48.750,-1.950,-0.077,4.985,8.206
7.950,-49.800,-0.750,-0.153,5.522,7.899
7.800,-50.400,0.750,-0.153,5.828,7.976
7.950,-51.000,2.250,-0.230,5.905,7.592
7.950,-51.450,4.050,-0.230,6.058,7.362
7.950,-52.050,4.950,-0.077,6.058,7.285
8.100,-52.200,5.250,0.077,6.442,7.209
7.500,-52.200,6.000,-0.230,6.749,7.055
7.950,-52.950,6.600,-0.153,6.825,6.749
8.400,-53.100,7.050,-0.230,6.979,6.749
7.800,-53.250,7.200,-0.153,6.442,6.825
7.950,-53.550,6.900,-0.077,6.749,6.979
7.950,-52.950,7.350,-0.077,6.672,6.902
8.250,-52.500,7.350,-0.153,6.288,6.595
8.400,-53.550,7.200,-0.153,6.825,6.902
8.250,-52.350,7.350,-0.153,6.749,6.979
7.200,-53.100,6.750,-0.230,6.595,6.979
7.950,-52.950,6.750,-0.230,6.749,6.979
8.100,-53.400,6.900,0.153,6.672,6.749
7.500,-52.350,6.750,-0.383,6.749,6.902
7.950,-53.250,7.350,-0.537,6.442,6.825
8.250,-52.350,7.500,0.077,6.672,6.672
8.400,-54.300,7.200,-0.077,6.442,6.825
7.050,-53.100,6.900,-0.230,6.979,6.979
7.500,-52.950,6.900,-0.230,6.365,6.442
7.650,-52.500,7.200,-0.230,7.055,6.902
7.950,-52.350,7.050,-0.077,6.442,6.979
8.100,-52.650,7.050,-0.077,6.825,6.825
8.100,-53.250,6.750,-0.307,6.442,6.749
8.100,-53.250,6.600,0.000,6.595,6.825
7.650,-53.100,6.450,-0.307,6.749,6.902
8.250,-52.650,7.650,-0.307,6.672,6.902
7.350,-53.550,6.750,0.000,6.595,6.749
7.800,-53.400,7.050,-0.153,6.595,6.979
7.500,-52.650,6.150,-0.153,6.672,6.672
8.400,-53.250,7.350,-0.077,6.595,6.902
8.550,-53.850,6.600,-0.153,6.595,6.749
7.650,-52.200,7.800,-0.230,6.749,6.902
7.650,-53.250,7.350,-0.153,6.442,6.825
8.250,-52.950,7.050,-0.153,6.595,6.979
7.350,-52.800,6.750,-0.307,6.672,6.672
7.050,-52.650,7.200,-0.077,6.672,6.825
8.700,-53.400,7.200,-0.153,6.672,6.902
7.950,-52.800,6.900,-0.230,6.672,6.902
8.700,-53.250,7.650,-0.153,6.672,6.825
7.350,-52.800,7.050,-0.153,6.595,6.672
7.350,-54.000,7.500,-0.153,6.595,6.902
7.650,-53.550,6.000,-0.230,6.672,7.055
8.100,-52.950,7.050,-0.230,6.672,6.902
7.950,-52.500,6.750,-0.230,6.595,6.902
7.800,-52.950,6.750,-0.077,6.595,6.902
8.400,-53.400,6.450,-0.153,6.595,6.749
7.650,-52.950,7.500,-0.077,6.672,6.902
7.050,-52.950,7.200,-0.230,6.672,6.825
7.800,-52.500,6.600,-0.077,6.595,7.209
7.350,-53.100,7.500,-0.153,6.595,7.439
8.700,-53.100,7.950,-0.077,6.672,6.825
7.650,-53.250,6.900,0.000,6.595,6.825
7.650,-52.500,7.050,0.000,6.595,6.825
7.200,-53.550,7.050,0.153,6.442,6.672
6.600,-52.950,6.450,0.077,6.442,6.672
6.750,-52.800,7.200,0.077,6.825,6.979
7.200,-52.950,7.200,-0.077,6.749,6.825
5.700,-52.950,6.900,0.000,6.825,6.442
5.850,-53.250,7.500,-0.153,6.672,6.518
5.100,-53.100,7.800,-0.077,6.672,6.672
4.500,-52.800,7.350,-0.077,6.749,6.442
3.600,-53.250,6.600,-0.153,6.749,6.902
2.700,-52.950,7.350,-0.077,6.825,6.672
3.000,-52.050,6.450,-0.077,6.518,6.749
3.000,-52.650,6.000,-0.230,6.672,7.132
1.950,-52.050,5.850,-0.460,6.672,6.902
1.800,-52.500,6.150,-0.383,6.825,6.902
0.150,-51.450,6.450,-0.307,6.979,6.749
0.450,-51.900,5.850,-0.230,6.825,6.825
0.300,-51.450,6.000,-0.307,6.749,6.902
-0.150,-51.600,6.150,-0.383,6.749,6.749
0.450,-51.600,5.850,-0.537,6.672,6.672
0.300,-51.300,5.700,-0.307,6.749,6.825
-0.150,-50.850,6.450,-0.230,6.672,6.825
0.900,-51.300,6.000,-0.153,6.749,6.825
0.300,-51.600,6.150,-0.230,6.749,6.902
0.450,-52.350,5.400,-0.230,6.749,6.749
0.150,-51.000,5.400,-0.230,6.749,6.902
-0.150,-52.350,4.950,-0.230,6.672,6.825
-0.150,-52.050,6.150,-0.383,6.825,6.595
-0.150,-51.600,5.550,-0.230,6.749,6.749
-0.150,-51.150,5.400,-0.153,6.749,6.749
0.000,-51.600,5.400,-0.230,6.825,6.825
1.050,-52.800,6.000,-0.230,6.672,6.825
-0.300,-52.200,4.950,-0.307,6.825,6.902
-0.300,-51.150,6.150,-0.230,6.749,6.749
-0.300,-51.150,5.700,-0.307,6.672,6.749
-0.150,-51.150,5.850,-0.230,6.672,6.825
-0.300,-51.450,5.850,-0.153,6.672,6.825
-0.450,-51.150,5.250,-0.153,6.595,6.902
-0.150,-52.200,5.850,-0.153,6.825,6.825
-0.450,-51.300,5.850,-0.230,6.825,6.749
-0.150,-50.850,5.850,-0.230,6.749,6.749
-0.150,-52.200,5.700,-0.230,6.749,6.365
0.150,-52.200,5.850,-0.230,6.825,6.825
0.450,-51.600,4.950,-0.230,6.749,6.672
0.000,-51.750,6.300,-0.230,6.749,6.749
-0.300,-51.300,5.850,-0.230,6.825,6.749
-0.150,-51.600,5.400,-0.230,6.595,6.672
-0.450,-51.000,5.400,-0.230,6.749,6.595
0.150,-51.900,4.800,-0.307,6.749,6.825
-0.150,-52.350,5.850,-0.230,6.672,6.825
-0.150,-52.350,5.850,-0.230,6.672,6.672
-0.150,-52.500,5.850,-0.230,6.979,6.442
0.000,-51.300,5.700,-0.153,6.595,6.672
-0.150,-51.300,5.700,-0.153,6.595,6.825
-0.150,-51.150,4.950,-0.230,6.672,6.749
0.000,-51.600,5.850,-0.153,6.749,6.902
-0.750,-51.750,5.550,-0.230,6.672,6.672
0.150,-51.750,5.700,-0.153,6.595,6.902
-0.150,-51.300,5.700,-0.230,6.672,6.825
0.000,-51.150,5.850,-0.230,6.749,6.672
0.000,-51.600,5.550,-0.230,6.749,7.055
0.150,-51.900,5.250,-0.307,6.749,6.749
0.450,-51.150,5.700,-0.153,6.672,7.055
0.000,-51.750,5.550,-0.153,6.749,6.672
0.000,-51.150,5.550,-0.153,6.672,6.518
0.150,-51.600,5.400,-0.230,6.749,6.749
-0.150,-51.150,5.550,-0.077,6.749,6.825
-0.150,-52.050,5.700,-0.230,6.672,6.825
-0.600,-51.450,6.150,-0.077,6.749,6.442
-0.600,-52.500,5.550,-0.153,6.825,6.595
-0.300,-50.850,5.700,-0.153,6.902,6.825
-0.450,-50.550,4.650,-0.153,6.749,6.825
-0.300,-51.300,5.400,-0.153,6.672,6.825
-1.050,-51.600,6.150,0.077,6.672,6.825
-1.650,-51.750,5.550,-0.230,6.825,7.055
-1.800,-50.700,5.400,-0.230,6.825,6.902
-2.100,-51.300,4.800,-0.230,6.749,6.672
-3.000,-50.700,4.500,-0.153,6.749,6.749
-1.950,-50.250,4.500,-0.230,6.825,6.825
-2.700,-50.250,4.350,-0.307,6.672,6.595
-3.600,-50.250,3.750,-0.153,6.749,6.595
-2.250,-50.250,4.200,-0.230,6.825,6.825
-3.750,-50.400,4.500,-0.230,6.749,6.825
-3.000,-50.850,4.500,-0.153,6.749,6.672
-4.350,-49.950,4.050,-0.383,6.902,6.749
-4.200,-50.250,3.750,-0.230,6.672,6.825
-4.500,-49.950,4.050,-0.077,6.825,6.825
-4.050,-49.950,4.350,-0.077,6.749,6.595
-3.300,-50.550,3.600,-0.153,6.902,6.672
-3.750,-49.050,3.750,-0.153,6.749,6.595
-3.750,-49.200,3.300,-0.077,6.749,6.595
-4.500,-50.250,3.600,-0.153,6.749,6.749
-3.450,-50.400,4.050,-0.153,6.749,6.672
-4.500,-50.700,3.600,-0.153,6.749,6.672
-3.300,-49.350,4.200,-0.230,6.672,6.672
-4.350,-49.050,4.200,-0.230,6.825,6.595
-4.350,-50.550,3.600,-0.230,6.749,6.825
-4.050,-49.650,4.500,-0.153,6.749,6.672
-4.050,-49.950,3.450,-0.307,6.749,6.518
-3.450,-50.250,4.050,-0.077,6.825,6.672
-4.500,-49.050,3.600,-0.153,6.902,6.672
-3.150,-50.550,3.750,-0.230,6.749,6.825
-3.750,-49.950,3.900,-0.230,6.672,6.749
-4.200,-50.250,3.450,-0.230,6.825,6.825
-4.800,-50.550,3.900,-0.153,6.902,6.749
-3.750,-50.700,4.350,-0.230,6.749,6.749
-4.350,-50.550,4.050,-0.153,6.825,6.672
-4.050,-50.400,3.900,-0.230,6.749,6.749
-3.300,-50.550,4.350,-0.153,6.749,6.749
-3.900,-50.400,3.900,-0.153,6.979,6.749
-4.650,-50.400,4.350,-0.230,6.749,6.672
-4.050,-50.700,4.500,-0.077,6.902,6.902
-4.200,-50.700,3.750,-0.153,6.825,6.672
-3.150,-49.500,3.600,-0.153,6.825,6.595
-3.900,-50.700,4.650,0.230,6.672,6.672
-4.050,-49.950,3.300,-0.153,6.749,6.825
-4.050,-50.100,3.150,-0.230,6.825,6.672
-3.750,-49.650,3.600,-0.153,6.749,6.749
-3.600,-49.500,3.450,-0.153,6.749,6.749
-3.000,-49.950,3.900,-0.077,6.902,6.825
-3.750,-49.350,4.500,-0.153,6.825,6.749
-4.050,-49.800,3.600,-0.230,6.749,6.672
-3.900,-49.800,3.750,-0.153,6.825,6.672
-4.350,-48.900,3.300,-0.153,6.595,6.749
-4.050,-50.700,4.050,-0.230,6.749,6.365
-3.900,-50.550,3.900,-0.230,6.902,6.672
-3.300,-50.400,4.350,-0.230,6.825,6.825
-3.900,-50.550,3.450,-0.230,6.825,6.672
-3.750,-49.950,3.450,-0.230,6.672,6.672
-3.900,-50.250,4.200,-0.153,6.979,6.672
-4.650,-50.550,3.450,-0.153,6.749,6.672
-3.750,-49.800,3.600,-0.230,6.749,6.749
-3.600,-49.650,4.050,-0.230,6.749,6.749
-3.450,-49.200,3.750,-0.153,6.979,6.672
-4.050,-49.500,4.650,-0.153,6.825,6.749
-3.300,-50.250,3.900,-0.077,6.749,6.672
-4.500,-49.950,3.450,0.000,6.749,6.595
-3.900,-50.100,3.900,0.000,6.749,6.749
-5.400,-49.950,4.650,-0.077,6.902,6.518
-4.950,-49.800,3.600,0.000,6.902,6.749
-4.800,-49.500,3.300,0.000,6.749,6.825
-5.400,-49.200,3.300,-0.077,6.672,6.518
-5.700,-49.350,2.250,-0.077,6.749,6.825
-6.750,-49.200,3.300,-0.077,6.825,6.518
-4.950,-49.050,2.850,-0.153,6.749,6.749
-6.300,-48.750,2.550,-0.230,6.902,6.749
-7.200,-48.150,2.250,-0.307,6.979,6.825
-5.850,-48.000,2.850,-0.077,6.902,6.902
-7.050,-48.900,1.650,-0.153,6.825,6.672
-6.750,-48.300,1.500,-0.307,6.825,6.672
-7.350,-49.200,1.050,-0.153,6.672,6.749
-7.500,-48.600,1.650,-0.230,6.825,6.902
-6.750,-47.850,2.100,0.153,6.749,6.518
-7.050,-46.800,2.100,-0.077,6.825,6.672
-7.650,-48.150,1.650,-0.153,6.749,6.825
-7.500,-48.450,1.500,-0.077,6.902,6.749
-7.500,-48.450,1.350,-0.077,6.902,6.672
-5.550,-48.300,2.100,-0.230,6.902,6.365
-7.650,-48.900,1.950,-0.077,6.902,6.672
-6.900,-48.300,1.650,-0.077,6.825,6.672
-7.200,-48.450,2.100,-0.077,6.749,6.672
-8.400,-48.000,1.950,-0.077,6.825,6.595
-6.750,-48.150,1.200,-0.077,6.825,6.672
-6.900,-48.150,1.650,-0.077,6.749,6.825
-6.750,-48.450,1.500,-0.153,6.825,6.749
-7.350,-48.300,1.500,-0.077,6.902,6.518
-6.900,-48.600,1.500,-0.077,6.749,6.518
-7.500,-48.150,1.950,0.000,6.902,6.825
-7.350,-49.050,1.800,-0.153,6.902,6.518
-6.900,-48.750,1.950,-0.077,6.749,6.672
-6.000,-49.350,2.100,-0.077,6.825,6.365
-6.750,-48.150,1.650,-0.077,6.825,6.672
-7.050,-47.250,1.950,-0.153,6.979,6.672
-6.300,-48.450,1.350,-0.153,6.825,6.672
-6.900,-48.450,1.950,-0.077,6.825,6.749
-6.450,-47.250,1.350,-0.153,6.749,6.672
-6.450,-48.450,1.200,-0.077,6.825,6.595
-7.200,-47.850,1.800,-0.153,6.825,6.595
-6.300,-48.750,1.350,-0.153,6.749,6.672
-6.600,-48.750,1.500,-0.077,6.902,6.365
-7.650,-48.150,1.050,-0.077,6.749,6.749
-6.900,-48.150,1.650,-0.077,6.749,6.672
-7.050,-48.450,1.500,-0.077,6.825,6.672
-7.050,-48.900,1.500,-0.153,6.749,6.595
-7.050,-48.300,2.100,-0.077,6.749,6.672
-7.800,-48.750,1.500,-0.077,6.902,6.595
-6.450,-48.750,1.650,0.000,6.825,6.749
-6.900,-48.750,1.950,-0.153,6.825,6.749
-6.750,-49.050,1.500,-0.077,6.825,6.595
-7.050,-48.750,1.650,0.000,6.902,6.825
-6.750,-48.750,1.500,-0.077,6.672,6.672
-7.950,-49.050,1.800,-0.153,6.825,6.595
-7.650,-48.000,2.250,-0.077,6.749,6.749
-7.500,-48.450,2.700,-0.077,6.825,6.595
-7.800,-47.850,2.250,-0.153,6.672,6.902
-8.250,-48.150,1.350,-0.153,6.902,6.749
-6.600,-47.700,2.100,-0.077,6.979,6.672
-7.650,-47.550,2.250,-0.230,6.749,6.749
-7.200,-48.000,1.950,-0.077,6.825,6.518
-6.900,-48.600,1.650,-0.153,6.825,6.825
-6.750,-49.500,2.250,-0.153,6.825,6.595
-7.050,-48.000,2.250,-0.077,6.902,6.672
-6.900,-47.550,2.250,-0.077,6.825,6.749
-6.900,-48.600,1.050,-0.153,6.825,6.595
-7.650,-47.850,3.000,0.000,6.902,6.595
-7.350,-48.450,2.100,-0.077,6.902,6.595
-6.900,-48.000,1.800,-0.153,6.825,6.442
-7.050,-48.000,1.800,-0.077,6.749,6.442
-7.800,-48.900,2.100,0.000,6.825,6.595
-7.650,-47.250,1.050,-0.077,6.749,6.595
-7.500,-48.900,2.550,0.000,6.902,6.595
-7.350,-48.450,1.200,0.077,6.672,6.825
-7.500,-47.850,1.200,-0.077,6.902,6.979
-7.800,-48.000,0.450,0.077,6.749,6.749
-8.400,-47.550,0.450,0.000,6.825,6.595
-8.250,-46.800,1.200,0.000,6.902,6.595
-8.850,-46.950,0.150,0.000,6.902,6.672
-8.700,-46.350,0.300,-0.077,6.825,6.749
-7.650,-46.650,-0.150,-0.077,6.749,6.595
-8.400,-46.800,0.300,-0.307,6.902,6.749
-8.850,-46.650,-0.150,-0.307,6.902,6.749
-9.600,-46.050,-0.450,-0.153,6.902,6.825
-9.600,-46.500,0.450,-0.077,6.825,6.595
-9.150,-46.350,0.150,-0.307,6.825,6.365
-8.100,-46.500,0.000,0.077,6.749,6.672
-9.450,-46.950,-1.200,0.000,6.979,6.672
-9.600,-47.250,-0.600,-0.077,6.749,6.672
-8.550,-46.500,-0.750,0.000,6.902,6.672
-9.300,-46.500,0.000,0.000,6.825,6.518
-8.700,-46.050,-0.150,-0.077,6.749,6.595
-8.700,-46.500,0.000,-0.077,6.902,6.595
-9.000,-45.900,-0.150,0.077,6.749,6.749
-9.450,-46.500,-0.900,0.000,6.825,6.672
-8.850,-45.600,0.300,-0.077,6.825,6.672
-8.400,-46.350,0.000,0.000,6.825,6.595
-9.300,-46.050,-0.150,0.000,6.902,6.518
-9.450,-45.750,0.150,0.077,6.825,6.749
-9.150,-46.500,0.300,-0.077,6.825,6.672
-8.850,-47.250,-0.600,-0.077,6.902,6.672
-9.000,-46.950,-0.300,0.000,6.825,6.518
-9.450,-46.650,0.150,-0.077,6.902,6.518
-9.150,-46.500,0.150,0.000,6.902,6.595
-8.550,-46.500,0.000,-0.077,6.749,6.672
-8.700,-47.100,0.150,0.000,6.825,6.518
-9.150,-47.400,0.300,0.000,6.825,6.672
-8.850,-46.200,0.000,0.000,6.825,6.672
-9.150,-46.350,-0.150,0.000,6.749,6.595
-9.900,-46.650,0.450,0.000,6.902,6.595
-9.450,-46.350,-0.300,-0.153,6.902,6.749
-9.450,-45.900,0.450,-0.077,6.902,6.288
-8.850,-45.450,-0.150,-0.077,6.825,6.595
-9.150,-46.200,-0.150,-0.153,6.825,6.595
-8.700,-46.050,0.300,0.077,6.825,6.672
-9.900,-46.200,0.000,-0.077,6.749,6.672
-8.550,-45.750,-0.150,0.000,6.902,6.825
-8.700,-46.500,-0.300,0.000,6.825,6.672
-8.700,-46.200,-0.750,0.000,6.825,6.595
-9.000,-45.750,0.300,-0.153,6.902,6.749
-9.450,-46.800,-0.450,0.000,6.902,6.595
-9.450,-46.050,-0.450,0.000,6.902,6.979
-8.700,-46.800,0.000,-0.077,6.825,6.672
-8.850,-47.250,-0.450,-0.077,6.902,6.595
-9.150,-46.350,-0.300,-0.153,6.902,6.672
-9.450,-45.600,-0.300,0.000,6.825,6.595
-9.900,-46.350,-0.450,-0.077,6.825,6.749
-9.150,-46.350,-0.150,0.077,6.825,6.595
-9.000,-46.350,-0.750,-0.077,6.825,6.518
-9.000,-47.400,-0.300,-0.077,6.749,6.595
-8.850,-46.650,-0.300,0.000,6.825,6.595
-8.850,-46.350,-0.150,0.077,6.749,6.595
-9.300,-47.100,0.300,0.000,6.825,6.672
-9.750,-46.800,0.150,-0.153,6.825,6.749
-9.750,-45.450,0.300,0.077,6.825,6.749
-9.150,-46.950,-0.150,-0.153,6.902,6.825
-9.450,-45.600,0.150,0.077,6.825,6.825
-9.000,-46.800,-0.150,-0.077,6.825,6.979
-9.000,-46.500,-0.150,-0.077,6.672,6.672
-8.700,-46.650,0.000,-0.077,6.825,6.672
-9.900,-46.350,-0.150,-0.077,6.749,6.595
-9.150,-46.350,-0.150,-0.077,6.749,6.595
-9.000,-46.050,0.000,-0.077,6.749,6.825
-8.850,-46.950,-0.150,-0.077,6.825,6.595
-9.000,-46.350,-0.450,-0.077,6.825,6.672
-9.900,-46.350,0.000,-0.077,6.825,6.672
-9.000,-46.950,-0.600,0.000,6.902,6.672
-9.300,-47.400,0.150,0.077,6.825,6.595
-9.900,-47.250,0.750,0.000,6.749,6.672
-9.450,-45.750,0.600,-0.077,6.902,6.595
-10.050,-46.200,-0.150,-0.077,6.902,6.595
-9.450,-46.200,-0.600,-0.077,6.825,6.749
-9.000,-46.200,0.150,0.000,6.902,6.365
-9.000,-46.500,-0.600,-0.077,6.825,6.749
-9.900,-46.200,-0.150,0.077,6.902,6.749
-10.050,-46.350,-0.150,0.077,6.825,6.672
-8.850,-46.650,-0.150,0.000,6.902,6.749
-9.450,-46.650,-0.150,0.077,6.825,6.672
-8.700,-46.800,-0.150,0.077,6.825,6.672
-9.300,-46.800,-0.150,0.077,6.902,6.595
-9.300,-45.750,-0.900,0.077,6.825,6.672
-9.150,-46.050,-1.500,0.077,6.902,6.595
-9.300,-46.200,-0.750,0.230,6.672,6.672
-9.750,-45.150,-1.050,0.153,6.979,6.749
-10.050,-45.600,-1.050,0.000,6.825,6.518
-10.650,-45.000,-1.350,-0.153,6.902,6.595
-10.650,-44.700,-1.800,0.000,6.672,6.749
-10.500,-45.150,-1.950,-0.077,6.902,6.672
-10.350,-44.700,-1.350,-0.153,6.749,6.672
-9.900,-45.000,-1.500,0.230,6.979,6.672
-10.800,-45.750,-1.350,0.000,6.749,6.825
-10.950,-45.150,-1.800,0.000,6.902,6.672
-10.650,-45.600,-2.100,0.153,6.749,6.518
-9.900,-45.000,-2.250,0.077,6.902,6.595
-9.450,-45.150,-2.550,0.000,6.902,6.595
-10.650,-45.300,-2.400,0.077,6.825,6.518
-10.050,-44.250,-1.500,0.077,6.825,6.595
-10.200,-45.600,-1.800,0.077,6.825,6.672
-10.200,-45.300,-2.250,-0.077,6.979,6.672
-10.500,-45.450,-1.800,0.077,6.825,6.672
-9.750,-45.450,-1.650,0.000,6.979,6.595
-9.600,-45.300,-2.250,0.077,6.825,6.672
-10.350,-45.000,-1.950,-0.077,6.825,6.672
-10.950,-46.050,-1.950,0.077,6.825,6.902
-9.750,-44.850,-1.650,0.077,6.979,6.595
-10.800,-45.600,-1.500,0.000,6.902,6.672
-10.350,-45.150,-1.650,0.077,6.902,6.595
-11.550,-45.150,-1.800,0.000,6.825,6.672
-10.200,-44.850,-1.650,0.000,6.825,6.672
-10.650,-45.450,-1.800,0.077,6.825,6.595
-10.800,-44.250,-1.200,0.077,6.902,6.672
-10.500,-45.600,-0.750,0.000,6.902,6.595
-10.650,-45.000,-1.500,0.077,6.749,6.672
-10.200,-45.150,-1.200,0.077,6.825,6.595
-9.600,-45.150,-1.800,0.077,6.672,6.672
-10.050,-45.300,-1.350,0.077,6.902,6.595
-10.200,-44.850,-2.250,0.000,6.902,6.672
-10.500,-44.850,-2.100,0.000,6.979,6.595
-10.200,-45.000,-1.950,0.077,6.825,6.749
-10.350,-44.400,-1.200,0.077,6.825,6.595
-10.800,-45.150,-1.500,0.077,6.902,6.595
-10.350,-45.750,-2.550,0.000,6.825,6.825
-10.950,-44.700,-2.250,0.077,6.902,6.518
-10.350,-45.600,-2.700,0.077,6.825,6.672
-11.400,-45.600,-1.050,0.077,6.979,6.595
-10.500,-44.700,-1.800,0.000,6.825,6.672
-9.450,-45.000,-1.650,0.000,6.902,6.672
-10.350,-45.000,-0.900,0.000,6.825,6.825
-11.250,-44.850,-1.200,0.000,6.902,6.749
-9.750,-45.900,-2.250,0.000,6.825,6.595
-10.500,-45.450,-1.650,0.000,6.902,6.749
-10.500,-44.850,-1.650,0.000,6.902,6.595
-11.100,-44.250,-1.350,0.077,6.825,6.749
-10.350,-45.450,-1.350,0.077,6.979,6.672
-10.950,-45.450,-1.200,0.000,6.825,6.518
-10.350,-45.000,-1.500,0.077,6.825,6.825
-10.350,-44.550,-2.100,0.077,6.902,6.518
-10.800,-45.300,-1.200,0.077,6.902,6.672
-10.500,-45.300,-1.650,0.000,6.902,6.749
-10.200,-46.050,-2.100,0.000,6.825,6.749
-10.350,-45.600,-1.350,0.153,6.825,6.595
-10.200,-45.750,-1.050,-0.077,6.902,6.825
-10.800,-45.600,-1.800,0.000,6.979,6.749
-10.050,-44.850,-2.550,0.000,6.902,6.672
-10.650,-45.600,-1.650,0.000,6.825,6.749
-10.350,-44.550,-1.950,0.000,6.825,6.518
-10.800,-45.450,-1.050,0.383,6.749,6.518
-10.500,-44.700,-2.100,0.153,6.749,6.595
-10.650,-45.750,-2.100,0.153,6.825,6.672
-10.650,-45.600,-2.550,0.307,6.979,6.672
-10.800,-44.850,-2.700,0.230,6.902,6.672
-11.700,-43.650,-2.100,0.230,6.902,6.672
-11.250,-44.100,-3.000,0.230,6.825,6.672
-11.850,-43.950,-2.400,0.153,6.825,6.749
-11.400,-43.200,-3.600,0.077,6.825,6.672
-12.600,-41.850,-4.200,-0.077,6.902,6.749
-12.150,-43.350,-4.800,-0.077,6.825,6.595
-11.400,-42.300,-4.500,-0.077,6.749,6.749
-12.450,-42.900,-4.350,0.077,7.055,6.749
-11.250,-42.750,-4.800,0.383,6.902,6.902
-11.550,-42.300,-4.500,0.000,6.979,6.672
-12.600,-43.200,-4.200,0.307,7.209,7.132
-11.850,-43.350,-4.200,0.230,6.749,6.825
-12.000,-42.750,-4.650,0.153,6.902,6.672
-11.550,-42.750,-4.350,0.153,6.749,6.595
-12.300,-42.900,-4.350,0.153,6.902,6.518
-12.150,-42.900,-4.350,0.153,6.672,6.365
-12.000,-42.900,-5.250,0.153,6.902,6.749
-11.550,-43.500,-4.200,0.000,6.749,6.595
-11.700,-41.700,-4.200,0.153,6.825,6.595
-12.750,-42.000,-4.800,0.153,6.825,6.595
-12.450,-42.750,-4.350,0.153,6.902,6.749
-12.000,-42.150,-5.550,0.153,6.902,6.518
-12.000,-42.300,-5.100,0.153,6.902,6.595
-12.600,-42.600,-4.950,0.153,6.825,6.595
-11.550,-42.450,-4.800,0.153,6.902,6.672
-12.150,-42.000,-3.900,0.077,6.902,6.442
-11.850,-41.700,-5.400,0.153,6.749,6.672
-12.900,-42.300,-5.100,0.153,6.979,6.135
-11.850,-42.150,-4.800,0.230,6.825,6.672
-12.300,-42.750,-5.100,0.077,6.979,6.672
-12.150,-43.350,-5.550,0.077,6.902,6.672
-11.700,-42.450,-5.250,0.077,6.749,6.749
-11.400,-42.000,-5.250,0.153,6.825,6.749
-11.850,-42.600,-4.500,0.230,6.902,6.672
-11.250,-42.900,-5.100,0.153,6.749,6.749
-10.800,-42.300,-4.500,0.077,6.825,6.749
-11.850,-43.500,-4.650,0.000,6.902,6.749
-12.000,-42.300,-4.800,0.077,6.749,6.902
-12.150,-43.050,-4.500,0.153,6.825,6.749
-12.150,-42.600,-4.350,0.153,6.749,6.595
-12.600,-42.150,-4.350,0.077,6.902,6.672
-12.600,-43.200,-4.650,0.153,6.902,6.749
-12.300,-42.750,-4.500,0.077,6.825,6.518
-12.450,-42.450,-4.350,0.153,6.902,6.672
-11.550,-42.600,-3.750,0.077,6.902,6.672
-11.850,-43.200,-4.650,0.077,6.902,6.749
-11.850,-42.900,-4.500,0.153,6.825,6.595
-12.450,-42.600,-4.800,0.077,6.902,6.749
-11.700,-42.450,-4.350,0.000,6.979,6.518
-11.700,-42.750,-5.100,0.230,6.825,6.902
-12.450,-42.150,-4.650,0.230,6.749,6.825
-11.550,-43.050,-5.250,0.153,6.979,6.595
-11.850,-43.200,-4.800,0.077,6.902,6.672
-12.300,-42.300,-4.350,0.077,6.902,6.672
-12.000,-42.750,-4.500,0.077,6.825,6.672
-11.550,-42.750,-4.800,0.077,6.979,6.749
-11.850,-42.750,-3.900,0.153,6.979,6.672
-12.900,-42.450,-4.800,0.077,6.825,6.672
-12.450,-43.050,-5.250,0.153,6.902,6.672
-12.450,-43.650,-4.800,0.153,6.825,6.595
-12.450,-42.900,-4.950,0.153,6.825,6.672
-12.600,-42.600,-4.350,0.230,6.902,6.672
-12.450,-43.350,-4.950,0.307,6.902,6.595
-12.600,-42.450,-5.100,0.383,6.902,6.672
-12.450,-41.850,-6.300,0.460,6.902,6.595
-13.050,-42.000,-6.150,0.383,6.749,6.595
-12.450,-41.550,-6.300,0.383,6.902,6.595
-12.300,-41.250,-6.000,0.230,6.902,6.672
-12.900,-40.500,-7.500,0.307,6.979,6.749
-13.050,-41.100,-7.350,0.383,6.979,6.672
-13.500,-39.600,-8.400,0.383,6.672,6.902
-12.750,-39.600,-8.700,0.230,6.749,6.595
-12.750,-38.700,-9.600,0.230,6.749,6.825
-13.650,-39.150,-9.300,0.153,6.749,6.595
-13.200,-38.100,-9.600,0.000,6.749,6.672
-12.600,-37.650,-9.750,-0.077,6.518,6.518
-13.050,-37.800,-10.050,0.000,6.749,6.518
-12.450,-37.800,-9.900,0.230,6.825,6.825
-12.000,-38.850,-9.600,0.844,6.979,7.439
-12.750,-38.850,-9.600,0.153,6.902,6.902
-12.900,-38.250,-10.200,0.230,6.749,6.749
-12.900,-39.000,-10.350,0.230,6.825,6.672
-12.900,-39.000,-10.650,0.307,6.825,6.902
-12.600,-39.000,-10.200,0.077,6.825,6.595
-12.900,-38.700,-9.450,0.307,6.595,6.672
-13.050,-37.650,-10.200,0.383,6.902,6.672
-12.450,-38.100,-10.200,0.153,6.749,6.672
-12.150,-38.850,-10.050,0.230,6.825,6.518
-12.600,-39.000,-10.200,0.153,6.825,6.749
-12.750,-38.850,-10.200,0.230,6.825,6.825
-12.450,-37.800,-9.750,0.230,6.825,6.518
-12.300,-38.700,-10.050,0.230,6.749,6.825
-12.750,-38.550,-10.050,0.153,6.749,6.749
-13.200,-38.550,-9.600,0.230,6.825,6.595
-12.900,-38.250,-9.750,0.230,6.749,6.672
-12.150,-38.550,-10.200,0.230,6.749,6.672
-12.900,-39.150,-9.600,0.153,6.902,6.672
-12.450,-38.550,-10.050,0.230,6.825,6.672
-13.050,-39.750,-9.300,0.230,6.902,6.595
-12.300,-38.550,-10.650,0.077,6.902,6.595
-12.150,-38.850,-10.200,0.230,6.825,6.902
-13.200,-39.150,-9.900,0.230,6.749,6.672
-12.600,-38.400,-9.300,0.230,6.749,6.595
-13.200,-39.150,-10.350,0.307,6.902,6.672
-12.750,-38.250,-9.750,0.230,6.825,6.672
-12.300,-38.700,-9.450,0.230,6.749,6.672
-13.350,-38.850,-10.650,0.307,6.749,6.672
-12.900,-39.150,-10.650,0.230,6.672,6.902
-12.750,-38.550,-10.500,0.230,6.902,6.595
-12.450,-38.850,-9.900,0.230,6.825,6.365
-12.750,-38.550,-10.500,0.307,6.825,6.749
-12.900,-38.250,-9.900,0.153,6.825,6.825
-12.600,-39.300,-10.050,0.230,6.825,6.672
-11.550,-38.700,-10.350,0.230,6.672,6.595
-12.750,-38.400,-10.200,0.230,6.825,6.749
-12.750,-38.700,-9.900,0.230,6.825,6.672
-11.700,-38.400,-10.800,0.307,6.902,6.672
-12.450,-38.250,-9.150,0.230,6.902,6.672
-12.900,-38.100,-9.600,0.230,6.749,6.672
-12.600,-38.100,-9.900,0.537,6.749,6.672
-12.600,-38.850,-9.450,0.307,6.979,6.749
-13.050,-38.850,-10.350,0.230,6.825,6.595
-12.750,-38.700,-10.200,0.153,6.825,6.825
-13.050,-38.100,-9.450,0.230,6.902,6.979
-12.750,-38.250,-10.350,0.230,6.902,6.825
-12.450,-37.950,-10.350,0.153,6.672,6.749
-12.150,-37.950,-9.900,0.230,6.825,6.749
-12.450,-38.700,-10.200,0.230,6.825,6.672
-12.300,-38.550,-9.900,0.537,6.902,6.672
-13.200,-38.100,-11.100,0.153,6.825,6.672
-12.750,-38.700,-10.350,0.230,6.749,6.672
-13.350,-38.550,-10.350,0.307,6.902,6.749
-12.150,-38.850,-10.350,0.230,6.825,6.825
-12.300,-38.850,-10.500,0.307,6.672,6.595
-13.200,-37.650,-10.650,0.230,6.749,6.749
-13.350,-38.850,-9.750,0.307,6.672,6.749
-13.200,-38.400,-10.950,0.383,6.672,6.749
-12.300,-37.800,-10.650,0.383,6.902,6.749
-12.450,-37.800,-10.800,0.460,6.749,6.749
-13.200,-38.250,-10.650,0.460,6.825,6.749
-13.350,-37.800,-10.350,0.537,6.749,6.672
-12.600,-37.950,-11.550,0.614,6.749,6.749
-13.500,-36.300,-11.850,0.614,6.749,6.595
-12.900,-37.350,-11.700,0.537,6.595,6.672
-13.500,-36.300,-12.150,0.690,6.672,6.672
-12.900,-36.600,-13.350,0.614,6.749,6.825
-12.900,-35.700,-13.650,0.537,6.825,6.825
-12.000,-34.800,-13.950,0.614,6.825,6.595
-11.700,-34.650,-15.300,0.383,6.518,6.595
-11.100,-34.200,-15.900,0.077,7.132,6.902
-10.950,-34.350,-16.500,0.077,6.672,6.672
-11.700,-32.250,-17.100,0.153,6.672,6.902
-10.200,-33.000,-16.500,0.307,6.595,7.132
-10.050,-33.900,-17.400,0.230,6.749,6.749
-10.350,-33.150,-17.550,-0.077,6.902,7.285
-8.850,-34.200,-16.800,-0.230,7.285,7.362
-9.300,-34.050,-17.550,0.460,7.285,6.902
-7.650,-34.350,-17.550,0.153,6.595,6.442
-8.700,-34.800,-17.250,0.153,6.749,7.285
-8.850,-34.200,-16.800,0.077,6.825,6.749
-8.850,-34.200,-17.700,0.230,6.749,6.595
-9.450,-34.350,-16.800,0.077,6.749,6.672
-8.550,-34.200,-16.800,0.230,6.902,6.825
-8.700,-34.050,-17.250,0.077,6.825,6.749
-8.700,-33.900,-16.500,0.230,6.825,7.055
-9.600,-34.650,-17.250,0.153,6.825,6.749
-8.850,-34.500,-16.950,0.307,6.825,6.672
-9.750,-34.350,-16.950,0.077,6.825,6.672
-9.600,-34.800,-16.800,0.230,6.902,6.365
-9.150,-34.500,-16.800,0.153,6.825,6.595
-9.300,-34.800,-17.400,0.153,6.749,6.595
-9.750,-34.350,-18.000,0.383,6.825,6.902
-8.850,-34.200,-17.100,0.153,6.902,6.672
-9.150,-34.350,-17.100,0.153,6.825,6.749
-8.250,-34.350,-17.550,0.153,6.749,6.672
-9.300,-34.050,-18.300,0.153,6.825,6.749
-8.700,-33.300,-17.100,0.153,6.825,6.518
-10.350,-33.600,-17.250,0.153,6.749,6.672
-9.450,-34.800,-16.650,0.153,6.902,6.825
-8.400,-34.500,-16.800,0.230,6.825,6.595
-9.300,-33.750,-16.200,0.230,6.902,6.518
-8.850,-33.300,-17.400,0.230,6.749,6.518
-8.850,-34.350,-17.100,0.153,6.672,6.825
-9.900,-35.100,-17.400,0.153,6.749,6.672
-8.850,-34.650,-16.800,0.153,6.749,6.672
-9.150,-34.200,-18.000,0.077,6.902,6.825
-9.450,-34.050,-17.400,0.000,6.749,6.518
-8.700,-33.900,-17.250,0.077,6.825,6.672
-8.550,-34.350,-17.250,0.077,6.825,6.595
-9.150,-33.900,-17.550,0.077,6.825,6.672
-9.150,-34.950,-17.100,0.153,6.825,6.749
-9.300,-35.100,-16.650,0.000,6.825,6.595
-8.850,-33.900,-16.950,0.077,6.902,6.825
-10.500,-34.950,-16.800,0.153,6.825,6.749
-8.700,-34.500,-17.100,0.077,6.902,6.672
-8.850,-34.200,-15.900,0.077,6.902,6.672
-9.300,-33.750,-16.200,0.153,6.825,6.672
-9.450,-34.800,-16.350,0.077,6.825,6.749
-9.900,-35.550,-15.900,0.077,6.902,6.749
-9.600,-35.700,-15.600,0.153,6.825,6.749
-9.900,-35.550,-16.800,0.307,6.749,6.518
-9.600,-35.250,-15.600,0.077,6.672,6.749
-10.500,-35.100,-16.500,0.077,6.749,6.749
-8.850,-34.500,-15.450,0.077,6.749,6.672
-9.750,-35.400,-16.050,0.077,6.749,6.825
-9.000,-35.250,-16.050,0.077,6.825,6.672
-9.450,-34.800,-15.900,0.077,6.825,6.518
-9.300,-35.100,-15.600,0.000,6.749,6.672
-10.050,-35.700,-15.900,0.077,6.825,6.595
-10.500,-34.800,-15.900,0.383,6.672,6.595
-10.350,-35.250,-16.350,0.077,6.825,6.902
-9.900,-35.400,-15.000,0.077,6.749,6.595
-9.900,-35.400,-16.200,0.000,6.749,6.672
-9.600,-35.100,-15.450,0.000,6.749,6.749
-9.900,-35.100,-15.150,0.153,6.825,6.672
-9.900,-35.100,-16.050,0.077,6.672,6.902
-9.900,-35.850,-15.750,0.000,6.825,6.825
-9.000,-34.650,-15.600,0.000,6.825,6.672
-9.450,-35.850,-15.300,0.077,6.902,6.825
-9.750,-34.650,-15.900,0.077,6.749,6.749
-9.600,-34.800,-16.050,0.077,6.749,6.672
-10.200,-35.700,-16.500,0.000,6.825,6.672
-9.900,-35.400,-16.050,0.077,6.825,6.749
-10.500,-34.950,-15.150,0.077,6.902,6.672
-9.600,-35.700,-15.000,0.000,6.825,6.749
-10.050,-34.950,-16.350,0.000,6.825,6.902
-9.750,-35.100,-15.900,0.000,6.902,6.672
-9.750,-34.500,-15.150,0.153,6.825,6.595
-10.200,-35.850,-15.900,0.153,6.749,6.672
-9.750,-35.850,-15.000,-0.307,6.749,6.672
-9.450,-35.100,-16.200,0.077,6.825,6.672
-10.050,-35.550,-15.750,0.153,6.749,6.749
-9.600,-34.800,-16.500,0.153,6.902,6.672
-10.500,-35.250,-16.200,0.153,6.825,6.672
-9.750,-34.950,-15.600,0.153,6.825,6.365
-9.900,-35.400,-15.300,0.153,6.749,6.825
-11.550,-34.050,-15.750,0.230,6.825,6.749
-10.650,-34.500,-16.200,0.307,6.825,6.672
-11.100,-35.400,-16.200,0.230,6.749,6.825
-11.400,-34.500,-15.900,0.307,6.672,6.672
-10.950,-33.600,-16.200,0.383,6.672,6.825
-10.650,-33.450,-16.200,0.460,6.595,6.749
-11.550,-33.000,-16.500,0.460,6.749,6.595
-10.350,-33.300,-17.100,0.460,6.672,6.672
-11.100,-33.450,-17.250,0.460,6.672,6.902
-10.350,-33.150,-16.050,0.690,6.595,6.749
-9.900,-33.000,-18.000,0.537,6.749,6.825
-11.850,-32.100,-17.100,0.614,6.595,6.902
-10.500,-33.150,-17.700,0.690,6.672,6.749
-10.950,-31.800,-18.000,0.614,6.595,6.749
-10.350,-31.650,-18.450,0.690,6.672,6.902
-9.150,-31.200,-17.550,0.690,6.672,6.825
-9.750,-31.050,-19.050,0.690,6.518,6.902
-7.350,-32.550,-19.500,0.767,6.518,6.518
-8.100,-31.950,-19.050,1.304,5.598,6.518
-6.000,-31.650,-21.000,0.307,6.595,5.752
-4.050,-31.200,-21.450,-0.077,6.595,6.749
-2.850,-32.700,-21.900,0.000,7.515,7.362
-2.250,-30.900,-22.800,-0.614,6.288,5.982
-2.700,-31.200,-22.950,-0.767,6.365,5.828
-1.650,-30.900,-22.650,-0.460,6.825,6.902
-2.250,-31.650,-22.950,-0.230,6.749,7.132
-1.650,-31.200,-23.100,0.460,6.595,6.365
-2.550,-31.200,-22.800,0.000,6.595,7.055
-1.500,-31.650,-22.950,0.000,6.979,7.285
-1.350,-31.200,-23.400,-0.077,6.749,6.518
-1.950,-32.100,-22.950,-0.077,6.595,6.518
-2.100,-32.250,-23.400,0.000,6.979,6.902
-1.650,-31.650,-22.950,-0.077,6.825,6.672
-2.100,-30.750,-22.800,-0.153,6.672,6.595
-1.950,-31.950,-22.800,0.077,6.902,6.825
-2.250,-31.350,-22.500,-0.077,6.749,6.749
-1.950,-31.950,-22.800,-0.153,6.902,6.672
-1.650,-31.200,-22.350,-0.077,6.825,6.749
-1.500,-30.750,-22.650,-0.077,6.825,6.672
-1.200,-31.950,-23.100,-0.077,6.518,6.749
-1.950,-30.450,-22.350,-0.077,6.825,7.055
-1.650,-32.250,-22.950,-0.077,6.749,6.672
-2.100,-31.050,-22.650,0.000,6.979,6.749
-2.100,-31.800,-22.800,0.000,6.825,6.595
-2.250,-31.950,-22.350,0.077,6.825,6.902
-2.700,-30.600,-22.650,0.000,6.825,6.902
-1.800,-31.650,-22.950,-0.077,6.902,6.595
-1.500,-30.900,-22.800,0.000,6.749,6.595
-2.100,-30.600,-22.800,-0.077,6.902,6.749
-1.650,-31.050,-23.550,0.000,6.825,6.749
-2.400,-31.350,-22.950,-0.077,6.825,6.595
-2.250,-31.650,-23.400,0.000,6.749,6.595
-2.400,-30.900,-22.800,-0.077,6.825,6.825
-2.400,-32.250,-22.950,-0.077,6.595,6.749
-1.650,-31.350,-21.750,0.000,6.825,6.672
-2.700,-32.250,-23.400,-0.077,6.749,6.672
-1.650,-31.050,-22.350,-0.077,6.825,6.442
-1.950,-30.750,-22.650,0.077,6.825,6.825
-1.800,-31.500,-22.950,-0.077,6.672,6.672
-1.500,-31.650,-22.500,0.077,6.749,6.595
-1.350,-31.950,-23.100,-0.153,6.902,6.749
-1.500,-31.200,-22.500,0.000,6.749,6.442
-2.250,-32.100,-22.800,-0.230,6.749,6.749
-2.550,-31.500,-22.650,-0.077,6.749,6.825
-1.950,-31.800,-22.800,0.000,6.825,6.749
-2.400,-31.200,-22.950,-0.153,6.749,6.672
-1.500,-32.250,-23.100,-0.077,6.825,6.825
-2.100,-31.200,-23.400,-0.077,6.825,6.825
-2.550,-31.800,-23.550,-0.077,6.825,6.365
-2.250,-30.900,-22.950,0.000,6.902,6.672
-2.250,-31.650,-22.800,0.000,6.825,6.672
-1.950,-31.650,-23.100,-0.153,6.825,6.825
-1.950,-32.250,-22.800,0.000,6.825,6.672
-1.800,-31.500,-23.550,0.230,6.749,6.672
-1.650,-31.650,-22.350,-0.077,6.749,6.672
-1.950,-31.950,-22.950,0.000,6.749,6.672
-2.400,-32.100,-23.100,-0.153,6.825,6.749
-2.850,-30.450,-22.650,0.000,6.672,6.749
-2.100,-31.650,-23.250,-0.077,6.825,6.595
-2.100,-31.200,-22.950,0.000,6.672,6.749
-1.500,-31.050,-22.500,0.000,6.825,6.672
-1.350,-31.500,-23.400,0.077,6.825,6.672
-2.250,-32.400,-23.100,0.077,6.825,6.672
-2.100,-31.050,-23.100,0.077,6.825,6.672
-1.350,-31.500,-23.100,0.077,6.825,6.672
-2.250,-30.750,-23.250,0.153,6.672,6.749
-1.650,-30.600,-22.950,0.153,6.825,6.672
-0.900,-31.050,-23.400,0.230,6.902,6.595
-0.150,-30.750,-23.850,0.230,6.749,6.595
0.150,-31.050,-24.000,0.077,6.902,6.595
0.750,-30.900,-24.000,0.153,6.825,6.442
1.050,-30.900,-24.750,0.153,6.902,6.288
1.650,-30.300,-24.600,0.077,6.979,6.595
2.550,-30.600,-25.200,0.000,6.825,6.518
2.850,-30.150,-25.200,-0.153,6.902,6.595
3.300,-30.300,-24.900,-0.230,6.749,6.672
3.750,-29.250,-25.500,-0.153,6.825,7.055
3.750,-30.900,-24.450,-0.153,6.749,6.672
3.450,-29.850,-25.200,0.000,6.902,6.595
4.050,-29.700,-25.500,0.230,6.825,6.672
4.200,-29.700,-25.350,0.153,6.825,6.518
4.500,-29.850,-25.200,0.230,6.902,6.749
4.650,-29.550,-24.900,0.153,6.979,6.979
4.200,-29.400,-25.500,0.077,6.749,6.672
3.300,-29.550,-25.050,0.077,6.902,6.749
4.500,-29.700,-25.500,0.077,6.825,6.672
4.500,-29.550,-25.050,0.077,6.902,6.595
3.450,-30.000,-25.500,0.153,6.825,6.979
4.050,-31.050,-24.900,0.230,6.825,6.518
4.050,-29.400,-25.050,0.230,6.902,6.672
4.200,-29.550,-24.900,0.077,6.902,6.749
4.650,-30.000,-25.050,0.000,6.825,6.749
5.400,-29.700,-25.050,0.153,6.749,6.212
4.350,-30.450,-25.500,0.153,6.825,6.518
4.800,-29.250,-24.600,0.077,6.749,6.595
4.050,-30.000,-25.050,0.077,6.825,6.672
4.350,-30.300,-24.900,-0.077,6.825,6.749
4.950,-30.000,-24.900,0.153,6.902,6.749
4.350,-30.300,-25.050,0.153,6.825,7.285
4.650,-30.450,-25.050,0.000,6.902,6.749
4.650,-29.850,-24.900,0.000,6.825,6.595
3.150,-29.700,-25.350,0.077,6.825,6.749
4.650,-29.550,-25.500,0.077,6.902,6.595
5.250,-29.400,-25.650,0.153,6.825,6.595
4.050,-31.200,-25.500,0.153,6.749,6.749
3.750,-29.850,-25.500,0.000,6.825,6.595
4.200,-30.000,-25.050,0.153,6.902,6.825
4.500,-30.000,-25.050,0.000,6.902,6.672
4.050,-30.750,-25.050,0.230,6.749,6.595
4.200,-30.000,-24.750,0.153,6.979,6.595
4.650,-30.600,-25.350,0.153,6.825,6.672
4.800,-30.150,-24.900,0.230,6.902,6.595
4.650,-29.700,-24.900,0.077,6.825,6.672
3.600,-31.200,-25.650,0.077,6.825,6.672
4.500,-29.700,-24.900,0.077,6.825,6.672
4.650,-30.750,-25.650,0.153,6.902,6.749
3.900,-30.000,-25.050,0.077,6.749,6.595
4.350,-30.300,-25.200,0.230,6.825,6.749
4.050,-29.700,-25.200,0.077,6.749,6.749
4.350,-30.300,-25.050,0.153,6.825,6.749
4.200,-30.600,-24.900,0.153,6.749,6.595
4.350,-30.000,-25.350,0.153,6.825,6.672
3.900,-30.300,-24.900,0.153,6.979,6.749
4.650,-30.000,-25.350,0.077,6.979,6.749
4.200,-29.400,-25.350,0.153,6.902,6.595
3.900,-30.150,-25.200,0.077,6.825,6.672
4.350,-30.150,-25.500,0.153,6.825,6.442
3.450,-30.600,-24.900,0.077,6.825,6.518
4.350,-29.250,-24.450,0.077,6.825,6.672
4.950,-30.000,-25.200,0.077,6.825,6.672
4.200,-29.550,-25.050,0.153,6.902,6.672
3.750,-31.050,-25.350,0.230,6.825,6.672
3.900,-30.750,-25.650,0.077,6.902,6.672
4.200,-30.150,-25.350,0.077,6.672,6.442
4.800,-30.600,-24.750,0.153,6.902,6.902
3.900,-30.600,-24.750,0.153,6.825,6.672
4.050,-29.850,-24.750,0.153,6.825,6.749
4.050,-30.750,-24.900,0.077,6.825,6.595
3.900,-30.450,-25.500,0.153,6.825,6.672
4.650,-29.850,-25.050,0.230,6.825,6.749
4.650,-29.550,-24.150,0.153,6.979,6.595
4.050,-30.000,-25.650,0.000,6.825,6.825
4.050,-29.700,-25.650,0.153,6.902,6.672
4.800,-29.550,-25.350,0.230,6.749,6.672
3.600,-30.450,-25.500,0.077,6.749,6.902
4.800,-30.150,-26.400,0.153,6.902,6.825
3.300,-28.500,-25.200,0.230,6.825,6.749
3.150,-30.750,-25.650,0.230,6.749,6.672
4.500,-30.750,-25.500,0.307,6.749,6.979
5.250,-29.850,-25.500,0.307,6.825,6.595
5.100,-29.850,-25.200,0.307,6.825,6.595
5.250,-29.850,-25.050,0.230,6.749,6.518
4.950,-29.700,-26.100,0.307,6.825,6.672
5.850,-29.550,-25.950,0.307,6.902,6.672
6.450,-29.400,-25.950,0.153,6.902,6.672
6.150,-30.600,-25.800,0.077,6.902,6.672
6.750,-30.150,-25.650,0.077,6.825,6.595
7.800,-30.300,-26.250,0.153,6.825,6.825
7.800,-30.300,-25.950,0.230,6.825,6.672
9.300,-30.150,-25.650,0.383,6.749,6.595
9.000,-28.950,-25.350,0.230,6.672,6.749
8.250,-30.150,-25.950,0.153,6.749,6.595
8.550,-29.850,-26.550,0.153,6.749,6.672
9.450,-29.400,-25.500,0.077,6.749,6.749
8.400,-30.900,-25.500,0.077,6.902,6.825
9.000,-29.100,-26.100,0.230,6.825,6.672
9.300,-30.150,-25.200,0.307,6.672,6.749
10.200,-29.700,-25.950,0.230,6.749,6.749
9.600,-29.250,-25.050,0.307,6.902,6.825
9.150,-29.550,-25.200,0.153,6.825,6.518
9.300,-29.850,-25.800,0.153,6.902,6.749
9.150,-29.550,-26.250,0.230,6.749,6.672
9.300,-29.250,-25.200,0.230,6.749,6.749
9.600,-29.400,-26.250,0.153,6.749,6.749
9.450,-29.850,-25.200,0.230,6.749,6.825
10.200,-30.300,-25.350,0.537,6.825,6.979
9.300,-29.700,-25.650,0.153,6.749,6.672
8.550,-29.400,-25.200,0.307,6.749,6.749
9.000,-30.000,-26.100,0.307,6.749,6.672
9.300,-30.450,-25.950,0.153,6.749,6.749
9.900,-30.150,-25.800,0.153,6.825,6.749
10.050,-30.000,-25.800,0.307,6.825,6.595
9.750,-28.950,-25.200,0.307,6.749,6.825
9.300,-29.400,-25.500,0.153,6.902,6.749
9.600,-30.300,-26.700,0.307,6.825,6.595
9.000,-30.450,-25.950,0.307,6.825,6.595
9.000,-30.450,-26.100,0.230,6.749,6.749
9.300,-29.100,-25.800,0.307,6.902,6.902
9.450,-30.450,-25.950,0.153,6.979,6.672
9.750,-30.300,-25.950,0.153,6.749,6.825
10.050,-30.900,-25.950,0.230,6.825,6.595
9.900,-30.600,-25.500,0.230,6.749,6.672
9.150,-30.600,-25.350,0.153,6.749,6.672
9.000,-30.450,-25.650,0.153,6.749,6.825
9.900,-30.300,-26.250,0.230,6.672,6.672
9.900,-29.400,-25.500,0.230,6.825,6.749
9.900,-29.250,-25.800,0.307,6.825,6.595
9.150,-30.000,-26.250,0.307,6.749,6.672
9.600,-30.000,-26.100,0.307,6.902,6.365
10.200,-30.000,-25.350,0.307,6.825,6.749
10.200,-29.850,-25.800,0.153,6.825,6.672
8.700,-29.100,-26.100,0.230,6.749,6.749
8.700,-30.600,-25.500,0.153,6.749,6.595
9.000,-29.850,-25.050,0.307,6.672,6.749
10.050,-29.850,-24.150,0.230,6.825,6.825
8.850,-29.250,-26.400,0.230,6.902,6.825
9.300,-29.700,-25.500,0.307,6.749,6.749
9.450,-30.150,-25.350,0.230,6.749,6.442
9.000,-29.700,-25.650,0.230,6.672,6.825
9.000,-29.550,-25.200,0.230,6.749,6.595
9.150,-29.550,-25.800,0.307,6.825,6.749
8.850,-30.300,-25.800,0.230,6.825,6.749
9.150,-29.550,-25.800,0.153,6.749,6.749
9.450,-29.550,-26.100,0.230,6.825,6.825
9.750,-29.700,-25.800,0.153,6.672,6.595
9.150,-29.850,-25.350,0.230,6.749,6.595
9.000,-30.150,-26.550,0.307,6.749,6.672
9.600,-30.150,-25.650,0.383,6.749,6.442
9.000,-30.300,-25.350,0.230,6.979,6.595
9.750,-30.450,-25.200,0.537,6.749,6.825
9.150,-29.250,-25.800,0.230,6.749,6.749
9.000,-29.550,-25.800,0.307,6.902,6.672
9.000,-30.900,-25.950,0.383,6.979,6.672
9.750,-30.150,-25.200,0.383,6.672,6.672
8.850,-29.850,-25.950,0.383,6.825,6.825
9.900,-29.700,-25.650,0.383,6.749,6.672
9.600,-30.750,-25.800,0.307,6.825,6.749
10.050,-29.700,-26.100,0.383,6.749,6.749
11.100,-30.000,-26.250,0.307,6.749,6.749
10.800,-30.150,-25.800,0.307,6.749,6.749
10.650,-30.000,-25.800,0.460,6.749,6.825
11.250,-30.300,-26.100,0.537,6.672,6.749
12.150,-30.150,-26.100,0.537,6.902,6.825
12.300,-30.000,-25.500,0.230,6.749,6.672
11.700,-30.300,-25.050,0.383,6.902,6.902
12.450,-29.550,-25.350,0.383,6.902,6.672
13.800,-30.900,-25.500,0.230,6.749,6.749
14.400,-30.300,-25.200,0.077,6.825,6.979
13.950,-30.600,-25.050,0.230,6.749,6.749
14.250,-31.050,-24.450,0.307,6.749,6.825
14.550,-30.000,-25.200,0.383,6.672,6.749
14.250,-29.400,-25.350,0.230,6.749,6.672
14.550,-29.550,-24.000,0.383,6.825,6.825
14.400,-30.150,-25.050,0.383,6.749,6.518
14.700,-30.300,-24.300,0.307,6.672,6.902
13.800,-30.450,-25.500,0.383,6.749,6.749
14.250,-30.300,-24.900,0.383,6.749,6.825
14.550,-30.150,-25.500,0.153,6.595,6.749
14.550,-30.750,-25.350,0.383,6.749,6.672
14.400,-30.450,-24.750,0.383,6.825,7.055
13.350,-30.600,-23.850,0.383,6.825,6.825
14.400,-30.450,-26.100,0.307,6.672,6.595
14.250,-29.850,-25.800,0.307,6.595,6.749
15.000,-30.900,-25.200,0.383,6.825,7.132
15.150,-30.600,-25.350,0.383,6.749,6.749
13.050,-30.450,-25.050,0.307,6.749,6.979
15.000,-30.300,-25.800,0.383,6.595,6.749
13.800,-30.300,-25.950,0.307,6.595,6.672
13.650,-30.300,-24.750,0.307,6.595,6.749
13.200,-30.600,-24.750,0.230,6.749,6.825
14.100,-30.150,-25.500,0.230,6.672,6.902
14.700,-30.300,-24.450,0.383,6.672,6.518
14.400,-29.850,-25.800,0.383,6.749,6.749
14.400,-29.550,-25.050,0.307,6.749,6.749
14.700,-31.200,-25.050,0.307,6.749,6.749
14.850,-30.450,-24.750,0.307,6.672,6.749
13.650,-30.450,-25.500,0.383,6.825,6.902
14.400,-30.300,-25.050,0.307,6.595,6.442
14.700,-30.000,-25.200,0.383,6.672,6.749
14.850,-30.600,-24.600,0.383,6.749,6.749
14.100,-30.150,-24.450,0.307,6.749,6.749
14.400,-30.300,-24.900,0.230,6.825,6.902
14.100,-31.350,-25.500,0.153,6.825,6.825
14.700,-30.600,-25.200,0.307,6.902,6.672
14.250,-29.850,-26.100,0.460,6.979,6.979
14.250,-30.300,-24.600,0.383,6.825,6.825
14.100,-30.150,-24.900,0.383,6.672,6.902
14.250,-30.150,-24.600,0.307,6.672,6.749
14.400,-29.550,-25.350,0.307,6.749,6.825
14.250,-30.450,-25.050,0.460,6.672,6.902
14.850,-30.900,-25.350,0.230,6.749,7.285
13.950,-29.700,-25.650,0.383,6.672,6.979
14.400,-29.700,-25.800,0.307,6.672,6.825
13.350,-29.850,-25.050,0.307,6.749,6.749
13.950,-30.450,-25.650,0.383,6.749,6.825
14.550,-31.200,-26.100,0.383,6.595,6.825
15.000,-30.000,-24.750,0.307,6.825,6.672
14.100,-30.600,-25.050,0.383,6.672,6.902
14.250,-30.450,-26.100,0.307,6.595,6.825
13.650,-30.600,-24.600,0.460,6.672,6.749
14.100,-31.050,-25.650,0.460,6.749,6.749
13.650,-30.600,-25.050,0.460,6.595,6.902
14.700,-30.450,-25.050,0.537,6.749,6.672
14.400,-30.600,-25.200,0.537,6.672,6.749
13.950,-30.750,-24.750,0.537,6.749,7.055
14.100,-30.300,-24.450,0.767,6.749,6.672
14.700,-31.500,-25.800,0.614,6.749,6.749
14.850,-30.450,-24.300,0.537,6.825,6.749
15.000,-30.300,-23.550,0.460,6.595,6.902
16.200,-30.900,-24.150,0.614,6.749,6.749
16.200,-30.900,-25.050,0.537,6.442,6.672
15.750,-30.750,-24.450,0.537,6.749,6.825
16.350,-31.050,-24.750,0.537,6.825,6.825
16.350,-30.900,-24.600,0.460,6.672,6.902
16.800,-30.900,-23.550,0.383,6.749,6.902
17.400,-31.200,-23.850,0.383,6.672,6.902
17.700,-31.200,-23.550,0.383,6.595,7.132
18.450,-31.350,-23.850,0.383,6.672,6.902
18.600,-31.650,-23.850,0.230,6.672,6.825
18.000,-30.750,-23.250,0.230,6.672,6.902
18.900,-32.400,-23.850,0.537,6.595,7.209
18.150,-31.350,-23.550,0.383,6.672,6.749
19.200,-32.100,-24.450,0.383,6.749,6.825
18.300,-30.600,-23.400,0.383,6.672,6.825
18.300,-31.350,-23.550,0.537,6.595,6.825
18.900,-31.650,-23.550,0.537,6.672,6.825
17.850,-30.900,-23.100,0.383,6.595,6.902
18.450,-32.250,-24.150,0.460,6.595,6.825
18.450,-31.650,-23.250,0.537,6.672,6.825
18.750,-31.650,-23.250,0.307,6.595,6.825
18.150,-31.950,-23.400,0.460,6.595,6.902
19.050,-31.500,-23.550,0.383,6.595,6.749
17.100,-31.350,-23.550,0.307,6.672,6.979
16.950,-31.350,-23.550,0.383,6.749,6.825
18.000,-31.050,-23.850,0.537,6.595,6.749
18.150,-31.200,-24.150,0.460,6.595,6.749
18.600,-31.200,-23.550,0.077,6.749,6.595
17.700,-30.000,-23.850,0.383,6.749,6.825
18.000,-31.500,-23.850,0.460,6.672,6.749
17.400,-31.650,-23.400,0.460,6.595,6.902
17.850,-31.500,-23.400,0.383,6.672,6.979
18.450,-31.950,-24.150,0.460,6.749,6.749
18.600,-31.200,-23.100,0.460,6.672,6.979
18.450,-31.650,-23.550,0.383,6.749,6.902
18.150,-31.350,-23.850,0.460,6.595,6.825
17.850,-30.900,-23.700,0.383,6.672,6.902
17.400,-30.000,-23.700,0.383,6.595,6.825
17.250,-31.050,-24.150,0.460,6.672,7.209
17.100,-31.050,-23.400,0.460,6.672,6.902
18.000,-31.800,-23.850,0.383,6.749,6.902
18.150,-30.750,-24.450,0.460,6.595,6.749
18.450,-31.200,-24.300,0.307,6.672,6.825
17.250,-30.600,-24.900,0.460,6.672,6.749
17.850,-31.800,-23.250,0.383,6.749,6.825
17.850,-31.350,-22.650,0.460,6.518,6.825
18.150,-31.050,-23.700,0.307,6.672,6.825
17.550,-30.900,-23.400,0.460,6.595,6.749
18.900,-31.950,-24.000,0.383,6.672,6.825
18.300,-31.050,-24.000,0.383,6.595,6.749
18.300,-31.050,-23.400,0.460,6.595,6.902
17.850,-30.900,-24.600,0.383,6.595,6.825
18.000,-32.100,-24.000,0.307,6.672,6.825
17.700,-31.050,-23.850,0.460,6.749,6.902
17.250,-30.600,-23.400,0.383,6.672,6.825
18.450,-32.100,-23.850,0.460,6.595,6.979
17.400,-31.800,-23.850,0.307,6.672,7.055
18.000,-31.050,-24.000,0.230,6.595,6.825
18.000,-31.200,-24.450,0.460,6.749,6.902
17.550,-31.350,-23.700,0.383,6.672,6.979
18.750,-31.350,-23.850,0.383,6.749,6.825
18.450,-30.900,-24.150,0.537,6.595,6.442
17.700,-31.350,-23.250,0.460,6.749,6.749
17.400,-31.800,-24.000,0.460,6.672,6.749
18.450,-30.600,-23.400,0.383,6.672,6.825
18.000,-31.200,-23.850,0.460,6.595,6.902
17.850,-30.900,-23.700,0.537,6.595,6.902
17.100,-31.950,-24.000,0.614,6.595,6.672
17.700,-30.750,-23.850,0.614,6.672,6.825
18.150,-31.200,-23.700,0.537,6.672,6.979
17.850,-31.800,-23.550,0.537,6.595,6.825
19.200,-32.100,-23.700,0.690,6.672,6.979
18.150,-31.350,-22.950,0.614,6.595,6.825
18.450,-31.500,-23.850,0.614,6.749,6.979
18.300,-31.650,-22.950,0.690,6.672,7.055
19.500,-31.800,-22.500,0.614,6.595,6.902
19.800,-32.400,-22.650,0.614,6.672,6.979
19.800,-32.100,-22.950,0.614,6.595,6.979
20.550,-32.100,-22.200,0.690,6.518,6.902
21.300,-32.400,-21.900,0.614,6.672,7.055
21.450,-33.000,-21.150,0.690,6.518,6.825
21.450,-32.250,-21.150,0.460,6.595,6.825
21.900,-31.800,-21.900,0.537,6.595,6.979
23.250,-34.200,-20.850,0.537,6.518,6.979
22.200,-33.000,-20.250,0.460,6.518,6.902
23.250,-33.900,-20.550,0.307,6.672,6.825
24.000,-34.050,-20.550,0.460,6.442,6.979
23.400,-33.750,-20.400,0.460,6.365,6.979
23.850,-34.500,-20.400,0.383,6.595,6.902
23.550,-34.350,-19.650,0.383,6.518,6.902
23.700,-35.250,-18.900,0.460,6.135,6.979
24.300,-34.950,-19.050,0.614,6.442,6.825
24.750,-35.100,-18.750,0.230,6.595,6.979
24.750,-33.750,-18.450,0.383,6.288,6.902
25.050,-34.800,-19.350,-0.153,6.979,6.979
24.300,-34.500,-18.750,0.690,7.055,6.825
24.750,-34.200,-19.200,0.383,6.825,6.902
25.500,-34.350,-18.900,0.383,6.749,6.825
25.200,-34.800,-19.800,0.230,6.672,6.595
25.050,-34.650,-19.200,0.307,6.595,6.672
24.750,-34.350,-19.050,0.153,6.825,6.825
24.600,-34.800,-19.050,0.230,6.672,6.825
25.050,-34.950,-19.350,0.230,6.672,6.825
25.650,-34.650,-18.600,0.230,6.672,6.825
24.300,-34.650,-18.600,0.153,6.749,6.902
24.600,-35.550,-19.350,0.230,6.749,6.672
25.050,-34.350,-19.350,0.153,6.672,6.595
25.500,-35.100,-19.350,0.230,6.749,6.749
24.750,-34.650,-19.350,0.307,6.672,7.209
24.750,-34.500,-18.750,0.230,6.595,6.825
25.050,-35.100,-19.500,0.153,6.672,6.825
24.750,-35.100,-18.450,0.153,6.672,7.055
24.600,-34.800,-19.350,0.307,6.672,6.595
24.900,-34.350,-18.750,0.307,6.672,6.902
25.050,-34.950,-19.200,0.230,6.749,6.749
24.000,-34.500,-19.950,0.230,6.595,6.749
24.300,-34.200,-18.900,0.153,6.672,6.902
24.450,-34.350,-19.200,0.307,6.595,6.595
24.750,-35.250,-19.050,0.230,6.749,6.825
25.350,-35.550,-18.600,0.230,6.672,6.749
24.750,-34.350,-18.600,0.230,6.595,6.979
24.450,-35.400,-19.050,0.230,6.749,6.902
24.900,-34.500,-19.650,0.230,6.672,6.749
24.450,-34.500,-19.350,0.230,6.749,6.672
24.900,-34.650,-19.650,0.153,6.672,6.825
24.600,-35.700,-20.100,0.230,6.672,6.825
24.600,-35.850,-18.750,0.230,6.749,6.825
24.900,-35.100,-19.350,0.153,6.595,6.979
24.750,-34.350,-19.350,0.153,6.595,6.902
25.650,-35.550,-19.350,0.153,6.749,6.749
25.500,-35.100,-19.650,0.307,6.595,6.902
25.050,-35.550,-19.350,0.153,6.749,6.825
25.050,-34.800,-19.500,0.153,6.749,6.825
24.750,-34.200,-18.750,0.153,6.672,7.055
24.450,-34.650,-18.900,0.230,6.672,6.902
24.600,-34.050,-19.650,0.153,6.672,6.902
25.050,-33.900,-19.350,0.153,6.672,6.825
25.050,-34.650,-18.900,0.307,6.672,6.825
24.900,-34.200,-19.200,0.307,6.595,7.055
25.650,-35.700,-19.500,0.153,6.672,6.672
25.050,-34.350,-18.900,0.307,6.595,6.749
25.350,-35.100,-19.500,0.230,6.749,6.902
25.050,-34.800,-19.800,0.230,6.518,6.825
26.100,-34.200,-19.800,0.153,6.595,6.825
24.900,-34.800,-19.350,0.230,6.595,6.749
24.600,-35.250,-18.750,0.307,6.749,6.672
24.750,-35.100,-19.050,0.383,6.749,6.672
24.150,-34.350,-18.750,0.383,6.672,6.825
25.050,-35.100,-18.900,0.460,6.672,6.749
25.500,-34.650,-18.300,0.383,6.749,6.979
25.050,-35.400,-19.200,0.230,6.749,6.672
24.750,-36.300,-18.000,0.307,6.672,6.825
25.800,-36.000,-18.150,0.230,6.749,6.825
26.400,-36.300,-17.700,0.383,6.595,6.749
26.250,-36.450,-16.950,0.153,6.595,6.825
26.550,-36.300,-17.250,0.230,6.595,6.825
25.950,-36.600,-17.100,0.153,6.672,6.825
26.250,-36.450,-16.800,0.077,6.595,6.902
26.400,-36.300,-16.950,0.000,6.518,6.825
27.450,-37.050,-17.250,0.153,6.749,6.902
26.550,-36.300,-16.650,0.153,6.595,7.209
27.000,-37.050,-16.350,0.537,6.595,7.055
26.550,-36.150,-16.650,0.230,6.518,6.979
27.150,-37.050,-16.500,0.230,6.595,6.749
26.700,-36.900,-16.800,0.230,6.595,6.825
26.700,-36.300,-16.200,0.307,6.672,6.902
27.450,-37.200,-16.800,0.153,6.595,6.979
26.400,-36.300,-16.800,0.230,6.595,6.825
27.300,-36.450,-16.800,0.230,6.595,6.825
26.850,-35.850,-17.250,0.307,6.595,6.902
26.850,-36.450,-16.500,0.230,6.672,6.902
27.150,-36.900,-17.100,0.230,6.595,6.749
27.150,-36.900,-17.100,0.153,6.749,6.749
26.850,-36.750,-15.900,0.307,6.518,7.055
26.550,-36.150,-17.250,0.230,6.672,6.825
27.150,-36.900,-16.650,0.230,6.672,6.825
27.000,-36.900,-16.350,0.230,6.595,6.825
25.650,-35.850,-17.250,0.307,6.595,6.979
27.150,-36.750,-16.500,0.230,6.595,6.902
26.400,-36.300,-16.500,0.230,6.672,6.825
26.700,-35.850,-16.350,0.230,6.595,6.672
26.100,-36.600,-16.200,0.230,6.672,6.595
26.850,-37.200,-16.500,0.000,6.672,6.825
25.650,-36.750,-17.100,0.230,6.749,6.749
26.550,-37.050,-16.650,0.307,6.595,6.749
26.550,-36.300,-17.100,0.230,6.672,6.902
26.850,-36.900,-17.250,0.230,6.595,6.902
25.950,-36.300,-17.250,0.307,6.825,6.749
26.700,-36.750,-16.350,0.230,6.672,6.749
27.000,-36.300,-16.650,0.230,6.672,6.825
27.450,-36.300,-16.200,0.153,6.672,6.902
26.550,-35.850,-16.500,0.230,6.672,6.749
27.750,-36.000,-16.800,0.307,6.595,6.749
27.000,-36.600,-16.500,0.230,6.672,6.825
26.850,-37.050,-16.350,0.383,6.825,6.825
27.150,-36.900,-16.350,0.230,6.672,6.825
25.800,-36.000,-17.100,0.230,6.672,6.825
26.550,-35.850,-16.800,0.230,6.672,6.902
27.150,-37.200,-16.650,0.307,6.518,6.749
26.700,-37.050,-16.950,0.230,6.672,6.902
26.850,-36.600,-17.100,0.383,6.518,6.902
27.450,-37.050,-16.650,0.537,6.672,6.825
27.000,-37.050,-16.050,0.460,6.672,6.749
27.000,-37.050,-16.200,0.383,6.749,6.825
27.600,-36.900,-15.750,0.460,6.595,6.825
28.200,-37.050,-14.850,0.230,6.595,6.902
28.800,-37.200,-15.000,0.153,6.825,6.518
28.800,-37.200,-14.400,0.153,6.825,7.132
29.400,-37.650,-13.050,-0.537,5.752,7.515
28.800,-37.800,-13.350,0.000,6.442,6.595
30.750,-38.400,-12.750,-0.460,6.749,7.055
29.700,-38.100,-13.050,-0.077,6.288,6.979
29.700,-38.250,-13.050,-0.077,6.672,6.979
30.000,-37.800,-13.050,0.153,6.365,6.979
29.700,-38.100,-12.300,-0.077,6.749,6.902
30.000,-38.250,-12.750,0.000,6.365,6.902
30.000,-39.000,-12.300,-0.153,6.595,7.132
29.550,-37.950,-12.150,0.000,6.595,6.902
29.100,-37.800,-13.050,-0.077,6.595,6.902
29.700,-38.700,-13.200,-0.077,6.595,6.979
30.300,-37.500,-12.450,-0.077,6.595,7.132
29.250,-37.950,-12.000,0.077,6.518,7.055
30.000,-38.850,-12.900,0.000,6.518,6.979
30.450,-39.450,-12.900,0.000,6.595,7.055
30.150,-38.700,-12.750,0.000,6.518,6.902
30.300,-38.550,-12.600,-0.077,6.518,6.979
29.700,-38.100,-12.750,0.077,6.595,6.902
29.400,-38.100,-12.150,-0.153,6.672,6.979
29.850,-37.500,-12.450,0.000,6.518,7.055
30.900,-39.150,-13.050,0.000,6.672,6.979
30.000,-38.550,-12.900,0.077,6.518,7.285
29.400,-38.100,-12.750,0.000,6.595,7.055
30.450,-38.850,-13.350,0.077,6.518,6.979
30.000,-38.700,-12.300,-0.153,6.518,6.902
29.700,-38.250,-12.000,0.000,6.595,6.902
29.850,-38.700,-12.750,0.000,6.595,6.825
29.850,-37.800,-12.600,0.000,6.518,7.055
30.000,-39.150,-12.750,0.077,6.442,6.979
28.950,-37.800,-12.900,0.000,6.595,6.902
28.650,-38.550,-13.200,0.000,6.595,6.979
30.300,-38.250,-12.900,0.077,6.518,6.902
29.400,-38.100,-12.300,0.153,6.518,6.902
30.150,-38.850,-12.750,0.000,6.442,7.055
29.250,-38.250,-13.350,0.000,6.595,6.825
30.450,-38.700,-13.200,0.000,6.595,6.979
29.550,-39.000,-12.450,0.000,6.442,6.979
30.150,-37.950,-12.900,0.077,6.442,6.902
30.000,-38.550,-13.050,0.077,6.518,6.979
30.000,-37.950,-12.150,0.000,6.595,6.979
30.150,-38.550,-12.750,0.000,6.672,6.902
29.400,-38.550,-13.500,0.000,6.518,6.825
31.050,-37.200,-12.750,-0.077,6.595,7.209
30.600,-38.550,-12.900,0.077,6.672,6.979
29.250,-37.950,-12.300,0.000,6.518,6.749
30.000,-38.250,-12.900,0.000,6.672,7.209
28.800,-37.350,-12.450,0.077,6.518,6.672
30.000,-37.950,-12.900,-0.077,6.672,7.209
29.700,-38.550,-11.850,0.000,6.595,6.825
30.000,-37.500,-13.500,-0.153,6.518,6.979
29.100,-37.800,-12.600,-0.153,6.595,6.979
29.850,-38.400,-12.900,0.077,6.518,6.902
29.250,-38.100,-12.300,0.000,6.595,6.979
29.700,-38.100,-12.900,0.077,6.442,6.825
29.100,-37.800,-12.900,0.077,6.442,7.132
30.150,-38.250,-12.750,-0.077,6.595,6.672
29.250,-38.100,-12.450,0.077,6.518,6.979
29.550,-38.700,-13.050,0.077,6.518,7.055
30.150,-38.700,-12.900,0.230,6.672,6.902
30.000,-39.150,-12.750,0.000,6.595,6.979
30.300,-39.000,-12.900,-0.077,6.518,6.902
30.150,-37.800,-12.150,-0.077,6.518,6.825
29.850,-38.550,-12.300,0.077,6.518,6.902
30.150,-38.250,-12.150,0.000,6.518,7.132
30.900,-38.250,-13.050,0.000,6.518,6.825
30.000,-37.200,-12.300,-0.153,6.518,6.825
29.100,-38.850,-12.000,0.000,6.595,6.979
30.150,-37.650,-12.900,-0.077,6.518,6.749
29.700,-37.950,-12.300,0.153,6.518,7.055
30.300,-38.850,-12.600,0.000,6.518,6.902
30.750,-38.700,-12.900,0.153,6.595,6.979
29.850,-38.550,-12.300,0.153,6.595,6.902
29.850,-39.000,-11.550,0.077,6.595,7.285
29.700,-39.300,-11.250,0.153,6.595,6.979
29.850,-40.050,-10.500,-0.153,6.518,6.749
30.900,-39.600,-10.200,-0.077,6.672,6.902
30.900,-40.800,-9.750,-0.077,6.672,6.902
30.450,-40.500,-9.000,-0.230,6.595,7.209
30.150,-41.700,-9.000,-0.230,6.672,6.825
30.750,-41.550,-9.000,-0.307,6.518,6.902
30.450,-41.250,-9.150,-0.153,6.442,6.979
29.700,-42.000,-8.700,0.000,6.442,6.902
30.000,-40.800,-9.300,-0.077,6.672,6.979
30.300,-40.950,-8.700,-0.077,6.595,6.902
30.000,-40.650,-9.000,0.077,6.595,6.825
30.150,-41.250,-8.550,-0.077,6.595,6.979
30.300,-42.000,-8.700,-0.077,6.595,7.055
29.400,-41.700,-9.000,0.000,6.442,6.902
30.450,-41.700,-9.150,0.000,6.365,6.902
30.450,-40.950,-8.700,0.077,6.518,6.979
29.250,-41.400,-8.550,0.000,6.442,6.902
30.900,-41.700,-9.150,-0.077,6.518,6.902
30.600,-40.950,-9.300,-0.077,6.365,6.979
30.150,-41.550,-9.000,0.153,6.595,6.902
30.000,-41.100,-9.000,-0.077,6.518,6.979
30.450,-41.400,-8.550,0.000,6.595,6.979
30.450,-40.950,-8.400,0.000,6.442,6.979
30.150,-40.650,-9.150,0.153,6.749,7.055
30.600,-41.100,-8.400,-0.077,6.518,6.979
30.600,-41.250,-9.300,0.000,6.595,6.825
30.150,-41.100,-8.850,0.000,6.518,6.979
30.000,-40.800,-9.150,-0.077,6.518,6.672
30.450,-41.850,-8.700,-0.077,6.442,6.979
30.600,-41.400,-8.100,0.077,6.595,6.979
30.600,-41.850,-8.850,-0.077,6.518,7.055
30.000,-41.250,-8.550,0.000,6.672,6.979
30.150,-41.850,-8.250,-0.077,6.672,6.825
30.450,-41.250,-8.700,-0.077,6.442,6.979
29.700,-41.100,-8.850,-0.077,6.672,6.825
30.450,-41.550,-8.700,-0.077,6.595,6.825
30.300,-41.850,-8.550,-0.307,6.518,6.595
30.750,-41.550,-9.450,0.000,6.442,6.902
30.750,-41.550,-9.150,0.077,6.595,6.902
30.150,-41.100,-9.000,-0.077,6.595,6.979
30.750,-41.400,-9.600,0.000,6.595,6.902
29.100,-41.700,-8.700,0.077,6.595,6.595
30.450,-40.950,-8.550,0.000,6.595,6.825
30.300,-41.400,-9.000,-0.077,6.595,6.979
30.300,-41.700,-9.600,0.000,6.595,7.055
30.750,-41.250,-8.550,0.000,6.518,6.825
29.400,-40.800,-9.450,-0.153,6.595,6.825
29.400,-41.550,-8.850,0.000,6.595,6.902
30.300,-41.700,-8.550,-0.077,6.518,6.979
30.750,-40.950,-8.850,0.000,6.518,6.825
29.850,-40.500,-9.300,0.000,6.595,6.902
29.400,-41.550,-9.000,0.077,6.518,6.902
29.850,-41.100,-9.150,0.153,6.518,6.902
30.000,-41.850,-8.550,-0.077,6.518,6.979
30.450,-40.650,-9.600,0.000,6.518,6.902
30.300,-41.100,-8.550,0.000,6.442,6.825
30.750,-41.400,-9.300,0.000,6.595,6.979
29.550,-40.950,-9.150,0.000,6.518,6.902
29.850,-40.800,-9.300,-0.153,6.595,6.902
30.000,-41.250,-9.150,0.077,6.518,6.979
30.000,-40.650,-9.300,0.077,6.595,6.979
29.700,-41.250,-8.850,0.077,6.518,7.055
30.150,-40.950,-8.550,0.077,6.595,6.902
30.450,-41.100,-9.150,0.000,6.518,6.902
29.550,-42.000,-8.400,-0.153,6.442,6.825
30.450,-41.400,-9.750,0.153,6.825,6.825
29.850,-41.250,-9.150,0.077,6.518,6.902
30.000,-41.550,-8.550,0.077,6.595,6.902
30.450,-41.550,-9.000,0.077,6.672,6.749
31.200,-41.100,-8.700,0.153,6.595,7.055
29.250,-40.200,-8.550,0.383,6.518,6.902
29.400,-42.150,-8.700,0.307,6.595,6.979
29.250,-41.550,-7.950,0.307,6.672,6.979
30.000,-42.600,-7.500,0.307,6.672,6.825
29.850,-43.200,-6.450,-0.077,6.672,6.825
28.800,-43.650,-6.450,-0.230,6.595,6.979
29.700,-43.950,-5.250,-0.230,6.672,6.825
28.950,-44.250,-5.550,-0.460,6.518,7.055
29.250,-44.700,-5.100,-0.077,6.442,6.979
29.100,-43.800,-5.850,-0.077,6.595,6.902
29.100,-45.000,-5.400,0.000,6.518,6.979
29.250,-43.950,-4.950,-0.077,6.672,6.979
29.850,-44.400,-4.950,0.000,6.595,6.902
29.250,-45.000,-4.800,0.077,6.595,6.979
28.950,-44.400,-5.700,-0.077,6.442,6.902
29.100,-43.800,-5.100,0.077,6.672,7.055
28.800,-43.950,-4.950,0.000,6.595,6.902
29.700,-44.250,-5.550,-0.077,6.518,6.825
28.650,-44.250,-5.700,0.000,6.518,6.902
29.400,-44.400,-5.700,0.077,6.672,6.825
29.400,-44.700,-4.950,0.000,6.518,6.979
29.700,-43.650,-4.950,0.077,6.672,6.979
28.950,-43.650,-6.300,0.077,6.518,7.209
28.650,-43.650,-5.100,-0.077,6.672,6.902
28.800,-43.200,-5.100,-0.307,6.595,6.979
29.400,-45.150,-5.100,0.077,6.595,6.902
28.800,-43.950,-6.600,0.000,6.595,6.979
28.350,-45.000,-5.550,0.000,6.595,6.902
29.400,-45.300,-5.400,0.000,6.518,6.979
29.400,-44.400,-5.850,0.077,6.672,6.902
28.950,-43.800,-4.650,-0.077,6.595,7.132
28.950,-44.700,-5.250,0.000,6.595,6.979
28.800,-43.950,-5.850,0.230,6.595,7.362
30.000,-45.000,-5.100,0.077,6.595,6.595
28.500,-44.400,-5.700,0.000,6.595,6.979
29.550,-44.700,-4.950,0.153,6.672,6.902
29.400,-44.100,-5.400,0.000,6.595,6.979
28.800,-44.850,-4.950,0.000,6.672,6.825
30.000,-44.250,-4.950,-0.077,6.595,6.979
30.000,-43.950,-5.400,0.000,6.595,6.902
29.700,-43.800,-5.550,0.077,6.595,6.902
29.100,-44.550,-5.400,0.077,6.672,6.979
28.950,-44.550,-5.700,-0.077,6.518,6.902
29.100,-44.100,-5.400,0.000,6.595,6.825
29.100,-43.950,-5.250,0.077,6.595,6.979
30.000,-44.250,-5.250,0.000,6.595,6.902
29.100,-44.850,-6.150,-0.077,6.749,6.902
28.350,-44.550,-5.700,0.077,6.518,7.209
28.200,-43.050,-5.550,0.077,6.595,6.979
29.550,-44.100,-5.400,0.000,6.518,6.979
28.950,-43.800,-5.250,0.000,6.595,6.979
29.850,-44.850,-5.550,0.077,6.672,6.902
29.100,-44.550,-5.850,0.000,6.518,6.825
30.000,-44.550,-5.250,0.000,6.595,6.902
29.400,-44.550,-5.100,0.000,6.672,6.979
29.250,-43.950,-6.150,0.153,6.595,6.825
29.250,-44.700,-5.100,0.153,6.518,6.825
30.000,-44.250,-5.100,-0.230,6.672,6.825
28.200,-43.950,-4.950,0.307,6.749,6.825
30.000,-44.250,-5.550,0.000,6.365,6.749
29.550,-44.400,-5.700,0.000,6.749,7.055
29.400,-44.400,-5.250,0.000,6.442,6.979
29.700,-44.250,-5.400,0.000,6.595,6.749
29.250,-44.100,-5.250,0.153,6.672,6.749
29.400,-44.100,-4.800,0.230,6.825,6.825
29.250,-45.300,-4.200,0.383,6.518,6.979
28.650,-45.150,-4.050,0.230,6.672,6.825
28.800,-45.750,-3.150,0.000,6.672,7.055
27.750,-46.800,-3.450,-0.153,6.595,6.825
28.050,-47.100,-2.850,-0.460,6.595,6.979
27.450,-46.800,-1.650,-0.307,6.518,6.902
27.750,-45.600,-1.950,-0.077,6.442,6.902
28.050,-47.100,-2.250,0.077,6.672,6.825
27.150,-46.800,-2.400,0.077,6.442,6.902
27.300,-46.200,-2.400,0.000,6.595,6.979
27.150,-46.650,-2.400,0.000,6.595,6.902
27.750,-46.800,-2.550,0.000,6.595,6.979
27.000,-46.800,-2.400,0.000,6.518,6.902
27.900,-46.650,-1.950,0.000,6.595,6.902
28.050,-47.400,-3.000,0.077,6.595,7.055
27.600,-46.650,-2.550,0.000,6.672,6.902
27.150,-45.750,-2.400,0.153,6.595,6.979
27.450,-46.650,-2.250,0.077,6.672,6.902
27.300,-45.450,-2.700,0.077,6.595,6.825
28.500,-46.050,-1.800,0.077,6.672,7.055
27.600,-46.050,-2.700,-0.077,6.518,6.902
27.450,-47.250,-2.700,0.077,6.672,6.902
27.900,-46.950,-1.950,0.077,6.595,6.902
27.150,-47.100,-2.700,0.077,6.595,6.672
27.450,-46.500,-2.700,0.000,6.518,6.825
28.350,-46.500,-2.250,0.153,6.518,6.902
27.600,-46.050,-2.250,0.000,6.672,6.825
28.350,-47.400,-1.950,0.077,6.595,6.825
28.050,-46.350,-3.000,0.153,6.518,6.902
28.500,-47.550,-3.150,-0.077,6.518,6.825
28.500,-46.650,-2.550,0.000,6.749,6.749
27.300,-46.050,-1.950,0.000,6.595,6.979
27.900,-46.350,-2.400,0.000,6.518,6.902
28.350,-47.700,-2.250,0.077,6.518,6.749
27.900,-46.650,-1.950,0.077,6.595,6.825
27.900,-46.350,-3.150,0.077,6.595,6.672
27.600,-46.500,-2.400,0.077,6.518,6.902
27.900,-46.800,-2.250,0.077,6.672,6.825
28.050,-46.500,-2.100,0.000,6.595,6.979
28.500,-47.100,-1.350,0.153,6.518,6.902
27.750,-46.350,-3.450,0.077,6.749,6.902
27.450,-47.250,-2.700,0.077,6.672,6.902
27.150,-46.950,-2.550,0.077,6.749,7.209
28.200,-46.500,-2.700,0.000,6.518,6.979
27.750,-46.650,-2.700,0.153,6.595,6.979
27.600,-46.350,-2.250,0.153,6.518,6.902
27.600,-47.100,-2.400,0.077,6.595,6.749
27.900,-46.050,-2.400,0.000,6.595,6.902
28.500,-46.950,-1.950,0.230,6.672,6.825
28.050,-46.950,-1.800,0.153,6.672,6.749
28.050,-46.650,-2.250,0.230,6.595,6.979
27.150,-47.400,-1.500,0.077,6.749,6.825
27.000,-46.650,-1.500,0.230,6.595,6.749
27.150,-47.850,-0.600,0.153,6.595,6.902
27.450,-48.000,-1.500,0.077,6.672,7.209
26.100,-48.000,-1.050,0.153,6.595,7.055
26.100,-48.150,-0.150,0.000,6.595,6.749
26.100,-47.400,-0.300,-0.230,6.518,6.902
25.650,-48.900,-0.300,-0.230,6.595,6.902
25.350,-48.750,-0.300,0.000,6.672,7.132
25.650,-48.000,0.300,0.153,6.595,6.902
25.500,-48.600,0.300,0.077,6.595,6.825
25.800,-48.900,0.150,0.077,6.672,6.979
25.500,-48.750,0.000,0.000,6.595,6.979
25.350,-47.850,-0.450,0.077,6.672,6.902
25.950,-48.000,-0.600,0.153,6.595,6.902
25.500,-48.150,-0.150,0.077,6.595,6.365
25.200,-47.850,-0.450,0.077,6.595,6.825
26.250,-48.600,-0.300,0.077,6.518,6.979
25.350,-48.150,-0.300,0.000,6.518,7.055
26.100,-48.300,-0.150,0.000,6.595,6.902
25.650,-48.000,-0.150,0.077,6.595,7.132
25.650,-48.750,-0.450,0.077,6.595,6.825
25.950,-47.550,0.000,0.153,6.595,7.055
25.950,-48.300,0.600,0.077,6.595,6.902
26.100,-48.450,0.300,0.077,6.825,6.902
25.050,-47.850,0.300,0.077,6.518,6.902
25.350,-48.000,0.150,0.153,6.595,7.209
26.700,-48.300,-0.600,0.000,6.442,7.055
25.200,-48.300,0.000,0.153,6.595,7.055
26.100,-48.150,-0.150,0.077,6.595,6.749
26.250,-48.300,0.000,0.077,6.595,6.979
25.950,-48.600,0.150,0.000,6.595,6.902
25.350,-48.600,0.150,0.077,6.595,6.902
25.500,-48.900,0.300,0.153,6.518,6.749
25.500,-48.600,0.300,0.153,6.672,6.902
26.550,-47.850,-0.150,0.153,6.672,6.979
26.100,-48.750,-0.150,0.000,6.518,6.902
26.400,-48.300,-0.150,0.153,6.595,6.979
25.500,-48.900,0.150,0.077,6.595,6.902
25.500,-48.900,-0.150,0.153,6.518,6.749
25.650,-49.200,0.150,0.153,6.518,6.518
25.350,-49.050,-0.450,0.077,6.595,6.979
26.100,-47.850,0.000,0.153,6.442,6.902
25.500,-48.750,-0.150,0.077,6.518,6.979
25.200,-48.450,0.150,0.077,6.595,6.902
26.100,-48.750,-0.450,0.077,6.672,7.055
25.050,-47.700,-0.150,0.153,6.595,6.672
24.900,-47.700,-0.450,0.077,6.672,6.902
25.950,-48.600,-0.150,0.230,6.442,6.749
25.350,-49.350,0.000,0.230,6.672,6.825
25.500,-49.350,-0.150,0.230,6.518,6.902
25.500,-49.200,0.450,0.153,6.595,6.825
25.350,-49.800,1.050,0.153,6.518,6.825
24.750,-49.950,1.050,0.153,6.518,7.055
24.000,-49.500,1.200,0.230,6.518,6.902
21.900,-48.750,1.200,0.077,6.749,6.825
21.600,-50.250,1.500,0.077,6.518,6.749
22.950,-50.700,1.800,-0.153,6.518,7.055
23.100,-49.650,1.950,-0.153,6.595,6.825
21.750,-50.250,2.100,-0.077,6.518,6.902
22.350,-51.000,2.250,0.383,6.518,6.749
22.800,-51.000,1.800,0.077,6.595,7.055
22.500,-50.550,2.100,0.153,6.595,6.902
22.650,-50.850,3.000,0.077,6.518,6.825
22.800,-49.650,2.400,0.000,6.672,6.442
22.650,-51.150,2.850,0.153,6.442,6.902
22.500,-51.000,1.800,0.153,6.595,6.902
22.950,-50.700,2.550,0.077,6.672,7.055
22.950,-50.100,2.400,0.153,6.595,6.979
22.800,-50.400,3.000,0.153,6.518,6.902
23.100,-50.250,2.100,0.077,6.595,6.902
22.350,-50.550,1.350,0.077,6.442,6.902
22.800,-50.400,2.550,0.077,6.595,6.825
22.350,-50.550,2.100,0.153,6.518,6.902
22.200,-50.100,2.550,0.077,6.595,6.902
23.400,-51.000,1.950,0.307,6.595,6.902
22.200,-50.250,2.550,0.077,6.595,6.825
22.650,-50.250,1.950,0.230,6.595,6.825
22.500,-50.700,2.550,0.153,6.518,6.902
22.500,-50.550,2.400,0.153,6.595,6.902
23.400,-49.650,1.350,0.077,6.672,6.825
21.300,-49.800,1.950,0.153,6.672,6.979
23.400,-50.850,2.250,0.153,6.518,6.902
21.900,-50.550,2.700,0.307,6.595,6.595
23.250,-50.250,2.100,0.153,6.518,6.749
23.700,-50.550,2.100,0.077,6.672,6.902
23.100,-50.550,3.300,0.077,6.518,6.902
22.200,-50.700,1.800,0.077,6.595,6.902
22.200,-50.400,2.550,0.153,6.595,6.979
22.650,-50.400,2.250,0.077,6.595,7.285
23.100,-50.400,2.400,0.230,6.595,6.979
21.450,-50.400,2.250,0.153,6.595,6.825
23.400,-50.400,2.100,0.153,6.518,6.979
23.100,-50.250,2.400,0.153,6.518,6.902
23.250,-50.550,1.950,0.153,6.595,6.825
22.800,-49.950,1.950,0.153,6.518,7.132
21.450,-50.550,2.700,0.077,6.595,6.825
21.750,-50.100,1.650,0.153,6.595,6.902
21.900,-50.550,1.800,0.077,6.595,6.902
22.650,-50.850,1.950,0.077,6.518,6.825
21.600,-50.550,1.650,0.077,6.518,6.825
23.100,-51.150,2.400,0.230,6.672,6.979
22.500,-50.100,1.800,0.383,6.518,6.902
23.100,-51.150,2.100,0.307,6.595,6.902
22.200,-50.250,1.650,0.383,6.595,6.979
22.500,-50.400,2.700,0.307,6.672,6.672
21.300,-51.000,2.400,0.307,6.595,6.672
21.750,-51.450,3.150,0.230,6.672,6.825
19.800,-51.600,3.900,0.307,6.672,6.902
20.700,-51.000,3.750,0.077,6.518,6.825
19.650,-52.050,3.600,0.230,6.518,7.055
18.150,-52.650,4.500,-0.383,6.749,6.979
18.900,-51.750,4.200,0.153,6.749,7.669
18.150,-52.650,4.950,-0.307,7.132,7.822
18.000,-51.900,4.050,-0.077,6.365,7.055
17.550,-52.350,4.200,0.153,6.672,7.285
17.400,-52.350,4.800,0.077,6.595,6.749
17.850,-51.900,4.950,0.230,6.595,6.825
18.750,-52.650,5.400,0.153,6.442,6.902
18.750,-51.450,4.500,0.077,6.595,6.979
18.750,-51.750,4.200,0.153,6.595,6.825
18.300,-52.350,4.500,0.000,6.749,7.055
18.300,-52.350,4.950,0.153,6.595,6.902
17.700,-51.000,5.400,0.153,6.518,6.825
18.450,-52.200,5.250,0.153,6.595,6.902
18.450,-51.900,5.400,0.153,6.672,6.902
16.800,-51.900,4.500,0.230,6.672,6.825
19.350,-52.500,4.650,0.077,6.595,6.902
18.000,-52.050,4.200,0.153,6.595,6.825
18.450,-52.350,5.400,0.000,6.595,7.132
18.750,-52.050,5.100,0.153,6.442,6.979
18.600,-52.500,4.650,0.153,6.672,6.749
18.600,-52.500,4.950,0.077,6.595,6.979
18.750,-52.200,4.500,0.153,6.672,6.749
17.550,-51.600,4.500,0.000,6.595,6.902
17.700,-52.950,4.950,0.153,6.595,6.825
18.300,-52.950,5.700,0.000,6.595,6.902
18.300,-52.650,4.650,0.153,6.518,6.979
17.700,-52.050,4.800,0.153,6.518,6.825
18.600,-52.050,4.800,0.077,6.518,6.979
18.450,-52.050,4.800,0.153,6.672,6.902
18.600,-51.300,4.650,0.000,6.672,6.749
17.700,-51.900,4.800,0.077,6.595,6.749
18.300,-52.050,4.950,0.077,6.518,6.979
18.300,-52.200,5.100,0.153,6.595,6.979
18.900,-51.000,5.850,0.153,6.518,6.902
17.850,-52.650,4.500,0.077,6.518,6.902
17.700,-52.350,4.500,0.153,6.749,6.825
18.300,-52.350,4.650,0.000,6.595,6.902
18.150,-52.500,4.050,0.077,6.518,6.825
17.550,-52.050,5.100,0.077,6.595,6.979
19.350,-52.050,4.800,0.077,6.442,6.902
18.450,-52.200,4.800,0.000,6.672,6.979
18.150,-51.900,4.650,0.077,6.595,7.362
18.450,-51.300,5.100,0.077,6.672,6.902
17.700,-51.450,4.800,0.077,6.595,6.902
17.850,-51.900,4.650,0.153,6.672,6.825
17.400,-52.050,4.650,0.383,6.595,6.902
17.850,-52.350,4.950,0.307,6.595,6.825
16.500,-52.800,4.800,0.153,6.672,6.979
17.100,-52.350,5.100,0.153,6.595,6.902
16.950,-52.350,5.400,0.230,6.595,6.902
15.750,-53.100,5.400,0.153,6.749,6.979
14.850,-53.100,5.550,0.153,6.672,6.825
14.550,-52.800,6.300,0.153,6.442,6.749
14.250,-52.200,6.000,0.230,6.749,6.902
13.650,-53.100,7.200,0.153,6.595,6.749
12.300,-53.550,6.450,0.000,6.595,6.825
12.450,-53.550,6.000,0.077,6.595,6.979
12.300,-53.250,6.450,0.000,6.672,6.902
12.000,-53.250,6.300,0.000,6.518,6.902
11.400,-53.400,6.600,-0.230,6.518,7.055
11.550,-53.400,6.900,0.000,6.518,6.749
11.700,-52.200,6.750,0.000,6.595,6.749
12.450,-53.100,6.150,0.000,6.595,7.055
12.600,-52.950,6.150,0.077,6.672,6.902
11.850,-53.250,6.750,0.077,6.749,6.825
12.600,-54.000,6.900,0.077,6.595,7.055
13.350,-53.100,6.600,0.153,6.825,6.979
13.050,-53.100,6.600,0.077,6.672,6.825
13.200,-52.950,6.900,0.000,6.672,6.825
13.350,-53.400,6.900,0.000,6.595,6.979
12.600,-53.250,7.050,0.000,6.672,6.979
13.500,-52.950,7.650,-0.153,6.672,6.825
13.050,-53.700,6.900,-0.077,6.672,6.902
12.900,-53.400,7.050,0.000,6.672,6.902
12.300,-54.000,6.150,0.000,6.595,6.749
13.500,-53.700,6.900,-0.077,6.672,6.825
13.500,-53.100,7.050,-0.077,6.749,6.902
13.050,-52.800,6.750,-0.077,6.595,6.902
12.450,-53.550,6.750,0.077,6.749,6.825
13.200,-53.100,7.800,-0.230,6.672,6.979
13.800,-53.550,7.350,-0.077,6.749,6.749
12.600,-53.550,6.450,-0.077,6.595,6.825
13.350,-53.250,7.500,-0.077,6.825,7.285
13.050,-52.950,7.350,0.000,6.595,6.825
13.950,-53.550,6.150,-0.153,6.595,7.285
14.100,-52.650,6.450,-0.077,6.749,6.749
13.500,-52.350,6.750,-0.077,6.595,6.979
12.900,-53.550,7.500,0.000,6.672,6.825
13.050,-53.250,6.750,-0.153,6.749,6.595
13.200,-53.400,6.450,-0.077,6.518,6.672
13.050,-52.950,7.650,-0.077,6.595,6.825
12.750,-52.500,7.200,-0.077,6.518,6.825
12.300,-53.250,6.750,0.000,6.595,6.902
13.050,-53.100,6.600,-0.077,6.595,7.209
12.900,-53.850,7.200,-0.077,6.595,6.902
13.500,-53.400,6.900,-0.230,6.672,6.672
13.050,-53.550,7.200,-0.077,6.595,6.979
12.600,-53.100,6.450,0.000,6.595,6.902
13.050,-53.400,6.750,0.000,6.595,6.518
13.200,-52.350,6.900,-0.077,6.595,6.902
13.050,-53.250,7.200,-0.077,6.595,6.825
13.500,-53.100,8.100,-0.153,6.672,6.902
13.650,-52.800,7.350,-0.077,6.595,6.979
12.750,-52.950,7.350,-0.077,6.518,6.442
13.350,-52.500,6.450,-0.307,6.442,7.132
12.900,-52.500,6.900,0.077,6.595,6.825
12.300,-53.550,7.500,0.153,6.595,6.825
13.050,-53.400,6.750,0.077,6.672,6.902
12.000,-53.100,7.350,0.077,6.672,6.825
12.000,-53.400,6.900,0.077,6.749,6.672
11.400,-53.700,6.900,0.153,6.595,7.132
10.200,-53.100,7.650,0.077,6.595,6.749
10.500,-52.800,6.750,0.077,6.749,6.749
9.150,-52.800,6.450,0.153,6.749,6.749
8.100,-52.950,7.350,0.077,6.825,6.825
8.400,-52.650,6.750,-0.077,6.979,7.132
7.800,-53.550,7.800,-0.153,6.595,6.825
6.600,-52.650,7.500,-0.077,6.595,6.595
6.450,-53.100,6.900,0.000,6.902,6.825
5.850,-52.650,6.600,-0.153,6.595,6.825
5.400,-52.500,7.200,-0.077,6.595,7.285
4.350,-52.050,7.200,-0.690,6.902,6.902
5.250,-51.900,5.700,-0.844,6.212,6.902
4.350,-52.200,6.600,-0.383,6.595,6.979
3.450,-51.900,6.300,-0.614,6.518,6.749
4.500,-52.200,6.750,-0.307,6.288,6.672
3.000,-53.250,6.600,-0.383,6.825,6.902
3.150,-52.200,6.300,-0.230,6.442,6.825
2.850,-52.650,6.300,-0.307,6.825,6.979
3.450,-52.500,6.300,-0.230,6.595,6.825
3.600,-52.800,6.150,-0.307,6.749,6.979
3.600,-52.350,6.450,-0.307,6.595,6.902
4.650,-52.500,6.750,-0.230,6.749,6.825
3.600,-52.650,6.150,-0.307,6.672,6.902
2.550,-52.500,6.600,-0.230,6.595,6.749
3.150,-52.200,6.450,-0.307,6.595,6.902
3.750,-52.650,6.750,-0.153,6.595,6.749
4.350,-52.350,6.300,-0.307,6.595,6.825
4.200,-51.750,5.700,-0.307,6.595,6.749
3.300,-51.900,5.700,-0.307,6.518,6.749
3.450,-51.900,5.550,-0.230,6.672,6.825
3.150,-51.750,6.450,-0.230,6.518,6.825
3.150,-52.200,6.750,-0.230,6.595,6.825
3.300,-52.500,6.150,-0.230,6.749,6.749
3.300,-52.500,6.750,-0.307,6.672,6.902
3.000,-52.800,6.300,-0.230,6.672,6.672
3.450,-52.200,6.750,-0.230,6.595,6.825
3.300,-52.650,6.000,-0.307,6.518,6.442
2.850,-51.750,6.000,-0.230,6.749,7.055
2.700,-51.600,5.700,-0.230,6.749,6.825
2.700,-51.750,6.750,-0.230,6.672,6.902
3.750,-52.650,6.600,-0.230,6.595,6.902
3.450,-53.550,6.000,-0.307,6.595,6.825
3.450,-52.800,6.150,-0.307,6.672,6.825
3.750,-52.500,6.150,-0.153,6.749,6.825
3.150,-53.250,6.150,-0.230,6.749,6.825
3.000,-52.650,5.550,-0.307,6.595,6.825
4.200,-52.650,5.850,-0.230,6.749,6.749
4.200,-52.650,6.750,-0.153,6.595,6.825
3.900,-52.950,6.150,-0.307,6.518,6.979
3.000,-52.200,5.400,-0.230,6.518,6.825
3.750,-51.750,6.750,-0.230,6.749,6.979
2.700,-52.500,7.350,-0.383,6.595,6.825
3.600,-52.950,6.300,-0.307,6.672,6.825
3.300,-52.950,5.850,-0.230,6.672,6.902
3.600,-52.500,6.300,-0.230,6.595,6.825
2.850,-51.750,5.850,-0.230,6.595,7.362
3.150,-52.500,6.600,-0.307,6.672,6.902
3.450,-52.350,5.700,-0.230,6.672,6.979
3.300,-52.200,6.900,-0.307,6.595,6.902
2.850,-51.300,5.700,-0.307,6.672,6.902
3.000,-52.650,6.000,-0.307,6.518,6.979
3.000,-52.350,6.000,-0.307,6.672,6.825
3.150,-52.500,6.450,-0.230,6.595,6.825
3.150,-52.350,6.600,-0.153,6.672,6.825
3.600,-52.350,6.750,-0.230,6.595,6.672
3.300,-52.050,7.050,-0.307,6.595,6.979
2.850,-52.350,6.600,-0.460,6.749,6.902
3.300,-51.750,6.150,-0.383,6.749,6.902
2.400,-52.350,6.600,-0.383,6.825,6.825
3.600,-52.200,6.750,-0.230,6.825,6.825
3.000,-52.650,7.050,0.000,6.825,6.672
3.600,-53.100,7.350,-0.153,6.672,6.595
4.650,-52.650,7.500,-0.230,6.825,6.672
4.350,-52.350,6.900,-0.230,6.979,6.749
5.700,-53.400,7.950,-0.230,6.672,6.749
5.250,-53.700,7.950,-0.230,6.825,6.825
5.850,-53.700,7.800,-0.307,6.825,6.979
7.800,-54.450,7.350,-0.230,6.902,6.825
8.400,-53.250,8.700,-0.153,6.825,6.518
8.700,-54.300,8.250,-0.307,6.979,6.902
11.850,-53.250,7.650,-0.307,6.672,6.749
12.450,-53.100,8.250,-0.077,6.902,6.442
14.550,-53.250,6.750,0.000,6.825,6.442
15.000,-53.400,7.350,-0.383,6.825,6.902
16.650,-53.400,6.300,-0.690,6.749,6.595
18.750,-53.100,6.600,-0.077,6.902,6.595
19.500,-51.450,5.850,-0.230,6.825,6.595
21.900,-51.150,5.850,-0.153,6.825,6.672
22.650,-50.700,4.650,-0.230,6.749,6.749
24.000,-50.100,3.750,-0.230,6.595,6.595
24.600,-49.650,2.850,-0.537,6.288,6.135
25.350,-50.550,1.950,-0.077,7.132,5.522
27.000,-48.450,0.750,-0.230,6.749,6.979
26.700,-47.550,-0.450,0.690,6.979,6.288
27.450,-47.100,-1.050,0.690,6.442,6.749
28.800,-47.100,-0.900,0.920,6.672,6.749
28.200,-46.950,-2.400,0.537,6.672,7.055
28.200,-46.500,-1.350,-0.307,6.442,6.672
29.250,-46.350,-1.500,-0.153,6.902,6.979
28.950,-47.100,-1.200,-0.153,6.595,6.825
28.500,-46.350,-0.900,0.000,6.979,6.749
28.050,-46.650,-1.050,-0.077,6.442,6.902
28.050,-46.800,-2.100,-0.077,6.825,6.902
28.050,-46.200,-0.600,-0.153,6.518,6.902
27.000,-46.500,-0.900,0.000,6.749,6.979
27.900,-46.950,-2.100,-0.230,6.518,7.209
27.300,-46.950,-1.050,-0.153,6.749,6.825
27.900,-46.050,-1.650,0.000,6.749,6.825
28.950,-46.500,-1.800,-0.077,6.672,6.825
28.500,-47.250,-1.950,-0.153,6.672,6.902
27.900,-46.350,-1.200,-0.153,6.749,7.285
27.600,-47.400,-0.750,0.614,6.288,8.282
28.500,-47.700,0.000,0.230,7.055,6.288
28.650,-47.250,-0.150,-0.153,7.209,6.135
28.050,-47.550,0.900,-0.230,7.132,6.212
28.500,-48.300,1.650,0.000,7.055,6.595
27.900,-48.600,1.500,-0.153,6.749,6.212
28.500,-49.200,2.400,-0.077,7.055,5.982
28.800,-49.500,3.450,-0.077,7.515,5.522
28.800,-50.400,5.400,-0.230,7.976,5.445
28.050,-51.150,6.300,-0.077,8.359,5.291
28.350,-50.700,7.200,-0.153,8.436,5.061
28.800,-50.850,8.400,-0.153,8.512,5.061
27.900,-51.150,7.650,-0.153,8.359,5.138
28.650,-51.000,7.500,0.153,8.282,5.368
27.600,-51.300,7.950,-0.153,8.282,5.061
28.500,-51.450,7.800,-0.153,8.206,5.061
29.700,-51.450,8.100,-0.077,8.129,4.908
27.450,-50.700,7.500,-0.153,8.206,4.985
29.250,-51.600,8.400,-0.230,8.129,4.831
27.900,-50.850,7.650,-0.153,7.976,4.755
28.200,-51.000,9.000,0.307,8.512,5.522
28.050,-51.000,8.250,-0.460,8.206,5.291
28.350,-51.600,7.950,-0.230,8.129,4.831
27.900,-51.150,8.700,0.000,8.206,5.061
28.500,-51.900,8.400,0.000,8.359,4.985
28.950,-51.300,8.700,-0.230,8.129,5.061
28.950,-51.450,8.100,-0.153,8.282,4.908
27.900,-51.750,8.700,0.000,8.052,4.831
28.950,-51.300,7.800,-0.230,8.436,4.985
29.400,-51.150,8.100,-0.153,8.052,4.908
28.350,-51.000,7.950,-0.077,8.282,4.908
28.500,-50.700,7.500,-0.153,8.129,5.061
28.050,-50.700,7.500,-0.230,8.206,4.908
28.950,-51.300,7.950,-0.077,8.206,5.061
28.500,-51.300,7.950,-0.077,8.129,5.061
28.950,-51.900,8.250,-0.153,8.129,4.985
27.900,-51.450,7.800,-0.153,8.282,5.061
28.500,-51.150,7.800,-0.153,8.129,4.755
28.500,-51.750,7.800,0.000,8.282,4.908
28.800,-51.450,7.800,-0.077,8.129,4.985
28.350,-51.750,7.350,-0.153,8.206,4.985
28.500,-51.150,7.650,-0.230,8.206,5.215
28.050,-50.700,8.250,-0.153,8.129,4.908
28.200,-51.300,8.700,0.000,8.282,4.831
28.350,-51.000,7.500,-0.077,8.282,4.985
27.600,-51.750,7.050,-0.230,8.206,5.061
28.650,-51.600,8.100,-0.230,8.129,5.061
27.600,-51.000,8.100,-0.077,8.512,4.831
28.650,-52.050,7.800,-0.153,8.206,4.985
29.250,-51.000,7.800,-0.153,8.282,4.985
28.650,-51.750,7.650,-0.230,8.052,4.985
28.800,-51.150,8.550,-0.077,8.282,5.291
28.950,-51.000,8.100,-0.077,8.206,4.831
28.650,-51.300,7.950,-0.077,8.282,4.985
28.050,-50.400,7.650,-0.153,8.206,4.678
27.900,-51.300,7.350,-0.153,8.206,4.985
28.650,-50.850,7.650,-0.077,8.282,4.985
28.200,-52.050,7.650,-0.077,8.282,4.985
29.100,-51.300,8.850,-0.153,8.206,5.138
27.900,-50.700,7.350,-0.153,8.359,4.908
28.050,-52.350,8.250,-0.153,7.976,4.831
26.850,-51.300,8.250,-0.077,8.129,4.985
28.500,-51.300,8.250,0.000,8.282,4.831
27.600,-51.300,7.950,-0.153,8.206,4.985
27.900,-51.300,7.800,-0.153,8.359,4.985
28.050,-52.050,7.950,-0.153,8.129,4.985
27.750,-50.850,8.100,-0.077,8.359,5.368
27.300,-51.600,7.200,-0.153,8.129,4.985
27.900,-50.850,7.950,-0.153,8.282,5.061
27.450,-51.300,8.550,-0.153,8.129,4.985
28.950,-51.150,7.650,-0.077,8.282,4.985
28.050,-51.450,7.950,-0.153,8.052,4.985
28.800,-51.000,8.400,-0.077,8.206,5.215
28.650,-51.300,7.950,-0.153,8.052,4.985
29.100,-51.600,8.400,-0.077,8.206,5.138
29.100,-51.600,8.250,-0.077,8.129,5.138
28.650,-51.750,8.100,-0.153,8.129,5.061
28.650,-50.550,7.950,0.000,8.206,4.985
27.600,-52.050,7.650,-0.153,8.282,4.985
28.200,-51.300,8.100,-0.077,8.206,4.985
27.600,-50.700,7.950,-0.230,8.206,5.138
29.400,-51.000,8.400,-0.077,8.129,5.138
28.800,-51.750,8.550,0.077,8.129,4.985
27.300,-51.450,8.700,0.000,8.359,4.985
27.750,-51.000,8.250,-0.077,8.206,5.061
28.350,-52.200,7.650,-0.153,8.129,4.831
27.750,-51.600,8.700,-0.077,8.206,4.985
29.250,-51.600,7.500,-0.077,8.206,4.985
28.050,-51.000,8.550,-0.077,8.282,4.908
28.500,-51.750,8.250,-0.153,8.359,4.908
27.900,-51.750,8.250,-0.153,8.282,4.908
28.200,-52.200,8.550,-0.077,8.359,4.908
28.050,-51.450,8.850,-0.153,8.512,5.061
28.200,-51.900,8.550,-0.077,8.129,4.908
28.350,-51.600,8.100,-0.230,8.129,4.831
28.800,-50.850,7.650,-0.230,8.129,4.985
28.800,-51.300,7.650,-0.307,8.206,4.985
27.900,-51.000,7.500,-0.230,7.976,4.908
28.500,-51.150,7.200,-0.230,8.206,4.985
29.250,-51.300,6.600,-0.230,8.282,4.908
29.550,-50.700,6.900,-0.153,8.206,4.985
28.650,-50.550,6.600,0.000,8.282,4.908
29.700,-49.950,6.000,-0.077,8.282,5.061
29.850,-51.150,5.550,-0.077,8.206,5.138
29.100,-50.400,5.850,-0.077,8.129,4.985
29.100,-50.550,5.400,-0.230,8.129,4.985
29.850,-50.400,4.500,-0.230,8.206,5.061
29.550,-49.800,4.800,-0.307,8.206,4.985
30.300,-50.250,4.500,-0.153,8.359,4.985
30.300,-49.800,3.900,-0.230,8.206,4.908
31.200,-49.800,3.600,-0.153,8.206,4.985
31.200,-48.750,3.750,-0.153,8.282,4.985
29.850,-49.350,3.750,-0.230,8.129,5.061
30.750,-49.200,2.400,-0.230,8.282,4.985
30.900,-48.750,1.650,-0.230,8.206,5.138
30.900,-48.450,2.250,0.077,8.436,4.908
29.850,-48.450,0.900,-0.153,8.206,5.061
31.500,-47.850,1.500,0.000,8.282,4.985
31.200,-49.350,1.200,-0.153,8.206,5.061
30.600,-48.150,2.100,-0.230,8.129,4.985
30.150,-48.300,1.050,-0.153,8.129,5.061
31.350,-47.700,1.650,-0.230,8.206,4.985
30.900,-48.150,1.350,-0.307,8.282,5.138
31.200,-48.300,2.250,-0.230,8.206,4.908
30.600,-47.400,1.350,-0.307,8.282,5.061
30.600,-48.450,1.800,-0.307,8.282,5.138
30.600,-48.600,1.800,-0.230,8.129,4.985
32.100,-48.750,1.050,-0.153,8.359,5.061
31.200,-48.600,1.800,-0.153,8.282,5.061
30.750,-48.900,1.650,-0.153,8.052,4.908
30.300,-48.000,1.350,-0.307,8.206,5.061
30.300,-48.150,1.650,-0.077,8.206,5.061
30.750,-48.150,1.650,-0.383,8.129,5.061
31.200,-47.550,1.350,-0.383,8.206,4.985
30.150,-48.600,0.900,-0.307,8.282,4.908
30.000,-48.000,1.200,-0.230,8.206,4.985
30.750,-48.300,1.200,-0.230,8.206,4.985
31.350,-48.300,1.050,-0.153,8.129,4.985
30.900,-48.300,0.300,-0.307,8.052,4.985
30.750,-48.150,0.300,-0.153,8.206,4.755
30.300,-46.350,0.150,-0.153,8.282,4.755
30.450,-47.400,0.300,-0.153,8.052,5.061
30.450,-47.850,0.150,-0.077,8.282,4.525
31.350,-48.000,0.150,-0.153,8.206,4.985
30.750,-46.950,-0.600,-0.153,8.129,4.831
30.750,-46.350,-1.050,-0.077,8.129,5.061
30.900,-46.800,-0.750,-0.153,8.052,4.908
29.700,-46.950,-0.900,-0.153,8.129,4.755
31.350,-47.100,-1.500,-0.153,8.206,4.985
30.150,-47.250,-1.350,-0.153,8.206,4.985
31.950,-47.550,-1.050,-0.077,8.282,4.985
30.900,-47.250,-1.950,-0.077,8.206,5.138
30.000,-46.500,-2.100,-0.153,8.129,5.061
30.900,-47.700,-1.800,-0.153,8.206,5.061
30.750,-46.650,-1.050,-0.153,8.129,4.985
31.650,-47.100,-1.800,-0.077,8.206,4.755
30.300,-46.350,-1.200,-0.307,8.129,5.061
30.600,-47.250,-1.950,-0.077,8.206,4.985
31.200,-47.100,-1.500,-0.153,8.206,5.061
31.200,-48.000,-2.700,-0.153,8.052,5.215
30.300,-46.200,-1.350,-0.153,8.129,4.985
31.200,-47.250,-2.100,-0.153,8.129,4.985
30.900,-47.100,-2.550,-0.153,8.129,5.138
30.600,-47.100,-1.200,-0.153,8.206,5.061
31.050,-46.650,-1.950,-0.230,8.129,5.061
30.750,-47.250,-1.800,-0.153,7.976,5.061
31.200,-46.800,-1.500,-0.153,8.206,4.908
30.150,-47.100,-1.800,-0.153,8.129,4.908
30.900,-47.100,-2.250,-0.153,8.206,5.138
31.500,-47.250,-1.800,-0.230,8.052,5.061
30.300,-47.400,-1.200,-0.153,8.282,4.908
31.200,-46.950,-1.500,-0.153,8.206,4.908
31.200,-47.100,-1.650,-0.153,8.206,5.291
30.750,-46.800,-1.650,-0.077,7.976,4.985
30.600,-46.650,-1.800,-0.153,8.206,5.061
31.650,-47.550,-1.800,-0.077,8.206,5.061
30.600,-47.550,-1.200,-0.230,8.052,5.061
31.650,-46.650,-1.650,-0.153,8.206,4.831
30.000,-46.800,-2.250,-0.153,8.129,5.138
30.900,-46.800,-1.350,-0.153,8.206,5.061
30.450,-46.950,-1.650,-0.230,8.206,5.368
29.850,-47.100,-2.400,-0.153,8.206,4.985
30.750,-46.950,-1.650,-0.230,8.206,4.985
31.350,-46.950,-1.500,-0.153,8.206,4.985
30.150,-47.400,-1.950,-0.230,8.206,4.985
30.750,-46.800,-2.400,-0.153,8.129,5.598
30.900,-46.650,-1.950,-0.153,8.206,5.215
30.000,-45.900,-4.050,0.000,8.206,4.908
30.600,-47.400,-3.150,0.153,8.129,4.985
29.550,-46.950,-3.600,0.153,8.282,4.831
29.250,-46.950,-4.200,0.077,8.206,4.755
29.400,-46.350,-3.600,0.307,8.436,5.138
28.950,-46.500,-4.350,0.230,8.359,5.061
28.200,-46.200,-4.950,0.307,8.206,4.831
28.950,-47.250,-4.650,0.230,8.206,4.678
29.850,-46.050,-4.350,0.153,8.129,4.908
28.800,-46.200,-4.800,0.153,8.052,4.985
29.700,-46.200,-4.650,0.153,8.206,4.985
29.850,-45.600,-4.650,-0.077,8.282,4.985
31.050,-45.900,-4.050,-0.153,8.206,4.908
31.200,-46.200,-3.750,-0.230,8.436,4.601
30.150,-45.600,-3.450,0.077,7.822,5.598
30.900,-46.350,-3.750,-0.383,8.512,5.675
31.200,-45.900,-4.200,0.000,7.976,4.755
30.750,-46.050,-3.300,-0.153,8.436,5.445
31.650,-46.050,-4.050,0.077,7.822,5.061
30.750,-45.600,-3.900,-0.307,8.052,4.755
30.450,-46.200,-4.050,-0.077,8.052,4.985
30.750,-46.650,-4.350,-0.077,8.206,5.215
31.200,-45.900,-3.150,-0.230,7.899,4.908
29.700,-46.950,-3.900,-0.230,8.206,5.061
30.600,-46.050,-3.450,-0.230,8.052,5.138
31.200,-45.900,-3.450,-0.077,8.206,5.138
30.300,-45.900,-3.750,-0.230,8.129,4.985
29.700,-45.300,-3.450,-0.153,8.282,4.985
30.900,-45.300,-3.300,-0.230,7.976,4.908
29.850,-46.050,-4.200,-0.153,8.282,5.138
31.200,-46.050,-3.600,-0.153,7.976,5.061
30.750,-45.300,-3.450,-0.153,8.129,5.061
30.900,-44.850,-4.350,-0.153,7.976,5.445
30.900,-46.200,-3.600,-0.230,8.129,5.291
30.900,-46.350,-3.450,-0.077,8.129,4.985
30.600,-46.200,-4.050,-0.153,8.359,5.061
30.450,-45.300,-3.600,-0.153,8.052,5.138
30.450,-46.350,-2.850,-0.153,8.282,5.368
30.750,-46.200,-3.450,-0.230,7.976,5.061
31.350,-46.350,-3.450,-0.077,8.282,5.138
31.500,-46.800,-3.300,-0.077,8.052,5.138
30.600,-46.800,-3.150,-0.077,8.282,5.061
31.200,-45.750,-3.000,-0.153,8.052,5.138
31.200,-46.050,-4.350,-0.230,8.052,5.061
30.450,-45.300,-3.600,-0.230,8.206,4.985
30.600,-45.900,-2.850,-0.230,8.206,4.831
31.200,-46.050,-3.600,-0.153,8.052,4.985
31.650,-46.800,-3.900,-0.230,8.129,5.061
30.600,-45.450,-3.450,-0.153,8.282,5.215
30.750,-46.200,-4.350,-0.153,8.282,5.061
30.600,-46.350,-3.450,-0.230,8.206,5.368
30.450,-46.500,-3.750,-0.153,8.129,5.215
30.900,-46.350,-3.750,-0.153,8.282,4.985
31.050,-46.800,-3.750,-0.153,8.052,5.061
31.500,-45.450,-3.600,-0.153,8.206,4.985
30.450,-45.000,-3.000,-0.077,8.052,5.061
29.850,-46.050,-3.000,-0.230,8.206,4.985
30.300,-46.650,-3.900,-0.153,8.129,5.138
30.300,-45.750,-3.300,-0.230,8.206,5.138
30.150,-45.900,-3.300,-0.230,8.052,5.215
31.050,-46.350,-3.750,-0.153,8.282,5.291
31.050,-46.200,-3.000,-0.153,8.052,4.985
30.750,-45.600,-3.900,-0.153,8.359,5.061
30.600,-46.050,-3.000,-0.230,8.129,5.061
30.600,-46.200,-3.150,-0.153,8.206,5.215
31.500,-46.350,-3.150,-0.153,8.129,5.291
31.200,-45.600,-3.150,-0.307,8.206,5.138
31.500,-46.050,-3.900,-0.153,8.052,5.138
30.900,-45.750,-2.850,-0.230,8.129,4.985
31.500,-46.200,-3.450,-0.153,8.052,5.061
30.900,-45.450,-2.850,-0.077,8.129,5.215
31.350,-47.100,-3.450,-0.153,7.976,5.061
30.750,-45.900,-3.600,-0.153,8.129,4.985
31.050,-45.750,-3.600,-0.153,8.052,5.061
30.900,-45.900,-4.050,-0.153,8.052,5.138
31.050,-45.900,-3.600,-0.230,7.976,5.061
31.350,-45.900,-3.750,-0.153,8.052,4.985
30.900,-45.600,-3.600,-0.153,8.206,4.985
30.900,-45.750,-3.750,-0.230,8.206,5.138
30.750,-45.300,-3.600,-0.153,8.206,5.215
30.150,-45.900,-3.000,-0.077,7.976,5.215
30.750,-45.450,-3.450,-0.230,8.129,5.215
31.050,-46.500,-3.150,-0.383,8.129,4.908
30.450,-45.450,-4.200,-0.230,8.129,5.061
30.900,-45.300,-4.200,-0.307,8.129,4.985
30.150,-44.850,-5.250,-0.153,8.052,5.138
30.000,-44.550,-5.100,-0.230,8.052,5.138
30.600,-44.850,-5.400,-0.230,8.206,5.138
30.600,-44.550,-6.450,-0.230,8.206,5.368
30.450,-44.550,-6.450,-0.460,8.129,5.291
30.000,-43.950,-7.050,-0.230,8.206,5.061
29.850,-44.850,-8.850,-0.077,7.976,5.138
30.000,-42.900,-8.850,0.077,8.052,5.291
29.400,-43.500,-9.150,0.230,7.976,5.138
28.950,-42.600,-9.450,0.230,8.129,5.138
29.250,-42.900,-9.750,0.000,8.129,5.138
29.250,-43.350,-9.300,-0.153,8.206,5.138
28.950,-43.500,-9.300,-0.230,8.052,5.291
29.100,-43.950,-9.600,-0.383,8.129,5.061
29.100,-43.800,-9.150,-0.077,8.206,5.061
29.250,-43.800,-9.300,-0.153,8.129,5.138
28.950,-43.950,-10.200,-0.230,8.052,5.138
28.500,-43.950,-9.450,-0.153,7.976,5.215
28.500,-44.250,-9.300,-0.230,8.052,5.138
28.650,-42.300,-9.150,-0.077,8.129,5.215
29.550,-42.900,-8.550,-0.153,8.052,4.908
28.650,-43.500,-9.900,-0.153,8.129,5.138
29.550,-44.100,-9.450,-0.307,8.052,5.215
28.650,-43.350,-9.750,-0.230,8.052,5.061
28.500,-43.500,-10.050,-0.153,8.129,5.138
28.950,-43.500,-9.000,-0.153,7.976,5.061
29.850,-43.350,-9.600,-0.230,8.129,5.138
28.350,-43.800,-9.300,-0.077,8.129,5.445
29.550,-43.950,-9.900,-0.153,8.129,5.061
29.100,-43.800,-9.300,-0.230,8.052,5.061
28.650,-43.200,-9.450,-0.153,8.052,5.138
28.800,-43.800,-9.000,-0.307,8.129,5.138
29.400,-43.800,-9.300,-0.230,8.282,5.138
28.350,-43.650,-10.050,-0.153,7.899,5.138
28.800,-42.900,-9.300,-0.153,8.052,5.215
28.350,-43.350,-10.050,-0.230,8.129,5.138
29.250,-43.350,-9.450,-0.230,8.052,5.138
29.250,-44.100,-9.300,-0.153,8.052,5.138
28.650,-43.350,-10.200,-0.153,8.052,5.138
29.700,-43.050,-9.600,-0.077,7.976,5.061
28.950,-43.500,-9.450,-0.153,8.129,5.061
28.650,-43.500,-9.900,-0.153,8.052,5.215
29.700,-43.350,-9.450,-0.230,8.129,5.368
29.100,-44.100,-9.600,-0.077,8.052,5.138
29.400,-43.050,-9.900,-0.307,8.206,5.215
28.350,-44.100,-9.750,-0.230,8.052,5.138
29.100,-43.500,-10.200,-0.230,7.976,5.138
29.250,-43.350,-9.450,-0.077,8.052,5.215
28.950,-42.600,-9.750,-0.077,8.129,5.138
29.250,-43.500,-9.450,-0.153,8.052,5.061
29.550,-44.100,-9.300,-0.153,8.206,5.061
29.100,-43.350,-8.850,-0.077,8.129,5.138
28.650,-43.950,-9.300,-0.077,8.129,5.215
28.800,-43.950,-10.050,-0.230,8.129,4.985
28.350,-44.400,-9.450,-0.077,8.129,5.061
28.200,-43.500,-9.300,-0.230,8.129,5.138
28.950,-43.950,-9.600,-0.153,8.052,5.138
28.800,-43.500,-9.150,-0.077,8.129,5.138
27.900,-43.200,-10.200,-0.153,8.052,5.061
28.800,-43.800,-9.450,-0.230,8.206,5.061
28.650,-43.350,-9.150,-0.230,8.129,5.138
29.100,-43.050,-9.600,0.153,8.129,4.985
28.350,-43.350,-9.000,-0.230,8.129,5.061
27.450,-42.600,-9.750,-0.153,8.206,5.215
28.500,-43.500,-10.500,-0.153,8.129,5.291
28.050,-43.500,-9.000,-0.153,8.052,4.985
28.950,-43.350,-9.900,-0.230,8.129,5.061
27.750,-43.800,-9.000,-0.077,8.359,5.061
28.050,-43.350,-10.050,-0.077,8.052,4.908
28.350,-43.950,-10.350,-0.230,8.206,5.215
28.200,-42.600,-10.200,-0.230,8.052,4.985
27.900,-43.050,-11.100,-0.307,7.976,4.985
28.350,-43.500,-11.550,-0.307,8.206,4.908
27.450,-42.750,-11.400,-0.230,8.129,4.985
26.100,-42.750,-11.550,-0.230,8.206,4.985
25.200,-42.750,-13.800,-0.153,7.822,5.598
24.600,-42.150,-12.750,0.077,8.436,4.678
23.850,-42.150,-13.500,0.307,8.206,4.908
23.700,-42.450,-14.400,0.230,8.359,4.371
22.500,-41.700,-15.900,0.614,8.436,4.908
22.950,-41.850,-15.150,0.460,8.282,4.985
22.050,-41.700,-15.150,0.537,8.206,5.061
22.650,-41.700,-15.900,0.307,8.206,5.061
22.500,-42.450,-15.750,0.307,8.206,4.985
22.350,-41.850,-15.450,0.077,8.206,4.985
22.350,-42.450,-15.450,0.153,8.282,5.061
22.800,-42.000,-16.050,0.077,8.129,5.061
21.900,-42.150,-15.900,0.077,8.359,4.985
22.050,-41.850,-15.750,0.077,8.282,4.985
22.500,-42.150,-14.700,0.077,8.282,4.908
22.800,-41.550,-15.300,0.000,8.206,4.908
22.800,-41.400,-15.450,0.077,8.129,4.985
22.200,-41.550,-15.750,0.077,8.206,4.755
22.350,-42.150,-15.150,0.077,8.359,4.908
22.050,-42.000,-15.600,0.077,8.282,4.601
22.200,-42.450,-14.850,0.000,8.206,4.755
22.800,-42.450,-14.700,0.000,8.282,4.985
22.950,-41.850,-16.050,0.077,8.206,4.908
22.950,-42.450,-16.050,-0.077,8.129,4.831
23.100,-42.150,-15.600,0.153,8.206,4.831
22.200,-43.200,-15.600,0.153,8.206,4.985
23.100,-41.850,-15.600,0.077,8.206,4.985
21.900,-41.700,-15.300,0.000,8.206,4.985
21.900,-41.250,-15.450,0.077,8.206,4.985
22.500,-41.550,-15.450,0.077,8.206,4.908
22.200,-42.900,-15.150,0.077,8.206,4.678
21.900,-42.450,-15.300,0.000,8.206,4.908
22.350,-41.850,-15.450,0.153,8.359,4.908
23.100,-42.150,-15.450,0.077,8.129,4.985
22.950,-42.750,-15.750,0.077,8.282,4.908
21.450,-41.250,-15.450,0.077,8.206,4.985
22.800,-41.700,-15.600,0.000,8.359,4.908
22.800,-41.700,-16.200,0.000,8.282,4.908
22.350,-41.850,-15.600,0.077,8.206,4.985
21.900,-43.200,-15.150,0.077,8.206,4.908
22.800,-42.450,-15.300,0.000,8.282,4.908
22.650,-41.850,-15.600,0.077,8.206,4.908
21.600,-41.700,-15.000,0.153,8.282,4.908
22.500,-42.150,-15.150,0.077,8.282,4.908
21.600,-42.000,-15.150,0.077,8.206,4.831
22.950,-41.850,-15.150,0.077,8.206,4.601
22.350,-42.300,-15.450,0.077,8.129,4.985
22.350,-41.400,-15.450,0.077,8.206,4.908
22.500,-41.700,-14.700,-0.077,8.206,4.908
21.750,-41.100,-15.150,0.077,8.282,4.601
22.800,-42.000,-15.450,0.153,8.282,4.985
22.350,-42.450,-15.300,0.000,7.976,4.908
22.650,-42.000,-16.200,0.153,8.129,4.985
22.200,-42.150,-15.450,0.153,8.359,4.985
21.900,-42.300,-15.000,0.153,8.206,4.985
22.500,-42.150,-15.750,0.077,8.206,4.985
21.750,-41.250,-15.900,0.000,8.359,4.831
22.050,-41.550,-16.200,0.077,8.129,4.985
21.900,-42.150,-16.650,0.077,8.206,5.061
22.800,-42.000,-15.600,0.000,8.282,4.985
22.950,-41.850,-16.050,0.000,8.206,4.908
22.200,-42.450,-16.200,0.230,8.282,4.831
22.350,-42.300,-15.900,0.153,8.282,4.985
22.050,-42.000,-15.300,0.077,8.206,4.908
21.000,-42.750,-15.450,0.000,8.206,4.985
22.350,-42.000,-15.900,0.153,8.129,4.908
22.200,-42.300,-15.150,0.077,8.282,4.908
22.650,-41.700,-15.150,0.153,8.282,4.908
22.200,-42.150,-15.150,0.077,8.129,4.908
22.200,-42.000,-15.300,0.153,8.129,5.138
22.800,-42.300,-15.300,0.000,8.206,4.908
22.650,-41.550,-16.050,0.077,8.282,4.985
22.350,-42.000,-15.300,0.153,8.129,4.831
22.200,-42.150,-16.500,0.077,8.282,4.908
21.900,-42.150,-15.150,0.000,8.129,5.291
21.900,-42.600,-15.300,0.077,8.359,4.908
21.900,-42.450,-16.050,-0.077,8.129,4.985
22.950,-42.150,-15.750,-0.153,8.129,4.831
22.950,-42.900,-15.450,0.077,8.206,4.985
22.650,-42.000,-16.050,-0.077,8.206,4.908
21.450,-41.250,-16.350,-0.230,8.129,4.831
21.150,-42.150,-16.500,-0.153,8.282,4.985
21.450,-42.300,-16.500,-0.153,8.359,5.291
20.400,-40.950,-16.200,-0.077,8.206,4.755
21.300,-41.400,-18.000,-0.077,8.282,4.985
19.950,-41.400,-17.550,0.000,8.359,4.831
18.450,-40.350,-17.700,0.077,8.282,4.908
18.450,-41.250,-18.150,0.077,8.206,4.908
18.900,-40.350,-18.000,0.077,8.206,4.985
18.000,-41.400,-18.300,0.000,8.206,4.601
18.150,-40.500,-19.200,0.153,8.206,4.678
17.100,-40.350,-19.500,0.230,8.206,4.985
16.950,-40.350,-18.750,0.690,7.745,4.908
15.900,-40.950,-18.300,0.077,8.129,3.758
15.450,-41.100,-19.350,0.307,9.049,5.061
15.300,-41.550,-18.900,0.153,8.282,5.138
14.700,-40.800,-19.650,0.307,8.359,4.678
14.250,-41.550,-19.500,0.307,8.282,4.831
14.400,-41.550,-18.900,0.230,8.436,4.755
15.300,-40.050,-19.650,0.230,8.359,4.678
13.800,-41.400,-19.050,0.460,8.282,4.601
13.650,-41.100,-19.650,0.383,8.359,4.831
14.850,-41.850,-18.450,0.383,8.206,4.831
14.400,-41.700,-19.200,0.383,8.359,4.908
13.500,-41.850,-19.200,0.307,8.282,4.908
13.950,-41.250,-19.050,0.307,8.359,4.831
15.150,-41.550,-19.350,0.307,8.282,4.908
13.200,-41.400,-19.200,0.307,8.359,4.985
14.550,-41.250,-19.200,0.460,8.282,4.755
14.550,-40.800,-19.350,0.230,8.359,4.448
13.650,-41.550,-19.500,0.383,8.282,4.755
14.100,-41.550,-19.350,0.230,8.359,4.755
13.350,-40.650,-19.800,0.307,8.206,4.755
14.400,-41.550,-19.950,0.383,8.436,4.755
14.250,-42.150,-19.200,0.307,8.359,4.755
13.950,-40.800,-18.750,0.230,8.282,5.061
13.950,-42.150,-18.750,0.230,8.436,4.601
13.650,-41.550,-19.500,0.230,8.282,4.755
14.700,-40.200,-18.900,0.383,8.282,4.678
13.650,-41.250,-19.350,0.383,8.359,4.831
13.800,-41.400,-18.450,0.307,8.359,4.831
13.350,-41.100,-19.050,0.383,8.359,4.831
13.200,-40.950,-18.900,0.307,8.359,4.831
13.500,-41.250,-19.050,0.230,8.282,4.831
14.700,-41.100,-18.900,0.230,8.359,4.831
14.100,-42.150,-18.750,0.230,8.359,4.831
14.400,-40.350,-18.900,0.230,8.282,4.831
14.400,-40.950,-19.050,0.307,8.282,4.831
14.550,-42.300,-18.900,0.307,8.282,4.755
13.650,-41.250,-19.350,0.307,8.436,4.831
14.700,-41.850,-18.600,0.230,8.282,4.831
13.800,-41.700,-19.050,0.307,8.282,4.908
13.950,-42.000,-19.050,0.230,8.206,4.831
13.950,-41.700,-19.200,0.307,8.436,4.831
13.650,-40.800,-19.050,0.537,8.359,4.678
14.250,-41.400,-19.200,0.307,8.282,4.831
14.400,-41.100,-19.200,0.307,8.282,4.831
14.250,-40.650,-19.500,0.230,8.359,4.831
14.250,-41.550,-18.600,0.307,8.359,4.755
14.250,-40.050,-19.050,0.230,8.359,4.831
13.950,-41.100,-19.050,0.307,8.282,4.831
13.800,-41.700,-19.050,0.307,8.282,4.908
14.850,-41.700,-19.200,0.230,8.359,4.601
13.950,-40.800,-18.900,0.230,8.282,4.831
13.350,-41.400,-18.600,0.230,8.359,4.755
14.250,-41.250,-19.050,0.307,8.282,4.831
13.050,-41.100,-19.650,0.230,8.436,4.908
14.100,-41.250,-18.750,0.307,8.359,4.755
15.300,-41.550,-19.350,0.307,8.359,4.831
13.350,-41.700,-19.050,0.230,8.436,4.678
14.100,-40.650,-18.900,0.230,8.282,4.908
13.350,-41.700,-19.350,0.153,8.436,4.908
14.700,-41.550,-18.600,0.307,8.282,4.908
14.850,-42.000,-19.200,0.307,8.359,4.831
13.950,-41.100,-18.750,0.307,8.359,4.755
13.350,-41.550,-18.900,0.307,8.206,4.755
13.650,-41.700,-19.350,0.307,8.282,4.755
14.550,-41.250,-19.350,0.307,8.359,4.831
13.950,-41.850,-19.350,0.307,8.282,4.908
13.650,-41.850,-18.900,0.307,8.282,4.755
13.200,-40.950,-19.500,0.383,8.359,4.678
14.700,-41.400,-18.450,0.307,8.436,4.908
13.950,-42.150,-18.900,0.460,8.436,4.831
14.400,-40.800,-19.050,0.230,8.282,4.831
14.400,-42.000,-18.300,0.230,8.359,4.831
14.100,-40.950,-19.800,0.230,8.206,4.908
14.400,-40.950,-19.350,0.230,8.359,4.755
13.800,-40.800,-19.350,0.230,8.129,4.831
13.950,-42.000,-18.600,0.230,8.282,4.601
14.550,-40.950,-19.350,0.537,8.359,4.831
14.250,-41.700,-18.750,0.153,8.282,4.831
14.100,-40.950,-19.050,0.077,8.359,4.908
13.800,-41.850,-19.050,0.077,8.282,4.755
13.650,-41.100,-19.350,0.077,8.359,4.755
12.750,-41.400,-20.250,0.077,8.206,4.755
12.900,-40.950,-19.650,0.077,8.512,4.831
12.450,-40.950,-19.200,0.077,8.282,4.831
12.900,-41.400,-19.350,0.077,8.436,4.755
12.600,-40.950,-19.350,0.153,8.359,4.831
11.700,-40.800,-20.100,0.153,8.359,4.755
10.800,-41.400,-19.650,0.230,8.512,4.831
9.750,-40.950,-20.400,0.230,8.512,4.908
10.500,-40.650,-19.950,0.230,8.436,4.678
9.000,-41.700,-20.100,0.307,8.512,4.908
9.150,-39.600,-19.950,0.230,8.359,4.601
8.850,-41.400,-19.350,0.460,8.512,4.601
9.150,-41.700,-19.650,0.383,8.436,4.985
8.250,-41.250,-19.350,0.077,8.359,4.678
8.700,-42.150,-19.950,0.077,8.359,4.678
8.100,-41.700,-19.800,0.000,8.436,4.831
8.100,-41.100,-20.550,0.153,8.512,4.831
8.550,-41.700,-19.950,0.077,8.436,4.678
9.150,-40.950,-19.650,0.077,8.359,4.755
8.700,-40.950,-19.950,0.153,8.512,4.601
9.300,-41.400,-19.650,0.077,8.206,4.678
8.850,-41.250,-19.950,0.077,8.436,4.755
8.850,-40.800,-20.100,0.230,8.359,4.831
8.250,-41.850,-19.650,0.077,8.512,4.678
7.800,-41.550,-19.650,0.153,8.359,4.755
8.400,-41.400,-19.800,0.230,8.512,4.831
8.250,-40.950,-20.400,-0.077,8.512,4.755
8.250,-41.550,-19.500,0.153,8.512,4.985
8.400,-41.250,-19.650,0.153,8.436,4.678
8.400,-41.850,-19.950,0.230,8.359,4.678
9.150,-40.350,-20.100,0.077,8.359,4.831
8.700,-41.250,-19.950,0.153,8.359,4.755
8.250,-41.700,-19.950,0.077,8.359,4.755
8.100,-42.000,-20.400,0.153,8.512,4.755
8.400,-41.400,-19.650,0.153,8.359,4.755
8.250,-42.300,-20.400,0.077,8.359,4.755
7.950,-41.250,-19.800,0.153,8.359,4.831
7.500,-41.400,-20.100,0.077,8.436,4.908
7.800,-41.100,-20.250,0.000,8.436,4.831
7.800,-41.850,-19.800,0.077,8.436,4.755
8.250,-41.250,-19.800,0.000,8.282,4.678
8.400,-41.250,-19.650,0.153,8.512,4.755
8.100,-41.250,-20.100,0.153,8.436,4.678
8.250,-40.800,-19.200,0.153,8.436,4.755
8.250,-41.550,-19.650,0.153,8.359,4.601
8.400,-40.950,-19.950,0.077,8.206,4.678
7.950,-40.500,-19.650,0.153,8.512,4.831
9.150,-41.100,-19.950,0.153,8.359,4.755
9.000,-41.400,-20.100,0.077,8.436,4.678
8.100,-40.800,-20.250,0.000,8.359,4.678
8.700,-41.700,-20.250,0.230,8.512,4.755
7.950,-41.550,-19.950,0.077,8.436,4.678
9.300,-41.850,-19.350,0.153,8.359,4.678
8.550,-41.100,-19.800,0.077,8.436,4.831
8.550,-40.800,-18.900,0.077,8.436,4.678
8.850,-41.100,-19.650,0.153,8.436,4.831
8.250,-41.400,-19.500,0.153,8.512,4.755
9.150,-41.100,-19.650,0.153,8.359,4.678
8.400,-41.700,-19.800,0.153,8.436,4.601
7.800,-41.550,-19.350,0.153,8.359,4.831
7.350,-41.400,-19.800,0.153,8.436,4.678
7.950,-41.250,-19.350,0.077,8.436,4.755
8.400,-40.650,-20.100,0.153,8.436,4.755
8.850,-41.250,-19.800,0.153,8.512,4.601
7.950,-40.950,-19.950,0.153,8.436,4.678
7.800,-41.700,-20.550,0.077,8.436,4.601
8.100,-41.100,-19.200,0.230,8.436,4.755
8.100,-41.700,-20.100,0.230,8.359,4.755
8.550,-41.400,-20.400,0.153,8.436,4.755
8.550,-40.650,-19.800,0.153,8.359,4.678
8.850,-40.350,-19.650,0.077,8.436,4.601
8.400,-42.300,-20.250,0.000,8.359,4.755
8.100,-41.100,-19.050,0.153,8.359,4.678
8.850,-41.400,-19.800,0.077,8.512,4.755
8.850,-41.250,-20.400,0.153,8.512,4.755
9.300,-41.100,-19.650,0.077,8.359,4.755
8.550,-41.700,-20.100,0.077,8.436,4.448
8.250,-41.700,-19.650,0.077,8.512,4.831
8.250,-41.250,-20.100,0.153,8.512,4.755
8.250,-41.850,-20.100,0.077,8.359,4.601
8.550,-40.950,-19.350,0.000,8.436,4.755
8.700,-41.850,-19.800,0.077,8.436,4.831
8.550,-41.400,-20.550,0.153,8.282,4.831
8.100,-41.700,-19.350,0.077,8.282,5.138
9.300,-41.400,-19.500,0.077,8.512,4.678
7.950,-41.100,-19.800,0.153,8.359,4.601
7.650,-41.250,-20.100,-0.077,8.359,4.678
7.500,-41.550,-20.250,-0.077,8.436,4.755
7.950,-41.100,-19.500,-0.153,8.589,4.678
7.950,-40.650,-20.400,-0.230,8.436,4.985
6.750,-41.250,-19.350,-0.153,8.359,5.138
7.200,-41.250,-19.050,0.230,8.436,4.985
6.450,-41.850,-20.100,0.077,8.359,4.755
5.400,-41.400,-19.500,0.000,8.436,4.678
5.850,-41.100,-19.500,0.077,8.512,4.755
5.550,-41.250,-19.350,0.000,8.512,4.755
4.500,-41.850,-18.450,0.153,8.436,4.678
3.750,-41.100,-18.750,0.077,8.359,4.755
3.900,-41.550,-18.600,0.000,8.512,4.678
4.950,-43.050,-19.200,0.230,8.436,4.525
4.350,-41.550,-19.500,0.153,8.436,4.525
3.750,-41.100,-19.200,0.000,8.436,4.678
3.900,-41.700,-18.750,0.000,8.436,4.448
3.600,-41.850,-19.050,-0.230,8.359,4.755
3.600,-41.550,-19.200,-0.077,8.512,4.601
3.600,-40.950,-19.800,-0.153,8.359,4.525
4.650,-42.150,-18.900,0.000,8.512,5.215
4.200,-41.400,-18.300,0.000,8.436,4.678
3.900,-40.650,-19.050,-0.077,8.512,4.678
4.200,-41.400,-19.200,-0.077,8.589,4.678
3.750,-41.700,-19.050,0.000,8.436,4.678
3.300,-41.700,-18.300,0.000,8.436,4.831
4.200,-41.700,-19.050,0.000,8.436,4.601
3.000,-41.400,-18.750,-0.077,8.436,4.448
4.350,-42.300,-19.200,-0.153,8.436,4.601
3.300,-41.400,-18.300,0.000,8.436,4.678
4.050,-41.550,-18.600,-0.153,8.436,4.755
3.450,-41.550,-18.600,-0.077,8.436,4.678
3.600,-42.000,-18.300,-0.153,8.436,4.831
4.500,-40.950,-18.900,0.077,8.359,4.678
3.150,-40.800,-19.050,0.000,8.512,4.601
3.150,-41.550,-19.200,0.000,8.282,4.678
3.900,-42.300,-19.500,-0.153,8.512,4.678
3.900,-41.100,-19.500,0.000,8.512,4.831
4.350,-41.400,-19.800,0.000,8.512,4.678
3.600,-41.400,-19.350,0.000,8.512,4.908
4.950,-41.550,-19.200,-0.077,8.436,4.831
3.600,-41.850,-19.050,0.000,8.359,4.755
3.600,-41.250,-18.450,-0.153,8.512,4.678
2.850,-41.100,-18.900,-0.077,8.512,4.755
3.000,-41.700,-19.650,0.000,8.436,4.678
3.750,-41.400,-18.750,0.000,8.436,4.831
3.750,-41.700,-19.050,-0.077,8.359,4.755
3.000,-40.800,-18.750,-0.077,8.436,4.601
3.150,-41.100,-18.600,0.000,8.359,4.678
3.000,-41.850,-19.350,-0.077,8.512,4.601
4.350,-41.700,-18.750,-0.077,8.512,4.601
3.300,-42.150,-19.800,-0.077,8.436,4.448
3.750,-41.100,-18.450,-0.077,8.359,4.678
3.450,-41.700,-19.500,0.000,8.436,4.601
3.600,-41.550,-18.450,0.000,8.512,4.755
4.350,-40.950,-19.200,-0.077,8.436,4.755
3.900,-40.800,-19.200,0.000,8.282,4.678
3.900,-41.250,-19.350,0.077,8.436,4.601
3.450,-41.100,-19.050,-0.077,8.359,4.601
3.300,-41.550,-18.750,-0.077,8.436,4.525
4.050,-41.400,-19.200,-0.077,8.436,4.601
3.750,-40.650,-19.500,-0.077,8.436,4.678
3.900,-41.400,-19.050,0.000,8.436,4.755
4.650,-40.950,-18.600,-0.077,8.512,4.678
4.650,-42.300,-18.750,0.000,8.282,4.678
3.450,-41.250,-18.900,-0.077,8.359,4.755
3.450,-42.000,-18.750,-0.153,8.589,4.678
3.750,-41.250,-18.900,0.077,8.359,4.448
4.050,-40.950,-19.050,0.230,8.589,4.678
3.750,-41.400,-18.900,0.000,8.512,4.755
4.200,-41.850,-19.200,-0.153,8.512,4.678
3.600,-41.400,-19.050,-0.153,8.436,4.601
3.300,-41.850,-19.350,-0.077,8.359,4.755
4.650,-41.550,-19.350,-0.077,8.666,4.678
4.650,-41.700,-18.300,-0.077,8.436,4.295
3.900,-41.250,-19.050,0.000,8.436,4.755
3.900,-40.500,-19.050,-0.077,8.512,4.678
4.500,-41.400,-19.050,-0.077,8.436,4.755
3.450,-41.400,-18.450,-0.077,8.359,4.678
3.900,-41.550,-18.150,-0.153,8.436,4.755
3.750,-42.000,-19.050,-0.230,8.282,4.601
3.150,-41.100,-18.750,-0.307,8.512,4.678
3.900,-41.850,-18.750,-0.307,8.436,4.831
2.550,-42.000,-19.500,-0.383,8.512,4.525
2.250,-41.700,-18.750,-0.460,8.512,4.678
1.800,-41.250,-18.450,-0.230,8.589,4.601
1.500,-41.550,-17.700,-0.230,8.359,4.525
0.300,-41.850,-17.100,-0.153,8.282,4.831
0.150,-42.000,-17.850,0.000,8.436,4.525
0.450,-42.000,-17.550,0.000,8.282,4.525
-0.450,-41.250,-16.800,0.153,8.512,4.831
-1.050,-42.000,-17.100,0.077,8.436,4.831
-0.900,-41.850,-16.950,0.077,8.436,4.755
-0.750,-41.700,-17.250,-0.153,8.436,4.755
-1.050,-42.150,-16.800,-0.153,8.512,4.755
-0.450,-42.150,-16.350,-0.307,8.436,4.678
-0.150,-42.750,-16.350,-0.153,8.359,5.215
-0.150,-42.450,-16.950,-0.153,8.359,4.755
-0.600,-42.600,-16.950,-0.230,8.436,4.755
-0.750,-42.150,-17.400,-0.230,8.436,4.678
-0.150,-41.250,-16.650,-0.383,8.436,4.755
-0.600,-42.750,-16.650,-0.230,8.436,4.755
-0.300,-42.300,-16.800,-0.307,8.436,4.831
-1.050,-42.750,-16.500,-0.614,8.436,4.908
-0.300,-42.150,-16.200,-0.230,8.282,4.678
-0.150,-42.600,-16.950,-0.153,8.436,4.678
-0.900,-42.600,-16.950,-0.230,8.436,4.678
-0.150,-42.300,-17.100,-0.230,8.436,4.908
-0.750,-41.550,-17.100,-0.230,8.359,4.831
-1.500,-42.150,-17.100,-0.230,8.436,4.678
0.150,-42.300,-17.250,-0.230,8.359,4.831
-0.600,-42.450,-16.800,-0.307,8.359,4.678
-0.300,-42.150,-16.350,-0.077,8.359,4.755
-1.050,-42.000,-16.350,-0.307,8.359,4.678
-0.300,-42.450,-16.500,-0.230,8.359,4.601
-0.150,-42.300,-16.800,-0.230,8.359,4.755
-0.150,-42.600,-17.100,-0.307,8.359,4.678
-0.150,-42.750,-16.800,-0.230,8.359,4.678
-0.600,-41.550,-17.100,-0.230,8.359,4.755
-0.450,-41.850,-16.800,-0.307,8.359,4.755
-0.300,-41.550,-16.650,-0.460,8.436,4.831
-0.900,-42.450,-16.650,-0.307,8.359,4.831
-0.750,-41.850,-16.050,-0.230,8.512,4.601
-0.900,-41.700,-16.500,-0.230,8.359,4.678
-0.450,-42.300,-16.800,-0.077,8.359,4.908
-0.750,-41.550,-17.250,-0.383,8.359,4.831
-0.750,-42.300,-17.250,-0.230,8.589,4.678
-1.050,-42.150,-17.250,-0.230,8.359,4.755
-0.750,-42.150,-16.350,-0.230,8.282,4.755
-0.150,-41.400,-17.250,-0.230,8.359,4.755
-0.150,-42.750,-16.350,-0.230,8.359,4.755
-0.600,-42.600,-16.350,-0.153,8.436,4.831
-0.150,-42.450,-16.800,-0.230,8.436,4.831
-0.150,-41.700,-17.250,-0.230,8.359,4.678
-0.150,-41.850,-16.800,-0.383,8.359,4.678
-0.450,-42.300,-17.100,-0.153,8.436,4.755
-0.750,-41.700,-16.800,-0.230,8.436,4.755
-1.200,-41.550,-16.350,-0.153,8.512,4.985
0.150,-41.250,-16.800,-0.153,8.282,4.755
-1.350,-42.450,-16.800,-0.153,8.512,4.678
-1.050,-42.300,-17.250,-0.307,8.359,4.831
0.000,-42.150,-16.650,-0.230,8.359,4.755
-0.300,-42.300,-17.700,-0.153,8.512,4.831
-0.300,-42.300,-16.350,-0.153,8.359,4.755
-0.150,-42.150,-16.200,-0.307,8.359,4.831
-1.050,-42.450,-16.500,-0.153,8.359,4.755
-0.150,-41.550,-16.650,-0.230,8.282,4.678
-0.750,-42.450,-16.200,-0.230,8.359,4.678
-1.350,-42.000,-16.350,-0.230,8.436,4.755
-0.600,-42.750,-16.200,-0.153,8.512,4.678
-0.600,-41.700,-16.500,-0.230,8.206,4.755
-0.300,-41.850,-15.750,-0.307,8.282,4.755
-0.600,-42.600,-16.500,-0.383,8.512,4.678
-1.050,-42.600,-16.800,-0.307,8.206,4.601
-0.750,-41.850,-16.500,-0.537,8.359,4.755
-0.150,-42.150,-17.250,-0.460,8.436,4.601
-0.750,-42.450,-16.350,-0.383,8.282,4.831
-0.750,-42.450,-16.500,-0.383,8.436,4.755
-1.950,-42.300,-15.900,-0.383,8.436,4.755
-1.350,-42.150,-15.750,-0.383,8.436,4.601
-1.800,-42.750,-15.450,-0.077,8.359,4.601
-3.150,-42.900,-14.850,-0.307,8.436,4.831
-3.300,-41.850,-14.550,-0.383,8.359,4.678
-3.450,-42.300,-14.550,-0.230,8.359,4.755
-4.200,-43.500,-14.700,-0.077,8.512,4.678
-3.900,-42.000,-13.950,-0.153,8.436,4.908
-4.350,-42.900,-13.200,-0.230,8.282,4.831
-5.700,-43.200,-13.350,-0.230,8.359,4.755
-4.950,-43.200,-13.200,0.153,8.666,4.908
-4.950,-43.650,-12.750,0.230,8.589,4.755
-5.550,-43.650,-13.500,-0.230,8.206,4.755
-5.250,-42.900,-13.950,-0.230,8.359,4.678
-5.550,-42.750,-12.600,-0.153,8.359,4.755
-4.950,-43.050,-12.750,-0.077,8.359,4.831
-5.100,-42.600,-13.050,-0.153,8.359,4.831
-4.800,-43.500,-13.350,-0.153,8.282,4.908
-5.250,-42.750,-12.450,-0.230,8.436,4.601
-4.650,-42.600,-13.500,-0.153,8.282,4.678
-5.100,-42.600,-13.500,-0.077,8.512,4.831
-4.500,-43.650,-12.450,-0.077,8.282,4.755
-5.850,-42.900,-13.500,-0.383,8.436,4.831
-4.950,-43.050,-12.900,-0.153,8.206,4.448
-5.550,-43.650,-13.050,-0.230,8.359,4.678
-5.250,-43.350,-13.200,-0.153,8.359,4.755
-5.700,-42.900,-12.750,-0.153,8.282,4.601
-6.000,-44.100,-12.450,-0.230,8.359,5.061
-5.550,-43.050,-13.350,-0.153,8.436,4.755
-5.250,-43.050,-12.150,-0.230,8.512,4.678
-5.100,-43.200,-12.900,-0.153,8.436,4.678
-6.150,-42.750,-13.200,-0.077,8.436,4.755
-6.000,-43.050,-12.450,-0.153,8.436,4.755
-5.100,-43.500,-13.050,-0.153,8.359,5.061
-4.950,-43.050,-13.200,-0.153,8.282,4.755
-4.650,-42.900,-12.750,-0.077,8.436,4.678
-5.700,-42.150,-13.650,-0.153,8.436,4.678
-4.800,-43.050,-12.900,-0.077,8.436,4.678
-4.650,-43.200,-12.300,-0.077,8.512,4.831
-5.700,-43.050,-12.000,-0.077,8.359,4.678
-4.800,-42.600,-13.050,-0.077,8.359,4.755
-5.100,-43.200,-12.750,-0.230,8.436,4.678
-5.550,-42.600,-12.750,-0.153,8.359,4.755
-4.200,-42.600,-12.750,-0.153,8.359,4.831
-5.100,-42.450,-12.900,-0.077,8.436,4.755
-4.800,-43.500,-12.150,-0.153,8.359,4.601
-4.800,-43.500,-13.350,-0.230,8.359,4.831
-5.550,-43.500,-12.600,-0.077,8.436,4.678
-5.400,-42.750,-12.300,-0.153,8.436,4.755
-5.400,-42.600,-13.350,-0.153,8.359,4.678
-5.550,-43.800,-12.750,-0.153,8.282,4.908
-5.100,-43.800,-12.300,-0.153,8.436,4.908
-5.400,-42.900,-13.050,-0.153,8.359,4.831
-5.700,-43.050,-13.350,-0.153,8.359,4.831
-4.350,-42.450,-13.050,-0.230,8.436,4.755
-4.650,-42.750,-13.200,-0.153,8.282,4.448
-4.950,-43.500,-12.300,-0.153,8.436,4.755
-4.650,-42.600,-13.350,-0.230,8.436,4.678
-4.950,-42.600,-13.050,-0.153,8.359,4.678
-5.250,-43.050,-13.050,-0.077,8.436,4.831
-5.250,-43.050,-13.500,-0.153,8.512,4.985
-4.800,-42.750,-13.200,-0.230,8.436,4.831
-5.100,-42.600,-13.200,-0.230,8.359,4.755
-5.700,-42.900,-13.350,-0.230,8.436,4.678
-6.150,-42.900,-13.050,-0.153,8.282,4.678
-6.750,-42.600,-12.900,-0.307,8.512,4.831
-5.550,-43.050,-12.900,-0.230,8.436,4.678
-5.100,-43.350,-13.200,-0.077,8.436,4.831
-5.100,-42.900,-13.350,-0.153,8.589,4.755
-5.250,-43.350,-13.200,-0.153,8.359,4.678
-5.100,-43.200,-12.450,-0.230,8.359,4.755
-6.150,-43.500,-13.200,-0.077,8.282,4.755
-4.950,-43.050,-13.350,-0.230,8.359,4.755
-4.650,-42.300,-13.200,-0.153,8.282,4.755
-5.250,-43.800,-12.900,-0.077,8.206,4.601
-5.700,-43.050,-13.200,-0.153,8.359,4.678
-5.250,-43.200,-12.000,-0.077,8.512,4.755
-5.400,-43.050,-12.600,-0.230,8.436,4.755
-4.950,-43.650,-12.900,-0.077,8.512,4.678
-5.550,-43.050,-13.200,-0.230,8.359,4.831
-5.700,-43.500,-13.200,-0.230,8.436,4.678
-6.150,-43.500,-12.900,-0.230,8.359,4.678
-5.850,-43.350,-12.900,-0.383,8.282,4.755
-5.400,-42.900,-13.050,-0.614,8.359,4.831
-6.600,-43.350,-12.300,-0.614,8.282,4.295
-5.250,-43.050,-11.850,-0.537,8.512,4.755
-5.550,-43.650,-12.300,-0.614,8.359,4.678
-6.900,-43.950,-10.500,-0.460,8.359,4.525
-7.950,-44.400,-9.600,-0.460,8.589,4.371
-7.950,-44.400,-8.700,0.230,8.436,4.755
-8.700,-45.600,-7.650,0.153,8.436,4.678
-8.550,-45.750,-6.450,0.153,8.436,4.755
-9.000,-45.900,-6.000,0.153,8.436,4.678
-8.250,-46.200,-5.250,0.383,8.512,4.831
-8.400,-46.350,-6.150,0.153,8.359,4.601
-8.700,-45.000,-5.700,-0.383,8.282,4.755
-9.000,-45.450,-5.850,-0.230,8.512,5.598
-10.050,-45.450,-5.400,-0.460,8.206,4.678
-9.750,-45.750,-5.700,-0.230,8.359,4.371
-8.550,-45.300,-5.250,-0.307,8.436,4.755
-8.550,-45.600,-6.150,-0.153,8.359,4.831
-9.150,-47.100,-5.700,-0.230,8.436,4.755
-9.150,-45.750,-5.400,-0.307,8.359,4.678
-9.150,-45.600,-5.250,-0.230,8.436,4.678
-8.250,-45.450,-5.850,-0.307,8.129,4.755
-9.000,-45.450,-5.250,-0.383,8.282,4.755
-9.000,-46.050,-5.550,-0.230,8.282,4.601
-9.000,-45.900,-5.850,-0.230,8.282,4.755
-9.000,-45.150,-5.100,-0.153,8.282,4.831
-9.000,-44.850,-6.000,-0.230,8.359,4.755
-9.150,-45.000,-6.000,-0.230,8.359,4.831
-8.400,-45.450,-6.000,-0.230,8.282,4.985
-9.900,-45.000,-6.300,-0.307,8.359,4.985
-8.850,-46.350,-5.400,-0.307,8.359,4.831
-8.850,-45.450,-6.000,-0.153,8.436,4.908
-8.700,-45.900,-5.700,-0.307,8.282,4.755
-9.150,-44.550,-5.250,-0.230,8.359,4.831
-8.550,-45.900,-5.250,-0.230,8.359,4.755
-8.250,-45.300,-6.600,-0.230,8.359,4.755
-9.450,-45.000,-5.100,-0.230,8.359,4.755
-8.850,-45.300,-4.650,-0.307,8.436,4.831
-7.800,-45.600,-6.150,-0.230,8.359,4.755
-9.000,-45.750,-6.300,-0.307,8.436,4.755
-9.150,-45.300,-5.550,-0.153,8.282,4.755
-9.150,-45.750,-6.000,-0.230,8.359,4.831
-8.850,-45.450,-5.700,-0.307,8.282,4.755
-8.850,-46.050,-5.700,-0.230,8.436,4.985
-8.700,-45.300,-5.550,-0.230,8.359,4.831
-9.750,-45.000,-5.850,-0.230,8.282,4.908
-10.050,-45.300,-6.450,-0.307,8.282,4.601
-9.000,-45.000,-6.000,-0.230,8.282,4.831
-9.000,-44.850,-5.850,-0.307,8.359,4.831
-9.300,-45.000,-5.400,-0.230,8.359,4.831
-8.550,-45.600,-5.850,-0.230,8.436,4.831
-9.450,-45.750,-5.250,-0.153,8.359,4.755
-9.000,-45.300,-5.250,-0.383,8.359,4.908
-8.550,-45.600,-6.150,-0.307,8.436,4.678
-9.000,-45.900,-5.400,-0.230,8.359,4.985
-9.300,-45.150,-5.250,-0.230,8.436,4.755
-8.400,-45.000,-6.000,-0.307,8.436,4.755
-9.150,-45.300,-5.700,-0.230,8.359,4.908
-8.400,-45.600,-5.100,-0.230,8.282,4.755
-8.550,-45.900,-5.550,-0.153,8.359,4.831
-8.700,-44.400,-5.700,-0.307,8.359,4.755
-8.850,-45.600,-5.550,-0.230,8.206,4.831
-8.550,-46.050,-6.000,-0.307,8.359,4.601
-9.150,-45.300,-5.550,-0.307,8.359,4.831
-9.150,-45.450,-5.700,-0.383,8.359,4.908
-9.300,-45.750,-5.400,-0.307,8.359,4.755
-8.850,-45.600,-5.400,-0.383,8.282,4.755
-9.450,-45.750,-5.250,-0.230,8.359,4.755
-8.550,-46.200,-4.950,-0.307,8.359,4.831
-9.450,-46.050,-5.400,-0.307,8.129,4.755
-8.850,-46.500,-4.800,-0.153,8.282,5.061
-9.150,-45.600,-5.550,-0.307,8.436,4.755
-8.700,-45.600,-5.550,-0.307,8.359,4.908
-8.400,-45.750,-5.550,-0.383,8.359,4.678
-8.700,-45.750,-5.550,-0.383,8.282,4.755
-9.000,-45.900,-4.650,-0.307,8.052,5.061
-9.000,-45.750,-5.700,-0.230,8.436,4.831
-8.400,-45.750,-4.650,-0.307,8.282,4.831
-8.550,-45.750,-6.000,-0.537,8.436,4.755
-8.250,-46.950,-4.500,-0.614,8.359,4.831
-9.450,-46.350,-4.200,-0.307,8.359,4.755
-8.400,-46.350,-4.200,-0.460,8.436,4.908
-8.700,-46.050,-3.450,-0.614,8.436,4.678
-8.250,-46.350,-3.150,-0.460,8.282,4.678
-9.000,-47.400,-3.300,-0.537,8.282,4.601
-7.050,-46.350,-2.100,-0.537,8.359,4.678
-8.550,-46.800,-1.350,-0.537,8.436,4.908
-7.800,-48.750,-2.400,-0.537,8.359,4.908
-7.950,-47.100,-1.350,-0.614,8.282,4.831
-8.250,-47.400,-1.500,-0.614,8.282,4.755
-8.100,-46.950,-0.300,-0.537,8.282,4.755
-7.950,-47.700,-0.150,-0.537,8.282,4.908
-7.950,-48.300,0.300,-0.537,8.282,4.831
-9.600,-48.150,0.750,-0.383,8.282,4.678
-8.250,-48.000,0.600,-0.307,8.359,4.755
-8.250,-48.000,1.350,-0.307,8.282,4.985
-8.250,-47.850,1.500,-0.307,8.282,4.985
-8.850,-48.600,0.600,-0.460,8.282,4.831
-8.700,-48.450,1.200,-0.383,8.129,4.678
-9.600,-48.000,0.900,-0.230,8.359,4.755
-9.150,-48.150,0.750,-0.537,8.282,4.755
-9.450,-47.850,0.750,-0.537,8.512,5.061
-9.150,-48.450,0.300,-0.153,8.282,4.755
-10.050,-47.700,0.750,-0.230,8.666,4.831
-9.900,-48.450,0.450,-0.307,8.206,4.678
-8.850,-48.600,0.300,-0.307,8.512,4.908
-9.750,-48.900,0.450,-0.383,8.282,4.755
-8.850,-48.150,0.150,-0.307,8.359,4.908
-10.050,-48.450,1.050,-0.230,8.282,4.755
-9.750,-48.300,0.150,-0.307,8.359,4.831
-10.200,-47.850,0.600,-0.307,8.436,4.678
-9.300,-47.700,1.050,-0.307,8.282,4.601
-9.600,-47.850,0.300,-0.230,8.359,4.985
-10.200,-47.550,1.500,-0.307,8.359,4.908
-9.900,-47.250,0.300,-0.230,8.282,4.831
-9.150,-48.300,1.200,-0.230,8.359,4.755
-9.600,-47.550,0.600,-0.307,8.359,4.601
-10.050,-48.450,1.350,-0.307,8.512,4.831
-10.650,-48.000,0.150,-0.307,8.359,4.831
-9.750,-47.700,0.750,-0.307,8.206,4.831
-9.000,-47.700,0.150,-0.383,8.512,4.908
-9.900,-48.150,0.600,-0.383,8.282,4.755
-9.600,-46.950,0.450,-0.307,8.282,4.831
-9.300,-46.800,0.000,-0.383,8.282,4.908
-9.600,-48.450,0.900,-0.383,8.359,4.525
-9.750,-49.050,1.200,-0.230,8.282,4.831
-9.750,-48.000,0.900,-0.307,8.512,4.755
-10.050,-47.400,0.900,-0.307,8.206,4.755
-9.600,-47.400,0.600,-0.383,8.512,4.831
-10.050,-48.000,1.200,-0.307,8.359,4.831
-10.200,-47.850,0.750,-0.230,8.282,4.831
-9.750,-48.150,1.350,-0.307,8.282,4.831
-10.950,-47.250,1.500,-0.230,8.359,4.908
-9.000,-48.450,0.000,-0.307,8.282,4.831
-9.600,-47.700,1.200,-0.307,8.359,4.678
-10.350,-48.000,-0.150,-0.230,8.282,4.908
-8.850,-48.150,0.750,-0.307,8.359,4.831
-10.200,-48.000,0.600,-0.307,8.282,4.755
-9.900,-47.700,0.750,-0.383,8.282,4.831
-10.050,-48.000,0.300,-0.230,8.282,4.755
-10.500,-47.700,1.050,-0.230,8.282,4.831
-10.200,-48.450,0.150,-0.307,8.359,4.755
-8.700,-48.150,0.900,-0.307,8.206,4.755
-10.200,-47.700,0.150,-0.230,8.436,4.831
-9.150,-47.550,0.750,-0.383,8.359,4.755
-9.450,-47.850,0.750,-0.307,8.436,4.831
-9.900,-47.400,0.450,-0.153,8.282,4.755
-9.750,-48.300,0.300,-0.230,8.436,4.755
-9.900,-47.850,0.150,-0.153,8.206,4.678
-9.450,-47.700,0.450,-0.383,8.282,4.831
-9.300,-48.600,0.750,-0.307,8.436,4.678
-9.750,-48.300,0.300,-0.230,8.359,4.678
-9.750,-48.300,0.750,-0.383,8.589,4.755
-9.450,-48.600,0.750,-0.383,8.129,4.755
-8.850,-48.600,1.200,-0.307,8.436,4.678
-8.550,-47.400,1.500,-0.307,8.206,5.138
-10.200,-48.300,1.050,-0.383,8.359,4.908
-9.450,-48.150,1.050,-0.460,8.436,4.831
-8.400,-48.000,0.750,-0.614,8.282,4.908
-8.400,-48.450,1.200,-0.614,8.359,4.831
-8.100,-48.600,1.500,-0.537,8.282,4.908
-8.850,-48.000,1.500,-0.537,8.359,5.215
-8.250,-48.900,2.100,-0.614,8.282,4.831
-7.500,-49.200,1.650,-0.537,8.206,4.831
-7.950,-48.900,1.950,-0.844,8.052,4.831
-7.950,-49.050,2.700,-0.614,8.666,4.831
-7.650,-49.350,2.850,-0.690,8.206,4.755
-7.350,-49.350,2.100,-0.614,8.282,4.755
-7.050,-48.600,2.550,-0.690,8.282,4.755
-7.050,-49.800,3.300,-0.690,8.359,4.831
-7.800,-50.550,4.050,-0.690,8.359,4.831
-7.050,-49.650,4.050,-0.537,8.282,4.678
-7.200,-50.400,4.200,-0.690,8.206,4.831
-7.800,-49.350,4.050,-0.614,8.282,4.908
-7.350,-49.350,3.750,-0.767,8.206,4.831
-6.900,-49.050,4.800,-0.767,8.129,5.445
-7.350,-50.700,4.650,-0.767,8.206,4.908
-7.200,-51.000,5.550,-0.614,8.206,4.755
-6.450,-49.350,5.700,-0.690,8.206,4.831
-6.750,-50.700,6.600,-0.460,8.282,4.908
-6.750,-50.250,5.550,-0.383,8.282,4.755
-6.450,-50.250,6.450,-0.230,8.206,4.755
-7.200,-51.600,6.600,-0.460,8.282,4.908
-7.050,-50.550,5.550,-0.383,8.282,4.908
-8.400,-50.850,5.850,-0.690,8.282,4.985
-7.650,-50.250,6.300,-0.614,8.359,4.601
-8.100,-50.850,6.300,-0.383,8.436,4.755
-8.100,-50.250,6.600,-0.537,8.206,4.755
-7.500,-49.650,7.050,-0.537,8.436,4.908
-7.800,-51.600,5.550,-0.537,8.282,4.831
-7.800,-50.550,6.750,-0.460,8.436,4.755
-7.800,-50.550,6.750,-0.537,8.359,5.138
-7.200,-50.400,6.450,-0.460,8.359,4.831
-8.700,-49.650,6.450,-0.460,8.359,4.831
-8.100,-51.000,5.850,-0.460,8.436,4.831
-7.650,-51.150,6.300,-0.383,8.282,4.831
-7.650,-50.100,6.600,-0.460,8.282,4.601
-7.950,-50.850,6.150,-0.460,8.282,4.831
-8.100,-50.100,6.600,-0.537,8.436,4.755
-7.350,-50.100,5.850,-0.383,8.436,4.908
-7.800,-50.400,6.600,-0.460,8.359,4.755
-7.200,-51.000,6.300,-0.537,8.589,4.831
-8.250,-50.250,6.450,-0.537,8.282,4.755
-7.350,-50.850,6.600,-0.460,8.359,4.831
-7.500,-49.050,5.850,-0.460,8.282,4.831
-8.100,-50.850,6.150,-0.460,8.436,4.908
-7.350,-50.700,6.600,-0.460,8.206,4.908
-7.350,-51.000,6.600,-0.383,8.359,4.678
-7.950,-49.950,6.450,-0.307,8.359,4.678
-7.950,-50.550,6.600,-0.460,8.282,4.755
-7.650,-51.300,6.150,-0.383,8.359,4.908
-7.800,-50.100,6.750,-0.460,8.359,5.061
-7.950,-50.250,6.150,-0.537,8.436,4.831
-8.550,-50.400,6.600,-0.460,8.282,4.755
-7.350,-50.250,5.850,-0.460,8.436,4.831
-7.050,-50.700,6.300,-0.383,8.359,4.908
-8.400,-49.950,6.150,-0.460,8.359,4.831
-7.800,-51.000,6.150,-0.460,8.282,4.908
-8.550,-50.550,7.200,-0.460,8.206,4.755
-7.650,-49.950,6.300,-0.537,8.436,4.755
-7.500,-50.400,5.700,-0.307,8.282,4.831
-7.650,-50.100,6.000,-0.537,8.359,4.831
-8.100,-49.950,6.450,-0.383,8.282,4.755
-7.650,-49.950,5.550,-0.537,8.666,4.908
-7.500,-51.150,6.300,-0.383,8.129,4.831
-7.500,-50.550,6.900,-0.537,8.359,4.831
-7.500,-49.950,6.150,-0.614,8.282,4.678
-8.100,-50.250,6.600,-0.767,8.359,4.831
-7.800,-50.250,6.900,-0.690,8.282,4.908
-7.500,-50.100,6.750,-0.690,8.359,4.831
-7.350,-50.400,7.950,-0.614,8.359,4.755
-6.600,-50.850,7.500,-0.844,8.282,4.985
-6.750,-51.150,8.250,-0.767,8.282,4.831
-6.900,-51.900,8.100,-0.767,8.282,4.831
-5.700,-51.450,9.300,-0.767,8.206,4.755
-5.400,-51.600,9.000,-0.614,8.359,4.755
-4.800,-51.600,9.600,-0.767,8.206,4.755
-4.350,-51.450,9.600,-0.690,8.282,4.908
-3.750,-52.350,10.350,-0.614,7.976,4.678
-3.750,-52.650,11.550,-0.690,8.282,4.908
-3.000,-53.250,12.000,-0.690,8.282,4.908
-1.950,-53.100,12.150,-0.307,8.206,4.985
-1.200,-53.400,12.750,-0.153,8.282,4.908
-1.050,-53.550,13.650,0.000,8.129,4.908
-0.150,-54.000,13.800,-0.153,8.129,4.985
-0.450,-53.550,13.050,-0.690,8.129,5.368
-0.150,-53.550,13.800,-0.614,8.052,4.908
-0.600,-53.550,12.900,-0.537,7.976,5.061
-0.300,-53.250,13.050,-0.460,8.206,5.138
-2.100,-54.000,13.350,-0.690,7.976,4.908
-1.650,-53.250,13.350,-0.690,8.052,4.985
-1.350,-53.100,12.750,-0.614,8.052,5.215
-1.200,-52.800,13.200,-0.767,8.206,5.061
-1.800,-54.750,13.200,-0.614,8.052,5.215
-1.800,-53.400,12.750,-0.690,8.282,4.908
-1.350,-53.400,12.900,-0.614,8.052,5.138
-2.250,-54.150,12.300,-0.690,8.206,5.061
-2.250,-53.250,11.700,-0.690,8.129,4.908
-2.250,-54.150,12.150,-0.614,8.052,5.138
-2.400,-52.950,11.850,-0.767,8.052,4.985
-2.550,-53.400,11.250,-0.614,8.052,4.985
-1.950,-52.650,12.000,-0.614,8.206,4.831
-1.950,-53.550,12.450,-0.614,8.206,4.985
-2.100,-53.550,12.000,-0.690,8.206,4.985
-2.700,-52.500,13.200,-0.614,8.129,4.908
-2.850,-53.700,12.150,-0.614,8.129,5.061
-1.500,-52.050,12.450,-0.767,8.129,5.138
-2.250,-53.100,12.750,-0.614,8.052,4.985
-2.100,-52.950,12.150,-0.690,8.282,5.061
-1.800,-53.550,12.000,-0.614,8.052,5.138
-2.250,-52.950,12.900,-0.614,8.129,5.061
-1.800,-52.800,12.450,-0.690,8.129,5.138
-2.550,-53.550,12.000,-0.767,8.206,4.985
-1.500,-53.250,11.850,-0.614,8.052,4.908
-1.650,-52.950,12.450,-0.537,8.206,5.061
-1.800,-52.950,12.750,-0.767,8.129,5.368
-1.650,-53.400,11.850,-0.844,8.129,5.061
-1.800,-53.550,12.600,-0.614,8.052,4.908
-1.950,-52.800,12.600,-0.767,7.976,4.755
-1.650,-53.250,12.150,-0.614,8.436,5.061
-1.350,-52.800,12.300,-0.767,8.129,4.831
-2.100,-52.800,12.600,-0.920,8.052,5.215
-2.100,-52.800,13.050,-0.920,8.052,4.908
-1.650,-53.550,12.300,-0.920,8.206,5.061
-1.350,-53.250,12.300,-0.767,8.129,4.985
-1.650,-53.700,13.200,-0.767,8.052,5.061
-0.750,-53.400,13.050,-0.844,8.052,5.138
-0.150,-53.550,13.500,-0.767,8.129,4.985
1.050,-53.700,14.700,-0.920,8.129,5.061
1.800,-54.000,14.250,-0.844,7.822,5.061
3.000,-55.350,14.250,-0.690,8.129,5.215
4.050,-54.750,15.000,-0.767,7.899,5.061
5.250,-54.900,14.700,-0.614,8.129,5.291
5.700,-55.200,15.900,-0.537,7.899,5.138
7.350,-54.300,15.750,-0.537,7.976,5.291
7.200,-55.950,15.900,-0.153,8.129,5.215
8.550,-55.200,15.900,-0.153,8.052,5.445
8.400,-55.200,16.350,0.153,8.282,5.522
8.550,-55.350,16.800,0.230,8.129,5.138
9.450,-55.200,16.950,0.153,8.052,5.368
9.300,-55.350,16.650,-0.077,8.129,5.291
8.550,-55.800,16.200,-0.153,7.976,5.368
8.100,-55.500,17.100,-0.844,8.206,5.368
8.700,-54.750,17.850,-0.460,7.899,5.138
7.800,-55.350,17.100,-0.460,8.129,5.215
8.400,-55.200,16.500,-0.537,7.976,5.215
9.000,-55.650,16.500,-0.537,7.976,5.138
7.650,-55.350,16.050,-0.460,8.052,5.215
7.650,-54.900,16.500,-0.614,8.052,5.215
7.950,-55.050,16.350,-0.537,8.052,5.215
8.100,-55.950,16.200,-0.614,8.052,5.368
8.550,-55.500,16.350,-0.460,8.129,5.368
9.000,-54.900,16.350,-0.383,7.976,5.215
7.950,-54.750,17.100,-0.460,8.052,5.138
9.150,-54.750,16.950,-0.383,7.976,5.138
7.500,-54.750,17.250,-0.460,8.052,5.215
8.250,-55.800,16.800,-0.460,8.052,5.215
7.200,-55.800,17.400,-0.383,8.052,4.985
8.250,-55.800,16.800,-0.460,7.976,5.061
7.950,-54.900,17.550,-0.383,7.976,5.522
8.100,-54.750,16.050,-0.460,7.899,5.445
9.300,-55.650,16.950,-0.537,8.052,5.138
7.950,-54.750,16.050,-0.537,7.899,5.138
7.950,-54.750,17.100,-0.460,7.976,5.138
7.350,-55.800,16.950,-0.383,8.052,4.985
8.400,-55.350,16.800,-0.460,7.976,5.215
7.800,-54.450,16.200,-0.460,7.976,5.291
8.700,-54.450,16.650,-0.460,7.822,4.908
8.550,-54.900,17.100,-0.537,8.052,5.138
8.250,-55.050,16.800,-0.460,7.976,5.138
8.100,-55.350,16.350,-0.460,8.206,5.138
7.800,-55.200,17.100,-0.537,8.052,5.061
8.250,-55.650,16.350,-0.460,8.052,4.985
8.700,-54.900,17.100,-0.383,8.052,5.138
7.950,-55.500,17.100,-0.537,8.129,5.215
9.150,-54.750,16.650,-0.537,7.976,5.522
7.650,-54.750,17.400,-0.383,8.052,5.215
8.850,-55.800,16.950,-0.383,7.976,5.291
8.400,-55.500,17.400,-0.460,7.976,5.215
7.650,-55.650,17.400,-0.383,8.052,5.061
8.250,-55.350,15.900,-0.460,7.976,5.291
8.100,-55.050,16.800,-0.383,8.052,5.215
8.250,-55.650,17.100,-0.383,7.976,5.138
8.250,-54.450,16.650,-0.460,7.976,5.215
7.500,-54.450,17.100,-0.537,7.976,5.061
8.100,-55.350,16.800,-0.460,7.976,5.061
8.250,-55.800,15.750,-0.307,8.052,5.138
7.800,-55.200,17.250,-0.383,8.052,5.215
8.550,-55.650,16.500,-0.460,8.052,5.138
8.250,-55.800,17.250,-0.460,8.052,5.138
7.950,-55.200,16.350,-0.460,8.052,5.215
9.000,-55.200,16.650,-0.383,8.052,5.061
8.400,-54.600,18.150,-0.537,8.129,5.138
8.850,-55.950,16.800,-0.690,8.129,5.061
9.150,-55.650,17.550,-0.690,8.129,5.215
9.600,-54.900,16.950,-0.690,7.899,5.291
10.800,-54.150,16.350,-0.690,8.052,5.061
11.100,-54.900,17.250,-0.537,8.052,5.138
10.650,-55.200,17.850,-0.690,7.592,4.985
12.900,-55.350,17.100,-0.383,8.052,5.215
12.750,-56.250,17.700,-0.153,8.052,4.831
15.300,-55.200,17.250,-0.153,7.745,5.061
14.550,-55.350,17.400,-0.614,8.666,5.445
16.800,-55.800,17.550,-0.307,8.129,5.215
17.100,-54.750,17.250,-0.460,8.052,4.908
17.250,-54.300,16.500,-0.307,8.052,4.831
19.050,-54.450,16.650,-0.383,8.129,5.061
20.400,-55.050,16.200,-0.230,8.206,5.138
19.500,-54.450,15.000,-0.153,8.052,4.908
20.550,-53.700,14.400,-0.230,8.052,5.215
20.700,-54.600,15.000,-0.307,8.052,5.291
21.600,-54.450,14.400,-0.230,8.129,5.138
22.050,-53.400,14.400,-0.153,8.129,5.061
22.200,-53.700,15.000,0.000,7.976,5.215
22.350,-53.550,14.400,0.077,8.052,5.215
22.500,-54.150,15.150,0.077,7.899,4.985
21.600,-55.050,14.550,0.077,8.052,4.908
20.100,-54.900,15.150,-0.230,8.052,4.985
19.800,-55.350,14.100,-0.690,7.976,5.215
20.250,-55.200,15.000,-0.153,8.206,5.061
19.500,-54.000,15.900,-0.153,7.899,5.138
20.250,-54.750,15.600,-0.153,8.052,5.138
20.550,-54.750,14.100,-0.077,8.129,5.215
20.250,-54.000,15.000,0.077,7.899,4.678
20.700,-55.050,15.150,-0.307,8.129,5.215
21.150,-54.900,14.550,-0.077,7.899,5.138
20.700,-54.300,14.850,-0.077,8.206,5.061
19.950,-53.700,15.000,-0.153,7.899,5.061
19.800,-53.850,14.550,-0.077,8.206,5.138
20.550,-54.450,15.150,-0.077,7.899,5.138
20.550,-54.450,15.150,-0.153,8.206,5.675
20.250,-54.600,14.550,-0.153,7.822,5.215
19.950,-54.600,15.300,-0.153,8.282,5.215
20.250,-54.000,15.600,-0.230,7.822,5.061
19.950,-55.050,14.700,-0.153,8.206,5.215
20.400,-54.600,14.100,-0.153,7.976,5.215
20.400,-53.550,15.150,0.000,8.129,5.061
19.200,-54.300,15.150,-0.153,7.899,5.061
19.800,-54.750,14.700,-0.077,8.052,5.138
20.550,-54.450,15.450,-0.077,7.976,5.138
20.550,-55.500,15.000,-0.230,7.899,5.138
19.800,-54.600,15.300,-0.230,8.206,5.138
20.400,-54.450,14.700,-0.307,7.976,5.215
20.550,-54.900,14.850,-0.230,8.129,5.215
19.500,-54.750,14.700,-0.077,8.052,5.215
20.550,-54.900,15.600,-0.153,8.052,5.215
20.550,-54.900,15.000,-0.153,7.976,5.138
20.400,-54.750,14.550,-0.153,8.052,5.445
20.700,-55.200,14.850,-0.153,8.052,5.368
21.300,-53.400,14.850,-0.077,8.052,5.215
21.300,-55.650,15.000,-0.153,8.129,5.061
21.000,-55.650,14.550,-0.153,7.899,5.215
21.000,-54.900,15.300,-0.153,8.052,5.215
20.100,-54.000,14.850,-0.230,7.976,5.215
20.100,-54.450,15.300,-0.153,7.976,5.138
21.450,-54.750,14.850,-0.153,8.129,4.985
20.100,-53.400,14.700,-0.077,8.052,5.368
20.700,-53.850,15.150,-0.230,7.976,5.598
20.700,-55.350,15.600,-0.383,7.976,5.138
21.000,-54.600,15.300,-0.537,8.052,5.215
21.450,-55.650,14.400,-0.383,8.129,5.138
22.500,-54.600,14.250,-0.383,8.052,5.215
21.750,-53.400,14.400,-0.307,7.976,5.061
22.200,-53.400,13.350,-0.460,8.052,4.601
24.300,-54.150,12.600,-0.383,8.206,5.215
24.450,-52.800,12.300,-0.230,8.129,5.061
25.350,-52.650,12.150,-0.230,8.052,5.061
25.800,-52.500,10.800,-0.153,7.899,5.061
27.150,-51.750,11.100,0.000,8.052,5.215
26.850,-51.900,9.900,-0.230,7.976,5.138
26.700,-52.050,9.600,-0.460,7.822,4.755
27.450,-51.150,8.100,-0.153,8.436,5.522
27.450,-52.500,8.700,-0.230,8.052,5.215
28.050,-51.150,7.650,0.000,8.052,4.985
27.750,-51.300,6.450,0.000,7.976,5.061
28.950,-50.100,6.750,0.000,8.129,5.215
28.350,-50.400,5.550,0.153,7.976,4.908
29.250,-50.550,4.950,0.230,7.976,5.215
28.800,-50.550,4.800,0.000,8.052,5.138
29.850,-50.250,4.800,0.077,8.129,5.215
29.850,-50.550,4.500,-0.153,7.976,5.368
28.500,-50.100,5.700,-0.077,8.052,5.215
29.700,-49.500,5.850,-0.230,8.129,5.138
28.950,-50.250,5.250,-0.077,7.976,5.215
29.100,-50.250,5.250,-0.153,8.206,5.061
28.800,-49.800,5.400,-0.153,8.052,5.138
28.650,-49.500,4.800,-0.077,8.052,5.138
28.800,-50.250,4.650,-0.077,7.899,5.215
28.950,-50.100,5.100,-0.077,8.129,5.445
28.650,-50.100,6.000,-0.153,8.129,5.291
28.650,-50.250,5.100,-0.153,8.129,5.138
28.350,-50.850,4.800,-0.153,8.052,5.291
28.950,-49.950,4.950,-0.077,7.976,5.291
28.800,-50.250,5.250,-0.153,8.052,5.138
29.400,-50.100,5.550,0.000,8.052,5.061
28.650,-50.700,5.700,-0.153,8.129,5.138
28.950,-49.950,5.100,0.000,8.052,5.291
29.400,-49.800,5.550,-0.153,8.052,5.215
29.550,-50.250,5.250,-0.153,7.976,5.138
29.250,-50.550,4.650,-0.077,7.976,5.522
29.250,-49.800,5.850,-0.077,8.052,5.061
28.650,-50.100,6.450,-0.153,8.052,5.215
29.400,-49.800,5.850,-0.153,8.129,5.215
27.900,-49.950,5.700,0.000,7.976,5.291
28.950,-50.100,5.400,-0.153,8.052,5.138
29.400,-50.250,6.000,-0.153,8.129,5.291
28.800,-49.350,5.250,-0.153,8.052,5.215
29.400,-51.000,6.150,-0.153,8.052,4.985
28.950,-50.100,5.550,0.000,8.052,5.368
28.950,-50.250,5.700,-0.077,8.129,5.368
28.800,-50.100,5.100,-0.307,7.822,4.985
28.950,-49.800,4.800,-0.153,8.206,5.138
28.950,-50.700,4.800,-0.077,7.976,5.368
28.500,-50.400,4.950,-0.153,8.129,5.061
27.900,-49.500,4.950,-0.230,7.976,5.215
29.400,-50.100,6.300,-0.077,8.052,5.138
29.100,-49.950,6.000,-0.153,8.129,5.291
29.700,-50.100,5.400,-0.153,8.052,5.215
29.250,-50.550,6.000,-0.077,8.129,5.138
28.800,-50.550,6.000,-0.153,8.052,5.061
29.700,-49.500,5.400,-0.153,7.976,5.215
29.250,-49.650,5.700,-0.230,8.052,5.291
29.400,-49.650,5.400,-0.230,7.976,5.061
28.800,-50.250,5.400,-0.153,8.129,5.215
29.550,-49.800,6.300,-0.153,7.976,5.138
