8.550,-13.800,-26.850,0.000,3.758,8.972
10.050,-13.350,-26.550,0.077,3.834,8.742
9.000,-13.200,-26.700,0.077,3.681,8.896
8.400,-13.800,-26.250,0.153,3.758,8.819
8.850,-13.350,-25.950,0.077,3.758,9.049
9.150,-14.250,-26.700,0.077,3.834,8.896
9.300,-14.100,-26.550,0.153,3.681,8.742
8.550,-13.950,-25.800,0.153,3.681,8.896
8.550,-14.550,-25.200,0.000,3.911,8.972
9.150,-14.400,-26.400,0.000,3.758,9.203
9.000,-13.950,-26.550,-0.077,3.681,8.896
9.000,-14.400,-25.650,-0.153,3.911,8.896
8.100,-13.350,-26.100,-0.153,3.758,9.049
8.400,-14.100,-26.100,-0.383,3.681,9.049
6.900,-13.950,-26.100,-0.230,3.988,8.896
6.750,-13.350,-25.350,-0.153,3.988,8.896
6.000,-14.400,-26.700,-0.077,3.834,8.742
4.650,-14.100,-25.500,-0.383,3.911,8.896
3.450,-14.400,-24.900,-0.153,3.834,8.819
2.250,-15.300,-25.050,-0.230,4.064,8.819
0.900,-15.150,-24.450,-0.230,3.988,8.896
-1.800,-16.650,-23.700,-0.307,3.834,8.972
-2.550,-16.050,-23.850,-0.077,3.911,8.819
-3.300,-17.250,-23.550,-0.077,3.834,9.126
-3.600,-18.150,-23.100,-0.230,3.758,8.896
-5.100,-18.150,-22.200,-0.537,3.758,9.126
-6.750,-19.800,-21.300,-0.537,3.681,9.049
-7.800,-21.000,-20.550,-0.307,3.758,8.819
-9.150,-23.250,-19.800,-0.153,4.295,8.972
-9.600,-24.000,-19.800,-0.307,3.834,8.589
-9.600,-26.100,-18.150,0.077,4.295,8.972
-10.050,-27.600,-17.700,-0.153,3.911,8.666
-10.650,-28.500,-16.950,-0.077,3.528,8.972
-10.800,-29.250,-15.300,-0.153,3.681,9.049
-11.550,-30.600,-15.450,-0.383,3.758,8.972
-10.650,-31.800,-13.200,1.380,4.295,9.049
-10.050,-33.300,-13.350,-0.844,3.528,8.512
-10.800,-34.650,-12.900,0.077,3.911,8.972
-9.450,-37.050,-11.850,-0.077,3.681,8.666
-8.400,-37.800,-11.850,0.000,3.681,8.896
-7.650,-39.000,-11.250,-0.230,3.758,9.203
-6.450,-40.350,-9.750,0.000,3.681,8.972
-4.350,-41.250,-9.300,-0.153,3.681,8.666
-3.450,-43.050,-9.300,-0.153,4.064,8.819
-1.650,-43.050,-9.300,-0.077,3.681,8.896
-0.600,-43.050,-8.100,0.000,3.528,8.896
2.100,-43.500,-7.650,0.000,3.374,8.742
1.800,-43.800,-7.500,-0.230,3.604,8.972
3.900,-44.850,-7.800,-0.153,3.528,8.819
5.700,-45.150,-7.350,-0.307,3.681,9.126
6.750,-45.750,-8.250,-0.230,3.528,8.896
8.400,-45.300,-8.400,-0.460,3.604,9.049
10.200,-46.200,-6.900,-0.230,3.298,8.819
10.800,-46.350,-7.050,0.000,3.451,9.126
13.200,-46.500,-7.650,0.153,3.911,9.433
14.250,-46.350,-7.050,0.153,3.911,8.666
16.500,-46.650,-7.050,-0.230,4.064,8.896
18.450,-45.000,-8.100,0.000,3.528,8.512
21.000,-44.550,-8.400,-0.077,3.758,8.896
23.550,-43.050,-8.850,-0.383,3.834,8.896
23.850,-42.000,-10.200,-0.230,3.451,8.512
25.950,-41.100,-10.050,0.383,2.607,7.592
26.700,-40.050,-10.950,0.230,4.295,9.739
28.800,-37.950,-12.450,-0.230,3.604,8.819
29.100,-36.600,-13.650,0.230,3.681,9.049
30.000,-34.350,-13.950,0.460,3.681,8.666
29.700,-32.550,-13.650,0.307,3.834,9.049
31.350,-31.800,-15.600,0.077,3.604,8.742
32.100,-30.300,-15.750,-0.077,3.834,9.279
31.500,-28.800,-15.900,0.000,3.681,7.745
31.200,-27.450,-17.700,-0.153,3.604,9.126
31.800,-25.500,-18.900,0.077,3.834,8.896
30.300,-24.150,-19.350,0.000,3.758,8.819
29.550,-23.400,-19.200,0.000,3.374,8.896
28.800,-22.050,-20.550,-0.537,3.374,8.819
28.350,-20.550,-21.000,-0.077,3.604,8.896
26.550,-19.950,-21.900,-0.153,3.374,8.819
25.350,-18.900,-23.100,0.000,3.681,8.666
23.550,-17.550,-23.700,-0.153,4.371,8.742
21.750,-16.350,-23.250,-0.077,4.141,8.666
20.550,-15.150,-25.500,0.153,3.834,8.742
18.450,-15.300,-24.450,-0.077,3.988,8.972
15.600,-15.000,-26.100,-0.614,3.834,7.976
12.900,-13.950,-26.250,1.687,4.678,9.433
12.600,-13.950,-26.100,-0.307,4.141,8.666
10.200,-13.950,-25.800,-0.383,4.601,9.586
8.700,-15.000,-26.550,0.000,3.834,8.282
7.200,-13.800,-25.500,0.153,4.218,8.666
4.650,-15.000,-25.350,0.383,4.064,8.512
2.850,-14.400,-25.800,0.000,3.988,8.512
1.950,-15.450,-25.050,0.077,3.758,8.589
-0.150,-15.900,-24.600,-0.077,4.064,8.742
-0.600,-15.450,-24.000,-0.077,3.681,8.972
-1.500,-16.650,-24.150,-0.230,3.834,8.819
-3.150,-17.550,-24.000,-0.153,3.834,8.896
-2.850,-19.050,-23.250,-0.153,3.911,8.972
-4.800,-18.600,-23.250,-0.153,3.681,8.742
-4.800,-18.750,-22.200,-0.383,3.758,8.742
-6.000,-19.050,-22.050,-0.537,3.451,8.666
-7.200,-20.850,-21.300,-0.383,3.681,8.819
-8.700,-22.050,-20.850,0.537,4.064,8.666
-8.550,-23.400,-19.950,-0.307,4.218,8.896
-9.150,-24.900,-19.200,-0.230,3.911,8.819
-9.300,-25.650,-18.600,-0.153,3.451,8.666
-9.600,-26.250,-17.850,-0.307,3.834,8.896
-10.350,-27.600,-16.800,-0.230,3.834,8.666
-9.900,-29.100,-16.350,-0.230,3.758,8.972
-11.100,-31.200,-15.000,-0.307,3.681,8.742
-10.800,-31.950,-14.700,-0.767,3.374,8.512
-10.950,-33.000,-13.800,1.074,4.218,9.586
-9.450,-34.350,-13.350,-1.074,3.834,8.742
-9.150,-35.400,-12.750,0.690,3.988,9.356
-8.700,-36.900,-11.550,-0.153,3.681,8.666
-7.950,-37.050,-10.950,0.153,3.758,8.896
-7.350,-38.550,-10.950,-0.077,3.528,9.203
-6.750,-39.000,-10.350,0.153,3.528,9.203
-6.300,-39.600,-10.200,0.307,3.681,8.896
-6.150,-39.900,-10.200,0.230,3.528,8.896
-5.550,-40.200,-9.300,0.153,3.604,9.049
-5.250,-39.900,-9.900,0.000,3.374,8.896
-5.400,-40.200,-10.050,-0.153,3.528,8.972
-5.550,-40.650,-10.200,-0.230,3.374,8.896
-6.150,-40.350,-10.500,-0.153,3.451,8.972
-5.700,-39.900,-10.050,-0.230,3.528,8.742
-5.850,-40.200,-10.800,-0.077,3.451,9.356
-6.600,-39.900,-10.500,-0.153,3.451,8.896
-6.150,-39.750,-10.800,-0.077,3.604,8.972
-6.150,-40.500,-10.800,-0.153,3.528,8.896
-5.400,-39.900,-11.100,-0.077,3.451,9.049
-5.700,-40.050,-9.750,-0.153,3.374,8.972
-5.400,-40.800,-10.200,-0.230,3.451,8.896
-6.000,-40.200,-10.350,-0.230,3.528,8.819
-5.550,-40.200,-10.050,-0.307,3.374,8.742
-5.700,-39.900,-9.300,0.153,3.681,9.049
-4.950,-39.900,-9.150,-0.153,3.604,8.896
-5.850,-41.400,-9.000,-0.153,3.681,8.512
-5.850,-41.850,-8.400,-0.153,3.911,8.512
-5.550,-42.000,-7.800,-0.153,4.678,8.896
-5.400,-43.950,-6.000,-0.077,4.601,8.206
-6.000,-44.100,-5.700,-0.153,5.061,8.282
-5.400,-45.150,-4.650,-0.153,5.138,8.359
-5.550,-46.350,-3.600,-0.307,5.445,8.206
-5.400,-45.600,-3.000,-0.153,5.598,7.899
-4.200,-45.750,-2.700,-0.077,5.368,7.745
-5.400,-46.950,-2.700,-0.230,5.598,7.745
-5.250,-46.650,-1.200,-0.153,6.058,7.822
-6.000,-48.000,-0.900,-0.153,5.905,7.209
-6.150,-48.600,-0.150,-0.230,6.288,7.362
-5.250,-48.450,0.750,-0.077,6.212,7.209
-5.250,-50.100,1.050,-0.230,6.442,7.209
-5.850,-49.350,1.800,-0.230,6.595,6.825
-5.550,-49.050,2.400,-0.230,6.595,6.825
-4.200,-49.650,3.000,-0.153,6.979,6.749
-5.700,-49.500,3.450,-0.230,7.209,6.749
-5.400,-50.400,3.600,-0.230,7.055,6.672
-5.250,-50.850,4.350,-0.077,6.979,6.442
-4.800,-50.400,4.650,-0.153,6.979,6.595
-4.950,-50.100,3.600,-0.307,7.055,6.595
-4.800,-50.250,4.500,-0.230,7.055,6.518
-4.950,-49.650,3.750,-0.230,7.055,6.672
-5.850,-50.100,4.350,-0.153,6.979,6.442
-5.100,-50.550,4.200,-0.153,6.902,6.288
-5.700,-51.450,4.650,-0.230,7.055,6.442
-5.400,-49.350,3.750,-0.153,7.209,6.442
-4.200,-50.400,4.200,-0.230,7.055,6.518
-4.800,-50.850,4.650,-0.153,7.055,6.442
-5.550,-50.100,4.200,-0.153,7.209,6.442
-5.400,-50.100,4.800,-0.230,7.132,6.442
-5.250,-50.550,4.950,-0.230,7.055,6.365
-5.550,-50.400,4.800,-0.307,6.825,6.518
-4.350,-50.400,4.050,-0.153,7.055,6.518
-5.400,-51.150,4.950,-0.230,7.055,6.135
-5.100,-50.400,3.900,-0.153,6.902,6.365
-5.100,-50.850,4.950,-0.077,6.979,6.442
-4.950,-49.500,4.650,-0.230,6.979,6.595
-5.700,-50.550,4.650,-0.077,7.132,6.442
-5.850,-50.100,4.050,0.000,7.055,6.442
-6.000,-50.100,3.900,0.000,6.979,6.365
-6.150,-50.100,4.200,-0.077,7.132,6.288
-7.200,-50.250,3.750,-0.230,7.132,6.518
-7.200,-50.250,2.550,-0.077,7.055,6.212
-7.500,-49.200,3.300,0.000,7.055,6.672
-7.500,-49.350,2.100,0.000,7.209,6.442
-7.950,-48.900,1.800,0.077,7.132,6.365
-8.250,-47.100,1.350,0.153,7.132,6.365
-8.850,-47.550,0.300,0.153,7.285,6.288
-9.450,-47.250,-0.450,0.077,7.132,6.212
-9.600,-46.200,-1.800,-0.077,7.132,6.288
-10.200,-44.550,-2.100,-0.077,7.055,6.288
-10.800,-44.400,-3.450,-0.153,7.055,6.058
-10.800,-43.950,-3.600,-0.153,7.209,6.365
-10.500,-44.250,-4.650,0.077,7.209,6.288
-9.900,-42.600,-5.850,0.153,7.209,6.365
-11.100,-42.600,-6.600,0.077,7.285,6.288
-10.350,-42.300,-7.050,0.077,7.132,6.442
-11.250,-41.850,-7.800,0.230,7.285,6.288
-11.250,-41.850,-8.700,0.383,6.902,6.212
-10.350,-40.050,-10.500,0.000,7.439,6.672
-10.800,-40.050,-11.700,0.153,6.979,6.365
-10.050,-39.600,-12.600,0.153,7.209,6.288
-9.000,-37.650,-13.500,0.077,7.285,6.212
-8.550,-37.350,-13.950,0.230,7.055,5.982
-6.900,-38.850,-15.300,0.307,7.362,6.212
-6.150,-37.650,-16.050,-0.537,7.899,6.135
-5.100,-36.300,-17.250,-0.077,6.902,6.442
-3.300,-36.600,-18.150,-0.614,7.592,6.212
-3.000,-35.550,-18.750,-0.153,7.132,6.365
-1.950,-35.700,-19.500,-0.230,7.515,6.442
-0.750,-35.550,-19.500,-0.383,7.285,5.905
-0.450,-35.400,-20.850,0.077,7.285,6.212
1.200,-36.300,-21.450,0.153,7.515,6.135
2.100,-35.250,-22.200,-0.077,7.362,6.288
3.600,-34.650,-22.050,0.000,7.515,5.905
5.250,-34.350,-22.200,-0.077,7.515,5.905
6.300,-34.650,-23.850,0.000,7.515,6.442
7.650,-34.200,-22.800,0.000,7.669,5.905
9.750,-34.650,-22.950,0.153,7.285,5.982
10.650,-35.100,-23.100,-0.153,7.515,5.982
12.000,-33.600,-24.450,-0.077,7.362,6.058
13.500,-34.200,-22.800,0.153,7.439,6.288
14.550,-34.500,-22.500,0.000,7.362,6.212
15.750,-34.950,-22.500,0.230,7.285,6.135
17.850,-35.700,-22.050,0.537,7.515,6.135
17.850,-36.450,-21.300,0.383,7.209,6.135
18.900,-36.450,-21.600,0.460,7.285,6.288
19.650,-37.200,-19.950,0.690,7.362,6.135
21.450,-36.900,-19.800,0.153,7.285,6.212
20.250,-37.500,-18.900,0.153,7.209,6.288
22.500,-37.350,-19.200,0.077,7.055,6.135
22.650,-37.950,-18.000,0.307,7.209,6.365
23.700,-38.250,-17.700,0.077,6.825,6.288
23.700,-37.800,-17.550,0.383,6.518,6.058
24.750,-38.250,-15.900,-0.077,8.129,6.902
26.400,-39.300,-16.050,0.230,7.055,5.291
25.500,-38.700,-16.350,0.383,6.902,6.058
25.200,-40.050,-14.850,0.077,7.285,6.365
25.650,-40.200,-15.300,0.077,7.132,6.135
25.950,-40.500,-15.000,0.383,7.132,6.442
25.650,-40.050,-15.450,0.767,7.132,5.905
26.400,-40.800,-13.950,0.383,7.132,6.135
26.550,-40.800,-14.550,0.383,7.439,6.058
26.850,-40.800,-13.650,0.307,6.825,6.365
27.600,-40.800,-13.050,0.077,7.209,6.518
27.300,-40.950,-13.650,0.460,7.132,6.442
28.800,-41.250,-12.750,0.383,7.285,6.365
28.350,-41.700,-11.850,0.537,7.055,6.518
29.250,-41.700,-10.950,-0.077,7.515,6.288
29.550,-42.300,-10.500,-0.230,6.979,6.365
30.300,-42.900,-9.600,0.153,6.979,6.672
30.000,-43.050,-8.850,-0.077,6.979,6.442
30.600,-44.250,-7.650,0.000,7.209,6.365
30.300,-43.350,-6.750,-0.153,7.209,6.365
30.150,-44.850,-6.450,0.000,7.055,6.365
30.600,-44.700,-7.050,0.077,7.055,6.365
30.300,-45.000,-7.200,0.230,7.209,6.288
30.150,-44.850,-6.000,0.153,7.055,6.442
30.000,-44.700,-6.300,0.000,7.209,6.365
29.700,-43.950,-6.300,0.153,7.132,6.365
30.300,-44.400,-5.850,0.077,6.902,6.365
30.600,-45.150,-5.550,0.077,7.209,6.365
30.750,-44.550,-5.100,-0.077,6.902,6.365
30.900,-45.900,-5.850,0.153,7.132,6.365
31.050,-45.900,-6.150,0.000,7.132,6.442
30.750,-45.150,-5.700,0.230,7.055,6.058
30.150,-45.600,-5.700,-0.077,7.209,6.442
31.200,-46.350,-5.850,0.000,7.209,6.442
30.150,-45.000,-5.700,0.000,7.132,6.365
30.150,-45.150,-6.150,0.153,7.055,6.365
29.550,-44.100,-5.250,-0.077,7.285,6.288
30.150,-45.900,-6.150,0.000,6.902,6.365
29.550,-45.150,-5.250,0.153,7.209,6.442
30.150,-45.450,-5.100,0.230,7.055,6.442
30.750,-45.450,-5.250,-0.077,6.979,6.288
30.600,-45.450,-5.550,0.000,7.055,6.365
30.600,-45.600,-5.550,0.077,7.055,6.288
30.300,-46.350,-6.150,0.077,7.209,6.518
29.400,-44.700,-5.250,0.000,6.902,6.288
30.450,-45.300,-5.700,0.000,7.209,6.442
30.000,-46.050,-5.400,0.153,7.132,6.212
29.700,-45.300,-6.000,-0.077,7.055,6.442
29.550,-45.300,-5.250,0.000,7.285,6.518
29.550,-45.450,-4.200,0.077,7.055,6.365
29.850,-45.600,-4.500,0.153,7.055,6.518
30.450,-45.300,-5.100,0.230,7.132,6.442
30.000,-45.600,-4.500,0.230,7.209,6.212
30.150,-46.200,-4.200,0.230,7.209,6.212
29.850,-45.900,-3.300,0.153,7.055,6.365
30.450,-46.800,-3.450,0.077,7.132,6.595
29.550,-47.700,-3.600,0.230,7.209,6.442
28.800,-46.800,-2.250,0.153,7.132,6.212
28.800,-48.150,-1.800,0.077,7.285,6.442
28.200,-48.450,-0.600,0.153,7.055,6.212
28.200,-48.300,-0.300,0.000,7.285,6.365
27.450,-50.250,0.600,-0.153,7.055,6.518
28.050,-49.950,1.200,0.000,7.055,6.442
26.700,-49.200,1.800,0.077,6.979,6.442
26.700,-49.500,1.500,0.230,7.055,6.365
27.750,-50.850,2.400,0.307,7.055,6.365
26.250,-50.250,2.700,0.230,7.055,6.518
25.500,-51.000,3.750,0.307,7.132,6.518
25.350,-50.250,2.550,0.230,7.055,6.442
24.450,-51.750,3.450,0.230,7.055,6.442
23.100,-51.750,3.900,0.230,7.132,6.442
23.850,-52.050,4.650,0.383,6.979,6.518
23.550,-51.900,5.400,0.383,7.132,6.442
22.200,-51.900,5.550,0.307,6.979,6.365
21.300,-52.950,6.300,0.153,7.055,6.442
20.250,-53.700,6.750,0.307,5.828,4.908
21.150,-54.000,7.950,-0.537,8.206,7.362
18.600,-53.250,8.100,0.614,6.442,5.905
18.150,-53.550,8.700,0.000,7.439,6.365
16.500,-55.350,9.000,0.077,6.825,5.982
16.800,-55.050,9.750,0.077,7.132,6.365
15.000,-54.900,9.600,0.153,6.979,6.288
13.950,-54.150,9.300,0.153,7.132,6.442
13.200,-54.750,9.900,0.153,7.055,6.365
12.750,-54.900,9.600,0.230,7.132,6.365
11.850,-55.650,9.900,0.153,6.979,6.442
11.700,-55.500,9.150,0.537,7.055,6.518
11.100,-55.050,10.350,0.383,6.979,6.595
9.600,-54.600,9.450,0.230,7.132,6.442
10.350,-54.300,9.900,0.307,6.902,6.518
8.400,-54.600,9.600,0.537,6.902,6.518
8.100,-54.900,10.800,0.460,7.055,6.518
8.700,-55.800,11.400,0.614,6.979,6.288
8.550,-54.900,10.950,-0.460,8.819,7.439
7.950,-54.900,9.600,-0.767,5.368,6.825
6.750,-54.900,9.600,-0.153,6.212,6.749
5.400,-54.300,9.900,-0.614,8.359,7.055
5.400,-54.450,9.600,-0.230,6.212,6.288
3.450,-54.300,9.750,0.000,6.672,6.595
3.300,-53.850,9.450,-0.230,7.745,6.442
2.400,-53.550,9.150,-0.307,6.749,6.518
1.350,-53.250,9.150,-0.230,7.592,6.365
-0.450,-52.800,8.100,-0.153,6.518,6.135
-0.750,-52.500,8.100,-0.153,7.209,6.135
-1.950,-52.650,7.500,-0.153,6.979,6.365
-2.400,-52.650,6.750,-0.230,7.132,6.288
-3.750,-52.200,6.750,-0.153,7.055,6.518
-3.750,-51.300,5.850,-0.230,7.209,6.365
-4.500,-51.750,6.150,-0.230,7.055,6.212
-4.650,-51.900,5.700,-0.077,7.209,6.442
-5.250,-50.250,6.150,0.000,7.209,6.672
-5.700,-50.100,5.250,0.000,7.285,5.905
-6.150,-50.400,4.350,-0.077,7.132,6.288
-6.600,-49.050,4.050,-0.153,7.132,6.518
-7.500,-49.950,3.900,-0.153,7.055,6.749
-7.050,-49.050,3.600,-0.077,7.209,6.212
-7.650,-48.300,3.150,-0.153,7.209,6.365
-8.400,-49.050,3.000,-0.307,7.132,6.135
-7.500,-49.050,2.700,-0.230,7.209,6.365
-9.150,-48.600,2.850,-0.383,7.132,6.212
-8.550,-48.600,1.800,0.153,7.285,6.365
-8.850,-48.150,2.250,-0.153,7.209,6.595
-8.250,-49.050,2.850,-0.153,7.132,6.288
-7.950,-49.800,3.150,0.000,7.132,6.442
-8.250,-49.050,1.950,0.000,7.132,6.365
-7.800,-49.500,3.000,-0.077,7.132,6.442
-7.950,-48.750,2.400,-0.230,7.055,6.288
-7.500,-48.600,2.850,0.077,7.132,6.365
-7.950,-48.450,2.550,-0.077,7.132,6.288
-8.850,-49.350,3.300,0.077,7.055,6.365
-8.550,-48.450,2.850,-0.077,6.979,6.288
-8.700,-48.750,2.550,-0.077,7.132,6.288
-7.800,-48.450,2.850,-0.077,7.209,6.288
-9.000,-49.050,2.850,0.077,6.979,6.442
-8.400,-49.200,2.700,-0.077,7.055,6.518
-6.900,-48.600,2.850,-0.307,7.285,6.135
-8.250,-48.000,1.800,-0.153,7.132,5.828
-8.700,-49.200,2.700,-0.153,7.132,6.595
-8.400,-47.400,2.100,0.000,6.979,6.135
-8.250,-48.300,2.850,-0.153,7.132,6.058
-7.950,-48.300,2.550,0.000,7.285,6.672
-8.700,-48.150,2.400,0.383,7.362,6.212
-9.150,-47.700,1.650,0.230,7.055,6.135
-8.850,-47.850,1.500,0.230,7.285,6.365
-8.550,-47.700,1.050,0.383,7.132,6.212
-9.000,-46.950,0.600,0.153,7.362,6.288
-10.050,-47.700,0.600,0.077,7.285,6.442
-10.650,-45.750,-0.300,-0.077,7.285,6.212
-10.500,-45.000,-1.800,0.077,7.132,6.518
-10.800,-44.550,-1.950,0.000,7.132,6.212
-11.100,-44.400,-3.000,0.077,7.055,5.982
-10.650,-44.250,-3.000,0.230,7.132,6.595
-11.250,-44.100,-4.500,0.000,7.209,6.365
-11.100,-42.000,-4.800,0.077,7.132,6.442
-12.000,-43.350,-4.800,0.077,7.209,6.365
-11.400,-43.200,-6.000,0.307,7.209,6.365
-12.150,-42.000,-6.900,0.230,7.209,6.212
-11.100,-41.250,-7.500,0.153,7.132,6.212
-11.400,-41.250,-8.700,0.153,7.209,6.058
-11.700,-40.950,-9.000,0.077,7.055,6.365
-11.850,-40.650,-9.150,0.153,6.979,6.288
-11.250,-39.450,-9.750,0.230,7.209,6.365
-11.550,-39.600,-10.050,0.230,7.132,6.288
-10.950,-39.450,-11.250,0.383,7.209,6.212
-10.650,-37.500,-12.300,0.383,7.132,6.135
-10.050,-38.100,-12.900,0.383,7.209,6.442
-9.150,-37.350,-14.100,0.537,6.979,6.135
-9.450,-36.900,-15.150,0.614,6.979,6.442
-6.600,-37.200,-15.900,0.537,7.592,6.518
-4.800,-36.450,-17.250,-0.537,8.512,7.055
-4.350,-35.250,-19.350,-1.227,5.752,5.215
-4.650,-36.000,-19.050,0.307,6.902,6.518
-3.000,-35.850,-19.050,-0.844,8.819,6.595
-1.800,-35.400,-20.100,-0.383,6.442,6.365
-1.350,-35.850,-20.400,-0.614,7.592,6.288
0.000,-34.350,-20.550,-0.614,6.902,6.442
-1.050,-34.350,-19.800,-0.767,7.132,6.212
-0.150,-35.100,-20.700,-0.460,7.209,6.288
-0.750,-35.100,-20.700,-0.460,7.132,6.518
-1.350,-35.250,-19.800,-0.383,7.132,6.212
-1.350,-34.800,-19.500,-0.307,7.132,6.365
-2.400,-35.850,-19.500,-0.230,7.055,6.365
-2.550,-35.550,-19.200,-0.230,7.209,6.442
-1.950,-35.550,-19.500,-0.153,7.132,6.365
-3.750,-36.150,-18.600,-0.153,7.209,6.518
-3.750,-36.000,-18.000,-0.230,7.055,6.595
-3.000,-35.850,-18.300,-0.230,7.055,6.442
-4.800,-36.300,-17.400,-0.153,7.055,6.518
-4.800,-36.450,-17.400,-0.230,7.209,6.288
-5.100,-37.200,-17.250,-0.153,7.132,6.365
-5.400,-36.900,-16.500,0.153,7.209,6.442
-6.000,-37.650,-17.400,0.077,7.209,6.365
-5.850,-37.200,-16.800,0.077,7.209,6.288
-5.850,-37.650,-15.900,-0.153,7.132,6.442
-5.250,-37.650,-16.500,-0.077,7.055,6.135
-4.950,-37.350,-16.350,-0.077,7.285,6.442
-4.800,-37.050,-17.250,-0.230,7.055,6.442
-5.100,-36.750,-16.950,-0.307,6.979,6.288
-5.400,-37.050,-17.250,-0.230,7.132,6.825
-5.700,-37.200,-17.550,-0.077,7.132,6.595
-5.400,-37.050,-17.100,-0.383,7.055,6.442
-4.950,-37.050,-17.700,-0.230,7.132,6.442
-5.100,-37.500,-16.800,-0.307,7.132,6.365
-4.800,-37.500,-16.650,-0.153,7.055,6.595
-5.250,-36.150,-16.800,-0.153,7.132,6.365
-6.000,-36.600,-17.700,-0.230,7.055,6.365
-5.250,-36.900,-17.550,-0.153,7.055,6.442
-4.950,-36.450,-17.250,-0.153,7.132,6.365
-5.550,-37.200,-17.250,-0.230,7.055,6.518
-4.050,-37.350,-17.400,-0.230,7.132,6.365
-4.950,-36.900,-17.400,-0.153,7.132,6.212
-4.650,-37.050,-17.400,-0.153,7.132,6.365
-5.250,-36.600,-17.400,-0.077,7.132,6.518
-4.500,-36.450,-18.000,-0.153,7.055,6.365
-4.650,-36.600,-17.400,-0.153,7.055,6.365
-5.250,-36.300,-17.400,-0.230,6.979,6.518
-3.750,-36.900,-18.450,0.000,7.132,6.365
-3.750,-36.750,-18.600,0.153,7.055,6.442
-2.550,-35.550,-18.600,0.000,7.209,6.442
-1.950,-35.850,-19.050,-0.077,7.209,6.672
-1.950,-35.400,-20.550,0.000,7.209,6.058
-0.300,-34.350,-20.100,-0.230,7.209,6.212
0.150,-34.650,-20.700,-0.077,7.209,6.442
1.050,-34.500,-21.300,-0.153,7.209,6.058
1.800,-34.800,-22.050,-0.153,7.285,6.212
3.000,-34.050,-22.950,-0.153,7.132,6.058
3.900,-34.500,-23.250,-0.307,7.285,6.288
4.650,-33.750,-22.950,-0.077,7.132,6.135
5.850,-34.350,-22.500,-0.153,7.285,6.212
6.600,-34.050,-23.700,-0.153,7.285,6.135
7.050,-33.750,-23.700,-0.230,7.362,6.058
7.200,-33.300,-24.000,-0.153,7.362,6.212
8.100,-33.600,-23.250,-0.230,7.285,6.365
8.400,-33.450,-22.950,-0.230,7.209,6.365
9.450,-34.350,-23.100,-0.153,7.209,6.288
9.900,-34.200,-23.400,-0.077,7.209,6.212
9.150,-33.600,-22.950,0.230,7.209,6.365
9.600,-33.900,-23.100,0.153,7.132,6.212
9.600,-34.350,-24.000,0.077,7.209,6.288
8.400,-32.850,-24.000,0.077,7.285,6.288
8.700,-33.300,-22.950,0.000,7.132,6.212
10.050,-34.500,-23.400,0.077,7.285,6.288
9.600,-34.350,-24.150,0.000,7.132,6.749
8.850,-33.600,-23.100,0.077,7.439,6.058
8.250,-33.750,-22.950,0.077,7.055,6.135
9.150,-34.350,-23.100,0.000,7.132,6.212
9.150,-33.900,-24.150,0.000,7.439,6.365
9.300,-34.950,-23.700,0.000,7.132,6.442
8.100,-34.050,-22.800,0.307,7.362,6.595
9.150,-34.200,-23.400,0.077,7.285,6.288
9.000,-33.900,-23.400,0.000,7.439,6.365
9.300,-34.350,-24.150,0.000,7.285,6.288
9.150,-33.600,-24.000,0.077,7.132,5.138
8.250,-33.150,-23.550,-0.230,7.132,6.672
9.450,-32.850,-24.300,0.077,7.285,6.058
8.550,-31.650,-24.300,-0.077,7.362,6.672
9.450,-30.150,-24.450,0.000,6.902,6.672
9.300,-28.350,-25.500,0.153,6.288,7.132
8.250,-26.400,-25.050,0.000,5.138,7.132
9.300,-25.950,-25.650,0.077,5.522,7.285
9.300,-27.000,-25.800,0.077,6.288,7.515
9.000,-25.200,-26.100,0.000,5.828,7.362
8.550,-26.550,-25.650,-0.153,5.982,7.362
8.850,-26.550,-25.050,0.077,6.058,7.362
8.850,-27.000,-25.350,0.000,5.905,7.209
8.850,-27.150,-24.900,0.000,5.905,7.362
8.550,-27.600,-25.800,0.153,6.135,7.515
9.000,-27.150,-25.200,0.077,6.365,7.209
9.300,-27.600,-26.100,0.077,6.058,7.439
7.950,-27.150,-24.750,0.000,6.058,7.439
8.700,-27.000,-25.500,0.077,6.058,7.132
8.550,-25.650,-25.800,0.077,6.058,7.132
9.150,-27.000,-25.950,0.000,6.135,7.362
9.300,-27.000,-25.500,-0.153,6.058,6.749
9.000,-27.750,-25.350,0.077,5.905,7.055
9.600,-26.850,-25.950,0.153,6.212,7.439
9.150,-27.300,-26.250,0.000,6.058,7.209
9.300,-27.300,-25.350,0.077,5.982,7.515
8.250,-27.600,-24.900,0.230,6.212,7.362
9.150,-26.850,-25.650,0.153,6.135,7.132
8.850,-26.550,-25.200,0.153,6.058,7.592
10.350,-27.150,-26.250,0.230,5.982,7.285
9.300,-26.850,-26.100,0.307,6.058,7.362
10.200,-26.850,-25.650,0.383,6.135,7.209
10.950,-26.700,-26.100,0.307,6.058,7.362
11.550,-26.850,-25.350,0.307,6.135,7.362
12.900,-27.000,-25.200,0.307,6.212,7.285
13.050,-27.000,-25.200,0.230,6.058,7.285
12.900,-28.200,-25.800,0.153,6.365,7.285
14.400,-26.850,-24.150,0.383,6.212,7.055
15.450,-27.750,-24.300,0.307,6.135,7.515
16.650,-27.300,-24.600,0.077,6.135,7.209
17.100,-28.350,-24.300,0.307,6.135,7.285
18.600,-28.650,-24.300,0.307,5.982,7.209
18.150,-29.250,-24.000,0.383,6.135,7.439
19.950,-30.150,-24.300,0.307,5.982,7.362
21.600,-30.150,-22.500,0.230,6.288,7.439
22.650,-30.150,-21.900,0.230,5.905,7.362
23.400,-31.350,-22.350,0.230,6.135,7.515
23.550,-31.200,-21.750,0.307,5.215,6.825
23.550,-31.350,-21.000,0.230,5.982,6.825
26.100,-32.550,-20.100,-0.077,6.288,7.285
27.450,-33.450,-19.500,0.000,6.058,7.209
25.950,-34.650,-18.450,0.844,5.982,7.515
27.450,-34.050,-19.200,-0.077,6.518,7.515
26.850,-34.350,-16.950,0.230,5.828,7.285
27.600,-35.250,-16.650,0.153,6.365,7.362
28.800,-35.100,-17.400,0.383,6.135,7.285
29.400,-36.450,-15.150,0.230,6.288,7.362
30.600,-36.000,-15.300,-0.460,5.828,7.362
29.850,-36.750,-15.300,0.000,5.752,8.052
29.700,-37.500,-13.800,-0.383,6.058,7.209
30.150,-37.950,-12.450,-0.230,5.752,7.439
30.750,-38.850,-13.050,-0.307,5.828,7.515
30.900,-38.850,-12.000,-0.230,5.982,7.362
30.450,-38.400,-11.850,0.614,5.905,7.209
30.750,-38.850,-12.150,0.077,5.905,6.979
31.650,-38.850,-11.700,0.000,5.752,7.209
30.750,-40.200,-10.650,0.153,6.058,7.439
30.300,-40.200,-10.350,0.153,6.212,7.362
30.750,-40.950,-10.050,-0.153,6.135,7.515
30.750,-41.250,-8.850,0.000,5.982,7.285
30.300,-41.550,-8.400,0.077,5.982,7.285
31.200,-43.200,-7.500,0.000,6.135,7.362
29.550,-43.650,-7.050,0.077,5.982,7.439
29.850,-45.300,-6.300,0.077,6.058,7.439
28.200,-44.100,-5.700,0.153,6.058,7.439
28.200,-46.650,-4.650,0.077,6.058,7.209
27.300,-46.500,-4.500,0.153,6.058,7.515
26.700,-45.750,-4.050,0.077,6.058,7.362
26.100,-46.500,-3.300,0.230,5.982,7.515
26.250,-47.850,-2.100,0.307,6.212,7.055
24.450,-48.300,-1.950,0.153,6.058,7.592
24.450,-49.800,-0.600,0.077,6.135,7.439
23.250,-49.350,-0.450,0.153,5.828,7.362
23.100,-49.500,0.000,0.230,5.982,7.362
22.050,-49.350,-0.150,0.307,6.058,7.439
21.450,-49.800,1.350,0.230,6.058,7.362
20.550,-50.400,1.050,0.230,5.982,7.362
19.200,-50.400,2.100,0.383,6.135,7.439
18.000,-51.300,2.100,0.230,6.058,7.439
16.500,-52.950,1.800,0.614,5.752,6.518
16.800,-52.350,2.850,0.000,6.518,8.129
15.750,-51.750,2.850,0.383,5.905,7.055
15.450,-52.650,3.150,0.230,5.982,7.515
13.500,-51.900,3.300,0.153,6.058,6.749
12.750,-52.050,3.600,0.537,5.752,7.515
11.400,-53.400,4.350,0.537,5.905,7.055
10.500,-51.900,4.050,0.153,6.135,7.209
8.700,-52.800,3.600,0.307,5.982,7.439
7.650,-53.850,4.050,0.230,5.982,7.669
7.050,-53.250,4.350,0.460,5.905,7.439
5.850,-52.200,4.500,0.460,5.752,7.285
6.150,-51.900,4.950,0.690,6.365,7.515
6.150,-51.900,5.250,-0.077,6.442,6.825
5.100,-51.900,4.950,0.077,6.288,7.515
3.000,-52.800,4.050,-0.077,6.365,6.979
0.600,-51.750,3.150,-0.153,6.212,7.976
-0.300,-51.450,4.200,-0.153,6.442,7.209
-1.950,-50.100,3.450,-0.230,6.212,7.439
-3.150,-49.800,1.650,-0.383,6.365,7.285
-4.050,-49.350,1.650,0.153,5.828,7.132
-4.350,-48.750,0.900,-0.077,6.442,7.439
-6.450,-47.100,0.300,-0.153,6.058,7.285
-7.500,-47.550,0.750,0.077,6.365,7.439
-8.250,-46.500,-0.300,0.000,6.212,7.285
-9.000,-45.150,-1.800,0.153,6.288,7.362
-9.150,-45.150,-1.350,0.000,6.442,7.362
-9.600,-45.000,-3.150,0.077,6.135,7.362
-10.800,-44.100,-3.450,0.230,6.212,6.979
-10.200,-43.500,-3.450,0.153,6.058,7.362
-10.800,-41.850,-4.350,0.230,6.212,7.362
-11.250,-42.450,-4.500,0.230,5.982,7.362
-12.300,-41.700,-5.400,0.307,6.212,7.439
-11.700,-41.100,-5.250,0.230,6.135,7.285
-12.150,-41.100,-5.550,0.307,6.288,7.285
-12.600,-40.050,-6.450,0.767,5.982,7.439
-12.600,-40.200,-6.900,0.383,5.828,7.132
-12.900,-40.050,-7.500,0.614,6.212,7.209
-12.750,-38.400,-8.850,0.614,5.982,7.515
-12.750,-38.100,-8.850,0.460,6.058,7.515
-12.600,-37.950,-8.700,0.383,6.058,7.439
-12.600,-36.900,-9.900,0.460,6.058,7.515
-13.800,-36.000,-10.950,0.537,6.058,7.515
-13.350,-35.250,-11.250,0.460,5.752,7.515
-12.300,-34.800,-12.150,0.460,5.905,7.439
-13.050,-34.350,-12.450,0.537,5.828,7.439
-12.600,-33.300,-13.050,0.614,5.828,7.209
-12.450,-33.450,-13.050,0.383,5.752,7.592
-12.750,-31.950,-14.250,0.460,5.905,7.439
-13.050,-31.650,-14.250,0.614,5.752,7.439
-12.150,-31.950,-15.000,0.537,5.982,7.592
-11.100,-30.600,-16.200,0.767,5.828,7.515
-11.700,-29.850,-17.100,0.844,5.828,7.515
-11.250,-30.150,-17.550,0.767,5.905,7.745
-9.900,-28.800,-18.600,0.537,5.905,7.592
-9.150,-27.450,-18.450,0.767,5.828,7.515
-7.650,-27.600,-19.800,0.614,6.212,7.592
-5.850,-27.450,-20.850,0.614,5.982,7.132
-6.000,-26.250,-21.900,0.614,5.752,7.745
-3.000,-27.150,-22.500,0.767,4.985,6.442
-0.450,-27.750,-22.950,-0.844,5.982,7.515
1.050,-26.850,-23.400,-0.614,6.212,7.055
2.250,-25.800,-23.850,-0.153,5.752,7.669
2.400,-26.550,-24.600,0.077,6.365,7.899
3.900,-25.200,-25.200,0.000,5.828,7.439
5.100,-26.400,-25.500,0.307,5.752,7.592
4.800,-26.400,-25.500,-0.537,5.982,7.209
6.000,-26.550,-24.750,-0.077,5.828,7.285
7.350,-26.550,-25.050,-0.307,5.905,7.669
7.650,-26.550,-25.800,-0.230,6.518,8.052
9.450,-26.850,-25.200,0.000,6.518,7.439
9.600,-27.300,-25.950,-0.230,5.982,7.439
9.300,-27.450,-25.500,0.000,5.982,7.285
9.450,-26.700,-25.350,0.000,6.365,7.362
10.500,-27.000,-25.350,0.077,6.212,7.362
10.650,-25.650,-26.550,-0.077,6.058,7.362
10.950,-27.300,-26.550,0.307,6.288,7.439
10.500,-27.600,-25.200,0.077,6.135,7.439
11.100,-27.150,-25.650,0.077,6.135,7.515
10.950,-27.450,-25.950,0.230,6.135,7.592
11.100,-26.850,-25.950,0.230,6.212,7.132
11.100,-26.700,-25.350,0.000,6.288,7.976
11.100,-25.050,-25.500,0.000,6.058,7.362
10.650,-24.450,-25.500,0.077,5.828,8.206
10.350,-22.350,-26.550,0.153,5.752,7.515
11.700,-20.550,-26.550,0.230,5.215,8.052
10.050,-19.200,-26.400,0.153,4.908,8.206
10.800,-18.450,-25.350,0.153,4.218,8.512
10.350,-17.100,-25.650,0.153,3.758,8.589
10.950,-14.100,-26.700,0.153,3.604,8.666
11.700,-13.350,-25.950,0.153,3.144,8.666
11.250,-12.450,-26.100,0.153,3.144,8.819
11.400,-12.750,-25.950,0.077,3.604,8.972
10.950,-12.450,-25.650,0.153,3.681,9.049
10.350,-12.600,-25.500,0.077,3.451,8.896
11.400,-13.050,-25.800,0.307,3.528,8.512
10.500,-13.350,-25.500,0.230,3.528,8.512
10.200,-13.050,-25.650,0.077,3.451,8.972
11.250,-13.500,-25.500,0.153,3.681,8.896
9.300,-12.600,-25.350,0.230,3.758,8.742
11.400,-13.200,-25.950,0.230,3.451,8.742
10.950,-13.050,-25.800,0.153,3.834,8.972
10.350,-13.200,-25.500,0.077,3.451,8.896
11.100,-13.200,-25.350,0.077,3.681,8.972
10.800,-12.450,-25.650,0.767,3.604,8.666
11.100,-12.600,-25.050,0.460,3.681,8.742
10.800,-12.450,-26.250,0.153,3.681,8.972
10.650,-13.650,-25.950,0.383,3.528,8.589
10.800,-13.200,-25.950,0.307,3.451,8.819
11.700,-13.050,-25.800,0.307,3.681,9.126
12.450,-13.350,-25.800,0.537,3.604,8.896
12.450,-12.750,-24.900,0.537,3.681,8.972
12.450,-13.500,-24.750,0.460,3.681,8.896
13.650,-13.650,-25.650,0.383,3.681,8.896
14.550,-14.250,-25.950,0.383,3.681,8.896
15.600,-14.700,-25.050,0.230,3.681,8.742
17.550,-15.000,-24.900,0.383,3.528,8.896
17.250,-15.600,-25.500,0.383,3.604,8.972
19.050,-16.200,-24.600,0.460,3.604,8.972
19.950,-16.500,-24.000,0.230,3.681,8.896
21.300,-16.500,-24.300,0.460,3.528,8.896
21.900,-17.400,-24.300,0.383,3.528,9.203
22.650,-18.450,-23.250,0.307,3.451,9.126
23.400,-17.700,-23.250,0.307,3.451,8.972
24.450,-19.200,-23.100,0.614,3.374,8.896
24.750,-19.500,-23.250,0.690,3.374,8.666
25.950,-19.650,-22.500,0.537,3.758,8.972
28.350,-20.400,-21.450,-0.307,3.911,9.279
28.350,-21.000,-21.450,0.000,3.988,9.586
28.800,-21.000,-20.700,-0.307,2.837,8.819
29.100,-21.600,-19.650,-0.077,3.374,9.049
29.550,-21.600,-19.800,-0.153,3.451,8.972
29.550,-22.650,-20.700,0.000,2.991,9.049
29.550,-24.000,-19.950,-0.077,3.374,9.126
29.700,-23.550,-18.600,0.077,3.221,9.049
29.100,-23.700,-19.500,0.000,3.298,8.972
30.300,-23.400,-19.950,-0.077,2.761,9.203
29.850,-24.300,-18.450,0.230,3.298,9.203
30.600,-25.200,-18.750,0.000,3.298,8.819
31.200,-26.550,-17.850,0.153,3.451,9.049
30.300,-26.850,-18.150,0.000,3.221,8.666
31.050,-28.350,-17.400,-0.077,3.374,8.742
29.850,-29.100,-16.200,0.000,3.221,8.896
30.750,-30.750,-16.350,0.000,3.298,9.126
30.900,-30.900,-15.150,0.153,3.451,9.203
30.000,-32.550,-14.850,0.153,3.604,9.049
29.250,-33.750,-14.850,0.230,3.374,9.049
28.350,-34.350,-13.950,0.153,3.374,8.896
27.900,-35.700,-14.100,0.077,3.451,8.972
27.150,-37.200,-13.050,0.230,3.374,8.896
26.700,-39.300,-12.750,0.153,3.298,8.972
26.850,-38.700,-12.300,0.230,3.451,8.896
24.750,-40.200,-11.850,0.230,3.374,9.203
24.000,-39.600,-11.400,0.307,3.068,8.819
21.900,-40.800,-10.800,0.307,3.374,9.203
21.000,-42.150,-10.350,0.230,3.221,8.896
20.400,-43.050,-10.050,0.460,3.451,9.049
19.200,-43.500,-9.750,0.460,3.144,9.049
17.100,-44.550,-9.450,0.383,3.221,9.126
15.000,-44.400,-9.450,0.383,3.374,9.049
14.400,-45.150,-8.850,0.153,3.528,9.049
12.900,-45.150,-8.550,0.537,3.221,9.049
11.400,-44.100,-9.150,0.307,3.298,9.126
9.000,-44.850,-8.700,0.767,3.374,9.126
7.800,-45.600,-8.700,0.997,3.374,9.049
7.200,-45.600,-9.300,1.074,3.681,8.436
6.750,-44.250,-8.850,-2.224,4.141,11.196
4.050,-44.250,-9.000,-0.153,2.837,7.822
2.100,-43.500,-8.400,-0.230,3.911,9.969
-0.450,-44.100,-8.850,-0.460,3.374,8.589
-1.800,-42.600,-9.900,-0.690,3.374,9.203
-2.850,-41.250,-9.900,-0.383,3.298,8.819
-4.200,-40.500,-11.250,-0.153,3.528,9.203
-5.700,-40.050,-10.500,-0.230,3.528,8.972
-6.000,-37.950,-10.200,-0.230,3.374,9.279
-6.450,-38.850,-10.500,-0.230,3.374,8.972
-7.800,-38.400,-11.100,-0.383,3.451,9.126
-8.250,-37.950,-11.250,-0.230,3.298,9.049
-8.550,-37.350,-10.950,-0.153,3.374,8.972
-8.850,-37.200,-11.250,-0.077,3.374,9.126
-7.800,-37.800,-10.800,-0.077,3.374,9.049
-8.100,-37.500,-10.800,0.000,3.374,9.049
-7.200,-37.350,-10.500,-0.077,3.374,9.433
-7.350,-37.800,-10.800,0.000,3.451,9.049
-7.800,-37.800,-11.550,0.000,3.604,8.972
-7.800,-37.500,-11.250,-0.077,3.221,8.666
-7.650,-38.100,-11.250,-0.230,3.298,9.049
-6.900,-38.400,-10.350,-0.460,3.298,9.126
-6.150,-39.600,-11.100,-0.383,3.221,8.972
-5.850,-39.750,-10.800,-0.230,3.451,8.972
-4.950,-40.800,-9.750,-0.230,3.451,8.972
-2.850,-40.650,-9.450,-0.230,3.451,8.972
-1.650,-42.000,-9.150,-0.230,3.528,8.972
-0.300,-43.200,-9.600,-0.077,3.221,8.896
1.050,-43.650,-8.700,0.000,3.451,8.896
2.850,-44.700,-8.100,0.153,3.374,9.049
3.900,-44.850,-8.850,0.153,3.068,8.896
4.200,-44.550,-7.350,0.383,3.451,9.279
4.500,-44.700,-8.400,0.230,3.144,9.049
4.500,-44.850,-8.550,-0.307,3.221,9.279
4.950,-44.400,-8.400,-0.230,3.068,9.126
4.350,-43.950,-8.850,-0.153,3.221,9.203
4.650,-44.100,-8.850,-0.153,3.068,9.049
4.950,-45.000,-8.550,-0.230,3.221,9.126
5.100,-44.700,-8.400,-0.153,3.144,9.049
4.500,-45.450,-8.100,-0.153,3.144,9.049
3.900,-45.300,-8.850,-0.153,3.221,9.049
4.350,-44.250,-8.400,-0.307,3.298,9.203
4.200,-44.100,-7.950,-0.077,3.068,8.972
5.400,-44.400,-7.800,-0.153,3.221,8.972
5.100,-44.400,-8.250,-0.230,3.144,8.972
4.050,-45.150,-8.850,-0.077,3.144,9.126
4.950,-44.550,-7.800,-0.230,3.144,8.972
4.500,-45.600,-9.000,-0.230,3.221,9.126
5.100,-45.150,-8.550,-0.153,3.221,9.126
4.200,-44.850,-8.850,-0.230,3.298,8.972
4.650,-44.550,-8.850,-0.153,3.221,9.203
4.200,-45.000,-9.150,-0.153,3.068,9.203
4.800,-44.250,-9.000,-0.230,3.221,9.049
4.500,-44.700,-8.250,-0.153,3.221,9.126
4.650,-44.850,-8.850,-0.153,3.144,9.586
4.800,-45.300,-8.400,-0.153,3.144,9.126
4.950,-45.600,-8.400,-0.153,3.221,9.049
3.900,-44.850,-8.100,0.000,3.221,9.126
4.650,-44.250,-8.550,0.153,3.221,8.972
4.200,-43.800,-7.800,0.153,3.298,9.126
2.550,-44.100,-8.550,-0.077,3.221,9.049
1.650,-43.500,-8.850,0.077,3.374,8.972
0.900,-43.500,-8.400,0.000,3.451,9.049
-0.900,-44.100,-9.300,0.000,3.451,8.972
-2.250,-42.300,-8.850,-0.153,3.528,8.896
-3.600,-41.250,-9.300,-0.077,3.528,8.972
-4.650,-40.500,-10.650,-0.153,3.604,9.049
-6.750,-39.000,-9.600,-0.077,3.604,8.896
-7.350,-37.800,-10.650,0.000,3.528,8.819
-7.650,-36.600,-11.100,-0.153,3.681,8.972
-9.750,-36.000,-11.550,0.000,3.451,8.742
-10.500,-33.900,-12.300,0.000,3.528,8.972
-10.650,-32.550,-12.900,0.000,3.681,9.126
-11.700,-32.100,-13.650,0.000,3.604,9.049
-12.000,-29.550,-14.250,0.077,3.451,8.359
-11.550,-29.700,-14.400,0.230,3.604,8.972
-11.850,-28.350,-15.150,0.000,3.374,8.896
-11.700,-27.600,-15.450,0.000,3.528,8.896
-11.550,-27.150,-16.200,-0.077,3.528,8.972
-12.150,-26.250,-16.500,0.153,3.298,9.126
-11.700,-26.850,-16.350,0.000,3.451,9.279
-12.000,-25.650,-16.350,0.000,3.374,9.203
-11.700,-25.800,-16.800,0.077,3.298,9.049
-12.450,-26.400,-16.650,0.153,3.451,8.896
-12.450,-25.950,-16.650,0.230,3.374,9.126
-11.550,-27.150,-16.500,0.230,3.374,8.896
-11.700,-26.100,-16.500,0.230,3.374,8.819
-11.400,-25.800,-16.950,0.077,3.374,9.203
-12.000,-25.800,-16.500,0.230,3.528,8.896
-12.900,-25.350,-16.800,0.230,3.298,9.049
-11.700,-26.400,-16.650,0.230,3.374,8.896
-12.600,-25.200,-16.950,0.230,3.451,9.049
-10.950,-25.650,-16.950,0.230,3.298,8.972
-10.800,-26.100,-16.800,0.153,3.451,8.972
-11.700,-25.350,-17.700,0.383,3.528,8.972
-11.550,-25.050,-16.650,0.383,3.528,8.972
-12.000,-25.200,-17.100,0.460,3.451,9.049
-11.550,-24.300,-17.100,0.307,3.528,8.972
-12.150,-24.000,-17.400,0.383,3.528,9.049
-10.950,-22.200,-18.900,0.460,3.451,8.512
-10.800,-23.100,-18.150,0.460,3.681,9.049
-11.100,-21.600,-18.900,0.383,3.528,8.972
-9.150,-20.250,-19.650,0.460,3.834,8.819
-8.400,-19.650,-20.250,0.844,3.374,8.666
-7.050,-19.650,-22.050,0.153,4.141,9.816
-5.550,-17.850,-21.750,0.230,3.604,9.586
-4.500,-17.850,-22.650,0.230,2.991,9.126
-4.500,-17.100,-22.950,-1.074,3.681,9.433
-4.200,-16.650,-23.400,-0.153,3.604,9.049
-2.850,-16.800,-24.150,-0.307,3.451,8.972
-3.300,-16.200,-23.100,-0.307,3.451,9.126
-2.850,-16.200,-24.150,-0.153,3.528,8.972
-3.600,-17.100,-23.100,-0.077,3.451,9.049
-3.300,-16.200,-22.800,-0.230,3.451,8.972
-3.750,-16.050,-23.850,-0.230,3.374,8.896
-2.550,-16.200,-23.550,-0.230,3.451,9.049
-3.000,-16.050,-22.800,-0.077,3.221,8.896
-3.600,-16.350,-22.800,-0.230,3.374,8.972
-3.000,-15.300,-24.300,-0.230,3.374,8.742
-3.000,-16.800,-23.100,-0.153,3.528,8.896
-3.450,-15.900,-22.650,-0.383,3.451,8.896
-3.150,-16.350,-23.250,-0.153,3.451,9.126
-3.150,-16.350,-23.400,-0.077,3.451,9.049
-3.000,-16.200,-22.800,-0.230,3.451,9.203
-2.700,-16.200,-22.950,-0.153,3.604,9.049
-2.400,-16.200,-23.550,-0.077,3.451,8.972
-2.400,-16.050,-23.550,-0.153,3.451,9.126
-3.300,-16.500,-23.100,0.153,3.221,8.972
-2.700,-16.650,-24.300,0.000,3.528,9.279
-1.650,-16.200,-23.700,0.153,3.374,8.972
-1.500,-15.750,-23.700,0.077,3.528,9.126
-0.750,-15.300,-23.400,0.077,3.604,8.819
-0.600,-14.550,-23.550,-0.077,3.528,8.742
1.200,-14.400,-24.450,-0.153,3.528,9.049
2.250,-14.250,-24.150,0.153,3.681,8.972
2.550,-13.650,-24.600,-0.077,3.681,9.049
3.300,-12.750,-24.900,0.000,3.604,8.896
4.950,-13.800,-25.800,-0.077,3.681,8.972
4.800,-12.450,-25.500,0.000,3.604,8.972
5.400,-12.150,-25.500,0.000,3.604,8.972
6.600,-12.900,-25.650,-0.077,3.528,8.972
6.300,-12.600,-26.250,-0.077,3.528,8.972
7.200,-13.050,-26.250,-0.077,3.528,8.896
8.400,-11.550,-25.950,-0.153,3.604,8.972
8.700,-13.050,-26.100,-0.153,3.528,8.972
8.400,-12.450,-25.950,0.077,3.451,8.972
8.250,-12.750,-26.100,0.153,3.604,8.972
8.250,-13.500,-25.200,0.153,3.451,8.819
8.700,-12.450,-26.100,0.077,3.681,8.896
7.800,-12.150,-25.950,0.230,3.528,9.126
9.000,-11.850,-26.250,0.077,3.528,8.896
7.800,-12.600,-25.650,0.077,3.604,9.049
7.500,-13.350,-26.250,0.153,3.528,9.049
8.700,-12.900,-25.050,0.077,3.528,8.972
7.800,-12.150,-25.500,0.077,3.604,8.972
7.500,-13.200,-26.250,0.077,3.528,9.279
8.850,-13.050,-25.800,0.153,3.604,9.203
8.550,-13.500,-26.550,0.230,3.681,8.896
8.850,-11.850,-26.400,0.153,3.604,8.819
8.100,-12.450,-25.500,0.077,3.528,8.742
8.400,-12.750,-25.950,0.077,3.528,9.049
8.400,-12.300,-25.500,0.230,3.604,8.896
6.900,-12.750,-25.350,0.077,3.604,8.896
8.550,-12.450,-25.950,0.077,3.528,8.972
8.100,-12.150,-25.950,0.153,3.604,8.896
9.000,-12.000,-26.250,0.077,3.528,8.972
8.250,-12.600,-25.350,0.000,3.451,8.666
7.950,-12.900,-26.100,0.153,3.604,8.972
8.400,-12.900,-25.650,0.077,3.528,9.049
8.250,-12.300,-25.350,0.000,3.528,9.049
8.250,-12.750,-25.800,0.537,3.988,8.359
9.300,-12.150,-25.950,-0.230,3.681,9.433
8.700,-12.750,-25.800,0.000,3.374,8.742
8.550,-12.450,-25.800,0.230,3.451,9.049
8.400,-12.600,-25.500,0.077,3.528,9.049
7.800,-12.000,-25.650,0.153,3.681,8.819
8.250,-12.450,-25.350,0.230,3.528,8.896
8.700,-13.200,-25.050,0.077,3.374,9.049
7.350,-13.200,-25.650,0.000,3.374,9.126
7.800,-12.750,-25.800,-0.077,3.681,8.972
7.650,-12.900,-25.650,0.077,3.298,8.896
7.500,-12.900,-25.050,0.230,3.374,8.589
8.550,-12.300,-26.100,0.077,3.528,8.819
9.300,-12.900,-25.800,0.000,3.604,9.126
8.700,-12.600,-24.450,0.000,3.374,9.049
8.250,-12.300,-25.800,0.230,3.911,9.356
8.550,-11.850,-25.800,0.230,3.681,9.126
7.950,-10.350,-25.200,0.077,3.681,9.663
8.250,-9.000,-24.750,0.153,2.914,9.049
8.100,-6.450,-24.750,0.153,2.607,9.509
8.400,-3.150,-22.500,0.077,1.610,9.126
8.550,-1.050,-21.150,0.153,0.537,9.203
8.250,1.350,-20.250,0.230,0.077,9.586
7.950,4.350,-18.600,0.153,-2.454,8.589
8.550,3.750,-19.500,-0.153,0.307,9.816
7.650,2.250,-19.950,0.153,0.767,9.739
9.000,3.300,-19.050,0.077,-0.077,9.663
7.650,3.600,-19.050,0.153,-0.767,9.586
7.050,2.700,-19.800,0.153,0.383,9.739
7.650,3.150,-19.350,0.230,-0.460,9.356
7.350,3.600,-19.500,0.077,0.000,9.586
8.550,2.850,-19.200,0.077,0.000,9.279
7.800,3.450,-19.650,0.230,-0.153,9.663
7.650,3.000,-18.600,0.077,-0.077,9.509
7.500,2.400,-19.050,0.153,0.153,10.046
8.250,3.150,-19.350,-0.230,-0.230,9.433
7.350,3.000,-19.650,0.000,-0.077,9.816
7.950,3.150,-19.350,0.230,-0.077,9.586
7.800,2.700,-19.050,0.077,-0.153,9.739
7.950,2.850,-19.500,0.077,-0.077,9.586
7.500,3.000,-19.950,0.077,-0.077,9.586
8.100,2.850,-19.350,0.153,-0.077,9.739
7.950,3.300,-18.600,0.153,-0.153,9.969
8.100,2.700,-19.050,0.153,-0.153,9.586
8.400,3.300,-19.500,0.077,0.000,9.586
8.100,3.000,-18.900,0.000,-0.077,9.663
7.350,2.850,-18.900,0.153,-0.077,9.663
7.950,3.450,-19.050,0.230,-0.153,9.969
7.950,2.700,-19.050,0.000,0.000,9.663
7.650,3.150,-18.900,0.153,-0.077,9.663
8.250,3.600,-19.350,0.153,-0.077,9.663
7.950,3.150,-19.050,0.153,-0.153,9.663
9.300,2.550,-19.500,0.230,-0.077,9.586
8.850,3.900,-19.350,0.153,0.000,9.663
8.550,3.150,-19.650,0.307,0.000,9.586
10.050,3.000,-19.500,0.383,-0.077,9.663
10.950,3.450,-19.350,0.383,-0.077,9.509
12.000,2.400,-19.200,0.383,0.000,9.663
12.900,3.450,-19.500,0.383,-0.077,9.586
14.250,3.000,-19.500,0.460,-0.077,9.509
15.000,1.950,-19.350,0.230,-0.077,9.586
16.800,2.400,-19.050,0.153,-0.153,9.739
18.600,2.250,-19.500,0.307,0.000,9.663
19.050,1.800,-19.650,0.230,-0.230,9.586
18.150,0.900,-18.900,0.460,-0.153,9.663
19.200,1.050,-19.950,0.383,-0.153,9.739
20.250,0.450,-19.200,0.460,-0.307,9.739
20.550,-0.150,-19.200,0.537,-0.077,9.433
20.850,-0.600,-18.750,0.460,-0.230,9.663
21.300,-0.900,-19.200,0.537,-0.230,9.739
21.900,-1.350,-19.050,0.383,-0.230,9.739
22.050,-1.800,-19.350,0.383,-0.230,9.663
22.050,-2.100,-19.650,0.460,-0.230,9.433
24.000,-2.400,-20.100,0.383,-0.307,9.663
22.050,-0.900,-19.950,0.460,-0.383,9.586
23.700,-1.950,-19.200,0.537,-0.230,9.816
22.500,-2.550,-19.800,0.537,-0.307,9.663
22.950,-1.800,-19.050,0.614,-0.230,9.663
23.700,-1.650,-20.100,0.537,-0.383,9.586
23.400,-2.250,-19.800,0.614,-0.307,9.509
23.100,-1.800,-19.500,0.690,-0.230,9.739
23.700,-2.250,-19.950,0.767,-0.230,9.586
25.500,-2.400,-19.200,0.537,-0.230,9.663
24.900,-2.550,-19.200,0.614,-0.307,9.049
25.800,-3.450,-18.150,0.383,0.000,9.739
27.300,-3.000,-18.150,-0.460,-1.457,8.436
28.350,-4.650,-18.300,0.153,-0.153,9.816
28.950,-3.750,-18.000,0.000,-0.460,9.203
28.350,-5.700,-18.150,0.153,-0.460,9.509
28.500,-5.700,-18.450,0.077,-0.153,9.739
29.400,-7.200,-18.750,0.153,-0.230,9.739
30.300,-7.950,-18.150,-0.077,-0.460,9.663
29.550,-8.850,-18.000,0.307,-0.383,9.663
30.150,-9.450,-18.750,-0.077,-0.307,9.663
31.200,-9.750,-18.000,0.000,-0.383,9.586
30.450,-11.100,-18.150,0.000,-0.307,9.663
30.150,-11.550,-19.050,-0.077,-0.383,9.969
31.200,-13.050,-18.150,0.077,-0.307,9.663
30.450,-13.650,-18.600,-0.077,-0.307,9.816
30.450,-14.850,-18.150,-0.077,-0.153,9.893
30.300,-15.150,-18.450,0.077,-0.307,9.356
30.600,-15.000,-18.450,0.000,-0.307,9.663
30.300,-16.200,-18.600,-0.077,-0.383,9.586
30.750,-15.450,-19.650,0.000,-0.230,9.586
30.300,-15.750,-18.150,0.077,-0.307,9.586
30.150,-16.200,-18.600,0.230,-0.230,9.739
29.850,-15.450,-18.300,0.153,-0.460,9.586
30.450,-15.450,-17.700,0.153,-0.153,9.739
31.050,-16.800,-18.600,0.153,-0.230,9.509
30.450,-16.350,-18.150,0.307,-0.153,9.816
30.300,-16.200,-18.600,0.230,-0.230,9.663
30.450,-18.000,-18.750,0.230,-0.537,9.663
30.000,-18.750,-18.600,0.307,-0.230,9.739
30.000,-20.550,-19.050,0.153,-0.230,9.663
28.950,-21.600,-18.900,0.000,-0.230,9.739
28.500,-22.950,-18.900,0.000,-0.230,9.586
27.450,-22.500,-18.900,0.153,-0.307,9.739
27.600,-24.300,-18.750,0.230,-0.307,9.739
26.250,-25.500,-18.150,0.077,-0.230,9.739
26.550,-25.500,-19.200,0.153,-0.307,9.663
25.650,-26.400,-18.600,0.153,-0.307,9.969
25.650,-27.300,-19.200,0.077,-0.383,9.509
25.650,-26.400,-18.450,0.230,-0.307,9.509
25.650,-26.100,-19.050,0.153,-0.230,9.586
26.400,-26.700,-18.750,0.307,-0.307,9.969
25.500,-26.700,-18.300,0.307,-0.383,9.816
26.400,-26.700,-19.200,0.230,-0.307,9.739
25.800,-26.550,-18.750,0.153,-0.307,9.586
25.050,-25.050,-19.050,0.153,-0.383,9.509
26.100,-25.950,-19.350,0.230,-0.230,9.663
25.500,-26.100,-19.050,0.153,-0.383,9.663
25.500,-26.100,-18.900,0.153,-0.537,9.663
26.250,-25.800,-18.150,0.307,-0.230,9.663
25.650,-26.850,-19.200,0.153,-0.153,10.046
26.100,-26.700,-18.450,0.153,-0.460,9.586
25.200,-25.650,-19.350,0.307,-0.307,9.586
25.200,-26.550,-19.200,0.460,-0.230,9.739
24.750,-26.700,-18.900,0.844,-0.153,9.586
23.850,-27.300,-18.750,0.690,-0.153,9.586
23.700,-27.900,-19.050,0.307,-0.307,9.816
21.900,-27.750,-19.200,0.383,-0.383,9.663
22.050,-29.700,-19.500,0.383,-0.153,9.356
20.100,-30.300,-19.650,0.460,-0.307,9.433
19.200,-31.050,-19.200,0.230,-0.383,9.893
18.300,-31.500,-18.900,0.153,-0.307,9.586
17.400,-32.550,-19.500,0.230,-0.383,9.739
15.300,-32.400,-18.750,0.077,-0.460,9.356
14.700,-32.400,-18.600,0.077,-0.460,9.663
13.650,-32.850,-18.600,0.230,-0.460,9.663
13.950,-32.850,-18.750,0.230,-0.460,9.663
14.100,-33.000,-18.300,0.307,-0.460,9.663
13.650,-32.700,-18.750,0.460,-0.460,9.279
13.500,-32.400,-19.200,0.383,-0.307,9.739
14.700,-32.550,-18.300,0.307,-0.383,9.509
13.650,-32.850,-18.750,0.307,-0.383,9.739
13.500,-32.700,-18.600,0.307,-0.537,9.739
14.250,-32.400,-18.750,0.460,-0.307,9.663
13.950,-32.250,-19.200,0.230,-0.383,9.663
13.500,-32.550,-18.900,0.307,-0.460,9.586
13.050,-32.250,-19.200,0.307,-0.460,9.739
13.350,-32.700,-18.300,0.307,-0.383,9.663
13.800,-32.400,-19.350,0.614,-0.690,9.509
13.200,-33.150,-18.750,0.537,-0.537,9.586
12.150,-32.700,-18.900,0.537,-0.383,9.663
11.400,-33.000,-18.750,0.614,-0.383,9.663
11.100,-33.150,-19.350,0.614,-0.383,9.663
9.900,-33.450,-18.450,0.614,-0.383,9.586
8.400,-33.450,-18.300,1.074,-0.307,9.663
7.650,-33.000,-19.200,1.534,-0.383,9.586
7.050,-32.250,-18.750,-1.994,-0.920,12.040
4.950,-32.400,-18.450,0.460,-0.767,8.819
3.750,-32.850,-17.850,-0.537,-0.077,10.200
0.600,-31.650,-18.150,-0.460,-0.307,9.509
-0.450,-30.900,-18.150,-0.230,-0.153,10.200
-1.650,-30.900,-18.300,-0.460,-0.767,9.203
-2.250,-31.050,-17.400,-0.230,0.000,9.893
-1.650,-30.450,-18.900,-0.230,-0.537,9.203
-2.400,-31.200,-18.600,-0.230,-0.307,9.816
-2.250,-31.050,-18.150,0.077,-0.307,9.586
-2.250,-30.150,-17.850,-0.153,-0.383,9.663
-1.800,-30.000,-18.600,-0.077,-0.383,9.586
-1.650,-30.150,-18.000,-0.077,-0.383,9.509
-2.100,-30.600,-18.000,-0.153,-0.307,9.739
-2.100,-30.750,-17.850,-0.153,-0.307,9.509
-2.100,-30.300,-18.000,0.000,-0.230,9.356
-2.100,-30.150,-18.000,0.077,-0.230,9.663
-1.950,-29.550,-18.150,-0.153,-0.307,9.586
-2.100,-30.150,-18.150,-0.077,-0.230,9.739
-2.250,-29.850,-18.300,-0.153,-0.460,9.433
-0.900,-30.000,-18.450,-0.077,-0.230,9.893
-2.550,-29.850,-18.450,0.000,-0.307,9.739
-2.100,-30.300,-18.450,-0.077,-0.153,9.586
-1.950,-30.000,-18.750,-0.077,-0.307,9.586
-3.150,-29.850,-18.600,-0.153,-0.307,9.663
-2.400,-30.000,-17.550,0.077,-0.077,9.663
-2.700,-30.000,-17.850,0.153,-0.460,9.509
-3.600,-29.700,-18.000,0.153,-0.230,9.663
-3.150,-29.100,-18.000,0.307,-0.153,9.356
-4.800,-27.900,-18.000,0.000,-0.230,9.586
-5.550,-27.300,-17.850,0.000,-0.307,9.586
-6.600,-26.700,-18.150,-0.230,-0.077,9.816
-7.800,-25.500,-18.000,0.000,-0.153,9.739
-8.550,-25.050,-18.000,-0.230,-0.230,9.279
-8.850,-23.850,-17.550,-0.383,-0.230,9.586
-9.450,-23.700,-18.150,-0.153,-0.230,9.663
-9.600,-23.250,-17.100,-0.077,-0.230,9.586
-9.600,-23.700,-17.250,0.000,-0.230,9.739
-9.000,-23.550,-18.150,0.077,-0.230,9.663
-9.150,-24.000,-17.250,0.077,-0.153,9.739
-8.850,-24.000,-17.700,0.000,-0.230,9.509
-10.050,-24.150,-17.850,0.077,-0.537,9.739
-9.300,-23.100,-17.700,0.077,-0.230,9.586
-9.150,-23.550,-17.700,0.153,-0.153,9.663
-9.900,-24.600,-17.250,0.077,-0.153,9.663
-9.150,-23.850,-17.850,0.000,-0.153,9.739
-9.150,-23.700,-18.150,0.000,-0.230,9.509
-9.450,-23.700,-17.850,0.077,-0.230,9.739
-9.900,-23.250,-17.700,0.000,-0.230,9.663
-9.150,-24.000,-17.850,0.077,-0.230,9.663
-9.600,-24.150,-18.300,0.307,-0.307,9.663
-10.500,-23.100,-17.100,0.307,-0.230,9.739
-9.600,-23.400,-16.800,0.153,-0.153,9.586
-10.500,-22.650,-18.150,0.307,-0.230,9.739
-10.950,-21.750,-17.700,0.383,-0.077,9.739
-11.850,-21.000,-17.550,0.230,-0.230,9.663
-11.550,-19.350,-17.400,0.153,-0.153,9.586
-12.600,-18.450,-16.800,0.153,-0.153,9.739
-12.300,-16.800,-17.100,0.230,-0.153,9.739
-12.450,-16.500,-17.250,0.077,-0.230,9.663
-12.150,-15.450,-16.350,0.077,-0.153,9.586
-11.850,-14.400,-16.650,0.000,-0.153,9.586
-12.900,-14.100,-17.250,0.153,-0.230,9.663
-11.850,-14.700,-17.400,0.077,-0.230,9.663
-12.000,-13.950,-17.100,0.537,-0.230,9.509
-12.600,-14.400,-17.250,0.230,-0.307,9.816
-12.450,-13.500,-17.700,0.153,-0.230,9.663
-12.300,-14.250,-18.300,0.153,-0.230,9.509
-12.000,-14.250,-16.650,0.230,-0.230,9.893
-11.850,-14.400,-17.550,0.307,-0.383,9.509
-12.600,-13.650,-17.400,0.230,-0.153,9.586
-12.000,-13.950,-17.100,0.153,-0.153,9.586
-12.450,-13.650,-17.400,0.230,-0.153,9.509
-12.000,-14.100,-17.850,0.153,-0.153,9.739
-11.850,-14.700,-17.400,0.307,-0.230,9.663
-12.600,-13.950,-17.850,0.307,-0.153,9.586
-13.050,-14.250,-17.700,0.153,-0.230,9.509
-12.300,-14.250,-18.000,0.230,-0.307,9.739
-11.550,-14.700,-17.550,0.230,-0.153,9.586
-11.400,-14.100,-17.250,0.383,-0.153,9.509
-12.900,-13.500,-17.400,0.690,-0.307,9.509
-12.600,-13.350,-17.400,0.614,-0.230,9.893
-12.450,-12.300,-17.100,0.690,-0.230,9.509
-12.150,-11.400,-17.100,0.383,-0.153,9.663
-12.600,-9.750,-17.250,0.383,-0.230,9.356
-11.400,-8.400,-16.950,0.000,-0.307,9.126
-11.850,-7.800,-17.250,0.307,-0.077,9.663
-10.200,-6.300,-17.850,0.690,-0.153,9.356
-7.950,-4.800,-18.000,0.767,-0.230,9.509
-5.550,-4.950,-18.300,-2.684,-1.687,10.660
-6.450,-3.450,-18.300,0.230,-0.690,8.742
-4.500,-1.800,-18.150,-0.844,-0.153,9.663
-4.950,-2.400,-19.050,-0.077,-0.537,9.433
-4.200,-1.800,-18.600,-0.614,-0.153,9.739
-3.900,-1.800,-18.750,-0.230,-0.383,9.586
-4.350,-1.800,-19.200,-0.077,-0.230,9.663
-3.900,-0.750,-18.450,0.000,-0.230,9.509
-3.900,-1.200,-18.150,-0.230,-0.230,9.586
-4.650,-1.200,-18.600,-0.153,-0.153,9.739
-3.000,-1.200,-18.750,0.000,-0.153,9.586
-3.750,-1.950,-18.900,-0.153,-0.153,9.586
-4.950,-1.350,-18.450,-0.307,-0.230,9.893
-4.200,-1.350,-18.750,-0.153,-0.230,9.586
-4.200,-1.500,-18.600,-0.153,-0.230,9.509
-3.750,-1.500,-18.600,-0.077,-0.153,9.663
-4.500,-1.200,-19.950,-0.153,-0.153,9.663
-4.050,-1.950,-19.200,-0.153,-0.230,9.586
-4.650,-1.650,-18.150,-0.077,-0.230,9.663
-4.650,-0.750,-19.050,-0.153,-0.230,9.509
-4.350,-0.900,-18.600,-0.077,-0.153,9.816
-4.050,-1.650,-18.600,-0.077,-0.230,9.509
-3.900,-1.500,-18.750,-0.153,-0.230,9.586
-4.050,-0.900,-18.000,0.000,-0.230,9.816
-4.350,-1.200,-18.750,-0.230,-0.153,9.663
-3.900,-1.800,-18.900,-0.230,0.077,9.969
-5.250,-1.650,-18.300,-0.077,-0.307,9.433
-5.100,-1.650,-18.000,-0.230,-0.153,9.663
-4.800,-2.400,-18.000,-0.307,-0.230,9.586
-5.850,-2.250,-18.900,-0.383,-0.153,9.739
-6.600,-2.400,-18.750,-0.230,-0.077,9.586
-6.450,-4.050,-18.000,0.230,-0.077,9.739
-6.900,-5.100,-18.600,0.230,-0.077,9.586
-7.650,-4.650,-17.850,0.307,-0.230,9.433
-7.050,-6.150,-18.900,0.307,-0.230,9.816
-7.650,-6.150,-18.750,0.077,-0.153,9.586
-7.500,-4.950,-19.200,0.000,-0.153,9.586
-6.750,-5.100,-19.050,-0.614,-0.844,9.279
-7.500,-4.500,-17.850,-0.230,-0.077,9.739
-6.450,-4.500,-18.600,-0.153,-0.614,9.509
-6.750,-4.050,-18.300,-0.153,-0.153,9.509
-6.150,-4.350,-19.050,-0.153,-0.153,9.586
-6.600,-4.500,-18.600,0.000,-0.383,9.663
-7.950,-4.200,-18.750,-0.153,-0.230,9.663
-6.750,-4.800,-18.150,-0.077,-0.307,9.893
-7.350,-4.350,-18.750,-0.230,-0.230,9.663
-6.600,-4.650,-19.050,-0.230,-0.383,9.663
-6.600,-4.350,-18.150,-0.153,-0.307,9.586
-6.750,-4.050,-18.300,-0.230,-0.230,9.816
-7.650,-4.500,-18.300,-0.230,-0.153,9.663
-7.200,-4.800,-19.050,-0.153,-0.307,9.663
-7.050,-4.500,-18.300,-0.153,-0.230,9.663
-7.500,-4.500,-18.750,-0.077,-0.230,9.739
-7.350,-4.500,-18.450,-0.077,-0.383,9.739
-7.350,-5.400,-18.600,-0.230,-0.153,9.739
-6.150,-3.900,-19.650,-0.230,-0.307,9.586
-7.050,-5.550,-18.600,-0.153,-0.153,9.739
-8.250,-4.950,-19.050,-0.153,-0.230,9.739
-7.350,-5.100,-19.050,-0.153,-0.307,9.663
-6.750,-4.350,-18.750,-0.153,-0.230,9.663
-6.450,-4.350,-18.150,-0.153,-0.383,9.739
-7.350,-4.800,-18.750,0.000,-0.383,9.586
-7.200,-3.750,-18.300,-0.153,-0.230,9.663
-6.600,-3.900,-17.700,-0.230,-0.230,9.586
-7.500,-4.950,-18.600,-0.153,-0.383,9.816
-7.950,-4.200,-19.050,-0.153,-0.230,9.816
-6.450,-4.800,-18.750,0.000,-0.230,9.663
-5.700,-4.500,-18.450,-0.077,-0.307,9.663
-7.200,-4.350,-18.450,0.000,-0.230,9.586
-7.200,-3.000,-19.050,0.000,-0.307,9.739
-6.000,-3.600,-18.450,0.000,-0.153,9.663
-4.650,-2.400,-18.000,-0.153,-0.153,9.969
-4.500,-1.500,-18.150,-0.230,-0.153,9.816
-3.900,-0.150,-18.150,0.077,-0.230,9.586
-2.850,-0.450,-19.650,0.077,-0.077,9.586
-1.650,-0.300,-18.450,-0.077,-0.077,9.663
0.150,1.350,-18.900,-0.077,-0.153,9.663
1.050,1.500,-18.750,0.077,0.077,9.816
2.100,1.800,-18.450,0.000,0.000,9.509
2.250,1.950,-19.200,0.077,0.077,9.586
3.600,3.000,-19.350,0.000,-0.077,9.586
4.800,2.700,-19.200,-0.077,-0.077,9.586
5.550,2.700,-18.750,0.077,-0.153,9.739
6.750,3.150,-19.200,0.077,-0.077,9.663
6.450,4.050,-18.750,0.153,-0.077,9.356
7.650,3.150,-19.350,0.000,-0.230,9.663
7.200,3.600,-19.800,0.153,-0.077,9.663
8.700,3.600,-19.650,0.077,-0.153,9.663
7.500,3.450,-19.800,0.230,-0.153,9.586
6.900,2.700,-18.750,0.153,-0.077,9.663
7.800,3.600,-18.750,0.153,-0.077,9.663
8.400,4.350,-19.050,0.153,0.000,9.663
7.800,4.350,-19.050,0.230,-0.077,9.893
7.800,3.300,-18.750,0.230,-0.153,9.739
7.650,3.900,-19.200,0.230,-0.077,9.586
8.100,3.450,-19.500,0.230,-0.153,9.509
7.800,2.850,-18.900,0.153,-0.153,9.509
7.200,3.900,-19.200,0.153,-0.230,9.663
8.250,4.050,-19.650,0.153,-0.077,9.663
7.500,3.300,-19.050,0.230,-0.153,9.663
7.500,3.000,-19.050,0.153,-0.077,9.816
7.650,3.150,-19.350,0.000,0.000,9.509
7.950,3.000,-19.050,0.153,-0.230,9.663
7.050,2.850,-19.200,0.230,-0.077,9.739
7.950,2.550,-18.900,0.153,0.000,9.586
7.650,3.300,-19.050,0.230,0.000,9.586
7.800,3.300,-19.050,0.077,-0.077,9.739
8.100,2.850,-18.900,0.153,0.000,9.509
7.200,3.450,-19.650,0.077,-0.153,9.816
6.900,3.900,-19.350,0.153,-0.077,9.663
8.550,2.700,-19.050,0.230,-0.077,9.663
7.350,3.300,-19.650,0.230,-0.077,9.509
7.950,2.850,-19.350,0.077,-0.077,9.739
7.650,3.600,-19.050,0.230,-0.077,9.663
7.950,3.450,-19.800,0.077,0.000,9.586
7.800,2.700,-19.050,0.153,-0.077,9.663
6.900,3.300,-19.200,0.077,-0.077,9.739
7.050,2.700,-19.200,0.230,0.000,9.816
7.200,3.000,-19.200,0.153,-0.077,9.586
7.200,3.750,-18.750,0.077,0.000,9.739
7.950,3.300,-19.350,0.153,-0.077,9.509
7.800,3.150,-19.650,0.153,-0.153,9.586
8.550,3.300,-19.050,0.307,-0.153,9.586
7.800,2.700,-19.050,0.153,-0.153,9.816
7.800,3.150,-19.800,0.077,0.000,9.586
7.650,3.150,-19.950,0.230,0.000,9.663
7.950,3.150,-19.650,0.230,-0.077,9.586
8.250,2.550,-19.350,0.153,-0.153,9.586
7.650,3.600,-19.200,0.153,-0.077,9.586
9.300,2.550,-18.750,0.230,-0.077,9.663
8.250,3.450,-19.050,0.230,-0.153,9.509
7.800,3.150,-20.700,0.000,-0.307,9.509
7.950,3.150,-19.650,0.230,-0.077,9.739
8.100,3.750,-19.500,0.230,-0.153,9.663
7.500,3.000,-18.900,0.153,-0.153,9.663
7.500,3.750,-19.500,0.153,-0.153,9.509
7.350,3.450,-18.600,0.153,-0.153,9.816
7.950,3.450,-19.200,0.153,-0.077,9.663
7.350,2.400,-19.500,0.153,-0.077,9.739
8.550,3.150,-19.500,0.230,-0.077,9.586
7.500,3.300,-19.350,0.077,-0.077,9.663
7.800,3.150,-19.350,0.153,0.000,9.586
8.250,3.900,-19.050,0.077,-0.153,9.663
7.200,3.150,-19.200,0.153,-0.153,9.586
6.750,2.250,-19.350,0.230,-0.077,9.356
8.250,4.350,-19.200,0.153,-0.153,9.586
7.800,3.450,-19.650,0.000,-0.077,9.739
8.100,2.700,-18.900,0.153,-0.077,9.739
7.350,3.300,-19.800,0.307,-0.230,9.586
7.800,2.700,-18.750,0.077,-0.077,9.586
7.200,3.600,-18.900,0.230,-0.153,9.663
7.800,3.300,-19.200,0.153,-0.153,9.739
7.200,3.750,-20.250,-0.077,0.153,8.819
6.900,2.700,-19.200,0.077,-0.153,9.739
8.250,3.450,-19.350,0.077,-0.153,9.739
8.850,3.900,-19.500,0.230,0.077,9.663
7.200,3.000,-19.200,0.153,-0.383,9.433
6.900,3.000,-19.050,0.153,-0.153,9.433
7.200,1.050,-19.800,0.230,0.077,9.586
8.250,0.450,-21.300,0.153,0.537,9.586
7.800,-0.750,-21.750,0.153,0.844,10.046
7.050,-3.300,-23.400,0.153,1.304,9.509
8.100,-4.650,-22.800,0.230,1.841,9.279
7.500,-4.500,-23.550,0.230,1.994,8.742
7.200,-6.900,-24.150,0.230,1.841,9.126
7.950,-7.800,-23.850,0.153,2.377,9.586
7.350,-8.850,-25.500,0.000,2.684,9.049
7.350,-11.100,-25.350,0.000,2.991,8.896
7.500,-12.150,-25.650,0.077,3.681,9.126
7.500,-13.800,-26.250,0.153,3.834,8.666
6.600,-16.200,-25.800,0.230,4.448,8.282
8.100,-18.000,-26.700,0.077,4.908,8.282
7.200,-19.950,-26.550,0.153,4.908,8.436
7.200,-19.800,-26.100,0.077,5.061,8.206
7.650,-19.800,-26.400,0.000,4.908,8.206
7.500,-20.400,-26.550,-0.077,4.985,8.206
7.500,-20.550,-26.700,0.000,4.985,8.129
7.500,-21.150,-27.000,0.077,5.061,7.976
7.200,-21.450,-26.400,0.153,5.215,8.129
8.250,-21.000,-26.700,0.000,5.291,7.976
7.800,-21.450,-26.100,0.230,5.215,8.052
8.400,-20.250,-27.000,0.153,5.061,8.052
7.500,-21.000,-26.400,0.000,4.985,8.129
7.050,-21.000,-26.700,0.077,5.138,8.052
7.500,-21.150,-25.800,0.000,5.061,7.976
8.250,-21.000,-26.550,0.153,4.985,8.282
8.250,-20.400,-26.550,0.077,5.138,8.129
7.650,-20.400,-26.550,-0.077,5.061,7.976
7.050,-20.100,-26.250,0.077,4.831,8.129
7.350,-20.850,-26.700,0.077,4.985,8.129
7.500,-19.950,-26.850,0.230,4.908,8.052
7.800,-20.850,-26.550,0.230,4.831,8.282
8.400,-20.400,-26.250,0.230,4.908,8.206
8.850,-20.700,-26.700,0.307,5.061,8.206
8.700,-19.800,-26.550,0.153,4.985,8.052
9.600,-20.550,-26.250,0.077,4.985,8.052
10.200,-20.700,-26.250,0.000,5.138,8.206
9.450,-21.000,-26.700,0.153,4.985,8.206
9.600,-19.650,-26.250,0.077,4.908,8.129
10.350,-20.700,-26.850,0.230,4.985,8.282
11.850,-20.550,-27.300,0.230,4.985,8.052
11.550,-21.450,-26.700,0.230,5.138,8.052
11.700,-21.150,-26.100,0.307,5.061,8.206
12.000,-20.550,-26.550,0.307,4.985,7.899
11.250,-21.000,-26.400,0.230,4.985,8.052
13.050,-20.700,-25.800,0.307,4.985,8.206
13.650,-21.000,-26.250,0.230,5.061,8.052
14.100,-21.300,-26.400,0.230,5.138,8.206
14.850,-21.450,-26.250,0.230,4.908,8.206
15.000,-21.300,-26.250,0.230,4.985,8.052
15.000,-22.650,-26.550,0.307,4.908,8.052
14.850,-22.200,-25.800,0.307,4.908,8.282
14.850,-22.500,-26.100,0.307,4.908,8.206
15.900,-21.450,-25.500,0.230,4.985,8.206
15.750,-21.450,-26.400,0.230,5.061,8.206
16.800,-22.050,-26.250,0.230,5.061,7.976
16.950,-22.050,-25.800,0.230,4.908,8.206
17.850,-22.200,-26.400,0.153,4.985,8.206
17.550,-22.200,-25.350,0.153,5.061,8.282
17.100,-22.500,-25.050,0.153,4.678,7.899
17.850,-23.100,-25.500,0.230,4.908,8.052
18.600,-22.800,-25.950,0.153,4.985,8.206
17.400,-22.500,-25.800,0.460,4.831,8.129
18.000,-21.900,-24.300,0.307,4.908,8.206
16.650,-21.300,-25.950,0.383,4.985,8.282
17.400,-22.050,-25.650,0.307,4.601,8.129
18.450,-22.050,-25.650,0.230,4.908,8.359
16.800,-21.600,-26.550,0.307,4.908,8.359
17.550,-21.600,-25.350,0.077,4.831,8.206
18.750,-22.050,-25.350,0.230,4.908,8.282
18.000,-21.600,-25.500,0.230,4.985,8.436
17.700,-22.650,-25.800,0.230,4.831,8.129
17.250,-21.600,-25.350,0.307,4.831,8.282
17.550,-22.050,-25.200,0.383,4.831,8.206
17.850,-22.500,-25.650,0.460,4.985,8.359
18.450,-21.900,-25.800,0.307,4.908,8.282
18.750,-21.300,-24.900,0.537,4.831,8.436
18.150,-21.900,-25.050,0.614,4.908,8.129
18.450,-22.500,-25.200,0.614,4.908,8.282
20.100,-22.050,-25.650,0.460,4.908,8.359
20.250,-23.850,-25.200,0.383,4.831,8.206
21.150,-23.550,-24.150,0.537,5.061,8.282
22.350,-24.000,-24.300,0.537,4.755,8.129
22.050,-24.450,-23.550,0.383,4.985,8.359
22.050,-24.450,-22.800,0.460,4.831,8.359
23.550,-25.650,-22.950,0.307,4.831,8.359
24.150,-26.100,-21.750,0.000,4.755,8.282
24.750,-27.000,-22.050,-0.077,4.601,7.822
26.100,-26.100,-21.450,0.077,4.064,7.669
25.950,-26.400,-22.650,-0.844,4.831,8.359
25.800,-26.700,-20.850,0.460,5.061,8.206
24.900,-26.700,-21.450,0.460,5.138,8.129
25.200,-26.100,-22.650,0.307,5.061,8.129
24.750,-26.550,-21.750,0.153,4.755,8.359
25.950,-26.400,-21.900,0.153,4.831,8.129
25.950,-27.150,-22.350,0.153,5.061,8.129
25.050,-25.950,-21.150,0.230,4.985,8.282
25.650,-27.000,-21.900,0.153,4.985,8.206
24.600,-26.700,-22.950,0.000,4.908,8.359
26.100,-27.000,-22.050,0.077,4.908,8.206
25.500,-26.100,-22.650,0.077,4.985,8.742
25.800,-25.800,-22.350,0.230,4.755,7.976
25.500,-25.500,-21.450,0.153,5.061,8.359
24.900,-26.250,-21.900,0.077,4.985,8.589
24.750,-26.400,-21.900,0.153,5.291,8.512
24.750,-26.700,-21.900,0.307,4.908,8.282
24.750,-26.250,-21.750,0.153,4.755,8.206
25.650,-26.700,-22.200,0.307,4.985,8.282
25.950,-26.550,-21.900,0.537,4.985,8.129
26.250,-26.550,-21.000,0.537,4.985,8.206
26.400,-27.300,-21.000,0.383,4.985,8.052
26.850,-27.900,-20.550,0.307,4.908,8.206
27.450,-28.050,-20.100,0.614,5.061,8.359
27.600,-28.650,-20.100,0.383,4.985,8.359
27.750,-28.800,-18.900,0.153,4.831,7.899
30.000,-30.450,-18.150,0.153,5.061,8.282
29.250,-30.450,-18.150,0.153,4.908,8.052
30.000,-30.750,-17.250,-1.074,4.678,8.129
30.000,-30.750,-16.950,0.077,4.755,8.129
30.750,-31.050,-16.200,-0.230,4.831,8.052
30.450,-31.500,-16.500,0.000,4.908,8.282
30.750,-32.550,-16.800,-0.077,4.908,8.282
30.000,-32.550,-16.200,-0.077,4.831,8.436
30.150,-31.950,-16.650,0.000,4.755,8.282
30.300,-31.500,-17.250,0.000,4.831,8.206
31.500,-32.100,-16.800,0.000,4.831,8.436
29.700,-31.950,-17.100,0.000,4.831,8.436
30.300,-32.250,-16.050,0.000,4.908,8.282
30.600,-31.950,-16.350,0.077,4.755,8.206
29.550,-32.700,-16.350,0.000,4.831,8.282
29.550,-31.500,-16.650,0.000,4.908,8.052
30.150,-32.100,-16.950,0.000,4.831,8.282
30.150,-32.250,-16.950,0.077,4.985,8.359
30.300,-31.500,-16.200,0.000,4.908,8.206
30.300,-31.950,-16.800,-0.077,4.678,8.206
30.900,-32.250,-17.100,0.077,5.061,7.899
30.900,-32.100,-16.050,0.230,4.601,8.129
29.250,-32.550,-16.500,0.153,4.908,8.282
29.700,-31.500,-16.800,0.077,4.831,8.359
29.400,-32.250,-16.350,0.077,4.831,8.359
30.750,-31.800,-16.050,0.230,4.908,8.282
30.300,-32.850,-15.450,0.230,4.908,7.976
30.450,-34.500,-15.000,0.077,4.831,8.206
31.050,-35.250,-14.250,0.077,4.908,8.129
30.300,-35.400,-13.350,0.077,4.831,8.052
29.850,-36.000,-13.800,0.000,4.985,8.282
30.900,-36.600,-12.750,-0.307,4.908,8.282
29.400,-37.350,-12.750,-0.077,4.908,8.206
30.000,-38.550,-12.600,-0.153,4.831,8.206
30.000,-38.550,-11.100,-0.077,4.831,8.206
29.100,-38.550,-11.550,-0.077,4.908,8.282
30.750,-39.300,-11.250,-0.153,4.908,8.436
28.950,-38.700,-10.500,-0.077,4.831,8.282
30.150,-38.550,-11.400,-0.077,4.755,8.206
29.700,-38.250,-11.100,0.077,4.908,8.359
29.700,-38.850,-11.250,0.153,4.831,8.129
29.700,-38.400,-11.100,0.077,4.831,8.359
29.250,-38.550,-10.950,0.077,4.985,8.206
29.700,-38.250,-11.100,0.153,4.755,8.359
29.550,-38.850,-12.000,0.000,4.755,8.282
29.250,-38.700,-10.650,0.077,4.985,8.359
30.150,-39.150,-11.700,0.000,4.908,8.282
29.700,-39.000,-11.700,0.153,4.755,8.206
29.100,-38.400,-11.100,0.307,4.755,8.206
29.550,-38.700,-11.400,0.153,4.831,8.359
29.550,-39.150,-11.250,0.153,4.908,8.359
29.400,-39.000,-11.100,0.230,4.755,8.282
29.550,-38.550,-11.250,0.230,4.908,8.206
29.550,-40.050,-11.850,0.230,4.908,8.129
28.800,-39.900,-10.800,0.230,4.831,8.206
28.650,-40.950,-10.500,0.383,4.908,8.282
28.800,-40.350,-9.600,0.153,4.908,8.359
28.800,-40.650,-9.750,0.383,4.908,8.206
27.600,-42.000,-9.150,0.230,4.908,8.206
27.900,-42.600,-8.850,0.153,4.908,8.206
26.400,-43.350,-8.550,-0.077,4.908,8.359
26.850,-44.250,-7.800,0.000,4.831,8.052
26.100,-43.350,-7.500,-0.077,4.755,8.282
25.050,-44.250,-6.900,-0.153,4.755,8.282
25.500,-44.550,-6.600,0.000,4.908,8.512
25.800,-45.150,-7.350,0.153,4.755,8.282
25.950,-44.850,-6.900,0.230,4.831,8.359
25.350,-44.100,-6.900,0.230,4.831,8.206
25.200,-44.850,-7.500,0.307,4.908,8.206
25.650,-44.700,-6.600,0.230,4.831,8.359
26.100,-44.550,-6.600,0.153,4.831,8.282
25.650,-44.400,-7.350,0.230,4.755,8.282
25.350,-45.450,-7.500,0.230,4.831,8.436
25.950,-44.250,-7.050,0.153,4.908,8.282
25.200,-44.850,-6.150,0.307,4.678,8.359
25.350,-44.400,-7.500,0.153,4.755,8.206
24.750,-43.500,-7.350,0.307,4.755,8.282
24.900,-45.150,-7.200,0.230,4.831,8.129
25.650,-45.150,-7.050,0.077,4.831,8.359
25.650,-44.850,-6.000,0.153,4.755,8.206
24.900,-44.550,-6.300,0.307,4.755,8.359
25.200,-44.400,-6.450,0.307,4.831,8.282
25.200,-44.400,-6.900,0.230,4.755,8.206
26.400,-44.250,-7.650,0.230,4.831,8.282
25.350,-43.800,-7.050,0.230,4.831,8.129
25.200,-43.950,-7.350,0.077,4.755,8.052
25.350,-44.250,-7.050,0.230,4.831,8.129
24.750,-43.950,-6.000,0.153,4.755,8.206
25.350,-44.550,-7.500,0.230,4.831,8.282
25.050,-44.850,-6.300,0.230,4.831,8.206
25.800,-43.950,-6.900,0.537,4.678,8.282
24.900,-45.150,-7.200,0.537,4.908,8.282
24.600,-45.450,-6.600,0.614,4.831,8.206
24.300,-45.450,-6.750,0.614,4.908,8.206
22.650,-45.450,-6.450,0.383,4.985,8.282
22.500,-46.050,-5.700,0.230,4.831,8.282
21.600,-46.500,-5.850,0.153,4.831,8.282
21.000,-46.950,-5.100,0.153,4.755,8.282
19.500,-47.550,-4.800,0.077,4.678,8.282
19.200,-47.550,-4.650,0.077,4.755,8.359
19.350,-48.300,-4.350,0.000,4.678,8.359
19.050,-48.600,-3.900,0.153,4.678,8.359
18.000,-47.850,-3.900,0.230,4.755,8.359
18.000,-48.000,-4.650,0.230,4.678,8.359
18.450,-48.000,-4.200,0.153,4.831,8.282
18.900,-48.300,-3.600,0.230,4.755,8.282
18.000,-47.400,-3.450,0.230,4.755,8.359
17.850,-47.850,-4.050,0.307,4.601,8.512
18.300,-48.000,-3.750,0.307,4.831,8.282
17.550,-48.300,-4.650,0.230,4.908,8.359
17.100,-48.000,-4.200,0.307,4.755,8.282
18.300,-48.450,-4.200,0.230,4.678,8.436
18.150,-48.450,-4.350,0.307,4.678,8.359
18.750,-48.150,-4.350,0.307,4.831,8.282
18.300,-48.300,-3.900,0.383,4.678,8.512
17.100,-48.600,-4.200,0.383,4.678,8.512
16.800,-48.450,-4.200,0.307,4.831,8.512
17.100,-48.600,-3.450,0.383,4.755,8.282
16.500,-48.300,-3.600,0.614,4.755,8.436
16.800,-47.850,-3.600,0.614,4.755,8.359
16.200,-48.900,-3.900,0.690,4.678,8.436
13.650,-49.200,-3.900,0.537,4.678,8.359
13.350,-49.350,-3.300,0.537,4.678,8.282
12.750,-48.750,-3.150,0.307,4.678,8.436
10.800,-50.250,-3.300,0.077,4.755,7.976
10.050,-49.950,-2.100,-0.077,4.755,8.282
10.200,-49.200,-2.250,0.153,4.448,8.359
10.350,-49.950,-3.000,0.000,4.295,7.822
12.000,-49.200,-1.800,-0.537,5.061,9.586
11.400,-49.650,-1.800,0.767,4.908,8.359
10.950,-50.400,-1.800,-0.307,4.908,8.589
11.550,-49.650,-2.550,-0.077,4.601,8.436
10.500,-49.800,-2.100,0.077,4.755,8.436
12.150,-50.550,-1.650,0.153,4.831,8.282
12.000,-50.100,-2.700,0.153,4.831,7.976
10.950,-49.350,-1.500,0.000,4.678,8.282
11.550,-48.750,-1.950,0.153,4.755,8.206
11.400,-49.200,-1.350,0.000,4.755,8.436
12.150,-50.250,-1.200,0.077,4.831,8.282
11.850,-49.950,-1.650,-0.077,4.755,8.282
11.250,-50.400,-2.400,0.153,4.755,8.282
11.550,-50.250,-2.100,0.077,4.678,8.359
11.400,-49.650,-1.200,0.000,4.755,8.359
11.400,-49.350,-1.500,0.153,4.755,8.436
10.500,-49.650,-2.250,0.153,4.678,8.359
10.500,-50.100,-1.950,0.230,4.678,8.512
10.950,-50.250,-1.350,0.230,4.755,8.359
10.200,-49.350,-1.650,0.153,4.678,8.282
9.300,-49.650,-1.650,0.230,4.678,8.129
9.900,-49.350,-1.650,0.230,4.831,8.206
8.550,-49.200,-1.500,0.307,4.755,8.436
7.500,-49.350,-1.800,0.153,4.755,8.359
7.800,-49.350,-1.950,0.077,4.831,8.282
5.850,-50.400,-2.250,0.077,4.908,8.436
6.300,-49.200,-2.700,-0.767,3.988,6.979
4.350,-49.650,-2.700,-1.150,4.601,7.899
3.600,-48.450,-3.000,-0.077,5.291,9.049
3.150,-49.350,-2.700,-0.767,4.601,8.282
2.700,-48.150,-2.400,-0.307,4.295,8.359
2.700,-48.750,-3.150,-0.460,4.755,8.359
2.550,-49.650,-2.550,-0.230,4.678,8.512
2.850,-49.200,-3.600,-0.230,4.678,8.436
2.100,-48.000,-3.150,-0.230,4.678,8.359
1.950,-47.550,-2.700,-0.153,4.755,8.282
3.000,-48.450,-2.250,-0.230,4.755,8.436
1.950,-49.050,-3.150,-0.153,4.755,8.436
3.150,-48.900,-3.000,-0.153,4.755,8.359
2.700,-48.750,-2.850,-0.077,4.755,8.359
2.400,-47.550,-2.550,-0.153,4.678,8.359
3.300,-48.450,-2.700,-0.230,4.678,8.282
2.250,-48.000,-2.400,-0.230,4.755,8.282
3.000,-47.850,-3.000,-0.230,4.678,8.282
2.700,-48.000,-2.850,-0.153,4.678,8.282
2.400,-47.700,-3.000,-0.153,4.601,8.282
2.250,-47.550,-2.700,-0.153,4.755,8.359
2.700,-48.150,-3.450,-0.230,4.755,8.206
1.800,-47.850,-2.850,-0.153,4.755,8.282
3.150,-48.900,-3.000,-0.153,4.755,8.359
2.700,-48.750,-3.150,-0.153,4.908,8.282
3.600,-48.150,-2.700,-0.077,4.601,8.436
2.850,-48.150,-3.450,-0.230,4.755,8.512
2.700,-48.450,-3.150,-0.153,4.831,8.052
2.850,-48.150,-2.400,0.690,5.061,9.816
2.100,-47.700,-1.950,0.307,4.448,8.666
3.000,-47.400,-3.750,0.153,4.755,8.359
2.100,-48.150,-2.850,0.153,4.601,8.359
0.750,-47.400,-3.450,0.307,4.448,8.282
0.750,-47.850,-3.000,0.077,4.831,8.359
-0.450,-47.400,-3.150,-0.153,4.601,8.129
-1.800,-46.350,-3.750,-0.307,4.755,8.359
-2.550,-46.050,-3.750,-0.153,4.525,8.282
-3.300,-45.600,-4.800,-0.537,4.755,8.282
-3.300,-46.050,-5.100,-0.460,4.831,8.282
-4.200,-45.150,-4.350,-0.077,4.831,7.899
-4.050,-45.600,-4.350,-0.230,4.831,8.359
-4.050,-45.300,-4.800,-0.077,4.908,8.436
-3.450,-44.700,-4.200,-0.230,4.831,8.359
-4.350,-45.600,-5.250,-0.153,4.755,8.206
-4.050,-45.600,-4.500,-0.230,4.755,8.282
-4.500,-44.850,-4.650,-0.230,4.755,8.359
-4.200,-45.450,-4.350,-0.153,4.755,8.282
-4.350,-45.300,-4.800,-0.153,4.831,8.359
-4.650,-46.200,-4.050,-0.153,4.755,8.206
-3.750,-44.550,-5.550,-0.153,4.908,8.282
-4.350,-45.150,-5.250,-0.230,4.755,8.359
-3.900,-45.450,-4.650,-0.153,4.755,8.206
-4.650,-45.300,-4.950,-0.077,4.831,8.206
-4.800,-45.750,-4.650,-0.153,4.755,8.359
-3.300,-45.000,-4.650,-0.230,4.755,8.359
-4.050,-45.450,-5.100,-0.077,4.908,8.359
-4.200,-45.150,-4.800,-0.077,4.908,8.436
-4.200,-45.750,-4.800,0.000,4.831,8.359
-5.400,-44.850,-4.350,-0.077,4.831,8.282
-4.350,-44.400,-5.550,0.000,4.831,8.436
-4.950,-45.450,-4.650,0.077,4.831,8.206
-5.400,-44.700,-5.550,0.000,4.831,8.282
-5.550,-43.650,-5.100,0.077,4.831,8.282
-6.450,-43.800,-6.150,0.000,4.831,8.206
-6.600,-43.350,-6.300,-0.077,4.831,8.359
-6.450,-42.150,-5.250,0.000,4.755,8.052
-7.650,-43.200,-7.050,-0.077,4.985,8.282
-7.350,-41.250,-6.900,-0.077,4.908,8.206
-8.100,-41.550,-7.500,0.077,4.985,8.282
-9.600,-41.400,-7.650,0.000,4.908,8.282
-8.250,-40.950,-7.800,-0.153,4.755,8.206
-9.600,-40.500,-7.350,-0.077,4.831,8.282
-9.000,-39.900,-7.950,-0.077,4.831,8.129
-10.200,-39.450,-7.650,-0.077,4.908,8.359
-10.050,-39.450,-8.550,-0.077,4.831,8.206
-9.900,-39.000,-7.800,0.000,4.831,8.206
-9.900,-39.300,-9.150,0.000,4.755,8.206
-9.750,-39.300,-8.400,0.000,4.831,8.282
-10.200,-39.750,-9.000,0.077,4.831,8.206
-9.450,-39.450,-9.300,0.000,4.831,8.206
-9.750,-39.900,-9.150,0.000,4.755,8.359
-9.900,-38.850,-8.700,0.077,4.831,8.282
-9.900,-39.450,-7.950,0.000,4.908,8.052
-10.350,-38.700,-9.000,0.000,4.908,8.282
-10.200,-39.600,-8.400,0.000,4.908,8.359
-10.200,-39.300,-8.550,-0.077,4.908,8.512
-9.300,-39.900,-8.850,0.077,4.908,8.359
-10.200,-40.200,-8.400,0.000,4.831,8.129
-10.350,-39.150,-8.550,0.153,4.831,8.282
-10.050,-39.000,-8.400,0.153,4.831,8.359
-9.900,-39.000,-8.400,0.230,4.755,8.589
-10.200,-39.000,-8.850,0.230,4.908,8.206
-10.350,-38.700,-9.300,0.153,4.755,8.512
-10.350,-39.000,-8.100,0.077,4.755,8.282
-10.950,-38.100,-9.000,0.230,4.831,8.359
-10.500,-38.250,-9.600,0.153,4.831,8.129
-11.250,-37.800,-10.650,0.230,4.831,7.976
-11.850,-36.450,-10.500,0.153,4.908,8.129
-11.100,-36.900,-10.500,0.153,4.908,8.282
-11.100,-36.150,-11.400,0.153,4.831,8.282
-11.700,-35.550,-11.700,0.153,4.908,8.206
-11.400,-34.800,-11.850,0.153,4.755,8.282
-11.250,-34.200,-13.050,0.153,4.831,8.206
-11.700,-33.900,-12.750,0.153,4.908,8.282
-12.450,-32.550,-11.850,0.153,4.908,8.282
-11.700,-33.450,-13.350,0.077,4.908,8.282
-11.250,-33.150,-13.050,0.153,4.831,8.282
-11.700,-33.150,-13.950,0.153,4.755,8.359
-11.250,-32.100,-13.350,0.153,4.985,8.052
-12.000,-31.350,-13.500,0.153,4.678,8.206
-11.850,-32.850,-13.800,0.077,4.755,8.206
-12.150,-32.700,-14.250,0.153,4.831,8.206
-11.100,-32.700,-13.650,0.077,4.831,8.129
-12.000,-33.150,-13.350,0.230,4.831,8.282
-11.850,-33.600,-13.800,0.153,4.908,8.512
-10.800,-32.400,-13.650,0.153,4.831,8.206
-10.950,-33.450,-13.950,0.077,4.908,8.206
-10.650,-33.150,-13.050,0.153,4.755,8.129
-11.400,-32.250,-13.500,0.077,4.601,8.282
-12.000,-33.750,-13.650,0.153,4.908,8.282
-11.850,-32.250,-13.350,0.153,4.831,8.206
-11.100,-32.550,-13.500,0.077,4.831,8.282
-11.700,-32.700,-13.650,0.153,4.831,8.129
-12.000,-31.950,-13.650,0.230,4.908,8.129
-11.850,-31.800,-13.650,0.383,4.831,8.282
-11.700,-31.650,-13.800,0.307,4.985,8.206
-12.150,-31.050,-14.400,0.307,4.755,8.436
-12.300,-31.200,-14.550,0.383,4.831,8.436
-12.450,-31.950,-14.250,0.383,4.831,8.589
-11.550,-31.500,-15.000,0.383,4.831,8.282
-11.700,-30.000,-15.900,0.383,4.755,8.282
-11.700,-28.350,-16.050,0.460,4.755,8.282
-11.250,-28.050,-16.350,0.383,4.908,8.359
-10.950,-28.350,-17.550,0.383,4.831,8.436
-10.350,-28.650,-17.400,0.230,4.755,8.129
-9.750,-26.700,-18.450,0.230,4.755,8.282
-9.750,-25.800,-18.450,0.307,4.831,8.359
-9.150,-26.100,-18.450,0.230,4.755,8.206
-9.300,-25.200,-19.650,0.383,4.678,8.206
-7.800,-24.750,-19.950,0.460,4.831,7.976
-6.750,-25.500,-19.950,0.307,4.985,7.976
-4.650,-25.050,-20.850,-0.997,4.755,8.436
-4.950,-24.900,-22.650,-0.537,4.525,7.899
-4.950,-24.000,-22.200,-0.153,4.755,8.359
-4.200,-24.750,-22.200,-0.614,4.985,8.359
-5.100,-24.300,-22.350,-0.307,4.755,8.052
-3.900,-24.150,-22.200,-0.153,4.908,8.206
-4.050,-24.300,-22.500,-0.230,4.755,8.359
-4.350,-24.300,-22.050,-0.153,4.755,8.129
-4.050,-24.750,-22.050,-0.153,4.908,8.282
-4.050,-24.600,-22.500,-0.153,4.755,8.359
-3.450,-24.300,-21.600,-0.307,4.831,8.359
-4.500,-24.300,-21.900,-0.153,4.831,8.359
-4.950,-24.150,-22.200,-0.230,4.908,8.052
-3.750,-23.850,-22.050,-0.153,4.831,8.282
-4.200,-25.350,-21.600,-0.153,4.908,8.282
-4.950,-23.700,-22.050,-0.230,4.831,8.282
-3.750,-23.850,-22.650,-0.077,4.908,8.206
-4.350,-24.150,-21.600,-0.077,4.908,8.282
-4.050,-23.850,-22.050,-0.153,4.908,8.359
-3.600,-24.750,-22.200,-0.307,4.831,8.052
-4.800,-24.750,-21.900,-0.153,4.908,8.359
-5.250,-24.300,-22.200,-0.153,4.831,8.282
-4.500,-23.850,-21.300,-0.153,4.831,8.359
-4.650,-24.300,-21.900,-0.307,4.831,8.206
-4.500,-24.000,-22.050,-0.077,4.985,8.282
-4.050,-23.400,-22.350,-0.230,4.985,8.819
-4.050,-24.450,-22.800,-0.077,4.985,8.359
-4.500,-24.300,-22.050,-0.153,4.831,7.976
-4.350,-23.700,-22.500,0.000,4.908,8.206
-3.900,-24.000,-22.350,-0.077,4.985,8.436
-3.750,-24.750,-22.650,0.077,4.908,8.052
-3.450,-22.800,-22.950,-0.077,4.985,8.282
-3.000,-24.150,-24.000,0.077,4.985,8.359
-2.850,-23.550,-23.100,0.000,4.985,7.976
-1.650,-22.950,-23.400,-0.153,4.908,8.129
-1.950,-22.050,-24.750,-0.153,4.985,7.976
-1.200,-22.500,-24.900,-0.307,4.908,7.976
0.300,-20.250,-24.600,-0.230,4.908,8.282
-0.150,-21.300,-24.750,-0.307,4.908,8.129
0.300,-21.600,-24.750,-0.307,4.985,8.282
1.200,-21.600,-24.600,-0.230,4.908,7.822
0.900,-21.150,-23.700,0.077,5.061,8.129
0.900,-21.150,-25.200,-0.153,4.985,8.359
1.350,-21.600,-25.200,-0.230,5.061,8.359
1.950,-21.150,-24.300,-0.077,4.908,8.206
1.200,-21.750,-24.900,0.000,4.985,8.052
1.650,-21.300,-25.500,0.000,4.755,8.512
1.350,-22.050,-24.750,-0.077,4.908,8.206
1.650,-21.000,-24.900,-0.077,4.985,8.206
1.350,-21.900,-24.750,0.000,5.061,8.206
0.450,-22.200,-24.750,-0.077,5.061,8.206
1.200,-22.200,-24.600,-0.153,4.985,8.206
1.050,-20.400,-25.050,-0.077,4.985,8.436
1.500,-21.300,-24.750,0.000,4.985,8.129
1.050,-21.000,-24.450,0.077,4.985,8.206
1.500,-21.450,-24.750,-0.153,4.985,8.359
1.500,-22.200,-24.750,-0.077,4.908,8.206
0.900,-21.600,-25.650,-0.153,4.985,7.515
0.900,-21.450,-25.500,-0.077,4.908,8.206
1.050,-21.750,-24.900,-0.077,4.908,8.129
1.800,-21.750,-25.200,-0.077,4.985,8.206
1.200,-21.600,-24.750,0.077,4.985,8.129
1.500,-21.150,-25.350,0.077,4.985,8.282
1.350,-21.750,-25.050,0.077,4.908,8.206
2.550,-20.700,-25.350,0.077,4.985,8.129
2.850,-21.450,-26.400,0.000,4.985,8.129
3.750,-19.800,-25.350,0.077,5.138,8.129
3.750,-20.850,-25.350,0.000,5.061,7.899
4.650,-20.550,-25.800,0.230,4.985,8.129
5.250,-20.700,-26.550,-0.077,4.985,8.206
5.550,-20.100,-26.550,0.077,4.985,8.129
6.300,-20.550,-25.500,-0.077,4.985,8.129
6.150,-19.950,-26.550,-0.230,4.985,8.052
6.300,-19.950,-26.400,-0.077,4.908,8.129
6.300,-20.550,-26.400,0.153,5.061,7.669
6.600,-20.700,-26.400,0.153,5.061,8.206
6.750,-20.400,-25.650,0.153,4.908,8.282
6.300,-20.550,-25.800,0.000,4.985,8.206
6.600,-21.000,-25.500,0.000,5.061,8.282
6.600,-20.400,-25.950,-0.077,5.215,8.359
6.000,-21.000,-25.950,-0.153,4.985,8.052
6.000,-19.800,-25.650,0.000,4.908,8.052
6.000,-20.400,-25.650,0.230,5.138,8.359
6.300,-20.700,-26.250,0.153,4.908,8.206
6.300,-20.100,-26.550,0.153,4.908,8.129
4.950,-20.700,-26.100,0.077,5.061,8.052
6.450,-21.150,-26.700,0.077,4.908,8.129
6.450,-21.300,-26.100,-0.077,5.061,8.129
6.750,-19.800,-25.650,0.153,5.138,8.129
6.150,-19.200,-25.650,0.000,4.985,8.129
5.850,-20.850,-25.950,0.153,4.985,8.282
5.550,-19.950,-25.650,0.383,4.985,7.515
5.400,-19.800,-26.550,0.153,4.908,7.976
6.750,-19.800,-25.950,0.077,5.215,8.206
6.900,-19.200,-26.550,-0.077,5.061,8.436
6.900,-16.650,-25.350,0.230,4.755,8.819
6.000,-13.800,-25.500,0.077,4.064,8.819
7.050,-10.950,-24.750,0.077,2.991,8.819
6.000,-9.000,-24.600,0.077,2.607,9.049
6.750,-7.950,-24.150,0.077,2.147,9.356
6.150,-5.250,-22.650,0.230,1.917,9.203
6.900,-3.600,-23.550,0.077,1.534,9.203
6.600,-3.750,-23.100,0.230,0.997,9.433
6.300,-3.000,-22.350,0.230,1.074,9.356
6.900,-3.600,-22.800,0.077,1.610,9.509
6.450,-3.000,-23.100,0.077,1.304,9.356
6.150,-3.000,-22.650,0.000,1.457,9.586
6.000,-2.850,-22.650,0.153,1.534,9.509
6.900,-3.450,-22.500,0.077,1.610,9.663
6.300,-3.150,-22.350,0.230,1.380,9.509
6.750,-3.600,-23.100,0.307,1.380,9.509
6.150,-3.150,-22.800,0.077,1.457,9.509
6.600,-2.850,-22.500,0.077,1.687,9.816
6.900,-3.000,-22.800,0.153,1.457,9.739
7.050,-3.450,-23.100,0.077,1.457,9.509
6.900,-2.850,-22.350,0.077,1.380,9.586
6.450,-3.450,-22.050,0.000,1.610,9.586
6.900,-4.050,-22.350,0.153,1.380,9.433
6.750,-3.900,-22.650,0.000,1.534,9.663
6.900,-3.600,-22.650,0.153,1.380,9.586
6.300,-3.000,-22.500,0.077,1.380,9.509
6.450,-3.750,-22.950,0.153,1.457,9.893
6.450,-2.550,-23.100,0.077,1.380,9.509
5.700,-3.600,-23.250,0.153,1.380,9.509
6.750,-3.450,-22.200,0.230,1.457,9.739
7.500,-3.450,-22.500,0.383,1.380,9.433
8.850,-2.400,-21.900,0.307,1.534,9.509
8.100,-3.600,-23.400,0.153,1.457,9.509
9.000,-3.600,-23.250,0.230,1.534,9.433
9.900,-2.400,-23.250,0.307,1.457,9.509
10.950,-3.450,-22.200,0.230,1.457,9.509
11.550,-3.300,-23.250,0.230,1.380,10.046
12.000,-2.850,-22.800,0.230,1.304,9.279
12.750,-3.000,-23.100,0.383,1.380,9.433
13.200,-3.600,-22.800,0.153,1.380,9.739
13.800,-3.750,-23.100,0.000,1.380,9.356
14.700,-3.000,-22.200,0.077,1.150,9.433
14.550,-3.150,-23.250,0.230,1.380,9.739
14.700,-4.050,-21.900,0.537,1.304,9.433
14.550,-3.600,-22.500,0.307,1.380,9.586
14.550,-3.750,-22.200,0.307,1.227,9.586
15.150,-3.300,-21.750,0.307,1.457,9.509
15.300,-3.900,-22.200,0.307,1.304,9.433
15.150,-3.900,-22.650,0.307,1.304,9.663
15.000,-3.900,-22.800,0.383,1.380,9.663
14.100,-3.600,-22.500,0.230,1.380,9.586
15.300,-3.900,-22.350,0.383,1.304,9.509
14.850,-3.600,-23.100,0.383,1.304,9.509
14.400,-4.200,-21.900,0.383,1.380,9.433
14.550,-3.750,-21.900,0.307,1.304,9.509
14.550,-3.750,-23.100,-0.077,1.227,9.356
14.550,-3.600,-22.800,0.000,1.457,8.896
15.000,-3.750,-22.650,0.000,1.150,9.356
14.850,-3.900,-23.100,0.153,1.457,9.816
12.600,-3.600,-21.900,0.153,1.227,9.356
13.800,-3.300,-22.500,0.077,1.304,9.509
13.200,-2.850,-23.250,0.153,1.457,9.586
12.600,-3.300,-22.950,0.077,1.457,9.509
11.850,-2.850,-23.400,0.077,1.534,9.509
10.200,-3.000,-22.650,0.153,1.227,9.433
9.000,-3.000,-22.800,0.153,1.457,9.586
7.650,-2.550,-23.250,0.153,1.534,9.433
7.650,-3.300,-22.500,0.077,1.457,9.509
6.000,-3.300,-22.500,0.230,1.534,9.586
4.800,-3.300,-22.800,0.077,1.304,9.586
3.600,-3.450,-23.100,0.153,1.534,8.972
2.550,-3.300,-22.950,0.153,1.380,9.509
2.400,-3.750,-21.750,0.153,1.304,9.509
3.150,-4.050,-22.200,0.077,1.457,9.509
1.800,-4.200,-22.950,0.153,1.227,9.739
1.200,-4.800,-22.500,0.230,1.380,9.586
1.500,-3.750,-22.200,0.000,1.304,9.509
1.950,-4.650,-21.750,0.000,1.304,9.433
1.350,-4.650,-21.450,-0.077,1.227,9.586
1.200,-3.450,-21.450,-0.077,1.380,9.433
1.800,-4.650,-22.200,-0.077,1.457,9.586
0.900,-4.350,-22.800,-0.077,1.304,9.433
1.650,-4.350,-22.200,-0.077,1.304,9.509
1.050,-4.650,-22.050,-0.077,1.380,9.586
1.500,-4.650,-21.900,-0.153,1.457,9.433
0.900,-4.050,-22.800,0.000,1.457,9.586
1.500,-4.500,-22.500,-0.077,1.227,9.279
1.350,-4.350,-22.050,-0.077,1.380,9.509
1.350,-4.950,-21.750,-0.153,1.304,9.586
0.600,-4.200,-22.050,-0.153,1.457,9.663
-0.150,-4.350,-22.350,-0.230,1.380,9.433
-0.150,-5.250,-21.900,-0.153,1.304,9.279
0.000,-4.950,-21.600,-0.077,1.380,9.433
-1.350,-6.000,-21.450,-0.077,1.457,9.433
-2.700,-6.150,-21.450,-0.077,1.380,9.509
-3.300,-5.850,-21.900,-0.153,1.380,9.433
-2.100,-7.200,-21.300,-0.077,1.380,9.433
-3.900,-7.350,-21.150,0.000,1.380,9.433
-3.900,-7.650,-21.150,0.000,1.380,9.586
-4.500,-7.950,-21.300,0.000,1.227,9.356
-4.350,-7.950,-21.450,0.000,1.380,9.356
-5.850,-8.550,-21.150,0.153,1.304,9.509
-4.950,-9.000,-21.300,0.077,1.304,9.509
-4.650,-8.700,-20.850,-0.077,1.304,9.356
-5.250,-8.250,-21.450,-0.153,1.227,9.509
-5.400,-7.950,-20.700,-0.153,1.150,9.586
-5.250,-9.300,-21.150,-0.230,1.227,9.739
-5.550,-8.400,-21.300,-0.230,1.150,8.972
-4.500,-8.700,-20.250,-0.153,1.380,9.586
-5.400,-8.850,-20.850,-0.077,1.150,9.509
-4.950,-8.850,-20.850,-0.153,1.227,9.663
-5.100,-9.450,-21.600,-0.230,1.227,9.586
-5.550,-8.700,-20.850,-0.153,1.380,9.279
-4.650,-8.250,-21.300,-0.077,1.150,9.663
-5.550,-9.000,-21.300,-0.307,1.380,9.586
-5.400,-8.100,-20.400,-0.077,1.227,9.509
-5.400,-8.100,-20.400,-0.153,1.304,9.433
-5.100,-9.000,-21.900,-0.153,1.150,9.586
-5.400,-8.850,-19.950,-0.153,1.304,9.509
-4.200,-8.250,-21.000,0.077,1.150,9.433
-4.200,-9.000,-20.850,-0.230,1.380,9.203
-5.400,-8.100,-21.300,-0.153,1.150,9.663
-4.350,-8.250,-21.000,-0.230,1.457,9.586
-4.650,-7.050,-22.050,-0.077,1.150,9.433
-4.950,-8.850,-20.550,-0.077,1.457,9.509
-4.200,-8.550,-21.150,-0.153,1.074,9.433
-4.350,-8.850,-21.450,-0.230,1.304,9.586
-4.650,-8.850,-21.750,-0.153,1.150,9.433
-3.750,-8.250,-20.250,-0.153,1.304,9.356
-4.350,-9.150,-21.150,-0.153,1.304,9.509
-4.200,-8.700,-20.700,-0.153,1.227,9.509
-4.650,-8.250,-20.550,-0.153,1.150,9.586
-4.350,-8.550,-21.000,-0.153,1.227,9.356
-3.750,-8.250,-20.850,0.000,1.304,9.739
-3.150,-7.500,-20.400,-0.153,1.380,9.663
-3.750,-7.200,-21.450,-0.153,1.304,9.663
-3.450,-7.050,-21.600,-0.153,1.304,9.433
-3.450,-7.350,-21.300,0.000,1.534,9.663
-2.700,-7.350,-21.600,-0.077,1.304,9.586
-2.550,-5.850,-21.000,0.000,1.457,9.433
-1.950,-6.150,-21.300,0.153,1.534,9.433
-0.900,-5.850,-22.650,0.000,1.380,9.509
-0.900,-5.250,-22.350,-0.153,1.380,9.509
0.000,-4.950,-21.900,-0.153,1.380,9.433
0.600,-4.650,-22.650,0.000,1.534,9.356
1.350,-4.800,-21.750,-0.077,1.380,9.509
1.800,-4.050,-22.950,0.077,1.457,9.663
2.700,-4.350,-21.600,-0.153,1.534,9.663
3.300,-3.600,-22.200,-0.077,1.304,9.203
4.500,-3.000,-21.750,0.000,1.534,9.663
4.650,-3.300,-23.400,1.534,0.077,8.589
4.800,-3.300,-22.500,-1.764,0.537,8.742
5.700,-4.050,-22.350,0.077,2.071,9.356
6.000,-3.000,-23.100,-0.153,1.380,9.739
6.000,-3.000,-23.100,-0.077,1.457,9.509
6.600,-3.450,-22.500,0.153,1.764,9.739
5.850,-2.850,-22.800,0.153,1.150,9.126
6.300,-3.900,-22.350,0.000,1.764,9.356
5.700,-2.850,-21.750,0.153,1.150,9.203
6.450,-3.300,-22.650,0.077,1.687,9.509
7.050,-3.600,-22.350,0.307,1.380,9.356
6.600,-3.000,-22.800,0.153,1.380,9.433
6.600,-3.150,-22.650,0.077,1.457,9.586
7.050,-3.150,-22.950,0.153,1.304,9.279
6.900,-3.450,-22.800,0.000,2.224,10.276
6.150,-2.250,-22.200,0.460,0.997,9.356
6.600,-1.350,-21.900,0.077,0.767,9.586
6.150,-3.300,-21.900,0.153,0.997,9.356
6.150,-2.850,-22.650,0.077,1.150,9.356
7.050,-4.050,-22.950,0.000,1.610,9.356
6.750,-6.000,-23.400,0.230,1.917,9.279
7.200,-8.700,-24.900,0.153,2.377,8.896
7.500,-10.650,-25.200,0.000,3.604,9.586
7.200,-13.200,-25.500,0.307,3.834,8.666
6.600,-15.300,-26.700,0.153,4.295,8.742
7.350,-17.850,-25.950,0.000,4.064,8.282
7.500,-19.650,-26.400,0.153,4.985,8.129
7.650,-23.250,-25.050,0.077,5.598,7.899
7.200,-24.150,-26.250,0.077,6.365,7.669
7.050,-25.950,-26.100,0.000,6.135,7.669
6.750,-26.700,-25.500,0.000,6.058,7.362
6.900,-25.650,-26.100,0.077,5.982,7.439
6.750,-25.800,-26.250,0.077,5.982,7.515
7.200,-26.250,-25.950,0.153,5.905,7.515
7.350,-25.350,-25.950,0.230,5.982,7.439
5.550,-25.350,-25.650,0.307,5.598,7.439
6.750,-25.800,-25.800,-0.077,5.828,7.515
6.600,-24.900,-26.400,0.000,5.752,7.439
6.600,-27.000,-25.500,0.000,5.905,7.669
6.600,-25.950,-25.950,0.000,5.905,7.439
6.750,-26.100,-25.650,0.000,6.058,7.899
6.750,-25.950,-26.100,0.077,6.058,7.362
7.350,-25.200,-26.100,-0.153,5.675,7.439
6.750,-25.800,-26.250,0.000,5.982,7.439
7.050,-25.650,-25.650,0.077,5.828,7.362
6.300,-25.950,-26.100,0.000,5.828,7.745
7.800,-26.250,-25.800,0.000,5.905,7.592
7.200,-25.500,-25.650,0.153,5.828,7.592
7.200,-25.950,-25.950,0.153,5.982,7.515
6.150,-25.800,-25.350,0.077,5.828,7.515
7.200,-26.400,-26.250,0.000,5.828,7.669
6.750,-25.500,-26.250,0.230,5.982,7.745
6.600,-26.100,-26.250,0.153,5.828,7.592
6.150,-25.650,-25.950,0.077,5.905,7.515
6.750,-25.800,-25.200,0.230,5.828,7.515
6.900,-25.800,-25.650,0.230,5.982,7.515
7.350,-26.400,-25.500,0.460,5.828,7.055
8.100,-25.950,-25.650,0.230,5.982,7.669
7.650,-26.850,-25.650,0.077,5.905,7.439
8.400,-25.950,-26.850,0.230,6.058,7.592
9.450,-25.050,-26.550,0.307,5.905,7.362
9.750,-26.400,-26.100,0.230,6.058,7.439
11.250,-25.950,-25.500,0.383,5.828,7.515
11.700,-26.250,-26.100,0.307,6.058,7.439
13.050,-25.950,-24.300,0.077,5.905,7.362
12.750,-26.700,-25.350,-0.077,5.905,7.515
13.650,-26.700,-25.500,-0.077,5.752,7.439
13.650,-26.100,-25.350,0.077,5.598,7.515
14.100,-25.200,-25.500,0.230,5.675,7.592
14.550,-26.400,-24.900,0.153,5.905,7.439
14.400,-24.900,-25.650,0.230,5.828,7.439
13.950,-26.400,-25.200,0.230,5.828,7.669
14.550,-26.100,-25.350,0.383,5.828,7.592
13.950,-25.950,-25.650,0.307,5.752,7.515
13.200,-25.050,-25.200,0.230,5.752,7.592
14.100,-26.400,-26.100,0.383,5.905,7.515
14.100,-26.100,-24.900,0.383,5.905,7.515
13.950,-25.500,-25.200,0.307,5.828,7.515
13.800,-26.550,-25.200,0.307,5.828,7.515
13.950,-27.000,-25.350,0.460,5.905,7.515
14.100,-26.250,-25.200,0.537,5.675,7.439
14.400,-26.400,-25.950,0.460,5.905,7.592
15.150,-26.400,-24.150,0.537,5.828,7.592
15.450,-26.250,-25.500,0.614,5.905,7.669
16.050,-26.250,-25.350,0.460,5.905,7.515
17.100,-26.550,-25.050,0.460,5.905,7.515
16.800,-27.450,-24.150,0.460,5.828,7.669
17.700,-26.850,-24.750,0.537,5.828,7.669
18.750,-27.750,-24.150,0.230,5.752,7.592
20.100,-27.750,-23.850,0.307,5.905,7.745
20.400,-28.050,-23.250,0.230,5.752,7.515
22.050,-29.100,-23.250,0.153,5.752,7.669
21.900,-29.100,-22.800,0.077,5.598,7.745
21.450,-29.100,-22.350,0.077,5.675,7.592
21.900,-29.250,-23.250,0.383,5.675,7.592
23.100,-29.550,-22.500,0.000,5.828,7.592
23.250,-28.800,-22.500,0.537,5.982,8.742
22.200,-28.950,-22.200,0.383,5.522,7.362
21.750,-29.250,-22.050,0.077,6.595,8.282
22.800,-28.200,-23.100,0.077,5.598,7.669
22.500,-29.850,-22.800,0.000,5.752,7.745
21.750,-30.000,-22.350,0.153,6.058,7.822
22.200,-28.500,-22.800,0.383,5.368,7.132
22.500,-28.950,-22.950,0.307,6.058,7.899
22.350,-28.800,-22.650,0.307,5.598,7.515
21.600,-29.250,-22.800,0.614,5.982,7.515
22.800,-29.400,-22.650,0.614,5.828,7.669
23.250,-29.550,-21.750,0.537,5.982,7.592
22.950,-29.250,-21.750,0.690,5.905,7.669
24.150,-30.750,-20.400,0.460,5.905,7.515
25.500,-31.800,-20.850,0.307,5.982,7.669
25.650,-31.350,-19.800,0.153,5.828,7.669
26.250,-32.850,-18.600,0.077,5.982,7.515
26.400,-33.900,-18.600,-0.230,5.828,7.362
27.600,-34.050,-17.850,0.000,5.675,7.745
27.300,-34.050,-17.700,-0.307,5.598,7.592
28.200,-34.500,-17.100,-0.153,5.368,7.669
26.700,-33.750,-17.250,0.000,5.752,7.899
28.650,-33.600,-17.400,0.460,5.828,7.822
27.750,-33.300,-18.300,0.230,5.675,7.669
27.300,-33.450,-17.550,0.153,5.828,7.669
26.700,-34.200,-17.550,0.307,5.675,7.439
27.900,-34.050,-17.550,0.230,5.828,7.669
27.150,-34.350,-17.700,0.153,5.675,7.669
27.600,-34.950,-18.000,0.153,5.675,7.592
27.900,-33.450,-17.250,0.383,5.522,7.439
27.150,-33.300,-16.950,0.537,5.905,7.592
27.750,-33.450,-17.550,0.844,5.675,7.899
29.250,-34.800,-16.800,0.537,5.828,7.669
29.850,-34.950,-15.750,0.230,5.368,7.515
30.450,-35.400,-15.000,0.230,6.212,7.669
30.000,-37.050,-13.650,0.460,5.598,7.515
31.200,-38.250,-12.750,-0.920,5.752,7.899
30.450,-39.300,-10.650,0.077,5.598,7.592
30.150,-39.600,-10.650,-0.614,5.675,7.822
28.950,-39.450,-8.850,-0.307,5.598,7.822
30.000,-41.100,-9.750,-0.307,6.058,7.669
29.400,-41.250,-9.900,-0.383,5.215,7.822
29.250,-41.550,-8.550,0.077,5.291,7.745
30.600,-42.000,-9.450,0.153,5.905,7.822
30.750,-41.400,-8.850,0.077,5.368,7.669
30.000,-41.550,-9.450,0.077,5.828,7.669
30.450,-42.000,-8.700,0.000,5.522,7.745
29.400,-41.250,-9.450,0.000,5.522,7.669
29.100,-42.000,-8.850,0.077,5.752,7.822
29.850,-40.650,-9.600,0.000,5.445,7.669
30.450,-41.400,-9.450,0.077,5.828,7.899
29.850,-41.100,-9.750,-0.077,5.445,7.592
29.850,-42.300,-9.150,0.000,5.522,7.822
30.600,-41.550,-9.000,0.153,5.522,7.822
30.300,-41.250,-8.700,0.153,5.598,7.592
29.400,-40.950,-9.000,0.383,5.445,7.592
30.000,-42.300,-9.000,0.537,5.752,7.592
28.950,-41.850,-8.400,0.460,5.752,7.592
29.100,-42.600,-8.250,0.614,5.752,7.439
28.050,-42.600,-7.350,0.383,5.752,7.669
27.150,-44.250,-6.750,0.383,5.675,7.592
26.850,-45.300,-5.550,0.153,5.752,7.669
26.250,-46.500,-4.500,0.153,5.752,7.669
25.200,-47.100,-4.050,-0.077,5.675,7.592
25.050,-47.700,-3.000,-0.077,5.598,7.745
24.450,-48.450,-2.550,-0.153,5.675,7.592
23.850,-48.150,-2.700,-0.153,5.598,7.822
23.400,-48.300,-2.700,-0.077,5.598,7.822
24.150,-48.450,-1.950,0.153,5.522,7.822
24.000,-48.900,-1.500,0.383,5.675,7.592
23.550,-49.050,-1.950,0.230,5.598,7.745
23.400,-48.600,-2.100,0.077,5.522,7.745
23.400,-48.000,-3.000,0.307,5.522,7.822
24.300,-48.900,-1.350,0.230,5.675,8.282
23.400,-48.300,-3.150,0.690,5.598,7.745
22.500,-48.750,-2.100,0.537,5.598,7.822
21.900,-48.750,-1.500,0.460,5.675,7.899
21.600,-48.750,-2.100,0.537,5.675,7.669
21.750,-49.950,-1.350,0.767,5.522,7.745
19.500,-49.800,-1.050,0.537,5.598,7.899
18.900,-51.600,0.150,0.460,5.598,7.669
17.550,-51.450,-0.150,0.690,5.675,7.669
15.750,-50.850,0.750,0.537,5.522,7.669
14.550,-50.850,0.750,0.230,5.598,7.745
13.050,-51.750,1.800,0.000,5.675,7.745
10.950,-50.700,1.650,0.153,5.368,7.822
10.950,-51.450,1.500,-0.230,5.291,7.899
10.650,-52.350,2.550,-0.077,5.368,7.439
10.800,-51.450,2.700,-1.304,5.445,7.669
10.350,-52.050,1.650,0.230,4.908,7.209
11.400,-52.650,1.500,-0.383,5.828,8.359
10.800,-51.750,2.100,0.230,5.445,7.362
11.250,-51.300,2.400,-0.153,5.522,7.899
11.100,-52.350,1.800,0.153,5.522,7.976
11.850,-52.200,2.100,-0.077,5.445,7.515
11.550,-51.900,2.250,0.077,5.598,7.822
11.400,-51.300,2.100,0.077,5.445,7.745
10.200,-51.750,2.400,0.307,5.675,8.129
9.600,-51.600,2.100,0.537,5.522,7.899
10.050,-52.050,2.400,0.383,5.752,7.822
8.550,-51.750,1.500,0.537,5.522,7.822
7.050,-51.300,1.950,0.537,5.675,7.745
5.550,-51.450,1.800,0.460,5.675,7.822
3.300,-49.950,1.050,0.460,5.828,7.285
1.350,-49.350,0.750,0.153,4.525,5.905
1.200,-49.650,1.050,-0.997,5.982,7.592
-0.300,-49.500,0.750,-0.614,6.595,7.592
-3.150,-48.300,0.450,-0.920,5.598,7.899
-3.750,-47.700,-0.450,-0.383,5.522,7.745
-4.650,-47.550,-1.200,-0.614,5.905,7.592
-5.100,-46.800,-1.650,-0.383,5.598,7.745
-5.550,-46.350,-1.500,-0.460,5.752,7.822
-5.400,-46.800,-1.050,-0.307,5.675,7.745
-4.950,-46.800,-1.800,0.000,5.905,7.515
-5.850,-46.800,-1.500,-0.153,5.752,8.052
-5.700,-47.100,-1.500,-0.153,5.828,7.669
-5.400,-47.250,-1.500,-0.230,5.598,7.592
-5.850,-46.800,-1.650,0.000,5.828,7.669
-5.250,-46.650,-1.650,-0.153,5.598,7.669
-5.550,-46.650,-2.550,-0.153,5.828,7.592
-5.400,-46.050,-2.550,-0.153,6.058,7.362
-5.550,-47.850,-2.550,-0.077,5.675,7.592
-5.400,-46.950,-1.500,-0.153,5.675,7.592
-5.850,-46.500,-1.950,-0.153,5.675,7.669
-4.800,-46.350,-1.350,-0.153,5.752,7.669
-5.250,-46.350,-2.100,0.000,5.675,7.592
-6.150,-47.250,-2.100,0.230,5.905,7.592
-6.300,-45.900,-1.950,0.383,5.522,7.592
-6.300,-45.600,-3.000,0.383,5.675,7.592
-6.900,-45.000,-3.600,0.230,5.752,7.515
-7.950,-45.000,-3.600,0.153,5.828,7.515
-9.300,-43.650,-4.500,0.000,5.828,7.669
-9.600,-42.150,-5.100,-0.153,6.058,7.745
-10.200,-41.700,-5.850,-0.383,5.752,7.592
-10.350,-40.950,-6.450,-0.307,5.675,7.515
-10.500,-40.950,-7.800,-0.307,5.752,7.439
-10.950,-40.350,-7.200,-0.460,5.752,7.745
-10.950,-40.650,-7.650,-0.153,5.828,7.592
-11.100,-40.200,-7.800,0.153,5.982,7.592
-10.200,-41.400,-7.350,0.000,5.675,7.132
-11.550,-40.800,-7.650,0.000,5.752,7.362
-10.950,-39.900,-7.650,0.077,5.752,7.592
-10.650,-40.350,-7.500,0.077,5.828,7.515
-10.350,-40.800,-7.950,0.077,5.752,7.439
-9.900,-40.200,-8.100,0.153,5.828,7.592
-11.550,-39.600,-7.500,0.153,5.675,7.592
-10.500,-39.450,-7.800,0.153,5.828,7.132
-11.700,-39.600,-7.950,0.153,5.675,7.515
-11.550,-39.600,-8.700,0.153,5.598,7.669
-11.400,-38.700,-7.650,0.153,5.828,7.592
-11.400,-39.150,-8.850,0.153,5.752,7.899
-11.100,-38.850,-9.450,0.307,5.598,7.592
-11.400,-38.250,-9.000,0.307,5.752,7.592
-11.250,-38.100,-10.350,0.383,5.598,7.439
-12.600,-36.900,-10.500,0.230,5.828,7.515
-12.750,-36.600,-10.500,0.307,5.752,7.592
-11.850,-35.850,-11.400,0.307,5.752,7.669
-11.400,-34.800,-12.000,0.230,5.675,7.592
-11.400,-33.600,-13.200,0.000,5.752,7.669
-10.950,-34.050,-13.050,-0.153,5.598,7.592
-11.250,-33.150,-13.350,0.000,5.982,7.822
-11.550,-34.500,-13.950,0.077,5.752,7.822
-10.350,-33.000,-14.400,-0.077,5.675,7.439
-11.400,-33.750,-13.500,0.307,5.828,7.745
-10.500,-34.050,-14.250,0.230,5.675,7.515
-10.950,-33.600,-14.100,0.307,5.982,7.515
-11.400,-34.050,-14.700,0.153,5.675,7.285
-11.100,-33.300,-13.800,0.153,5.905,7.592
-10.650,-34.200,-13.350,0.230,5.675,7.592
-11.550,-33.450,-14.100,0.307,5.982,7.592
-11.100,-33.450,-14.100,0.307,5.752,7.515
-11.550,-33.900,-14.250,0.153,5.905,7.515
-10.950,-33.000,-13.950,0.383,5.675,7.515
-10.950,-33.000,-14.250,0.383,5.598,7.592
-10.950,-32.400,-14.400,0.383,5.828,7.669
-10.200,-32.400,-15.450,0.537,5.752,7.515
-10.350,-32.250,-15.150,0.460,5.752,7.515
-9.900,-31.950,-15.600,0.383,5.752,7.745
-10.650,-31.350,-16.050,0.690,5.828,7.515
-9.150,-31.500,-17.850,0.920,5.598,7.439
-10.050,-30.000,-18.450,0.997,5.828,7.439
-7.350,-28.950,-19.350,0.920,5.905,7.285
-4.050,-28.800,-21.000,-2.761,5.828,7.362
-3.750,-28.650,-21.750,-0.307,5.291,7.899
-2.400,-28.350,-22.650,-1.074,5.982,7.055
-1.200,-27.750,-21.900,-0.844,5.828,8.052
-0.900,-26.850,-23.400,-0.230,5.752,7.515
0.000,-27.450,-23.100,-0.230,5.982,7.132
-0.450,-27.600,-22.800,-0.460,5.905,7.592
-0.150,-27.450,-23.550,0.077,5.752,7.439
0.000,-27.450,-22.800,-0.077,5.982,7.592
-0.600,-27.000,-24.300,-0.153,5.752,7.439
-1.200,-26.550,-23.850,0.000,5.828,7.439
-1.650,-27.300,-24.450,0.000,5.598,7.362
-0.750,-27.300,-22.350,-0.230,6.058,7.592
-0.600,-26.850,-23.250,0.000,5.828,7.362
-0.900,-26.250,-23.400,0.153,5.752,7.515
-0.450,-26.400,-23.100,0.000,5.828,7.439
0.150,-26.250,-23.550,0.153,5.828,7.592
0.300,-26.550,-23.700,0.077,5.905,7.592
1.800,-26.700,-23.550,0.077,5.828,7.362
1.500,-26.550,-25.050,0.077,6.058,7.362
2.400,-26.100,-24.600,0.153,5.828,7.362
3.900,-25.800,-25.350,0.000,5.982,7.592
4.200,-25.350,-25.050,0.153,5.752,7.285
5.400,-25.650,-25.800,-0.077,6.058,7.209
6.600,-25.500,-24.750,-0.153,5.905,7.439
6.750,-25.350,-26.250,-0.230,5.905,7.515
7.800,-25.050,-25.200,-0.230,5.828,7.669
7.650,-25.050,-25.650,0.000,5.905,7.439
7.200,-25.500,-25.950,0.000,5.828,7.439
6.600,-25.950,-26.100,0.077,5.828,7.515
7.500,-25.500,-25.500,0.000,5.828,7.592
7.650,-25.500,-24.450,0.077,5.828,7.592
7.500,-26.100,-26.700,0.153,5.905,7.899
6.900,-25.650,-25.200,0.153,5.828,7.515
6.900,-26.250,-25.800,0.077,5.905,7.592
6.300,-25.500,-26.400,0.077,5.752,7.745
6.600,-25.200,-25.650,0.153,5.828,7.592
6.750,-25.050,-25.800,0.077,5.905,7.745
7.650,-25.350,-26.100,0.077,5.828,7.439
7.500,-24.150,-25.350,0.077,5.752,7.592
6.450,-25.050,-25.500,0.153,6.212,7.515
7.350,-25.200,-25.800,0.077,5.675,7.592
6.900,-25.200,-25.200,0.153,5.752,7.439
7.050,-25.350,-25.500,0.230,5.752,7.362
7.200,-26.250,-25.500,0.230,5.828,7.439
7.650,-25.200,-25.950,0.000,6.058,7.669
7.500,-25.200,-25.350,0.614,4.908,6.595
6.600,-27.150,-24.750,-0.153,5.675,7.132
7.050,-29.850,-25.050,-0.230,6.749,7.132
6.450,-30.300,-24.900,-0.230,6.902,6.749
7.800,-32.100,-24.300,0.000,6.825,6.595
7.050,-31.950,-23.700,0.230,6.979,6.595
7.800,-32.550,-23.700,0.230,7.285,6.595
7.350,-33.150,-24.000,0.153,7.132,6.058
7.950,-33.750,-23.850,-0.153,7.285,6.288
7.500,-34.200,-23.850,0.077,7.132,6.365
7.800,-33.600,-24.000,0.153,7.132,6.365
7.500,-34.200,-23.100,0.153,7.209,6.135
7.050,-33.600,-23.250,0.077,6.902,6.595
7.500,-33.600,-23.400,0.230,7.209,6.518
7.650,-33.300,-23.700,0.230,7.209,6.365
8.250,-33.600,-23.550,0.077,6.979,6.212
7.050,-33.000,-24.150,0.307,7.285,6.518
6.900,-33.000,-23.850,0.230,7.209,6.135
7.500,-33.450,-23.250,0.153,7.132,6.518
7.650,-33.300,-23.250,0.383,7.209,6.365
7.500,-33.300,-23.550,0.383,7.285,6.442
7.050,-32.400,-23.700,0.383,7.209,6.212
8.550,-34.500,-24.000,0.383,7.209,6.442
8.250,-33.900,-23.700,0.383,7.285,6.135
9.300,-33.900,-23.700,0.230,7.132,5.828
9.750,-34.200,-23.550,0.230,7.285,6.212
11.550,-33.750,-23.550,0.307,7.132,6.365
11.550,-33.750,-23.700,0.307,7.285,6.288
12.300,-34.200,-23.400,0.077,7.132,6.212
14.100,-33.750,-23.550,0.077,7.132,6.518
15.000,-34.500,-22.950,0.000,7.132,6.365
15.150,-34.950,-23.400,0.000,7.209,6.365
15.750,-34.500,-23.700,0.077,7.055,6.442
14.700,-34.050,-23.400,0.077,7.055,6.365
15.750,-32.850,-22.350,0.153,6.902,6.135
15.450,-34.950,-22.800,0.537,7.055,6.288
16.500,-33.450,-22.950,0.307,7.055,6.365
15.300,-33.300,-22.950,0.307,7.132,6.518
14.550,-33.750,-23.100,0.153,7.132,6.365
14.250,-33.750,-23.250,0.307,7.055,6.518
15.000,-34.200,-22.800,0.537,7.055,6.288
15.300,-34.350,-22.500,0.230,7.055,6.288
15.450,-34.200,-23.250,0.230,7.132,6.442
14.700,-34.050,-22.800,0.230,6.979,6.442
15.300,-33.900,-23.100,0.230,7.132,6.365
15.150,-33.600,-23.850,0.307,6.979,6.595
14.850,-34.500,-22.050,0.230,7.055,6.288
15.150,-33.450,-23.100,0.153,7.055,6.365
14.100,-33.300,-22.950,0.230,6.979,6.518
15.300,-34.800,-22.500,0.460,7.132,6.518
15.300,-34.650,-22.650,0.383,7.055,6.442
15.300,-33.600,-22.650,0.307,7.055,6.442
15.450,-33.900,-22.800,0.537,7.055,6.749
15.900,-33.600,-23.400,0.537,7.055,6.058
15.600,-34.500,-22.500,0.537,7.055,6.365
16.200,-34.200,-22.350,0.383,7.209,6.288
16.650,-34.950,-22.650,0.383,7.055,6.442
17.400,-34.800,-22.350,0.383,7.209,6.518
17.850,-34.950,-22.650,0.383,6.902,6.595
18.150,-34.500,-21.600,0.383,7.209,6.135
18.450,-34.500,-21.600,0.307,6.979,6.365
18.000,-35.400,-21.300,0.153,7.055,6.595
19.200,-35.400,-21.300,0.230,6.979,6.442
19.350,-34.950,-21.150,0.307,6.979,6.442
19.350,-35.100,-20.850,0.307,7.055,6.442
19.950,-35.700,-20.850,0.383,6.902,6.442
19.200,-35.550,-20.700,0.383,6.979,6.442
19.500,-35.400,-21.000,0.383,7.055,6.518
20.400,-35.850,-21.150,0.460,7.055,6.365
19.800,-35.550,-21.750,0.460,6.902,6.288
19.200,-34.350,-21.300,0.307,7.285,6.518
18.900,-34.950,-21.300,0.537,7.055,6.518
19.800,-35.400,-20.850,0.307,6.979,6.442
19.950,-36.150,-20.550,0.307,7.055,6.442
19.500,-35.100,-21.300,0.307,6.902,6.365
20.550,-35.550,-21.150,0.460,7.055,6.212
19.950,-35.100,-21.300,0.614,6.979,6.442
19.500,-36.000,-20.850,0.614,6.979,6.518
19.350,-35.100,-20.850,0.690,7.132,6.518
19.950,-35.700,-20.700,0.844,7.055,6.518
21.000,-36.000,-20.250,0.690,7.055,6.442
22.350,-36.000,-19.650,0.614,7.055,6.365
21.600,-36.600,-19.800,0.460,7.055,6.595
21.900,-37.200,-19.050,0.153,7.055,6.672
22.800,-36.750,-19.350,0.307,6.825,6.518
22.800,-37.200,-18.150,0.383,7.132,6.365
23.100,-37.350,-18.600,0.307,6.825,6.749
24.450,-36.750,-18.300,0.307,7.055,6.672
24.000,-37.650,-17.850,1.074,6.518,6.902
25.500,-39.000,-17.550,0.153,7.745,6.518
24.600,-38.100,-17.850,0.690,7.592,6.058
25.050,-38.250,-17.250,0.307,7.132,6.595
24.750,-38.100,-16.800,0.230,7.209,6.442
25.800,-37.950,-18.000,0.077,7.055,6.288
25.500,-38.100,-16.500,0.077,7.055,6.442
25.650,-38.850,-15.750,0.153,7.055,6.442
26.250,-39.300,-16.200,0.307,7.285,5.828
26.250,-39.150,-15.450,0.690,7.132,6.518
25.500,-39.750,-15.300,0.690,7.209,6.365
27.000,-40.500,-15.300,0.614,7.055,6.518
27.600,-40.800,-13.950,0.307,7.209,6.365
27.150,-40.350,-13.650,0.307,6.749,6.442
27.000,-40.500,-13.350,0.230,7.055,6.212
28.500,-40.350,-11.850,0.000,7.132,6.135
29.850,-40.650,-10.800,-0.460,6.595,6.825
30.750,-41.100,-10.650,-0.460,6.365,5.828
30.450,-42.000,-10.050,-0.460,7.362,6.825
29.400,-40.500,-10.200,-0.307,7.055,6.825
29.700,-42.300,-10.200,-0.153,6.672,6.365
30.300,-40.800,-9.600,-0.077,7.209,6.595
30.300,-42.300,-10.050,0.000,6.595,6.365
30.000,-41.700,-10.200,0.077,7.132,6.595
30.150,-41.850,-10.050,0.077,6.749,6.442
29.850,-42.150,-10.200,0.077,6.825,6.518
30.150,-42.000,-10.050,0.000,7.132,6.595
30.450,-41.700,-10.500,-0.077,6.825,6.518
29.250,-42.450,-10.050,-0.077,6.825,6.595
29.550,-41.850,-9.450,0.153,6.979,6.288
30.450,-41.850,-10.200,0.383,6.672,6.749
30.000,-42.600,-8.550,0.230,7.055,6.595
29.700,-42.450,-9.150,0.307,6.902,6.595
29.850,-43.200,-8.550,0.460,6.979,6.518
30.900,-43.050,-8.400,0.307,7.055,6.442
30.150,-43.950,-8.100,0.307,6.902,6.365
29.250,-44.700,-6.000,0.383,7.132,6.672
29.700,-45.000,-5.100,0.077,6.902,6.365
30.900,-46.500,-3.600,-0.230,7.209,6.365
30.000,-47.250,-3.000,-0.153,6.979,6.442
28.800,-46.800,-2.850,0.000,6.749,6.365
29.100,-47.100,-2.100,-0.153,6.825,6.365
28.500,-48.000,-1.350,-0.077,7.055,6.595
28.800,-48.300,0.000,0.000,6.902,6.518
27.750,-48.300,-0.450,0.000,6.979,6.595
27.450,-48.750,-0.600,-0.077,6.902,6.595
28.050,-48.900,0.000,0.153,6.902,6.595
27.900,-48.450,0.450,0.153,6.902,6.595
27.750,-49.050,0.450,0.077,6.979,6.825
27.900,-48.600,0.300,0.077,6.902,6.442
27.450,-49.200,0.450,0.077,6.902,6.135
27.900,-49.800,0.150,0.230,6.902,6.672
27.450,-48.900,0.750,0.307,6.979,6.518
27.300,-49.500,1.350,0.307,7.055,6.902
26.550,-49.050,1.050,0.614,6.902,6.442
26.550,-50.250,2.100,0.537,6.979,6.365
25.950,-50.850,2.250,0.383,6.979,6.595
25.950,-51.000,2.250,0.230,6.979,6.749
24.900,-51.150,3.450,0.307,6.979,6.595
24.450,-51.150,3.450,0.153,7.055,6.595
23.400,-51.750,4.650,0.000,6.979,6.672
22.500,-51.750,4.950,0.000,6.902,6.518
22.350,-52.950,6.000,0.000,6.902,6.212
21.600,-52.800,5.700,0.077,6.902,6.749
21.150,-52.800,5.850,0.000,6.902,6.672
20.250,-53.400,6.150,0.077,6.902,6.595
20.700,-53.100,6.150,0.153,6.979,6.595
19.950,-52.800,6.000,0.153,6.825,6.365
20.400,-53.550,6.450,0.230,6.902,6.442
19.950,-52.800,6.000,0.153,6.902,6.595
19.800,-53.250,6.000,0.230,6.902,6.442
20.550,-54.000,6.900,0.153,6.979,6.672
19.650,-53.100,6.750,0.460,6.979,6.672
19.500,-54.750,6.600,0.383,6.902,6.595
19.050,-53.100,5.850,0.460,6.902,6.518
18.300,-53.850,6.600,0.460,6.902,6.595
18.600,-54.900,7.500,0.460,6.902,6.595
18.300,-53.850,7.200,0.383,6.902,6.672
17.250,-53.550,7.500,0.383,6.825,6.365
16.200,-54.000,7.950,0.767,6.288,6.288
14.550,-54.750,9.000,0.307,6.518,6.442
13.500,-55.800,9.300,-0.230,7.132,6.135
13.350,-55.500,10.200,-0.153,7.669,6.518
11.400,-55.350,11.400,-0.230,7.209,6.595
10.650,-55.350,10.800,0.000,6.979,6.212
10.350,-56.250,9.900,-0.153,7.132,6.518
9.450,-55.200,11.100,-0.153,7.132,6.365
10.500,-55.650,10.800,-0.153,7.055,6.365
10.500,-54.600,11.400,0.077,7.515,6.825
11.700,-55.500,10.950,0.077,7.362,6.212
10.950,-55.200,10.800,-0.230,7.132,6.442
11.400,-55.650,11.400,0.000,7.209,6.212
10.950,-55.050,10.650,0.077,7.055,6.288
10.950,-55.350,11.700,-0.077,7.209,6.212
11.250,-55.950,11.100,-0.077,7.285,5.828
10.650,-55.800,10.950,0.000,7.055,6.212
10.650,-54.900,11.100,-0.153,7.209,6.365
11.850,-54.900,11.400,-0.077,7.055,6.365
11.550,-54.600,11.700,-0.153,7.285,6.212
11.550,-54.600,11.400,-0.307,6.979,6.288
11.700,-54.900,11.700,-0.077,7.362,6.212
12.000,-55.350,11.700,-0.307,7.132,6.442
13.350,-55.200,11.400,-0.153,7.285,6.288
13.200,-54.750,11.100,-0.153,7.055,5.982
13.500,-55.650,11.100,-0.230,7.132,6.212
14.550,-55.950,11.850,0.000,7.132,6.288
14.400,-55.800,10.950,0.153,7.055,6.212
14.250,-55.350,11.250,0.077,7.285,6.365
13.800,-54.750,10.950,-0.230,7.209,6.288
14.100,-54.450,10.500,-0.230,7.055,6.212
13.950,-55.050,11.100,-0.230,7.362,6.365
13.050,-55.350,10.950,-0.077,7.055,6.288
14.700,-55.200,11.100,0.000,7.209,6.212
14.100,-55.500,10.650,0.000,7.132,6.288
13.950,-54.900,10.950,-0.077,7.132,6.365
14.250,-55.500,11.550,-0.077,7.209,6.288
13.500,-54.150,10.500,-0.153,7.055,6.979
14.850,-55.650,11.100,-0.230,7.209,6.595
14.250,-54.000,11.550,-0.077,7.055,6.212
14.100,-54.300,10.800,-0.077,7.209,6.365
13.950,-55.050,11.250,-0.230,7.055,6.365
13.500,-55.650,11.100,-0.307,7.209,6.212
14.100,-56.100,11.700,-0.230,7.285,6.365
15.000,-54.750,11.550,-0.383,7.209,6.442
14.550,-54.600,11.550,-0.230,7.209,6.212
14.700,-55.050,11.400,-0.307,7.209,6.442
15.900,-56.100,11.100,-0.383,7.132,6.212
16.500,-55.050,11.550,-0.307,7.209,6.212
17.250,-55.200,10.650,-0.307,7.055,6.212
17.850,-55.050,10.350,-0.230,7.132,6.288
18.150,-54.600,10.350,-0.230,7.209,6.365
19.350,-54.600,10.200,0.153,7.132,6.365
19.050,-54.150,9.750,0.153,7.209,6.365
19.050,-54.600,10.200,0.077,7.209,6.212
18.300,-53.400,9.450,0.000,7.209,6.442
17.700,-55.050,10.200,-0.077,7.055,5.905
17.550,-55.050,9.600,-0.307,6.979,6.288
18.300,-54.900,9.150,0.077,7.209,6.288
18.000,-54.300,9.900,0.153,7.055,6.212
17.400,-55.800,10.050,0.000,7.132,6.365
18.300,-54.750,10.350,-0.077,7.209,6.288
18.000,-54.450,9.900,-0.153,7.132,6.365
17.700,-54.150,10.350,0.000,7.209,6.442
17.850,-54.900,10.200,-0.230,7.132,6.365
18.450,-54.600,9.600,-0.383,7.209,6.365
18.450,-53.850,9.900,-0.537,7.209,6.442
20.400,-54.000,9.900,-0.383,7.055,6.365
20.850,-54.150,9.150,-0.614,7.055,6.212
22.200,-53.100,9.450,-0.460,7.055,5.982
22.950,-53.100,7.350,-0.383,7.132,6.212
23.250,-51.600,8.100,-0.383,7.132,6.212
24.300,-53.100,7.650,-0.230,6.902,6.442
24.750,-52.350,7.050,0.153,8.206,6.979
25.500,-52.200,6.000,-0.230,6.672,6.442
26.100,-52.050,6.450,-0.077,7.592,6.518
25.350,-51.600,6.000,0.153,7.132,6.365
25.800,-51.900,6.300,0.153,6.979,6.365
25.050,-52.500,6.300,-0.077,7.209,6.288
25.050,-51.900,6.450,-0.153,6.825,6.442
24.900,-52.200,5.550,-0.230,7.439,6.442
25.200,-51.900,6.000,-0.077,6.979,6.288
24.600,-51.750,6.600,-0.153,7.285,6.442
24.750,-51.750,5.850,-0.153,6.749,6.518
25.050,-51.900,6.300,-0.230,7.209,6.365
25.200,-51.600,5.700,-0.230,7.055,6.365
25.950,-51.150,6.000,-0.690,6.902,6.442
26.100,-52.350,5.250,-0.307,7.209,6.365
26.550,-51.450,5.100,-0.307,7.209,6.595
27.000,-51.000,4.800,-0.077,7.132,6.442
28.500,-51.300,4.200,-0.383,6.979,6.288
27.300,-50.550,3.600,-0.307,7.055,6.212
28.350,-49.650,3.300,-0.307,7.132,6.365
28.950,-48.750,2.250,-0.153,7.209,6.365
29.100,-48.600,1.950,0.153,7.055,6.288
29.850,-48.300,1.650,0.230,7.132,6.518
30.750,-48.750,0.900,0.153,7.132,6.442
30.450,-47.700,1.800,-0.230,6.979,6.365
29.100,-48.000,1.350,-0.307,7.132,6.442
30.450,-48.300,1.350,-0.307,7.209,5.905
29.700,-48.750,0.750,-0.153,7.055,6.442
28.500,-48.600,1.950,-0.230,6.979,6.518
30.000,-48.450,0.450,-0.307,6.979,6.365
29.550,-49.050,1.200,-0.230,7.209,6.518
29.850,-48.600,1.050,-0.230,7.209,6.518
30.300,-49.050,0.600,-0.307,6.979,6.365
30.150,-48.150,0.900,-0.307,6.902,6.135
29.700,-48.450,0.750,-0.383,7.055,6.518
30.150,-48.000,0.750,-0.460,7.055,6.365
31.050,-48.300,0.300,-0.460,6.979,6.212
31.200,-47.250,0.000,-0.614,7.132,6.365
31.650,-46.500,-1.050,-0.383,6.902,6.518
31.200,-46.650,-1.950,-0.383,7.055,6.288
31.350,-46.050,-3.000,-0.230,7.055,6.365
32.250,-44.250,-4.500,-0.153,7.209,6.672
31.500,-44.400,-3.600,0.000,7.055,6.825
32.850,-43.650,-5.100,0.230,6.979,6.288
33.000,-43.200,-4.950,-0.077,6.902,6.518
31.950,-44.400,-5.400,-0.153,6.979,6.518
31.500,-42.450,-6.150,-0.230,6.825,6.442
31.950,-42.600,-6.150,-0.230,6.825,6.595
32.850,-43.800,-6.300,-0.614,6.902,6.442
32.250,-43.050,-6.150,-0.383,6.902,6.518
32.100,-43.500,-5.400,-0.307,6.902,6.595
32.700,-43.050,-5.100,-0.307,6.902,6.595
31.950,-43.950,-5.250,-0.307,6.979,6.595
32.400,-42.450,-6.150,-0.537,6.979,6.595
33.150,-43.500,-5.700,-0.537,6.902,6.518
32.400,-43.050,-6.150,-0.614,6.979,6.518
32.550,-42.900,-6.750,-0.690,6.979,6.518
32.550,-42.450,-7.050,-0.537,6.902,6.442
32.700,-42.000,-7.800,-0.383,6.902,6.672
32.400,-42.000,-8.250,-0.460,6.979,6.442
31.950,-41.550,-8.550,-0.460,6.902,6.672
31.800,-40.200,-9.750,-0.460,7.055,6.595
31.500,-40.650,-10.800,-0.383,6.825,6.518
30.750,-39.900,-11.100,-0.383,6.902,6.825
31.800,-39.000,-11.400,0.000,7.209,6.595
30.600,-37.650,-11.700,0.153,6.749,6.595
30.750,-38.400,-12.450,0.307,6.979,6.672
31.950,-38.550,-12.300,-0.767,6.749,6.595
31.050,-39.000,-12.450,-0.153,7.209,7.132
30.600,-38.400,-12.000,-0.460,6.825,6.749
30.150,-39.000,-12.000,-0.307,6.749,6.749
31.650,-37.950,-12.150,-0.383,6.672,6.518
30.900,-38.400,-11.100,-0.307,6.902,6.749
31.350,-39.450,-12.150,-0.307,6.749,6.595
30.900,-40.050,-12.600,-0.383,6.902,6.979
32.250,-38.700,-12.000,-0.383,6.672,6.672
30.750,-39.000,-11.400,-0.383,6.979,6.518
30.600,-38.850,-11.400,-0.307,6.825,6.672
31.050,-38.700,-11.850,-0.230,6.902,6.749
31.500,-38.550,-11.700,-0.537,6.749,6.672
30.750,-40.500,-11.700,-0.767,6.825,6.672
31.200,-38.100,-12.300,-0.767,6.979,6.825
30.750,-38.700,-13.050,-0.537,6.595,6.518
30.000,-38.400,-13.350,-0.767,6.902,6.595
30.000,-36.900,-14.850,-0.690,6.672,6.518
28.950,-37.350,-15.600,0.077,7.285,6.518
27.000,-36.300,-16.800,-0.614,6.288,6.288
25.500,-36.450,-18.000,1.534,7.592,7.669
25.650,-35.700,-18.900,0.383,6.672,6.212
25.500,-36.000,-19.350,0.460,7.745,5.905
24.000,-35.700,-19.200,0.537,6.749,6.212
22.500,-34.950,-19.650,0.690,7.515,6.365
23.250,-36.300,-19.650,0.153,7.055,6.595
22.050,-35.400,-18.750,0.077,7.055,6.365
22.500,-35.850,-19.500,0.077,7.132,6.365
22.500,-36.150,-19.200,0.077,7.132,6.442
22.350,-35.550,-19.950,0.000,7.055,6.288
22.350,-36.300,-20.250,0.153,6.979,6.365
22.200,-35.850,-20.100,0.153,7.132,6.365
22.800,-35.700,-19.050,0.000,6.979,6.365
22.350,-36.300,-19.950,0.153,7.209,6.518
23.400,-35.700,-20.250,0.000,6.979,6.288
22.650,-36.000,-19.050,0.000,7.209,6.595
22.350,-35.400,-19.950,0.000,7.055,6.288
22.050,-35.250,-19.650,0.000,7.055,6.595
22.950,-35.550,-19.200,0.077,7.055,6.365
22.650,-36.000,-19.500,0.153,7.055,6.365
22.800,-36.900,-19.200,0.077,7.055,6.518
21.450,-37.200,-19.350,-0.077,6.979,6.288
21.600,-36.150,-19.200,-0.077,7.055,6.442
22.350,-35.400,-20.400,-0.230,6.902,6.442
21.750,-35.250,-20.250,-0.230,7.055,6.135
22.200,-35.100,-20.400,-0.307,7.132,6.442
20.400,-34.350,-20.850,-0.307,7.055,6.288
19.500,-34.050,-22.500,-0.307,7.209,6.135
17.550,-34.050,-21.450,-0.230,7.132,6.288
17.400,-33.300,-22.950,0.000,7.132,6.365
14.550,-33.150,-22.350,-0.307,6.058,5.061
12.450,-35.550,-23.250,1.304,8.282,5.905
12.300,-34.050,-22.950,0.000,6.442,5.445
11.400,-33.600,-23.550,0.307,7.132,6.135
10.950,-33.750,-23.400,0.537,6.979,5.368
10.500,-34.200,-22.800,0.614,7.592,5.982
10.350,-34.800,-23.400,0.230,7.055,6.135
10.650,-34.050,-22.800,0.230,7.439,6.212
10.350,-34.350,-22.950,0.307,7.132,6.135
10.050,-34.050,-23.250,0.153,7.592,6.288
9.450,-33.750,-23.700,0.153,7.055,6.135
10.350,-34.500,-23.400,0.153,7.515,6.365
11.100,-34.800,-23.250,0.077,7.285,6.135
9.450,-34.500,-22.800,0.230,7.515,6.288
10.200,-34.050,-23.250,0.230,7.209,6.135
9.450,-34.650,-23.400,0.153,7.209,6.288
10.650,-34.350,-23.700,0.153,7.439,5.982
11.550,-34.650,-22.950,0.153,7.285,6.212
10.200,-34.200,-22.500,0.000,7.285,6.058
11.100,-34.500,-23.400,0.000,7.132,6.135
9.450,-34.800,-23.250,0.000,7.209,6.135
9.750,-34.200,-23.100,0.077,7.285,5.982
10.200,-33.600,-22.950,-0.077,7.132,6.442
9.150,-33.900,-22.050,-0.153,7.362,6.135
9.300,-34.650,-23.100,-0.153,7.285,6.212
8.400,-34.350,-23.700,-0.077,7.439,6.058
7.500,-33.750,-23.550,0.077,7.362,6.212
7.350,-34.500,-23.400,0.230,7.209,5.905
7.650,-34.950,-22.950,0.383,7.209,6.212
6.450,-34.650,-22.200,0.307,7.362,6.212
6.600,-34.800,-23.400,0.230,7.285,6.212
6.900,-34.800,-22.800,-0.077,7.285,6.212
5.700,-34.500,-23.100,0.000,7.362,6.518
5.850,-34.950,-22.500,0.153,7.362,6.518
5.550,-34.950,-23.250,0.000,7.209,6.212
6.150,-34.350,-22.500,-0.077,7.209,6.058
6.750,-34.800,-22.650,-0.077,7.285,6.365
6.600,-33.900,-23.250,-0.077,7.285,6.212
6.450,-34.800,-23.250,0.077,7.362,5.828
6.600,-34.800,-22.950,-0.077,7.285,6.288
6.150,-34.950,-23.400,0.000,7.209,6.135
6.000,-34.350,-23.400,0.000,7.209,6.365
6.000,-34.950,-23.400,0.000,7.209,6.135
6.750,-35.400,-22.050,-0.077,7.209,6.135
6.150,-34.500,-22.800,-0.153,7.285,6.135
5.700,-34.500,-23.250,0.000,7.285,6.135
6.900,-34.350,-23.100,-0.077,7.285,6.058
6.750,-34.350,-22.500,-0.153,7.362,6.135
5.550,-34.050,-22.800,-0.153,7.285,6.135
6.900,-34.650,-22.650,-0.230,7.209,6.212
5.550,-34.950,-22.650,-0.307,7.362,6.288
4.500,-33.450,-22.350,-0.077,7.285,6.212
4.200,-34.050,-22.950,-0.383,7.362,6.135
3.750,-34.350,-21.750,0.000,7.362,6.135
3.000,-34.200,-21.300,0.077,7.362,6.058
2.250,-34.800,-22.200,0.153,7.362,6.135
1.500,-34.200,-21.600,0.230,7.209,6.135
1.950,-35.100,-21.750,0.230,7.285,6.365
2.250,-35.700,-21.000,-0.153,7.209,6.212
2.850,-35.700,-21.300,-0.230,7.285,6.135
1.500,-34.500,-21.600,-0.153,7.209,6.212
1.500,-34.350,-21.450,-0.153,7.132,6.212
1.650,-35.250,-21.750,-0.153,7.285,6.212
1.800,-35.700,-21.000,-0.153,7.362,6.288
1.050,-34.500,-21.450,-0.153,7.285,5.982
1.950,-35.100,-20.850,-0.153,7.285,6.058
2.400,-34.800,-21.900,-0.153,7.362,6.135
2.100,-35.100,-21.150,0.000,7.285,6.135
1.800,-36.000,-21.300,-0.153,7.285,6.212
2.550,-35.100,-21.450,-0.307,7.439,6.288
1.800,-35.100,-21.000,-0.153,7.362,6.135
1.950,-35.250,-21.750,-0.230,7.132,6.212
1.200,-34.650,-21.150,-0.383,7.362,6.135
1.200,-35.850,-21.450,-0.460,7.362,6.365
2.100,-34.950,-21.750,-0.383,7.209,6.058
2.250,-35.550,-21.750,-0.767,7.362,6.288
0.600,-36.000,-21.150,-0.614,7.285,6.365
-0.300,-35.700,-19.800,-0.077,7.515,6.212
-1.350,-36.600,-19.800,0.077,7.285,6.135
-1.950,-37.050,-18.600,0.383,7.362,6.365
-2.400,-36.600,-18.750,0.614,7.132,6.212
-1.800,-36.000,-18.150,0.000,7.362,6.365
-2.850,-36.750,-18.750,-0.460,7.055,6.365
-2.100,-35.550,-18.900,-0.230,7.285,6.135
-2.250,-36.450,-18.750,-0.230,7.285,6.365
-3.150,-36.300,-18.600,-0.307,7.055,6.365
-2.400,-36.900,-18.600,-0.383,7.209,6.288
-2.100,-35.250,-18.750,-0.307,7.132,6.518
-2.250,-36.300,-18.750,-0.230,7.209,6.212
-1.650,-36.450,-19.200,-0.307,7.209,6.058
-2.100,-36.900,-18.300,-0.307,7.285,6.288
-2.850,-35.850,-19.650,-0.383,7.285,6.365
-2.250,-36.600,-18.600,-0.230,7.209,6.365
-3.150,-36.750,-18.300,-0.307,7.209,6.212
-2.400,-37.050,-19.200,-0.307,7.209,6.365
-2.400,-35.700,-18.150,-0.153,7.132,6.288
-0.900,-37.050,-18.600,-0.307,7.362,6.212
-2.400,-36.900,-18.600,-0.383,7.132,6.212
-2.250,-36.450,-18.150,-0.307,7.209,6.518
-2.550,-36.300,-19.500,-0.153,7.285,6.212
-2.100,-36.000,-18.750,-0.230,7.209,6.212
-2.550,-36.900,-18.900,-0.383,7.209,6.288
-3.300,-36.750,-18.300,-0.690,7.209,6.365
-3.000,-36.300,-18.450,-0.920,7.209,6.212
-4.350,-37.350,-17.400,-0.844,7.132,6.288
-4.650,-37.350,-15.600,-0.077,7.515,6.058
-5.400,-37.950,-16.200,0.690,7.669,6.212
-6.150,-38.700,-14.400,0.230,6.979,6.442
-6.750,-38.250,-14.400,0.230,7.745,6.979
-7.200,-39.300,-14.850,0.230,6.825,5.828
-6.750,-39.600,-14.250,-0.307,7.592,6.288
-6.000,-38.400,-13.800,-0.307,6.979,6.135
-7.200,-38.100,-14.700,-0.153,7.439,6.288
-6.300,-39.150,-14.100,-0.153,7.209,5.905
-6.600,-38.250,-15.300,-0.230,7.209,6.365
-7.050,-38.700,-13.650,-0.153,7.362,6.288
-7.500,-39.000,-13.650,-0.153,7.132,6.135
-6.600,-38.400,-14.850,-0.153,7.209,6.212
-6.750,-38.400,-13.500,-0.307,7.209,6.365
-6.450,-38.550,-14.550,-0.230,7.285,6.288
-6.000,-38.850,-14.250,-0.153,7.209,6.212
-7.050,-38.550,-14.100,-0.153,7.209,6.365
-7.350,-39.150,-14.550,-0.230,7.209,6.288
-6.600,-38.550,-13.800,-0.230,7.209,6.212
-6.750,-39.450,-13.950,-0.153,7.285,6.288
-7.350,-39.150,-14.700,-0.153,7.132,6.212
-7.200,-39.000,-14.700,-0.153,7.209,6.212
-7.050,-39.300,-14.400,-0.153,7.209,6.135
-7.500,-39.600,-14.550,-0.153,7.362,6.288
-7.200,-39.300,-14.400,-0.230,7.209,6.288
-6.750,-38.850,-13.800,-0.077,7.285,6.135
-6.900,-38.850,-14.400,-0.153,7.209,6.212
-6.900,-38.850,-14.700,-0.077,7.209,6.212
-7.200,-38.550,-14.250,-0.153,7.209,6.365
-6.600,-38.100,-13.800,-0.230,7.285,6.288
-7.050,-39.000,-13.950,-0.614,7.209,6.212
-7.350,-39.150,-13.800,-0.690,7.285,6.288
-7.350,-39.450,-13.650,-0.614,7.285,6.288
-7.950,-40.200,-12.600,-0.690,7.285,6.288
-7.500,-40.500,-12.150,-0.307,7.209,6.212
-8.400,-40.650,-10.650,0.460,7.439,5.982
-8.100,-40.950,-9.150,0.460,7.132,6.135
-8.250,-41.700,-10.050,0.383,7.209,6.365
-8.400,-42.000,-9.900,-0.383,7.362,6.365
-7.500,-41.850,-9.900,-0.307,7.132,6.288
-8.700,-42.750,-9.750,-0.230,7.209,6.442
-8.400,-42.300,-9.450,-0.383,6.979,6.518
-8.700,-42.000,-11.100,-0.230,7.285,6.595
-8.100,-40.950,-10.200,-0.383,7.209,6.288
-8.850,-41.700,-10.050,-0.307,7.132,6.288
-8.850,-41.550,-9.150,-0.230,7.209,6.365
-8.400,-41.400,-9.300,-0.307,7.055,6.288
-8.700,-41.700,-9.900,-0.230,7.209,6.442
-8.400,-41.250,-9.600,-0.307,7.055,6.212
-8.250,-41.250,-10.050,-0.307,7.285,6.288
-8.100,-41.700,-9.900,-0.383,7.132,6.442
-8.400,-41.400,-9.300,-0.307,7.132,6.288
-8.550,-42.300,-9.600,-0.230,7.285,6.212
-9.000,-40.950,-9.750,-0.307,7.055,6.365
-8.850,-41.850,-10.050,-0.230,7.132,6.442
-8.250,-42.150,-9.750,-0.307,7.209,6.212
-8.700,-41.400,-9.000,-0.307,7.055,6.365
-8.400,-41.700,-9.900,-0.230,7.209,6.442
-8.250,-42.300,-9.450,-0.307,7.209,6.288
-8.700,-41.700,-10.500,-0.307,7.209,6.288
-8.400,-41.550,-9.300,-0.383,7.132,6.212
-8.400,-41.850,-9.450,-0.920,7.209,6.365
-7.650,-42.000,-9.000,-0.920,7.132,6.288
-9.000,-42.450,-8.700,-0.920,7.132,6.518
-7.800,-42.600,-7.800,-0.690,7.132,6.288
-8.100,-42.900,-6.450,-0.230,7.362,6.212
-8.400,-44.850,-5.850,0.230,6.979,6.288
-8.100,-43.950,-4.800,0.000,7.362,6.058
-8.250,-44.400,-4.950,-0.077,6.749,6.288
-8.850,-44.550,-4.650,-0.230,7.132,6.442
-10.500,-43.650,-5.400,-0.153,6.365,6.365
-8.850,-43.950,-5.250,-1.074,8.052,6.442
-9.000,-43.800,-4.950,-0.077,6.365,6.135
-9.900,-44.250,-6.150,-0.307,7.669,6.672
-9.750,-43.800,-4.800,-0.230,6.825,6.518
-9.000,-43.500,-5.100,-0.153,7.669,6.595
-9.450,-43.650,-5.250,-0.230,6.749,6.135
-9.300,-44.550,-5.400,-0.153,7.439,6.442
-9.900,-43.800,-5.100,-0.230,6.902,6.288
-9.600,-43.950,-5.550,-0.230,7.132,5.905
-10.200,-42.600,-5.100,-0.153,7.132,6.442
-9.600,-44.100,-5.100,-0.153,6.979,6.288
-10.350,-42.150,-5.400,-0.153,7.285,6.442
-9.450,-43.200,-5.400,-0.153,6.902,6.595
-9.900,-43.500,-5.400,-0.230,7.285,6.518
-10.050,-43.650,-5.400,-0.230,6.979,6.442
-9.750,-44.400,-5.250,-0.153,7.132,6.365
-9.000,-43.350,-5.550,-0.153,7.055,6.365
-9.000,-43.950,-5.700,-0.230,6.979,6.135
-10.050,-44.250,-5.250,-0.307,7.132,6.365
-9.750,-44.400,-4.950,-0.460,7.132,6.365
-9.600,-44.250,-5.250,-0.767,7.132,6.365
-8.850,-44.400,-4.500,-0.767,7.209,6.518
-9.750,-44.250,-4.800,-0.844,7.132,6.518
-8.850,-46.350,-2.850,-0.537,7.285,6.288
-8.550,-46.500,-2.250,-0.153,7.132,6.212
-8.250,-47.250,-1.500,0.460,7.132,6.442
-7.800,-48.300,-0.150,0.383,7.132,6.288
-7.950,-47.400,-0.450,0.230,7.055,6.442
-8.700,-46.950,-0.600,0.000,7.055,6.212
-7.950,-47.700,-0.300,-0.230,7.055,6.288
-7.500,-46.950,-0.300,-0.307,7.055,6.365
-7.500,-47.700,-0.750,-0.307,7.055,6.288
-8.850,-46.200,0.000,-0.230,7.132,6.135
-8.550,-46.950,-0.150,-0.230,7.055,6.212
-8.550,-46.950,-1.350,-0.230,7.132,6.518
-7.650,-46.800,-0.750,-0.230,7.055,6.442
-8.700,-46.800,-0.450,-0.307,6.979,6.365
-7.500,-46.650,-1.500,-0.153,7.055,6.518
-8.850,-46.950,-1.050,-0.153,6.979,6.365
-8.700,-47.250,-0.750,-0.230,7.055,6.212
-8.700,-46.350,-1.200,-0.230,7.132,6.442
-9.300,-47.250,-0.750,-0.230,7.055,6.442
-8.700,-46.500,-1.200,-0.153,7.132,6.442
-8.250,-47.100,-0.600,-0.230,7.055,6.518
-8.850,-46.650,-0.600,-0.307,7.132,5.828
-8.550,-46.950,-1.200,-0.230,7.132,6.672
-8.400,-46.650,-1.800,-0.230,7.055,6.442
-8.700,-46.500,-0.750,-0.460,7.055,6.442
-8.400,-46.950,-0.600,-0.844,7.132,6.595
-8.400,-47.400,-0.300,-0.844,7.132,6.518
-7.350,-48.000,-0.150,-0.920,7.132,6.288
-6.450,-48.300,1.050,-0.614,7.132,6.442
-5.550,-49.200,1.950,-0.230,7.439,6.288
-5.100,-50.250,3.000,0.000,6.979,6.518
-4.350,-50.850,4.050,-0.077,7.055,6.288
-3.150,-51.450,4.500,0.000,6.979,6.672
-2.850,-50.700,5.100,0.230,6.902,6.672
-2.250,-51.750,4.650,0.000,6.979,6.518
-3.000,-51.750,5.100,-0.077,6.902,6.518
-1.950,-52.350,5.250,-0.230,6.902,6.595
-3.300,-51.450,6.150,-0.230,6.749,6.672
-1.950,-51.900,5.250,-0.383,7.055,6.442
-2.400,-51.750,5.400,-0.383,6.979,6.672
-2.700,-51.300,4.950,-0.307,6.979,6.518
-2.250,-51.000,5.100,-0.307,6.902,6.672
-1.950,-51.600,4.800,-0.307,6.902,6.595
-3.600,-51.450,5.400,-0.383,6.979,6.212
-2.550,-51.150,4.650,-0.383,6.902,6.595
-3.750,-51.300,4.950,-0.460,6.825,6.595
-2.700,-51.450,4.650,-0.307,6.902,6.595
-3.300,-51.000,5.100,-0.307,7.055,6.595
-3.150,-51.300,4.800,-0.383,6.825,6.518
-2.100,-51.750,5.100,-0.383,6.825,6.595
-3.450,-50.100,5.100,-0.383,6.825,6.442
-3.150,-50.100,5.100,-0.460,6.979,6.442
-2.250,-51.000,5.250,-0.460,6.825,6.518
-2.400,-51.450,5.850,-0.690,6.902,6.672
-3.150,-50.850,5.250,-0.383,6.979,6.518
-2.100,-51.150,4.950,-0.614,6.902,6.595
-2.100,-52.200,5.550,-0.767,6.902,6.672
-1.200,-52.050,6.000,-0.614,6.902,6.288
0.000,-51.900,6.450,-0.460,6.825,6.518
0.150,-52.050,6.900,-0.614,6.825,6.442
2.100,-52.800,7.500,-0.153,7.055,6.902
2.550,-53.100,7.350,-0.230,6.902,6.595
3.750,-53.850,7.800,-0.230,6.979,6.595
3.750,-53.550,7.800,0.230,6.672,6.365
4.650,-54.300,7.650,0.153,6.825,6.672
4.800,-53.700,8.250,-0.230,6.749,6.595
4.650,-54.600,7.350,-0.383,6.672,6.672
4.350,-54.150,7.650,-0.307,6.825,6.672
4.950,-53.550,8.550,-0.383,6.749,6.595
3.900,-54.150,8.100,-0.383,6.825,6.749
4.650,-54.000,7.800,-0.307,6.749,6.672
4.800,-54.300,7.950,-0.230,6.825,6.749
5.100,-54.450,7.800,-0.383,6.749,6.749
4.050,-53.550,7.800,-0.307,6.749,6.595
4.800,-53.400,7.050,-0.307,6.825,6.672
3.600,-53.400,8.250,-0.383,6.825,6.749
4.500,-54.300,8.100,-0.230,6.749,6.749
4.650,-53.400,7.800,-0.460,6.749,6.825
4.050,-54.150,7.950,-0.383,6.749,6.825
4.650,-54.450,7.200,-0.307,6.825,6.672
4.350,-53.700,8.400,-0.307,6.672,6.749
4.350,-53.550,7.650,-0.383,6.749,6.672
3.750,-53.850,8.550,-0.460,6.749,7.055
4.050,-54.600,8.250,-0.614,6.749,6.288
4.050,-53.400,8.250,-0.614,6.749,6.825
3.150,-53.700,7.800,-0.307,6.749,6.595
4.200,-54.300,8.100,-0.383,6.595,6.672
4.650,-53.550,8.100,-0.460,6.902,6.595
3.900,-53.550,8.700,-0.153,6.902,6.825
4.200,-53.550,8.550,-0.383,6.672,6.365
3.750,-53.850,8.100,-0.383,6.749,6.595
3.750,-53.850,7.950,-0.153,6.749,6.749
3.600,-53.400,8.400,-0.690,6.825,6.595
3.450,-53.550,8.250,-0.383,6.749,6.825
3.900,-53.550,7.650,-0.307,6.518,6.518
3.900,-54.150,7.650,-1.610,7.055,7.209
4.050,-54.900,9.600,-0.230,6.365,6.518
4.500,-54.300,9.750,0.000,7.745,7.362
5.250,-53.850,11.700,-0.997,7.285,5.752
4.500,-55.050,10.950,-0.383,7.055,5.828
3.750,-54.900,12.600,-0.460,7.439,5.905
4.500,-55.500,13.800,-0.383,7.515,5.215
4.500,-55.650,16.050,-0.307,8.052,5.291
4.050,-56.250,16.950,-0.460,8.282,4.831
4.200,-55.800,18.600,-0.460,8.742,4.601
4.650,-56.850,21.000,-0.460,8.819,4.755
3.900,-55.950,20.400,-0.460,8.512,4.448
3.900,-56.700,19.950,-0.460,8.359,4.601
4.500,-56.400,20.850,-0.614,8.512,4.601
4.500,-56.550,20.550,-0.383,8.359,4.831
4.350,-56.250,19.950,-0.153,8.436,4.601
3.900,-55.800,20.250,-0.383,8.436,4.678
4.350,-55.950,19.350,-0.537,8.436,4.678
4.050,-56.400,20.400,-0.537,8.512,4.755
4.200,-56.700,20.700,-0.307,8.436,4.448
3.750,-57.000,19.800,-0.614,8.589,4.985
4.500,-56.700,20.400,-0.307,8.589,4.755
4.050,-55.500,19.500,-0.614,8.742,4.985
4.500,-57.300,18.900,-0.383,8.436,4.601
4.500,-55.650,17.550,-0.383,7.976,4.908
4.950,-55.650,16.650,-0.230,7.439,5.138
3.750,-56.700,17.100,-0.383,8.282,4.985
3.300,-55.950,16.350,-0.537,8.282,5.061
4.050,-56.400,16.650,-0.614,8.282,4.908
3.900,-56.400,17.400,-0.460,8.052,4.908
3.750,-56.550,16.350,-0.230,8.282,5.138
4.800,-55.350,17.100,-0.537,7.976,5.291
4.350,-56.250,18.000,-0.307,8.129,5.061
3.450,-56.100,17.400,-0.307,8.052,4.985
3.450,-55.200,16.650,-0.460,8.129,5.138
3.600,-56.250,17.100,-0.537,8.129,5.291
4.950,-54.900,16.500,-0.614,7.592,4.908
4.350,-55.800,17.550,-0.537,9.586,5.522
4.200,-56.550,17.550,-0.460,7.362,4.755
3.750,-56.250,18.150,-0.230,8.972,4.831
3.900,-56.100,18.300,-0.537,7.899,4.755
4.650,-56.250,17.850,-0.460,8.512,4.985
3.900,-56.700,18.000,-0.537,8.206,4.908
4.200,-56.100,17.700,-0.383,7.899,4.908
3.900,-56.550,17.550,-0.383,8.436,5.138
3.750,-55.800,18.450,-0.077,7.745,4.755
4.050,-55.650,17.700,0.077,8.589,4.985
3.150,-55.200,17.700,0.153,8.052,4.908
2.550,-55.950,18.450,0.000,8.512,4.908
1.950,-55.200,16.800,-0.153,8.282,4.601
0.150,-55.200,16.350,-0.460,8.282,4.601
-1.500,-54.750,15.300,-0.537,8.512,4.755
-2.250,-54.600,14.550,-0.537,8.436,4.678
-2.400,-53.850,14.700,-0.614,8.436,4.678
-3.600,-53.700,13.350,-0.690,8.436,4.678
-4.500,-53.550,12.900,-0.537,8.206,4.985
-5.100,-53.400,12.750,-0.614,8.436,4.678
-5.850,-53.250,12.450,-0.460,8.436,4.755
-5.100,-53.250,12.300,-0.383,8.359,4.908
-5.250,-53.100,11.250,-0.460,8.436,4.831
-6.000,-52.800,11.100,-0.460,8.436,4.755
-5.850,-52.500,10.650,-0.383,8.282,4.755
-6.150,-52.500,10.200,-0.307,8.282,4.755
-5.850,-52.800,11.400,-0.460,8.359,4.831
-6.000,-52.350,11.700,-0.230,8.359,4.755
-6.000,-51.900,10.800,-0.230,8.436,4.525
-5.700,-52.800,10.350,-0.230,8.359,4.831
-6.600,-51.750,10.950,-0.230,8.359,4.755
-6.300,-51.900,10.200,-0.230,8.436,4.525
-6.300,-52.050,10.350,0.077,8.282,4.601
-6.600,-52.200,10.350,-0.153,8.436,4.755
-6.000,-51.900,10.200,-0.307,8.436,4.831
-6.450,-51.000,10.200,-0.307,8.359,4.678
-7.800,-52.200,9.600,-0.153,8.436,4.755
-7.650,-51.450,8.550,-0.077,8.436,4.678
-8.100,-51.150,8.100,-0.307,8.359,5.138
-8.100,-52.050,9.000,0.153,8.359,4.755
-7.800,-51.450,8.850,-0.077,8.282,4.755
-9.000,-51.300,7.650,-0.230,8.512,4.525
-8.100,-51.150,6.750,-0.153,8.359,4.678
-8.100,-50.700,6.750,-0.153,8.512,4.831
-9.000,-50.850,5.700,-0.383,8.512,4.678
-9.000,-50.400,4.950,-0.153,8.589,4.755
-8.700,-49.950,6.000,-0.153,8.436,4.525
-8.850,-50.100,5.250,-0.230,8.359,4.601
-10.200,-49.950,4.500,-0.307,8.512,4.908
-10.050,-49.350,3.900,-0.153,8.512,4.831
-10.050,-49.950,3.300,-0.230,8.359,4.678
-10.500,-49.500,2.850,-0.153,8.436,4.525
-10.050,-49.500,3.450,-0.230,8.512,4.601
-9.450,-49.200,2.400,-0.077,8.359,4.755
-8.700,-49.350,3.450,-0.077,8.436,4.601
-9.600,-48.450,3.000,-0.077,8.436,4.525
-9.450,-48.300,2.100,-0.153,8.436,4.755
-9.900,-48.750,3.000,-0.077,8.359,4.831
-9.750,-49.350,2.550,-0.153,8.359,4.831
-10.200,-48.900,2.400,-0.153,8.589,4.678
-10.050,-48.750,2.100,-0.153,8.436,4.755
-10.050,-48.900,2.400,-0.077,8.436,4.678
-9.300,-48.900,0.150,-0.077,8.512,4.678
-9.450,-49.500,1.200,0.000,8.436,4.295
-10.050,-48.300,0.900,-0.077,8.436,4.678
-9.900,-48.600,1.200,-0.077,8.436,4.601
-9.300,-48.300,1.350,0.000,8.589,4.525
-10.350,-48.450,-0.150,0.000,8.436,4.755
-9.750,-48.600,-0.150,-0.077,8.512,4.678
-9.750,-48.900,0.000,0.077,8.359,4.601
-9.750,-48.300,-0.600,0.000,8.436,4.678
-9.000,-47.550,-1.350,-0.077,8.436,4.678
-10.050,-48.150,-0.600,-0.153,8.436,4.525
-9.750,-48.000,-1.200,-0.077,8.282,4.371
-10.050,-47.700,-1.350,-0.077,8.359,4.371
-9.000,-47.250,-1.500,-0.077,8.512,4.678
-9.750,-46.950,-1.650,-0.153,8.436,4.601
-8.700,-47.700,-2.100,-0.153,8.512,4.601
-8.850,-47.100,-2.550,0.000,8.359,4.448
-8.700,-47.550,-2.550,-0.153,8.512,4.678
-9.450,-47.400,-3.450,-0.153,8.436,4.525
-9.300,-46.800,-2.100,0.000,8.436,4.448
-9.750,-46.350,-2.550,-0.153,8.589,4.525
-9.900,-47.250,-3.150,0.077,8.512,4.831
-8.550,-46.500,-2.700,-0.230,8.512,4.601
-10.350,-46.200,-3.300,-0.077,8.436,4.678
-8.550,-46.050,-3.750,0.077,8.512,4.525
-8.250,-46.500,-3.450,0.000,8.512,4.755
-9.150,-46.200,-4.500,0.000,8.436,4.525
-9.600,-46.950,-4.050,0.000,8.589,4.525
-9.750,-46.350,-4.200,0.077,8.436,4.678
-8.700,-47.250,-4.800,-0.307,8.512,4.525
-8.250,-46.800,-4.650,0.000,8.512,4.601
-8.100,-46.500,-5.250,0.077,8.436,4.601
-8.550,-46.950,-4.500,0.077,8.512,4.371
-8.850,-46.950,-5.100,0.000,8.512,4.678
-7.500,-46.800,-5.250,-0.077,8.589,4.678
-8.250,-46.500,-5.550,-0.153,8.589,4.525
-9.000,-46.050,-5.850,-0.077,8.436,4.371
-6.750,-45.300,-6.450,-0.077,8.436,4.371
-8.550,-45.000,-6.300,-0.153,8.512,4.525
-6.900,-46.350,-6.150,-0.153,8.436,4.448
-7.050,-46.650,-6.900,0.000,8.589,4.601
-6.600,-45.600,-6.600,-0.077,8.436,4.525
-8.100,-45.450,-6.900,-0.077,8.436,4.448
-6.900,-46.500,-7.200,-0.077,8.512,4.371
-7.650,-45.900,-7.200,-0.153,8.512,4.601
-7.050,-45.450,-7.650,0.077,8.512,4.525
-7.200,-45.600,-8.100,0.077,8.589,4.448
-7.500,-45.150,-9.000,-0.077,8.589,4.831
-7.350,-45.600,-9.150,-0.153,8.589,4.525
-6.000,-45.300,-8.250,0.000,8.589,4.525
-6.300,-45.900,-8.850,-0.153,8.436,4.678
-5.250,-45.150,-9.150,-0.153,8.589,4.371
-4.650,-45.300,-10.050,-0.230,8.436,4.448
-5.550,-45.450,-10.500,-0.230,8.589,4.525
-5.550,-44.700,-9.900,-0.153,8.512,4.601
-4.650,-44.850,-9.750,-0.230,8.589,4.601
-4.950,-45.150,-10.050,-0.153,8.589,4.448
-5.100,-45.450,-10.200,-0.077,8.436,4.831
-5.700,-45.300,-10.050,0.000,8.359,4.371
-4.650,-44.850,-10.350,0.000,8.589,4.448
-4.800,-45.600,-10.050,-0.077,8.512,4.525
-4.650,-45.600,-10.200,-0.153,8.282,4.601
-3.000,-45.450,-10.950,-0.307,8.589,4.371
-3.150,-45.600,-11.400,-0.307,8.436,4.831
-3.000,-45.300,-12.000,-0.307,8.512,4.525
-2.550,-45.600,-12.150,-0.230,8.436,4.601
-3.150,-45.750,-12.450,-0.230,8.436,4.678
-2.400,-45.000,-12.300,-0.230,8.512,4.601
-2.400,-44.700,-12.900,-0.307,8.436,4.601
-2.400,-45.600,-12.900,-0.230,8.512,4.371
-1.950,-44.550,-12.000,0.000,8.589,4.371
-2.100,-44.850,-13.050,-0.230,8.589,4.525
-2.250,-45.300,-13.050,-0.153,8.436,4.525
-1.950,-44.100,-12.900,-0.230,8.589,4.525
-2.100,-44.850,-12.450,-0.153,8.589,4.601
-1.500,-44.700,-13.050,-0.077,8.512,4.448
-1.050,-43.200,-13.500,-0.077,8.589,4.525
-1.200,-43.950,-13.350,-0.153,8.589,4.448
-1.050,-44.700,-13.650,-0.230,8.359,4.448
-0.750,-44.250,-14.550,-0.153,8.589,4.525
1.050,-44.550,-14.400,-0.153,8.512,4.448
0.150,-44.700,-15.000,-0.153,8.512,4.064
0.150,-44.550,-14.250,-0.153,8.666,4.371
0.450,-44.550,-14.850,-0.230,8.589,4.525
0.900,-43.800,-15.150,-0.230,8.589,4.525
0.900,-44.850,-14.400,-0.230,8.512,4.525
1.200,-44.100,-15.000,-0.077,8.436,4.218
2.100,-43.500,-14.700,0.000,8.666,4.525
0.900,-44.100,-15.300,-0.077,8.512,4.525
1.200,-43.800,-15.900,-0.153,8.512,4.525
2.250,-44.250,-15.600,0.000,8.819,4.295
2.100,-44.400,-15.600,0.000,8.589,4.448
2.700,-44.550,-15.300,0.000,8.512,4.371
1.500,-43.650,-16.800,-0.077,8.589,4.525
2.850,-43.200,-16.800,-0.077,8.589,4.371
4.050,-44.400,-15.450,-0.077,8.742,4.755
3.750,-43.500,-16.800,0.000,8.589,4.371
3.750,-44.100,-16.050,0.000,8.666,4.525
4.200,-44.700,-16.950,0.000,8.589,4.371
4.500,-44.250,-16.950,0.000,8.512,4.448
4.950,-44.250,-17.100,0.077,8.589,4.218
4.950,-44.250,-16.950,0.077,8.666,4.448
5.250,-42.750,-16.350,0.077,8.436,4.448
5.250,-42.900,-16.200,0.077,8.589,4.448
5.850,-43.500,-16.950,0.077,8.512,4.448
6.600,-43.650,-17.100,0.153,8.666,4.448
6.000,-44.250,-16.650,0.077,8.589,4.525
6.900,-43.950,-17.550,0.230,8.436,4.371
7.200,-44.700,-17.700,0.153,8.742,4.448
8.100,-43.950,-17.550,0.153,8.436,4.295
7.350,-43.800,-17.100,0.077,8.666,4.525
8.700,-43.950,-17.850,-0.077,8.512,4.448
8.700,-43.950,-18.300,0.077,8.589,4.371
8.100,-43.800,-17.550,0.153,8.512,4.678
9.150,-44.400,-17.550,0.307,8.512,4.525
7.500,-43.350,-17.700,0.230,8.512,4.295
9.300,-43.950,-17.400,0.153,8.512,4.448
9.300,-43.800,-18.150,0.230,8.589,4.525
9.600,-43.650,-17.550,0.307,8.512,4.371
8.550,-44.250,-18.000,0.230,8.666,4.525
8.850,-43.200,-17.100,0.153,8.512,4.525
9.300,-43.500,-18.000,0.307,8.742,4.448
10.050,-44.550,-17.250,0.537,8.512,4.525
10.050,-43.500,-17.100,0.383,8.512,4.448
9.750,-42.900,-17.100,0.307,8.436,4.448
10.200,-43.950,-17.250,0.383,8.589,4.448
10.050,-44.100,-18.450,0.383,8.742,3.911
10.050,-43.950,-17.700,0.460,8.666,4.601
9.300,-44.700,-18.000,0.307,8.436,4.371
10.800,-44.400,-17.700,0.307,8.589,4.448
10.800,-43.800,-17.850,0.383,8.589,4.448
10.350,-44.100,-17.100,0.307,8.666,4.448
10.800,-44.100,-17.550,0.307,8.436,4.755
11.550,-44.250,-17.550,0.307,8.666,4.295
11.700,-43.650,-17.100,0.307,8.589,4.601
12.150,-43.950,-16.950,0.383,8.436,4.448
11.700,-44.400,-17.850,0.460,8.512,4.448
12.450,-43.800,-16.650,0.307,8.359,4.525
12.450,-43.650,-17.400,0.383,8.819,4.295
13.350,-44.250,-17.550,0.537,8.436,4.678
12.900,-43.650,-16.950,0.460,8.512,4.678
12.600,-43.800,-17.850,0.460,8.512,4.678
13.350,-43.950,-17.100,0.383,8.436,4.678
12.750,-44.550,-16.800,0.383,8.436,4.831
13.650,-43.950,-17.100,0.383,8.436,4.755
14.100,-44.100,-16.950,0.460,8.436,4.601
13.950,-44.700,-16.800,0.460,8.512,4.601
14.100,-44.550,-16.500,0.537,8.359,4.601
13.800,-43.500,-15.900,0.537,8.589,4.755
15.300,-44.100,-16.050,0.383,8.359,4.678
15.600,-43.800,-17.100,0.537,8.436,4.678
15.750,-44.700,-16.950,0.460,8.512,4.755
15.750,-44.550,-16.200,0.230,8.436,4.601
16.050,-44.400,-16.500,0.460,8.589,4.601
15.450,-44.550,-17.100,0.460,8.589,4.064
15.750,-45.300,-16.350,0.537,8.512,4.525
15.300,-45.150,-16.350,0.537,8.436,4.525
15.900,-44.250,-15.000,0.537,8.436,4.601
15.900,-44.550,-16.050,0.537,8.436,4.525
15.600,-44.550,-15.750,0.537,8.512,4.601
15.900,-45.000,-16.200,0.537,8.666,4.448
15.150,-45.150,-15.600,0.690,8.589,4.601
15.750,-43.650,-16.200,0.614,8.436,4.601
15.900,-43.950,-14.700,0.460,8.512,4.678
16.500,-44.250,-16.200,0.614,8.282,4.755
16.500,-43.800,-16.650,0.537,8.512,4.525
15.600,-44.700,-16.350,0.614,8.436,4.525
17.250,-44.850,-14.550,0.307,8.512,4.755
17.400,-44.100,-15.750,0.614,8.512,4.908
17.400,-45.300,-15.600,0.690,8.512,4.755
17.550,-45.150,-15.750,0.690,8.436,4.831
18.000,-44.100,-15.000,0.614,8.512,4.601
18.150,-45.000,-15.600,0.614,8.512,4.525
18.000,-45.150,-14.400,0.690,8.359,4.601
18.750,-44.400,-14.700,0.767,8.512,4.678
18.450,-44.700,-13.950,0.767,8.359,4.678
19.350,-45.000,-14.250,0.690,8.436,4.755
19.950,-45.600,-14.400,0.690,8.282,4.678
19.800,-45.900,-14.100,0.767,8.436,4.755
20.550,-46.350,-13.350,0.690,8.359,4.755
20.550,-45.900,-13.050,0.690,8.282,4.755
20.850,-45.750,-12.600,0.690,8.282,4.831
19.950,-45.900,-12.750,0.614,8.512,4.755
21.000,-45.900,-13.050,0.767,8.282,4.755
22.200,-46.500,-11.700,0.614,8.359,4.831
21.750,-46.650,-11.850,0.614,8.436,4.678
21.750,-46.050,-12.300,0.690,8.436,5.138
21.600,-46.950,-10.800,0.767,8.206,4.831
22.950,-46.950,-11.400,0.767,8.359,4.831
24.000,-47.250,-10.500,0.767,8.359,4.831
23.700,-46.800,-10.050,0.690,8.282,4.908
22.650,-47.400,-10.800,0.767,8.359,5.138
23.250,-46.950,-10.050,0.690,8.282,4.831
23.100,-46.500,-9.300,0.844,8.359,4.755
23.550,-46.650,-9.750,0.614,8.206,4.831
25.050,-47.400,-9.000,0.767,8.359,4.985
24.000,-47.550,-8.100,0.767,8.206,4.908
24.450,-47.250,-7.950,0.767,8.282,4.985
24.300,-47.700,-7.650,0.767,8.282,4.908
24.600,-47.550,-7.650,0.997,8.129,4.985
25.650,-48.750,-7.050,0.997,8.282,4.755
25.500,-48.750,-6.000,1.074,8.359,4.985
27.600,-48.150,-5.550,0.614,8.052,4.678
27.600,-49.650,-4.200,0.767,8.666,4.831
27.750,-48.750,-3.450,0.383,8.282,4.831
28.050,-49.950,-0.900,0.383,8.359,4.525
27.450,-50.550,-1.200,0.230,8.512,4.831
28.350,-49.800,-0.150,0.153,8.206,4.831
28.500,-50.250,0.750,0.230,8.436,5.138
27.300,-51.150,0.600,0.230,8.282,4.831
29.100,-51.450,1.350,0.307,8.359,4.985
28.950,-51.150,3.450,0.307,8.436,4.755
27.600,-51.750,3.750,0.230,8.512,4.985
28.650,-51.750,3.750,0.383,8.359,4.755
28.950,-51.450,4.650,0.460,8.512,4.908
28.650,-52.350,5.400,0.537,8.282,4.831
28.050,-52.200,5.850,0.230,8.512,4.678
26.850,-53.700,7.500,0.307,8.206,4.755
27.900,-52.650,8.400,0.077,8.359,4.525
26.550,-54.150,9.150,0.153,8.359,4.908
26.100,-54.000,9.600,0.230,7.976,4.755
25.800,-53.850,10.650,0.920,8.742,5.675
26.100,-54.750,12.600,0.000,8.129,4.908
24.900,-54.600,12.750,0.077,8.512,4.985
25.200,-55.050,12.600,0.000,8.359,4.601
24.600,-55.500,13.350,0.153,8.282,4.831
23.550,-54.600,14.250,0.230,8.359,4.831
24.300,-54.600,15.300,0.077,8.436,4.831
23.400,-55.950,14.850,0.077,8.282,4.831
22.950,-55.050,16.050,0.077,8.436,5.061
23.100,-55.950,15.600,0.077,8.512,4.755
22.200,-54.900,16.050,0.230,8.359,4.755
22.350,-55.800,16.500,0.153,8.359,4.755
22.200,-55.200,15.900,0.230,8.282,4.678
21.750,-55.200,16.500,0.460,8.436,4.908
22.350,-55.500,17.250,0.230,8.282,4.831
20.400,-55.650,17.700,0.153,8.742,4.678
19.950,-56.700,18.000,0.307,8.666,4.831
20.250,-56.550,18.300,0.153,8.359,4.601
18.900,-57.450,18.450,0.153,8.512,4.831
18.450,-57.450,19.350,0.230,8.512,4.525
17.850,-57.150,19.350,0.077,8.436,4.601
17.400,-57.150,19.800,0.077,8.282,4.601
16.800,-57.150,19.500,0.230,8.436,4.678
14.850,-57.300,19.800,0.153,8.436,4.831
15.000,-56.850,20.550,0.077,8.436,4.601
13.950,-57.150,20.400,0.153,8.512,4.831
12.900,-57.000,20.100,0.153,8.436,4.601
12.150,-57.600,20.700,0.077,8.359,4.755
10.950,-57.450,21.150,0.153,8.436,4.678
11.400,-56.400,20.400,0.153,8.436,4.371
10.200,-57.000,20.400,0.000,8.512,4.525
9.900,-57.750,21.150,0.153,8.359,4.755
9.450,-55.800,20.700,0.230,8.282,4.678
8.100,-56.850,21.150,0.230,8.359,4.678
7.800,-57.150,20.550,0.153,8.359,4.831
7.200,-56.850,20.250,0.230,8.436,4.448
6.900,-57.000,21.300,0.307,8.436,4.755
5.100,-56.850,21.300,0.307,8.282,4.601
5.700,-56.400,21.000,0.307,8.359,4.601
5.700,-56.400,21.750,0.307,8.436,4.831
4.650,-56.400,20.700,0.230,8.436,4.678
4.200,-56.550,20.700,0.077,8.742,4.831
4.050,-57.450,21.150,0.153,8.359,4.678
3.900,-56.100,21.450,0.077,8.436,4.831
3.300,-56.400,20.250,0.077,8.512,4.525
2.400,-55.950,19.950,-0.077,8.436,4.371
1.350,-55.350,19.650,0.000,8.436,4.295
1.500,-56.850,19.500,0.230,8.512,4.678
1.500,-55.350,19.650,0.230,8.436,4.601
0.150,-55.800,18.300,-0.077,7.822,4.371
-0.150,-55.350,18.000,-0.230,8.819,4.755
-0.750,-55.200,18.300,-0.307,8.206,4.525
-2.400,-55.500,17.400,-0.460,8.666,4.755
-2.100,-55.350,17.550,-0.460,8.512,4.678
-2.400,-55.200,17.400,-0.077,8.436,4.678
-2.850,-54.300,16.200,-0.153,8.359,4.525
-3.300,-54.300,17.100,0.000,8.436,4.755
-3.600,-54.750,15.600,0.000,8.359,4.448
-4.500,-53.550,15.300,0.000,8.589,4.678
-5.550,-54.450,15.000,-0.077,8.512,4.678
-5.700,-53.250,14.550,0.000,8.436,4.755
-6.450,-52.800,13.200,-0.153,8.436,4.678
-7.200,-52.800,13.200,-0.077,8.589,4.525
-7.650,-51.900,12.900,0.000,8.512,4.525
-7.350,-52.950,12.300,0.077,8.436,4.448
-7.350,-51.600,12.150,0.153,8.589,4.371
-8.700,-52.950,11.250,0.077,8.512,4.678
-9.000,-51.000,11.100,0.077,8.436,4.601
-9.600,-51.000,10.050,-0.077,8.589,4.525
-10.050,-50.250,8.550,-0.077,8.589,4.525
-9.900,-50.400,8.700,0.000,8.436,4.448
-9.600,-50.550,10.050,0.000,8.512,4.601
-9.900,-50.850,8.700,0.153,8.436,4.678
-9.600,-50.400,7.800,0.077,8.436,4.601
-9.900,-50.400,8.100,0.153,8.512,4.755
-10.950,-49.800,7.500,0.307,8.512,4.678
-10.650,-50.400,8.100,0.230,8.436,4.601
-11.850,-49.950,7.950,0.077,8.512,4.525
-10.500,-49.650,7.350,0.000,8.359,4.678
-10.350,-50.550,7.350,0.000,8.512,4.755
-10.500,-50.550,7.200,0.230,8.282,4.755
-10.500,-50.400,7.950,0.230,8.359,4.678
-10.500,-50.400,7.800,0.230,8.666,4.601
-9.750,-49.950,7.050,0.000,8.359,4.601
-10.350,-49.950,7.350,0.077,8.666,4.371
-10.200,-49.950,7.200,0.153,8.359,4.448
-10.800,-50.700,7.050,0.230,8.589,4.601
-9.600,-51.000,7.950,0.153,8.589,4.678
-10.500,-50.100,7.500,0.000,8.436,4.601
-9.300,-51.150,7.950,0.077,8.589,4.601
-9.900,-50.100,7.950,-0.153,8.589,4.678
-9.450,-51.000,7.350,0.077,8.359,4.601
-9.600,-50.700,7.650,0.307,8.589,4.601
-9.450,-50.250,8.100,0.153,8.436,4.755
-10.350,-49.800,8.100,0.000,8.512,4.985
-9.900,-50.700,7.500,0.153,8.512,4.831
-10.500,-50.550,7.050,-0.307,8.282,3.374
-9.750,-50.700,7.800,0.307,7.285,3.298
-9.450,-51.300,12.000,-0.230,9.509,4.525
-10.200,-52.350,13.650,-0.230,10.046,1.380
-9.600,-52.650,13.500,0.383,9.893,3.528
-9.750,-52.050,14.100,0.077,9.356,2.607
-8.850,-52.050,14.700,0.153,9.203,3.144
-9.300,-52.650,13.650,0.077,9.279,2.991
-9.000,-52.200,14.850,0.077,9.279,3.068
-8.700,-53.250,13.650,0.077,9.356,2.991
-9.000,-52.500,13.800,0.077,9.126,2.991
-8.700,-52.050,13.050,0.077,9.509,3.221
-9.450,-52.200,12.450,0.077,9.279,3.528
-10.200,-52.050,11.250,0.153,8.819,3.298
-9.000,-51.750,10.800,0.153,8.282,3.604
-9.750,-52.350,10.650,0.000,8.819,3.451
-9.600,-52.500,10.350,-0.077,8.666,3.604
-10.500,-51.900,10.950,0.000,8.972,3.528
-9.450,-51.150,11.100,0.000,8.896,3.911
-9.750,-51.900,11.550,0.000,8.972,3.988
-8.700,-51.900,10.200,0.077,8.742,3.681
-9.900,-51.750,10.650,0.000,8.896,3.758
-10.350,-51.150,11.100,0.153,8.896,3.758
-10.800,-51.000,11.100,0.000,8.742,3.834
-10.350,-52.500,11.400,0.230,9.049,4.141
-9.600,-51.300,11.250,0.077,8.896,3.834
-10.200,-52.050,11.700,0.077,8.819,3.834
-10.500,-51.150,11.100,0.153,8.972,3.911
-9.750,-52.200,11.250,0.077,8.896,3.758
-8.850,-52.050,10.800,0.000,9.126,3.758
-10.500,-52.200,11.100,-0.153,8.972,3.911
-9.600,-51.300,11.700,-0.153,8.819,3.834
-8.850,-51.600,11.400,-0.307,8.972,3.911
-9.900,-51.900,12.300,-0.307,8.819,3.681
-9.450,-51.750,11.700,0.000,9.126,3.834
-9.300,-52.050,13.200,-0.077,8.742,3.834
-8.250,-52.800,13.800,0.000,9.049,3.681
-8.550,-52.650,14.550,0.000,8.896,3.681
-7.500,-53.550,14.550,-0.153,8.972,3.681
-6.450,-52.950,15.450,-0.077,8.819,3.681
-5.700,-53.400,16.500,0.000,8.896,3.604
-6.300,-53.100,16.650,-0.077,8.972,3.758
-6.450,-52.800,16.950,0.000,8.972,3.681
-5.850,-53.550,17.850,0.000,8.819,3.834
-4.950,-54.000,17.850,0.077,9.049,3.681
-5.250,-54.450,18.450,0.077,8.589,3.834
-4.200,-54.450,19.500,0.000,8.972,3.911
-4.650,-54.450,18.450,-0.077,9.049,3.758
-3.600,-54.900,19.200,-0.153,8.896,3.758
-3.750,-53.550,18.750,-0.153,9.049,3.681
-4.800,-55.350,19.200,-0.230,8.896,3.681
-3.600,-54.450,19.650,-0.230,8.896,3.528
-3.900,-54.900,19.200,-0.307,8.819,3.988
-3.900,-54.450,19.950,-0.383,8.819,3.758
-3.000,-55.800,20.250,-0.307,8.896,3.758
-2.100,-55.350,19.650,-0.383,8.819,3.834
-2.700,-54.900,21.000,-0.307,8.896,3.758
-1.950,-55.200,21.150,-0.307,8.896,3.911
-0.900,-55.650,21.450,-0.153,8.896,3.681
-0.450,-55.500,22.500,-0.153,8.742,3.834
0.450,-56.100,21.750,-0.077,8.972,3.758
1.050,-56.400,22.950,-0.307,8.896,3.758
1.350,-56.250,22.800,-0.230,8.896,3.988
1.950,-56.400,22.800,-0.230,8.896,3.681
2.850,-57.000,22.950,-0.307,8.896,3.988
3.600,-57.300,24.150,-0.230,8.896,3.834
3.300,-56.850,23.100,-0.307,8.819,3.988
4.500,-56.700,24.300,-0.383,8.896,4.218
4.350,-56.400,24.600,-0.383,8.896,3.911
4.950,-57.000,24.750,-0.460,8.819,3.681
6.300,-56.100,24.750,-0.383,8.589,3.911
6.150,-57.300,25.500,-0.230,8.589,3.758
7.050,-56.550,25.350,0.000,9.049,3.834
8.550,-56.700,26.400,0.000,8.972,3.451
9.600,-57.300,25.650,-0.077,8.819,3.834
10.050,-57.150,25.800,-0.077,8.819,3.834
11.100,-57.600,25.950,-0.153,9.126,4.141
11.700,-57.000,25.650,-0.230,8.742,3.758
12.900,-57.600,26.100,-0.230,8.819,3.834
14.400,-57.150,26.250,-0.077,8.896,3.911
14.400,-57.150,25.050,-0.153,8.896,3.374
15.750,-57.000,25.950,-0.460,8.896,3.988
15.000,-57.300,25.350,-0.307,8.819,3.758
16.500,-56.850,24.750,-0.153,8.896,3.834
17.700,-57.150,24.450,-0.230,8.896,3.528
17.250,-56.700,25.650,-0.460,8.666,4.141
17.550,-57.450,25.200,-0.230,9.126,3.681
18.750,-56.850,24.000,-0.153,8.972,3.911
19.350,-56.100,24.450,-0.230,8.896,3.758
19.950,-56.850,24.000,-0.307,8.896,3.681
19.950,-56.850,23.700,-0.230,8.896,3.758
21.300,-56.100,24.000,-0.153,8.819,3.834
21.600,-56.250,23.550,-0.307,8.896,3.758
20.850,-55.800,23.400,-0.383,8.742,3.988
22.500,-56.700,22.950,-0.383,9.049,3.911
22.350,-56.550,23.100,-0.153,8.819,3.911
23.400,-56.100,22.650,-0.307,8.972,3.911
23.250,-55.350,21.150,-0.230,8.819,3.758
23.250,-56.250,21.450,-0.307,8.742,4.141
25.050,-55.800,21.450,-0.460,8.742,3.911
23.100,-56.250,21.300,-0.690,8.512,3.834
24.450,-55.800,20.700,-0.690,8.512,3.374
24.600,-55.500,20.700,0.153,9.433,4.678
26.250,-55.800,20.700,-0.077,9.356,4.141
26.700,-55.500,19.500,-0.230,8.512,3.451
26.100,-55.200,19.200,-0.383,9.203,3.988
26.250,-55.650,19.050,-0.307,8.666,3.911
27.450,-54.450,18.900,-0.230,8.896,3.528
28.200,-54.900,18.300,-0.230,8.742,3.758
27.900,-54.150,18.000,-0.307,8.896,4.064
28.350,-54.000,17.250,-0.460,8.896,3.911
30.150,-54.750,15.600,-0.460,8.742,3.758
30.150,-54.000,15.600,-0.383,9.049,4.448
29.400,-53.400,14.400,-0.307,8.972,3.834
30.900,-53.400,14.100,-0.460,8.819,3.834
31.200,-53.250,13.500,-0.460,8.896,3.911
30.750,-53.100,12.000,-0.614,8.819,3.911
31.200,-54.000,10.950,0.077,8.972,3.758
32.250,-53.250,10.800,-0.537,8.742,3.681
30.750,-53.100,10.350,-0.230,8.819,3.758
31.650,-52.050,9.600,-0.153,8.666,3.834
31.200,-52.050,9.450,-0.307,8.896,3.834
32.700,-52.200,9.150,-0.307,8.819,3.911
32.100,-51.600,8.400,-0.537,8.896,3.988
33.000,-51.450,7.950,-0.383,8.819,3.988
33.000,-51.000,7.650,-0.767,8.896,4.064
32.100,-50.550,6.300,-0.537,8.742,3.988
32.550,-51.000,6.750,-0.383,8.819,3.834
32.100,-51.750,5.700,-0.460,8.819,4.218
32.550,-50.700,4.350,-0.383,8.742,3.911
32.700,-50.100,3.900,-0.153,8.896,4.064
31.350,-49.650,3.300,-0.460,8.819,4.141
31.950,-50.400,2.700,-0.537,8.589,3.911
32.250,-49.650,2.100,-0.307,8.742,4.141
32.250,-49.800,1.950,-0.153,8.896,4.064
31.500,-49.950,1.050,-0.383,8.666,4.064
32.700,-48.450,0.150,-0.537,8.742,4.064
31.200,-48.750,-0.750,-0.537,8.742,3.834
31.350,-49.050,-1.350,-0.460,8.666,4.141
30.450,-48.600,-2.550,-0.383,8.819,4.218
30.450,-47.850,-3.750,-0.153,8.666,4.141
29.850,-47.700,-4.650,-0.153,8.742,4.218
29.700,-47.550,-4.350,-0.230,8.742,4.141
29.550,-48.150,-5.100,-0.460,8.742,3.988
28.950,-47.400,-6.150,-0.307,8.666,4.218
26.550,-48.150,-6.750,-0.460,8.972,3.834
27.000,-47.250,-8.250,-0.230,8.742,3.988
26.400,-47.250,-8.700,-0.230,8.512,3.988
26.100,-47.700,-8.850,-0.230,8.512,3.988
24.450,-47.400,-9.600,-0.383,8.819,4.218
23.850,-47.100,-10.200,-0.153,9.509,4.064
22.950,-47.250,-11.700,-0.153,8.206,4.218
22.350,-47.700,-10.650,-0.460,9.509,2.607
21.000,-47.700,-12.000,-0.077,9.356,4.064
19.650,-48.000,-12.900,0.230,8.819,4.141
19.050,-47.250,-12.900,0.077,9.126,3.834
17.850,-47.250,-13.950,0.230,8.742,3.604
17.100,-48.000,-13.800,0.383,9.049,3.834
15.750,-47.400,-13.950,0.460,8.819,4.064
15.300,-46.500,-14.550,0.383,8.819,3.604
15.150,-46.950,-13.950,-0.307,9.203,4.371
13.950,-48.450,-13.500,0.230,9.126,3.988
14.700,-48.000,-13.650,0.383,9.126,3.681
15.450,-47.700,-13.950,0.307,9.203,3.451
14.700,-47.100,-13.350,0.383,8.972,3.758
14.700,-48.300,-13.650,0.230,9.049,3.988
14.850,-47.550,-13.500,0.230,8.972,3.604
15.000,-47.850,-13.200,0.153,8.896,3.528
13.950,-48.150,-13.350,0.077,9.049,3.911
14.400,-48.300,-12.900,-0.153,8.819,3.988
14.550,-47.700,-13.350,0.460,8.742,3.758
13.650,-48.450,-13.650,-0.077,9.049,3.681
15.000,-46.950,-13.200,-0.230,8.819,3.834
12.750,-47.250,-13.800,-0.230,9.049,3.681
12.600,-46.800,-14.100,-0.077,8.819,3.604
12.150,-47.850,-14.400,0.153,8.972,3.834
11.850,-48.150,-13.650,0.153,8.972,3.681
10.050,-48.150,-13.950,0.153,8.972,3.451
10.350,-47.850,-14.400,0.077,8.896,3.528
11.100,-47.550,-14.400,0.230,8.972,3.681
8.850,-48.150,-14.550,0.230,8.896,3.604
9.000,-47.400,-14.100,0.077,8.972,3.758
7.800,-47.400,-14.250,0.077,8.972,3.604
8.100,-47.700,-13.800,0.000,8.896,3.528
7.800,-48.450,-14.700,0.000,9.049,3.758
7.650,-47.850,-14.250,-0.153,9.126,3.604
7.050,-47.550,-14.700,-0.077,9.126,3.681
8.550,-47.700,-14.250,0.000,8.972,3.758
6.300,-48.150,-14.100,-0.077,8.896,3.528
7.200,-47.850,-14.550,-0.077,9.049,3.528
7.200,-47.550,-12.600,-0.077,8.896,3.528
6.900,-47.700,-14.100,-0.077,8.972,3.681
6.300,-47.850,-14.400,-0.153,8.972,3.528
6.450,-46.650,-13.650,-0.153,8.896,3.681
6.300,-47.700,-14.550,-0.153,8.896,3.374
6.450,-48.000,-13.500,-0.230,8.896,3.528
6.900,-46.800,-13.950,-0.077,8.896,3.681
6.150,-47.250,-13.650,-0.307,9.049,3.681
5.400,-48.000,-13.650,-0.153,9.126,3.374
5.550,-47.400,-14.100,-0.153,8.972,3.604
4.950,-48.300,-13.200,-0.307,8.972,3.604
5.400,-47.850,-12.750,0.000,8.972,3.528
3.900,-48.150,-13.500,-0.537,8.972,3.451
4.800,-47.850,-12.900,-0.230,9.049,3.681
3.300,-47.700,-13.800,-0.153,8.819,3.911
3.000,-47.100,-13.050,-0.230,8.742,3.681
3.150,-47.550,-12.750,-0.153,9.126,3.604
1.800,-48.300,-11.550,-0.307,8.972,3.221
1.950,-48.600,-12.000,-0.383,9.049,3.758
0.900,-48.600,-11.100,-0.460,9.049,3.681
0.000,-48.600,-11.550,-0.383,8.896,3.681
-0.150,-48.750,-10.350,-0.077,8.896,3.681
-1.200,-47.550,-10.350,-0.077,8.742,3.758
-1.800,-47.850,-9.600,-0.230,9.049,3.451
-1.800,-47.850,-9.300,-0.230,8.972,3.604
-2.400,-49.050,-9.450,-0.537,8.819,3.604
-2.850,-47.250,-8.250,-0.460,8.819,3.681
-4.200,-48.600,-7.200,-0.460,8.742,3.681
-5.100,-47.700,-6.750,0.077,9.356,3.374
-5.700,-48.300,-5.850,-0.153,8.742,3.681
-5.550,-48.000,-4.650,0.000,9.126,3.681
-5.850,-48.600,-5.100,0.000,8.742,3.604
-5.550,-49.200,-4.500,0.077,9.203,3.528
-6.300,-49.950,-4.200,0.077,8.742,3.681
-6.150,-49.350,-4.800,-0.230,9.049,3.834
-6.000,-48.300,-4.350,-0.077,9.049,3.681
-6.750,-49.350,-4.350,-0.230,8.666,3.451
-6.750,-48.900,-5.100,-0.153,9.203,3.758
-5.550,-49.800,-4.200,-0.153,8.666,3.758
-5.850,-48.300,-4.200,-0.153,8.896,3.834
-6.000,-49.050,-4.800,-0.230,8.972,3.604
-6.300,-48.900,-4.650,-0.230,8.742,3.604
-6.000,-48.600,-4.200,-0.153,8.972,3.528
-6.450,-48.900,-3.750,-0.307,8.972,3.681
-6.150,-48.150,-4.500,-0.230,8.896,3.451
-7.200,-49.200,-4.350,0.077,9.126,4.141
-5.250,-49.350,-4.650,0.153,8.972,3.758
-5.550,-48.750,-4.050,-0.614,8.972,3.911
-5.400,-49.800,-3.600,0.153,7.592,3.221
-6.000,-50.850,-0.750,-0.077,8.972,2.377
-5.850,-52.200,1.800,0.077,10.200,2.147
-5.400,-53.550,3.750,-0.460,9.969,1.841
-5.400,-54.000,4.650,-0.230,9.893,1.687
-5.250,-53.850,4.050,-0.153,9.663,1.610
-6.300,-54.900,3.900,-0.307,9.279,1.534
-4.350,-53.400,4.050,-0.230,9.663,1.610
-4.950,-54.450,3.150,-0.614,9.663,1.764
-5.850,-55.050,4.500,0.077,9.663,1.227
-5.100,-54.000,3.600,0.000,9.509,1.687
-4.800,-53.700,2.700,-0.460,9.279,2.224
-5.550,-54.000,2.700,-0.307,9.816,1.917
-4.050,-54.000,2.100,-0.844,9.126,1.994
-4.500,-54.150,1.800,-0.690,9.893,2.607
-5.400,-53.850,2.400,-0.153,9.816,2.377
-5.400,-52.050,0.000,0.077,9.663,2.531
-5.400,-51.300,-0.450,-0.844,7.899,1.841
-4.650,-50.550,-1.050,-0.844,9.663,2.837
-5.100,-51.300,-0.600,-0.383,9.739,2.684
-5.850,-51.900,-0.750,0.230,9.433,2.224
-5.850,-52.500,0.000,-0.307,9.279,2.607
-5.700,-51.450,0.600,-0.230,9.279,2.684
-5.850,-52.800,-0.150,0.307,9.586,2.684
-4.950,-52.200,1.050,-0.460,9.126,2.531
-6.000,-52.350,-0.150,-0.153,9.586,2.684
-5.400,-52.050,-0.150,0.000,9.126,2.531
-5.550,-51.750,0.000,-0.077,9.433,2.607
-5.850,-51.750,0.000,-0.153,9.586,2.684
-6.300,-51.750,0.300,-0.153,9.279,2.531
-5.550,-52.050,-0.150,-0.153,9.509,2.531
-5.850,-52.200,0.750,-0.230,9.433,2.531
-5.250,-52.350,0.300,-0.307,9.279,2.531
-6.150,-52.050,0.150,-0.230,9.433,2.761
-6.000,-51.600,-0.150,-0.230,9.433,2.454
-5.400,-51.900,0.450,-0.307,9.279,2.531
-5.850,-52.350,-0.150,-0.077,9.433,2.607
-5.700,-51.750,0.450,-0.153,9.356,2.607
-5.250,-51.750,0.450,-0.307,9.279,2.607
-6.150,-51.300,-0.150,-0.153,9.356,2.224
-5.400,-52.050,0.150,-0.307,9.279,2.531
-5.850,-52.050,0.000,-0.230,9.279,2.531
-5.100,-51.150,0.150,-0.153,9.279,2.531
-6.000,-51.900,-0.150,0.000,9.279,2.377
-5.700,-51.150,-0.150,0.153,9.203,2.531
-5.850,-51.000,-0.750,0.230,9.433,2.607
-5.400,-51.000,-0.600,0.307,9.356,2.377
-5.100,-52.350,-1.650,0.307,9.356,2.301
-5.550,-51.450,-1.500,0.230,9.433,2.377
-4.050,-50.850,-2.550,0.077,9.279,2.147
-3.150,-51.600,-3.300,0.000,9.356,2.454
-3.150,-51.450,-4.800,0.153,9.433,2.377
-1.950,-51.300,-5.250,0.077,9.433,2.377
-1.050,-51.300,-6.300,0.153,9.509,2.377
1.500,-51.150,-7.950,0.614,8.819,2.837
2.250,-52.200,-7.500,-0.614,10.430,2.914
3.900,-50.850,-7.650,-0.460,8.589,1.994
4.350,-52.500,-7.800,-0.460,9.739,2.301
5.250,-51.750,-8.550,-0.230,9.356,2.301
6.300,-51.750,-9.600,-0.153,9.356,2.071
7.050,-51.150,-9.300,-0.230,9.586,2.377
8.250,-51.750,-10.050,-0.307,9.509,2.377
8.100,-52.050,-9.000,-0.307,9.356,2.454
8.250,-51.150,-9.450,-0.230,9.356,2.454
8.400,-51.300,-9.750,-0.077,9.356,2.454
9.150,-51.600,-9.450,0.000,9.279,2.454
9.000,-51.450,-9.750,0.077,9.356,2.454
8.850,-51.600,-9.450,0.153,9.509,2.454
9.750,-51.750,-9.000,0.230,9.356,2.531
8.850,-51.300,-9.750,0.383,9.279,2.377
9.450,-51.300,-8.550,0.383,9.433,2.301
10.050,-51.300,-9.150,0.460,9.433,2.531
10.500,-51.150,-9.900,0.614,9.509,2.454
10.350,-51.150,-9.600,0.537,9.586,2.531
11.400,-52.050,-8.850,0.460,9.433,2.377
11.550,-51.600,-10.500,0.307,9.433,2.377
12.900,-52.050,-8.850,0.153,9.203,2.454
13.950,-51.450,-9.300,0.000,9.356,2.531
13.650,-52.350,-8.700,-0.153,9.203,2.454
14.850,-51.450,-8.550,-0.230,9.433,2.454
14.850,-52.050,-8.250,0.153,8.819,2.301
14.550,-52.050,-9.000,0.077,9.509,1.917
14.400,-52.050,-9.000,0.383,9.586,2.301
14.250,-52.050,-8.550,0.690,9.509,2.991
14.700,-52.500,-8.400,0.307,9.433,2.531
14.250,-52.350,-8.850,0.383,9.586,2.454
13.500,-52.350,-8.400,0.383,9.203,2.454
13.950,-52.050,-8.250,0.230,9.356,2.377
13.500,-51.750,-8.250,0.230,9.356,2.531
13.500,-51.900,-9.450,0.307,9.433,2.531
13.950,-51.900,-8.850,0.230,9.356,2.377
13.200,-51.750,-8.850,0.230,9.356,2.684
13.650,-52.500,-9.000,0.153,9.279,2.454
13.950,-52.800,-8.100,0.230,9.433,2.454
13.650,-52.200,-9.000,0.230,9.356,2.531
13.650,-52.200,-9.150,0.077,9.356,2.377
14.250,-52.050,-9.000,0.153,9.433,2.377
13.650,-52.650,-8.850,0.230,9.433,2.377
12.900,-52.350,-9.000,0.153,9.356,2.454
13.800,-52.500,-8.550,0.307,9.356,2.377
13.050,-51.750,-9.150,0.230,9.433,2.377
13.200,-52.200,-9.150,0.383,9.509,2.377
13.050,-52.950,-7.950,0.230,9.356,2.454
13.350,-52.650,-8.700,0.460,9.509,2.454
13.050,-52.950,-8.550,0.614,9.203,2.377
13.500,-52.350,-8.400,0.767,9.433,2.224
14.100,-52.200,-8.700,0.537,9.356,2.454
14.250,-52.350,-8.700,0.614,9.433,2.607
14.100,-51.450,-8.100,0.690,9.279,2.301
14.850,-52.500,-8.250,0.690,9.509,2.224
15.600,-52.950,-7.650,0.383,9.356,2.377
17.250,-52.500,-7.350,0.537,9.279,2.454
16.950,-51.600,-6.900,0.537,9.356,2.454
18.150,-52.500,-6.300,0.614,9.279,2.454
18.750,-53.100,-6.150,0.383,9.279,2.684
18.900,-52.650,-6.300,0.460,9.279,2.607
19.950,-52.500,-5.550,0.690,9.279,2.684
19.650,-52.950,-4.650,0.690,9.356,2.531
20.700,-53.700,-4.500,0.537,9.356,2.684
20.400,-52.800,-4.350,0.614,9.356,2.531
20.400,-53.700,-4.200,0.460,9.203,2.684
21.300,-53.550,-4.200,0.460,9.279,2.684
21.600,-53.100,-3.450,0.537,9.203,2.837
22.050,-53.100,-3.900,0.614,9.356,2.761
21.150,-53.850,-3.600,0.614,9.279,2.607
22.050,-53.700,-3.600,0.614,9.279,2.454
21.600,-53.100,-3.450,0.690,9.356,2.761
21.000,-53.250,-2.550,0.690,9.126,2.684
21.000,-53.100,-3.300,0.767,9.279,2.607
22.050,-53.250,-3.600,0.767,9.203,2.531
21.300,-53.250,-3.750,0.690,9.356,2.761
21.450,-53.250,-3.600,0.767,9.279,2.761
22.050,-53.700,-3.000,0.767,9.203,2.837
21.000,-52.650,-3.300,0.920,9.279,2.684
22.050,-53.850,-3.450,0.920,9.203,2.761
22.200,-53.250,-2.700,0.920,9.203,2.914
21.750,-53.100,-2.700,0.920,9.279,2.837
21.900,-52.950,-3.150,0.997,9.279,2.684
21.000,-52.650,-2.250,0.920,9.279,2.761
22.350,-53.700,-2.250,0.767,9.279,2.761
22.500,-52.950,-1.050,0.920,9.279,2.914
22.200,-53.400,-1.050,1.074,9.279,2.837
22.800,-52.950,-0.900,0.844,9.126,2.607
24.900,-53.700,-0.600,0.844,8.972,3.068
25.350,-53.400,0.450,0.614,9.433,2.147
24.900,-53.100,2.250,0.230,9.356,2.454
25.050,-54.000,1.950,0.307,9.356,2.914
25.950,-53.550,2.550,0.537,9.433,2.684
26.250,-53.850,3.000,0.230,9.356,2.914
26.700,-54.150,3.450,0.077,9.356,2.837
27.000,-53.700,3.900,0.077,9.279,2.991
27.000,-52.800,3.600,0.383,9.279,2.761
27.000,-54.150,4.050,0.307,9.279,2.607
27.450,-54.000,3.450,0.383,9.279,2.914
27.000,-53.850,3.450,0.460,9.433,2.684
27.750,-54.450,3.150,0.383,9.433,2.914
27.600,-54.150,2.850,0.307,9.279,3.144
27.150,-53.850,2.700,0.383,9.433,2.991
26.700,-53.250,3.300,0.383,9.279,2.761
27.300,-53.400,3.000,0.460,9.279,2.991
27.150,-53.700,2.550,0.307,9.126,2.761
27.150,-53.400,3.750,0.383,9.203,2.684
27.000,-54.000,2.700,0.690,9.279,3.068
27.000,-54.150,2.850,0.077,9.509,2.761
27.300,-52.950,2.700,0.307,9.203,2.837
27.000,-53.550,3.300,0.153,9.203,2.684
26.550,-53.100,2.250,0.307,9.509,2.684
25.950,-53.400,2.550,0.307,9.049,2.837
27.300,-54.000,2.400,0.460,9.203,2.684
26.700,-53.100,2.550,0.230,9.433,2.914
27.000,-54.000,2.550,0.307,9.356,2.837
26.250,-53.100,3.300,0.307,9.356,2.607
26.700,-54.000,2.700,0.307,9.126,2.761
25.950,-53.400,3.000,0.383,9.203,2.914
25.950,-52.950,3.150,0.460,8.972,3.221
27.150,-53.100,3.600,0.690,9.203,2.684
26.550,-53.250,2.700,0.690,9.356,2.837
26.700,-53.850,3.000,0.844,9.126,2.837
27.000,-54.150,3.450,0.767,9.203,2.761
27.750,-53.850,4.500,0.537,9.203,2.761
27.900,-54.450,5.100,0.537,9.126,2.684
27.300,-54.750,5.550,0.537,9.356,2.454
28.050,-54.900,6.750,0.307,9.203,2.607
28.350,-53.250,8.700,0.537,9.279,2.837
27.900,-54.600,9.450,0.460,9.356,3.068
28.800,-55.200,10.650,0.000,9.126,2.147
28.650,-54.750,11.400,-0.077,9.126,2.607
28.350,-54.750,12.000,-0.077,9.049,2.684
28.350,-55.200,13.200,0.230,9.433,2.761
27.600,-55.050,13.950,0.077,9.203,2.914
27.600,-54.900,14.700,-0.077,9.433,2.837
28.200,-55.200,14.400,-0.230,9.126,2.991
28.050,-55.050,14.700,-0.077,9.203,2.914
28.500,-54.750,14.850,0.307,9.126,2.914
27.000,-54.300,14.850,0.153,9.203,2.837
28.050,-55.200,15.300,0.230,9.126,2.914
27.750,-54.750,14.850,0.153,9.203,2.914
28.650,-55.050,15.150,0.307,9.126,3.374
27.900,-55.350,15.150,0.230,9.203,2.837
27.900,-54.750,14.700,0.383,9.433,2.914
28.500,-55.500,15.600,0.230,9.203,2.837
27.900,-54.750,15.750,0.230,9.126,2.914
27.600,-54.600,15.900,0.307,9.279,2.914
27.600,-54.600,14.100,0.307,9.203,2.837
27.150,-54.300,16.050,0.383,9.356,3.221
27.450,-55.800,16.200,0.614,9.279,2.684
27.600,-55.350,15.150,0.460,9.203,2.991
27.450,-55.650,16.500,0.460,9.203,2.837
27.450,-55.350,17.250,0.537,9.586,2.991
26.550,-56.400,17.700,0.614,9.126,2.607
25.800,-56.550,18.450,0.537,9.049,2.607
25.650,-55.950,19.650,0.383,9.356,2.914
25.050,-57.150,20.400,0.537,9.279,2.991
24.600,-57.000,21.150,0.460,9.203,2.837
22.650,-56.700,23.400,0.383,9.203,2.837
22.050,-57.000,23.100,0.844,8.666,4.218
21.600,-56.850,25.050,0.537,9.816,3.068
21.000,-56.550,26.550,0.000,9.356,3.068
20.400,-56.400,28.800,-0.307,9.509,2.607
19.500,-57.450,29.100,-0.460,9.356,2.684
19.500,-57.000,28.650,-0.383,9.279,2.607
17.550,-57.600,30.600,-0.383,9.126,2.684
18.150,-56.700,29.400,-0.307,9.279,2.607
17.700,-57.450,30.450,-0.153,9.279,2.837
18.150,-57.150,29.850,0.000,9.433,2.377
18.000,-57.750,30.150,0.077,9.203,2.607
18.450,-56.850,29.100,0.077,9.279,2.607
17.550,-57.150,29.550,0.000,9.356,2.531
18.150,-57.000,31.200,-0.077,9.279,2.837
17.550,-57.450,30.000,0.077,9.279,2.454
17.100,-56.250,30.450,0.077,9.279,2.837
17.550,-57.150,30.000,0.000,9.279,2.761
18.300,-56.850,29.700,0.000,9.433,2.761
17.700,-56.850,30.450,0.077,9.356,2.684
17.700,-57.000,29.850,0.000,9.356,2.761
17.700,-57.300,30.750,0.000,9.279,2.531
17.550,-57.750,29.550,0.000,9.433,2.684
16.950,-57.300,30.150,0.000,9.279,2.607
18.600,-57.300,30.600,0.000,9.356,2.761
18.300,-56.850,29.850,-0.077,9.279,2.684
17.100,-57.300,31.350,0.000,9.279,2.837
17.850,-57.600,30.750,0.383,9.433,2.684
17.250,-57.450,29.700,0.307,9.279,2.607
16.350,-57.300,30.750,0.077,9.433,2.454
15.600,-57.600,30.450,0.230,9.356,2.531
13.950,-57.450,31.200,0.230,9.356,2.531
13.650,-56.700,31.200,0.383,9.433,1.994
12.750,-57.000,31.500,0.000,9.509,2.531
11.100,-57.000,31.200,0.153,9.279,2.607
9.600,-56.100,30.750,0.077,9.356,2.301
8.100,-56.850,31.050,0.077,9.203,2.531
6.450,-56.850,30.600,0.000,9.126,2.224
7.950,-57.750,31.500,-0.307,9.586,2.761
6.300,-57.000,30.150,-0.307,9.586,2.684
6.750,-56.700,31.950,-0.383,9.203,2.761
6.450,-57.450,31.200,-0.230,9.509,2.531
5.700,-56.400,31.500,0.077,9.356,2.531
5.250,-57.000,30.750,-0.077,9.126,2.607
5.400,-56.850,30.000,-0.077,9.279,2.531
4.650,-57.300,30.900,-0.077,9.279,2.607
4.950,-56.250,30.150,-0.153,9.356,2.607
4.350,-57.150,31.350,-0.230,9.279,2.607
3.750,-56.400,30.000,-0.383,9.126,2.684
3.600,-57.000,30.750,-0.077,9.509,2.837
3.750,-56.100,30.150,-0.077,9.203,2.454
3.150,-56.100,30.000,-0.153,9.279,2.607
3.150,-55.800,30.000,-0.153,9.279,2.761
1.950,-56.550,28.200,-0.153,9.356,2.837
1.650,-56.100,29.550,-0.614,9.279,2.607
1.800,-55.800,29.400,-0.537,9.126,2.531
2.100,-56.400,28.650,0.077,9.356,2.607
0.900,-56.100,28.800,-0.307,9.279,2.531
1.350,-56.400,29.550,-0.153,9.279,2.607
0.600,-55.200,29.550,-0.077,9.433,2.684
1.200,-55.800,28.050,-0.230,9.279,2.684
2.100,-56.550,29.100,-0.230,9.356,2.531
1.800,-57.150,29.250,-0.077,9.356,2.531
1.350,-56.400,29.700,-0.307,9.279,2.761
2.850,-56.400,29.100,-0.307,9.049,2.531
1.200,-56.400,29.400,-0.153,9.433,2.684
1.650,-57.300,29.700,-0.307,9.356,3.298
2.250,-56.400,28.500,-0.614,9.279,2.607
2.400,-55.950,30.150,-0.460,9.203,2.607
2.400,-56.400,29.550,-0.383,9.279,2.684
4.050,-55.950,29.700,-0.383,9.356,2.607
4.650,-56.550,31.350,-0.383,9.279,2.914
5.550,-55.950,31.800,-0.307,9.126,2.454
6.900,-57.300,30.450,-0.307,9.279,2.531
6.750,-56.550,31.800,0.077,9.586,2.531
8.100,-57.600,31.200,0.153,9.356,2.377
8.250,-57.150,31.500,0.153,9.433,2.761
9.300,-56.400,30.750,0.307,9.356,2.607
8.850,-56.100,31.500,0.307,9.279,2.837
9.900,-56.550,32.250,-0.230,9.433,2.684
10.050,-56.700,31.500,-0.230,9.203,2.761
9.450,-56.400,31.200,-0.153,9.279,2.607
9.300,-57.000,32.250,-0.153,9.433,2.607
10.650,-57.000,32.100,-0.153,9.356,2.684
9.450,-57.150,31.950,0.000,9.356,2.607
9.750,-56.700,32.250,-0.077,9.356,2.761
9.900,-56.850,30.900,-0.153,9.279,2.531
10.050,-57.000,31.950,-0.077,9.203,2.454
10.050,-57.300,32.250,-0.153,9.356,2.607
10.050,-56.550,31.650,-0.077,9.356,2.531
9.750,-57.150,31.350,0.077,9.279,2.761
9.300,-56.400,32.400,0.077,9.356,2.531
8.550,-56.850,31.200,0.077,9.433,2.684
7.800,-57.900,31.350,0.077,9.279,2.607
8.250,-57.000,32.100,0.077,9.356,2.531
6.750,-57.300,31.350,0.000,9.433,2.914
5.400,-56.850,31.350,0.000,9.356,2.837
4.350,-56.400,30.150,0.000,9.433,2.531
4.650,-57.450,30.150,0.077,9.356,2.454
3.750,-55.800,29.850,-0.077,8.972,2.607
1.650,-57.000,29.400,-0.077,9.433,2.531
0.900,-55.200,28.050,-0.230,9.509,2.224
-0.600,-55.800,27.900,-0.537,9.279,2.684
-2.250,-54.750,26.700,-0.230,9.433,2.531
-2.700,-55.650,26.100,-0.153,9.126,2.531
-3.750,-55.350,25.650,-0.307,9.279,2.377
-4.050,-55.650,25.050,-0.614,9.356,2.531
-4.500,-54.900,25.350,-0.383,9.356,2.454
-5.400,-54.900,24.600,-0.383,9.433,2.607
-5.250,-53.850,23.400,-0.537,9.279,2.684
-5.850,-54.000,24.000,-0.383,9.356,2.607
-5.250,-54.750,24.000,0.000,9.356,2.224
-5.400,-55.200,22.800,-0.153,9.356,2.454
-5.250,-54.600,23.250,0.000,9.433,2.531
-5.850,-54.150,23.250,0.153,9.279,2.684
-5.400,-54.900,24.150,0.230,9.356,2.684
-5.700,-54.900,23.250,0.153,9.433,2.607
-6.300,-54.600,22.050,0.077,9.279,2.531
-6.750,-54.150,22.650,-0.077,9.356,2.684
-6.750,-54.600,22.200,0.230,9.433,2.914
-6.900,-54.150,20.850,-0.077,9.433,2.684
-6.900,-54.000,20.700,-0.077,9.433,2.607
-7.500,-54.600,20.100,-0.383,9.356,2.684
-8.550,-53.250,20.400,-0.153,9.356,2.684
-7.500,-53.250,20.550,0.000,9.279,2.224
-8.550,-53.550,20.250,0.460,9.279,2.684
-8.100,-53.700,19.500,-0.077,9.433,2.607
-8.100,-54.300,21.000,0.997,8.052,1.150
-7.650,-54.300,24.600,0.153,9.049,1.764
-8.250,-54.900,27.000,0.307,10.736,1.764
-7.500,-53.250,27.300,0.153,10.200,0.844
-7.800,-54.300,28.800,0.077,9.893,0.614
-7.200,-54.300,29.250,0.000,9.433,0.537
-7.800,-54.150,28.050,-0.077,9.739,0.614
-6.600,-55.350,28.800,-0.153,9.893,0.690
-7.350,-54.600,28.200,0.000,9.586,0.537
-6.900,-54.450,29.100,0.000,9.663,0.614
-7.800,-54.600,29.100,-0.153,9.739,0.690
-7.650,-54.150,29.550,0.000,9.663,0.614
-7.500,-54.450,28.500,0.077,9.586,0.614
-8.250,-54.900,28.950,0.153,9.739,0.537
-7.650,-54.450,29.250,-0.153,9.816,0.690
-7.050,-53.700,29.550,-0.077,9.739,0.614
-7.500,-55.200,28.500,0.000,9.663,0.537
-7.500,-54.300,29.400,-0.153,9.739,0.690
-6.900,-54.150,28.950,0.077,9.663,0.460
-7.800,-54.600,28.500,0.153,9.739,0.767
-6.900,-54.150,29.100,0.153,9.663,0.614
-8.550,-54.300,28.350,-0.077,9.663,0.537
-7.200,-54.000,29.100,-0.153,9.663,0.614
-7.800,-54.000,28.650,0.000,9.739,0.690
-8.100,-54.000,28.800,0.077,9.663,0.767
-7.050,-54.450,28.350,-0.230,9.816,0.690
-7.500,-54.450,28.500,-0.153,9.586,0.690
-7.200,-54.000,28.650,0.000,9.663,0.614
-7.650,-54.900,28.650,0.077,9.663,0.614
-7.650,-54.450,28.200,0.230,9.739,0.767
-6.900,-53.850,28.950,0.077,9.663,0.460
-7.500,-54.750,28.050,0.153,9.663,0.537
-7.650,-54.900,27.750,0.230,9.739,0.537
-8.100,-54.600,28.350,0.307,9.739,0.537
-8.700,-54.600,27.600,0.230,9.663,0.690
-9.300,-54.450,26.550,0.153,9.663,0.537
-9.000,-54.450,25.200,0.077,9.663,0.537
-9.000,-54.600,24.750,-0.077,9.663,0.383
-9.900,-54.450,24.150,-0.153,9.663,0.614
-9.450,-54.000,23.250,0.153,9.663,0.690
-10.050,-54.300,22.950,0.153,9.739,1.074
-9.600,-55.050,22.050,0.153,9.739,0.767
-10.800,-53.400,20.700,0.153,9.586,0.690
-10.200,-54.000,21.600,0.000,9.663,0.997
-10.500,-54.000,20.850,0.153,9.663,0.690
-10.500,-54.600,21.000,0.230,9.739,0.690
-10.500,-54.750,20.250,0.307,9.739,0.844
-10.500,-53.850,19.350,0.230,9.586,0.690
-10.950,-53.400,19.800,0.153,9.663,0.537
-10.500,-53.850,18.900,0.307,9.663,0.767
-10.350,-54.450,19.200,0.230,9.663,0.690
-10.500,-53.550,18.900,0.230,9.739,0.614
-10.350,-54.300,18.750,0.153,9.739,0.537
-10.350,-53.550,18.600,0.537,9.663,0.844
-9.750,-53.850,17.550,0.383,9.663,0.920
-10.350,-54.750,17.850,0.307,9.663,0.767
-10.050,-54.150,16.650,0.230,9.739,0.767
-9.900,-53.550,16.650,0.307,9.586,0.767
-10.500,-55.200,17.400,0.230,9.663,0.614
-10.950,-54.750,16.200,0.230,9.663,0.844
-10.050,-53.700,15.450,0.307,9.739,0.844
-9.750,-54.300,15.450,0.307,9.816,0.690
-10.500,-54.750,15.150,0.307,9.663,0.844
-9.900,-53.700,14.550,0.230,9.739,0.614
-9.900,-54.000,13.500,0.307,9.816,0.844
-10.050,-54.450,14.250,0.153,9.663,0.690
-10.350,-53.700,13.050,0.307,9.586,0.920
-9.900,-53.850,13.200,0.307,9.663,0.844
-9.600,-54.300,12.900,0.230,9.739,0.920
-9.600,-54.300,12.600,0.307,9.586,0.844
-9.300,-54.450,12.150,0.460,9.663,0.920
-10.650,-54.150,11.850,0.307,9.663,0.767
-9.600,-54.150,11.700,0.307,9.663,0.844
-9.750,-53.850,11.400,0.383,9.663,0.920
-9.150,-54.450,11.550,0.383,9.586,0.997
-9.900,-53.850,11.250,0.383,9.586,0.920
-10.200,-54.600,10.050,0.383,9.739,0.844
-9.600,-53.250,10.350,0.383,9.663,0.844
-9.150,-54.600,10.050,0.383,9.739,0.920
-8.850,-54.600,9.750,0.460,9.586,1.074
-9.750,-54.000,10.200,0.383,9.663,0.614
-8.400,-54.450,8.850,0.383,9.816,0.767
-9.300,-55.200,8.700,0.383,9.663,0.920
-9.300,-53.250,8.100,0.307,9.586,0.844
-8.100,-54.300,7.800,0.383,9.663,0.844
-7.650,-55.050,8.250,0.460,9.586,0.690
-7.650,-55.050,7.800,0.230,9.586,0.690
-6.300,-54.750,7.650,0.383,10.200,1.150
-5.700,-54.900,6.300,0.153,9.509,0.537
-5.550,-54.900,6.450,0.230,9.663,0.614
-6.750,-55.800,6.450,0.153,9.586,0.997
-4.950,-55.350,5.100,0.077,9.663,0.767
-5.400,-55.800,5.100,0.000,9.739,0.844
-4.050,-54.900,4.050,-0.077,9.663,0.690
-4.050,-55.500,3.900,-0.077,9.816,0.537
-2.400,-55.650,2.700,-0.153,9.663,0.920
-2.250,-55.800,3.000,-0.153,9.586,0.997
-1.650,-55.200,2.250,-0.153,9.739,0.997
-1.650,-55.050,2.250,-0.153,9.663,0.997
-1.200,-55.050,2.250,0.153,9.203,1.534
-0.600,-56.100,1.800,-0.153,9.663,0.000
0.150,-57.000,1.950,-0.077,9.356,0.997
0.600,-55.950,1.800,-0.307,9.739,0.230
0.450,-57.150,1.950,-0.077,10.200,0.997
1.950,-56.250,2.400,-0.230,9.433,0.537
1.500,-56.250,1.050,-0.383,9.816,0.614
2.100,-57.150,1.950,-0.537,9.586,1.150
1.350,-55.950,0.600,-0.460,9.663,0.614
1.800,-56.250,1.050,-0.077,9.739,0.614
2.850,-56.700,0.600,-0.153,9.663,0.690
1.950,-56.850,1.200,-0.153,9.739,0.690
1.950,-56.400,1.200,-0.153,9.739,0.614
1.950,-57.300,1.200,-0.230,9.663,0.614
2.700,-57.150,1.200,-0.153,9.663,0.537
1.350,-57.000,1.050,-0.230,9.739,0.690
1.800,-56.550,1.500,-0.153,9.739,0.614
1.950,-57.000,0.300,-0.230,9.739,0.614
2.700,-57.000,1.500,-0.230,9.739,0.844
2.100,-56.850,1.350,-0.153,9.739,0.537
2.400,-56.100,0.750,-0.153,9.739,0.460
1.800,-56.550,0.900,-0.153,9.663,0.690
1.650,-56.550,1.350,-0.230,9.739,0.690
1.800,-57.150,0.600,-0.153,9.663,0.690
2.400,-56.850,0.750,-0.077,9.739,0.537
1.650,-56.550,0.900,-0.153,9.663,0.690
1.950,-57.000,1.050,-0.230,9.663,0.614
2.100,-56.700,0.600,-0.153,9.663,0.690
1.650,-56.550,0.600,-0.230,9.739,0.230
2.400,-56.700,0.900,-0.153,9.509,0.920
3.000,-56.550,0.900,-0.153,9.739,0.537
2.100,-56.400,0.900,-0.230,9.509,0.614
1.800,-57.000,0.900,-0.077,9.816,0.614
1.950,-56.400,1.500,0.000,9.663,0.614
3.000,-57.000,1.050,-0.077,9.663,0.307
2.250,-55.800,1.200,0.230,9.739,0.383
3.450,-56.550,-0.600,0.000,9.663,0.614
4.050,-56.850,0.300,-0.077,9.663,0.537
3.750,-57.000,0.150,-0.077,9.739,0.767
4.050,-57.150,0.600,-0.077,9.663,0.690
3.450,-55.800,-0.150,-0.077,9.739,0.690
5.400,-57.000,0.150,-0.077,9.663,0.537
4.650,-56.850,0.000,0.000,9.663,0.460
5.850,-57.150,-0.450,-0.077,9.739,0.614
6.150,-56.550,0.150,0.000,9.663,0.537
6.150,-56.250,-0.150,0.000,9.509,0.614
6.150,-57.750,-1.350,0.000,9.663,0.690
7.200,-57.450,-0.150,0.000,9.586,0.537
7.500,-57.450,-0.600,-0.077,9.739,0.537
6.900,-57.750,-0.600,-0.153,9.739,0.537
8.250,-57.900,0.000,-0.077,9.663,0.537
9.000,-57.300,-1.800,0.153,9.663,0.537
8.850,-56.700,-0.750,0.153,9.663,0.767
8.850,-57.300,-1.650,0.077,9.739,0.614
9.000,-56.550,-0.450,0.077,9.739,0.614
10.200,-56.700,-0.900,0.077,9.663,0.997
10.200,-58.200,-1.050,0.077,9.586,0.614
9.900,-56.700,-0.900,0.077,9.739,0.690
10.650,-57.450,-0.600,0.153,9.663,0.614
10.500,-57.150,-1.050,0.230,9.663,0.614
12.000,-57.000,-0.450,0.230,9.739,0.460
11.250,-57.900,-1.500,0.230,9.663,0.614
11.550,-56.700,-0.900,0.230,9.586,0.844
12.900,-56.850,-1.200,0.307,8.972,0.230
13.500,-56.850,-0.600,0.153,9.893,0.383
12.900,-57.750,0.600,0.077,9.509,0.077
12.600,-58.500,-0.150,0.000,9.509,1.380
13.500,-58.200,0.600,0.230,9.509,0.690
12.300,-58.350,1.500,0.230,9.739,0.230
13.350,-57.450,0.600,0.307,9.663,0.460
13.800,-58.050,0.900,0.383,9.816,0.383
13.800,-57.900,1.050,0.077,9.663,0.230
13.500,-57.600,0.900,0.153,9.893,0.537
13.650,-57.750,1.500,0.537,9.663,0.460
13.350,-57.450,1.050,0.307,9.739,0.153
13.800,-58.050,1.200,0.460,9.663,0.460
14.850,-58.050,0.600,0.383,9.586,0.460
13.200,-58.500,1.800,0.537,9.586,0.230
14.400,-57.000,0.600,0.460,9.816,0.383
14.250,-57.600,1.200,0.460,9.739,0.460
14.850,-58.200,1.500,0.460,9.663,0.460
14.550,-57.600,1.050,0.383,9.739,0.307
15.450,-58.500,1.350,0.460,9.739,0.844
15.150,-57.600,2.250,0.537,9.663,0.614
15.750,-57.450,1.350,0.383,9.739,0.844
14.250,-57.750,2.700,0.460,9.739,0.460
16.050,-58.650,3.000,0.383,9.739,0.460
16.200,-58.200,1.200,0.383,9.663,0.383
15.900,-58.500,1.950,0.537,9.663,0.844
16.650,-58.500,2.100,0.537,9.739,0.383
16.050,-58.200,3.000,0.537,9.663,0.460
16.500,-57.450,2.550,0.383,9.739,0.537
15.450,-57.750,2.700,0.537,9.586,0.537
16.050,-58.800,2.250,0.460,9.739,0.767
16.050,-57.750,3.150,0.537,9.816,0.614
16.350,-58.200,2.100,0.537,9.739,0.307
15.900,-58.200,3.150,0.614,9.739,0.460
17.100,-57.000,1.950,0.690,9.586,0.537
17.250,-57.750,3.300,0.460,9.663,0.460
17.550,-57.750,1.800,0.460,9.509,0.307
18.600,-58.200,3.300,0.460,9.816,0.614
18.300,-58.500,3.900,0.537,9.739,0.537
17.700,-57.600,2.850,0.537,9.586,0.767
18.750,-58.350,4.050,0.614,9.663,0.614
18.150,-57.450,3.150,0.460,9.739,0.383
18.750,-57.450,3.300,0.614,9.663,0.690
18.600,-57.900,3.600,0.537,9.663,0.537
18.450,-57.600,3.450,0.690,9.663,0.614
19.500,-57.450,4.050,0.460,9.663,0.614
19.050,-57.150,3.900,0.614,9.739,0.614
19.800,-58.500,4.050,0.614,9.586,0.230
19.200,-58.050,3.750,0.767,9.663,0.537
19.950,-57.900,4.950,0.614,9.663,0.614
20.100,-57.450,4.500,0.460,9.586,0.614
19.200,-57.150,4.500,0.537,9.739,0.230
20.400,-57.900,4.950,0.614,9.663,0.614
19.500,-58.200,4.650,0.383,9.739,0.614
19.950,-57.450,4.800,0.767,9.663,0.767
20.100,-57.750,5.100,0.920,9.663,0.614
20.700,-57.600,6.150,0.537,9.663,0.690
20.700,-58.200,5.400,0.690,9.663,1.150
20.400,-57.900,4.800,0.307,9.663,0.767
20.100,-58.200,5.400,0.767,9.663,0.844
21.000,-57.750,6.450,0.690,9.739,0.767
21.600,-57.450,5.850,0.767,9.739,0.614
20.850,-57.450,5.700,0.614,9.586,0.690
22.200,-57.300,6.300,0.690,9.586,0.537
21.900,-58.500,6.450,0.690,9.739,1.150
22.050,-57.750,7.050,0.614,9.586,0.537
22.500,-57.300,7.800,0.767,9.816,0.537
22.950,-57.900,7.950,0.460,9.969,1.074
22.500,-57.150,8.400,0.307,9.816,0.537
23.550,-58.050,9.300,0.383,9.663,0.690
23.700,-58.200,8.400,0.307,9.663,0.690
23.850,-57.450,9.000,0.230,9.663,0.614
24.750,-57.750,8.850,0.307,9.586,0.690
24.900,-57.000,8.700,0.460,9.816,0.690
24.750,-57.750,9.150,0.383,9.663,0.537
24.150,-57.150,8.700,0.460,9.663,0.537
24.600,-57.000,8.400,0.460,9.663,0.460
23.850,-56.850,7.950,0.383,9.663,0.767
24.900,-57.600,9.750,0.460,9.663,0.460
23.400,-57.900,9.450,0.307,9.663,0.230
24.750,-57.450,8.100,0.383,9.586,0.460
24.600,-56.250,9.000,0.383,9.739,0.690
23.850,-57.900,8.700,0.383,9.739,0.690
23.400,-57.600,8.700,0.383,9.816,0.537
23.700,-57.300,9.150,0.537,9.663,0.460
24.450,-57.000,8.100,0.460,9.663,0.537
24.000,-57.450,8.700,0.460,9.663,0.767
24.450,-56.850,7.950,0.307,9.663,0.614
23.550,-57.300,8.700,0.383,9.739,0.690
23.850,-57.300,8.550,0.307,9.739,0.614
24.600,-58.200,8.400,0.383,9.663,0.383
24.300,-57.150,7.950,0.383,9.663,0.537
24.150,-57.450,8.850,0.307,9.663,0.614
24.000,-56.850,8.400,0.460,9.663,0.614
24.000,-58.050,9.300,0.460,9.663,0.767
24.150,-57.300,8.400,0.460,9.739,0.460
24.150,-58.050,8.550,0.537,9.663,0.537
23.400,-57.750,7.800,0.537,9.739,0.460
25.200,-57.300,8.400,0.614,9.586,0.767
25.050,-56.700,9.150,0.383,9.663,0.920
25.350,-56.700,9.750,0.307,9.586,0.383
26.250,-56.550,10.500,0.230,9.663,0.690
26.250,-57.750,11.250,0.230,9.816,0.844
25.800,-57.150,11.700,0.000,9.586,0.614
26.550,-56.250,11.850,0.153,9.816,0.997
27.000,-57.000,11.850,0.153,9.663,0.690
27.150,-56.700,12.750,0.153,9.509,0.844
27.750,-57.000,13.800,0.077,9.663,0.844
27.150,-56.100,13.650,0.230,9.663,0.920
28.200,-55.650,13.800,0.230,9.663,0.767
27.600,-56.250,13.650,0.153,9.586,0.920
27.450,-57.750,14.550,0.307,9.663,0.920
28.200,-56.700,14.550,0.153,9.663,0.920
27.750,-56.250,16.050,0.230,9.663,0.844
28.350,-56.250,15.150,0.230,9.586,0.920
28.950,-56.400,15.750,0.153,9.586,0.767
29.250,-57.450,15.750,0.077,9.739,0.844
29.550,-56.250,16.500,0.000,9.663,0.614
28.200,-56.700,15.900,0.153,9.663,0.920
28.800,-56.850,16.350,0.230,9.663,0.920
28.800,-56.550,16.950,0.153,9.739,0.920
29.250,-56.550,16.500,0.153,9.663,0.767
29.100,-56.400,16.500,0.153,9.663,0.844
28.650,-55.950,16.500,0.230,9.663,1.304
29.250,-56.550,17.250,0.153,9.663,1.150
28.950,-56.850,17.100,0.153,9.739,0.997
28.500,-56.550,17.250,0.153,9.586,0.997
29.250,-56.550,19.050,0.307,9.739,0.997
29.700,-55.950,17.700,0.230,9.663,0.997
30.000,-56.700,19.200,0.307,9.663,0.997
30.150,-56.400,19.350,0.077,9.586,0.920
28.800,-56.250,20.400,0.230,9.586,0.844
28.500,-55.650,19.650,0.077,9.739,0.920
29.250,-57.150,21.000,0.153,9.586,0.997
28.650,-55.800,20.850,0.153,9.663,1.457
27.900,-56.700,21.750,0.383,9.663,1.074
29.100,-56.400,21.750,0.230,9.663,0.920
28.650,-55.500,22.650,0.230,9.663,0.997
28.800,-56.100,23.250,0.230,9.739,0.920
29.100,-57.150,23.550,0.153,9.739,0.920
28.200,-55.950,24.450,0.230,9.739,1.150
28.500,-56.100,24.450,0.230,9.739,0.920
29.100,-56.400,25.200,0.153,9.663,1.074
28.200,-55.800,25.500,0.153,9.739,0.997
27.900,-56.700,25.650,0.307,9.739,1.150
27.300,-57.000,26.250,0.383,9.739,1.227
26.700,-56.550,27.000,0.230,9.663,0.920
27.000,-56.700,26.700,0.307,9.586,0.997
26.850,-56.850,27.600,0.307,9.663,0.997
25.800,-55.950,28.500,0.077,9.739,0.997
25.650,-55.950,28.350,0.153,9.509,1.150
26.400,-56.850,28.950,0.153,9.663,1.380
26.250,-56.850,29.400,0.230,9.663,1.074
25.650,-56.250,29.700,0.307,9.356,0.920
25.950,-55.650,29.550,-0.153,9.279,-0.383
26.550,-56.850,31.050,0.077,10.353,0.844
25.050,-55.650,30.000,-0.077,9.356,1.074
25.800,-56.250,30.150,0.000,9.586,0.690
25.800,-55.650,31.350,-0.077,9.663,0.614
25.350,-56.250,31.800,0.077,9.816,0.844
25.050,-55.350,32.400,0.153,9.663,0.920
24.900,-55.800,33.450,0.153,9.739,0.920
24.450,-56.250,33.000,0.153,9.663,0.997
24.000,-55.950,32.250,0.153,9.663,1.150
24.900,-56.100,33.750,0.153,9.663,0.844
23.100,-55.200,33.750,0.000,9.816,1.074
22.800,-57.150,34.650,0.077,9.663,0.997
23.250,-56.250,35.400,0.153,9.663,0.997
21.600,-56.700,34.950,0.153,9.586,1.074
21.450,-56.100,35.100,0.153,9.663,0.997
21.150,-56.100,35.850,0.153,9.586,0.997
20.400,-55.650,35.550,0.153,9.586,0.997
19.500,-55.500,35.700,0.230,9.509,1.150
19.950,-56.250,36.300,0.153,9.663,0.920
19.200,-56.250,36.450,0.383,9.663,0.997
19.050,-56.700,37.200,0.153,9.663,0.920
18.150,-56.250,37.350,0.077,9.586,0.920
18.150,-55.350,36.600,0.077,9.663,1.380
17.550,-55.200,37.200,0.153,9.663,1.227
16.950,-55.650,37.800,0.077,9.663,1.150
15.150,-55.200,38.250,0.077,9.739,0.997
15.750,-55.650,39.150,0.077,9.586,0.997
15.450,-56.700,39.000,0.230,9.663,1.457
14.700,-55.650,39.000,0.537,9.816,1.150
13.650,-55.800,38.400,0.153,9.663,1.074
14.100,-56.850,38.400,0.077,9.663,1.150
13.050,-55.350,38.550,0.077,9.663,0.997
11.550,-56.100,38.550,0.077,9.663,0.997
12.300,-56.250,39.450,0.077,9.586,1.074
11.700,-55.800,39.900,0.077,9.739,1.150
13.350,-54.900,40.650,-0.153,10.046,1.227
10.350,-55.500,39.750,-0.230,9.739,0.690
9.750,-56.100,40.500,-0.153,9.816,1.457
9.300,-54.900,40.200,-0.077,9.433,0.537
8.250,-55.650,40.200,-0.153,9.739,0.767
7.800,-55.500,39.300,0.000,9.663,0.614
6.900,-55.350,39.750,-0.153,9.816,0.690
6.600,-54.900,39.300,-0.077,9.509,1.380
5.100,-55.350,39.750,-0.153,9.203,0.690
5.100,-56.100,39.000,-0.537,9.509,0.614
3.900,-55.650,38.400,-0.537,9.893,0.844
2.850,-55.500,37.800,-0.383,9.279,0.460
1.500,-55.650,37.500,-0.307,9.816,0.844
1.500,-54.300,36.900,-0.614,9.816,1.074
0.450,-55.950,35.550,-0.537,9.509,0.690
-0.150,-54.450,34.950,-0.537,9.739,0.844
-0.600,-54.600,35.250,-0.460,9.663,0.844
-1.650,-55.500,34.650,-0.307,9.586,0.767
-2.400,-55.050,33.900,-0.307,9.663,0.767
-3.150,-54.750,33.450,-0.077,9.663,0.614
-3.600,-55.200,33.750,-0.230,9.663,0.690
-3.900,-55.350,32.700,-0.153,9.663,0.690
-3.600,-55.050,31.950,-0.153,9.739,0.690
-5.100,-55.800,31.350,-0.153,9.816,0.997
-5.400,-54.600,29.250,-0.230,9.816,0.614
-7.200,-55.800,29.550,-0.153,9.663,0.690
-6.150,-54.300,28.500,-0.307,9.663,0.690
-6.600,-55.800,26.700,-0.307,9.663,0.383
-7.950,-54.000,26.700,-0.383,9.586,0.614
-6.750,-54.750,26.400,-0.230,9.586,0.537
-8.100,-54.900,26.550,-0.153,9.739,0.690
-8.850,-54.150,26.850,-0.153,9.663,0.690
-8.550,-54.150,25.350,-0.077,9.509,0.690
-7.050,-54.600,24.750,-0.230,9.739,0.997
-8.100,-54.600,25.200,0.000,9.739,0.614
-7.950,-54.600,24.750,-0.077,9.663,0.690
-7.800,-54.750,24.150,0.000,9.739,0.767
-8.550,-54.750,24.150,0.000,9.663,0.614
-8.400,-54.750,24.450,-0.307,9.893,0.997
-8.550,-55.350,23.400,0.000,9.816,0.844
-8.400,-54.300,23.100,-0.153,9.663,0.767
-8.400,-55.500,22.800,-0.153,9.586,0.690
-9.150,-54.150,22.500,-0.307,9.663,0.537
-9.150,-54.900,22.650,0.077,9.739,0.920
-9.150,-54.150,22.650,0.000,9.739,0.844
-9.000,-54.900,22.200,-0.077,9.739,0.690
-9.900,-54.300,22.650,-0.077,9.739,0.844
-9.600,-54.150,22.200,-0.153,9.586,0.844
-9.750,-53.850,22.500,-0.077,9.739,0.614
-8.250,-54.450,22.200,0.077,9.816,0.767
-9.450,-54.150,22.650,0.000,9.586,0.690
-8.850,-55.050,22.650,0.000,9.739,0.690
-9.300,-55.200,22.650,0.000,9.663,0.614
-9.000,-54.300,23.250,-0.077,9.663,0.844
-9.000,-55.350,22.950,-0.230,9.816,0.614
-9.300,-54.300,22.050,-0.767,9.893,2.837
-8.400,-54.450,22.800,0.614,9.816,0.153
-9.600,-54.300,23.400,0.153,9.739,1.074
-9.300,-54.750,22.800,0.000,9.509,0.614
-9.900,-54.450,22.200,-0.383,9.279,-0.920
-9.300,-55.200,24.000,-0.230,10.353,0.767
-9.300,-54.150,23.550,0.230,9.509,0.460
-8.400,-54.000,22.800,0.153,9.663,0.383
-9.000,-55.050,22.800,-0.077,9.663,0.614
-8.700,-55.050,22.800,0.000,9.739,0.230
-8.850,-54.900,22.500,-0.077,9.739,0.690
-8.100,-54.900,22.950,0.000,9.816,0.614
-8.850,-54.300,23.700,-0.153,9.663,0.537
-8.550,-54.000,22.650,-0.460,9.893,0.383
-8.400,-54.300,21.450,0.000,10.046,0.997
-8.850,-54.000,19.650,-0.230,9.893,1.304
-9.300,-53.250,18.450,0.153,8.972,1.227
-9.300,-53.400,17.250,-0.460,9.279,1.917
-8.700,-54.600,17.250,0.000,9.739,1.994
-8.400,-54.000,17.700,0.077,9.279,1.534
-9.000,-53.550,18.450,-0.307,9.816,1.687
-9.450,-54.600,17.850,0.000,9.663,2.071
-8.250,-53.400,16.200,-0.153,9.509,2.301
-9.750,-54.150,15.150,0.000,9.509,2.684
-9.000,-54.150,13.950,0.000,9.433,2.684
-9.300,-52.650,12.600,0.000,9.356,2.761
-9.750,-51.300,10.650,0.077,9.126,3.604
-9.000,-51.300,8.250,-0.153,8.666,3.758
-9.450,-50.250,6.000,-0.153,8.512,4.448
-9.900,-49.200,4.200,-0.153,8.359,4.831
-10.350,-48.000,3.000,0.000,8.052,5.291
-10.650,-47.100,1.200,-0.153,7.899,5.522
-9.900,-46.500,-0.600,-0.077,7.362,5.982
-10.350,-44.100,-2.400,-0.077,6.902,6.365
-9.300,-42.750,-4.650,0.077,6.595,6.749
-10.350,-42.150,-5.400,0.000,6.135,7.132
-10.650,-40.350,-7.050,-0.153,5.982,7.439
-10.800,-39.300,-8.400,0.000,5.522,7.822
-10.800,-37.200,-8.700,0.000,4.985,8.052
-10.200,-37.350,-10.500,0.000,4.755,8.282
-10.500,-35.550,-11.850,0.000,4.064,8.359
-10.800,-34.650,-11.250,0.077,3.681,7.976
-10.800,-34.650,-11.400,0.000,3.988,8.589
-9.900,-34.950,-11.700,0.230,4.218,8.742
-10.800,-35.250,-12.000,0.000,4.141,8.512
-10.800,-34.200,-12.600,0.000,4.064,8.742
-10.800,-35.100,-11.700,0.077,4.295,8.896
-10.800,-35.250,-11.700,-0.077,4.295,8.359
-10.500,-35.700,-11.700,0.153,4.295,8.512
-10.500,-34.950,-12.000,0.153,4.295,8.512
-10.800,-35.850,-11.250,0.000,4.218,8.512
-10.650,-35.250,-11.250,0.077,4.371,8.666
-10.350,-34.200,-12.000,0.077,4.295,8.666
-10.650,-34.350,-11.400,-0.077,4.371,8.436
-10.500,-35.400,-10.950,0.077,4.448,8.742
-11.250,-35.100,-11.100,0.000,4.295,8.436
-11.100,-35.400,-11.550,0.000,4.295,8.666
-10.650,-35.700,-10.800,0.000,4.141,8.436
-10.800,-35.100,-12.750,0.460,4.064,8.436
-10.650,-35.250,-11.250,-0.077,4.525,8.206
-11.250,-36.000,-11.700,-0.077,4.448,8.666
-11.250,-34.800,-10.650,0.077,4.295,8.589
-10.950,-35.100,-11.250,0.000,4.064,8.742
-10.950,-35.100,-11.100,-0.153,4.831,8.972
-11.700,-35.400,-11.700,0.230,4.218,8.742
-10.350,-34.950,-12.450,0.077,4.141,8.359
-11.400,-34.650,-12.000,-0.077,4.448,9.049
-10.350,-34.950,-11.850,-0.077,4.295,8.896
-10.650,-34.950,-11.250,0.153,4.295,8.896
-10.200,-34.950,-11.100,0.230,4.295,8.436
