NEW_MEASUREMENTS
-11.700,-8.100,71.550,-0.134,-0.649,9.704,-0.052,0.010,-0.007,22
-10.050,-9.900,69.450,-0.170,-0.606,9.768,-0.051,0.013,-0.011,24
-10.050,-9.900,69.450,-0.113,-0.529,9.816,-0.055,0.013,-0.011,22
-10.050,-9.900,69.450,-0.103,-0.601,9.787,-0.057,0.011,-0.013,22
-10.500,-9.300,71.100,-0.148,-0.577,9.725,-0.053,0.008,-0.012,22
-10.500,-9.300,71.100,-0.163,-0.579,9.754,-0.053,0.010,-0.006,22
-11.700,-8.550,71.850,-0.139,-0.543,9.850,-0.050,0.007,-0.015,22
-11.700,-8.550,71.850,-0.144,-0.563,9.831,-0.052,0.009,-0.011,22
-11.700,-8.550,71.850,-0.148,-0.570,9.756,-0.053,0.011,-0.012,22
-11.700,-8.550,71.850,-0.108,-0.577,9.816,-0.050,0.012,-0.014,22
-9.600,-8.400,70.200,-0.043,-0.565,9.797,-0.052,0.014,-0.009,22
-9.600,-8.400,70.200,-0.153,-0.618,9.797,-0.053,0.012,-0.008,22
-9.600,-8.400,70.200,-0.120,-0.622,9.747,-0.054,0.008,-0.009,22
-10.800,-10.350,71.250,-0.124,-0.579,9.855,-0.056,0.019,-0.008,23
-10.800,-10.350,71.250,-0.079,-0.567,9.819,-0.051,0.011,-0.009,22
-10.950,-8.550,71.850,-0.108,-0.627,9.819,-0.047,0.009,-0.007,22
-10.950,-8.550,71.850,-0.129,-0.555,9.776,-0.051,0.010,-0.008,22
-9.300,-10.650,71.700,-0.110,-0.575,9.749,-0.055,0.004,-0.010,22
-9.300,-10.650,71.700,-0.148,-0.613,9.701,-0.052,0.007,-0.009,22
-9.300,-10.650,71.700,-0.098,-0.634,9.742,-0.056,0.013,-0.004,23
-9.300,-10.650,71.700,-0.089,-0.599,9.778,-0.048,0.008,-0.014,22
-9.300,-10.650,71.700,-0.129,-0.615,9.833,-0.051,0.009,-0.010,22
-10.500,-10.050,71.550,-0.091,-0.599,9.814,-0.056,0.013,-0.011,22
-10.500,-10.050,71.550,-0.151,-0.601,9.792,-0.051,0.008,-0.011,22
-10.950,-9.300,70.350,-0.050,-0.594,9.828,-0.053,0.014,-0.008,22
-10.950,-9.300,70.350,-0.096,-0.611,9.771,-0.054,0.010,-0.013,22
-10.200,-8.550,71.550,-0.160,-0.553,9.766,-0.049,0.008,-0.014,23
-10.200,-8.550,71.550,-0.134,-0.450,9.694,-0.069,0.013,-0.006,22
-11.100,-9.150,71.250,-0.091,-0.031,9.270,-0.070,0.002,-0.024,22
-11.100,-9.150,71.250,-0.287,-1.049,10.441,-0.099,0.000,-0.014,22
-11.100,-9.150,71.250,-0.263,-0.436,9.196,-0.127,0.014,0.016,22
-11.550,-8.700,70.500,-0.065,-1.111,10.281,-0.049,0.006,-0.003,22
-11.550,-8.700,70.500,-0.002,-0.795,9.567,-0.068,0.017,-0.018,23
-11.100,-9.450,70.200,-0.127,-0.582,9.759,-0.057,0.017,-0.019,22
-11.100,-9.450,70.200,-0.266,-0.407,9.708,-0.039,-0.003,-0.014,22
-11.100,-9.450,70.200,-0.036,-0.472,9.744,-0.089,0.017,-0.002,22
-11.100,-9.450,70.200,-0.074,-0.350,9.560,-0.128,0.020,-0.005,22
-11.250,-10.050,70.050,-0.060,-0.618,9.950,-0.131,0.003,-0.020,22
-11.250,-10.050,70.050,-0.211,-0.311,9.687,-0.174,0.011,-0.024,23
-11.250,-10.050,70.050,-0.180,-0.189,9.632,-0.218,0.006,-0.014,22
-10.950,-9.300,71.100,-0.153,-0.278,9.697,-0.313,0.017,0.005,22
-10.950,-9.300,71.100,-0.002,-0.354,9.548,-0.358,0.027,0.007,22
-12.450,-9.000,71.550,-0.139,-0.321,9.567,-0.419,0.017,-0.009,22
-12.450,-9.000,71.550,-0.158,-0.409,9.582,-0.525,0.012,-0.014,22
-12.450,-10.950,69.600,-0.146,-0.407,9.488,-0.594,0.018,-0.001,23
-12.450,-10.950,69.600,-0.158,-0.678,9.610,-0.673,0.022,0.006,22
-12.450,-10.950,69.600,0.017,-0.757,9.323,-0.753,0.021,0.015,22
-12.450,-10.950,69.600,-0.122,-1.049,9.567,-0.864,0.010,0.007,22
-12.450,-10.950,69.600,-0.067,-1.221,9.294,-0.932,0.024,0.003,22
-11.250,-14.400,68.850,-0.158,-1.719,9.558,-0.991,0.031,0.015,22
-11.250,-14.400,68.850,-0.256,-1.937,9.301,-1.047,0.026,0.008,23
-10.500,-14.400,67.800,-0.148,-2.227,9.474,-1.047,0.023,0.006,22
-10.500,-14.400,67.800,-0.110,-2.488,9.510,-1.045,0.023,0.002,22
-9.300,-15.750,68.700,-0.005,-3.010,9.419,-1.022,0.000,0.008,22
-9.300,-15.750,68.700,-0.457,-3.685,9.347,-1.018,0.045,0.005,22
-9.600,-18.150,66.000,-0.089,-3.177,8.827,-0.914,0.005,0.003,22
-9.600,-18.150,66.000,-0.026,-3.824,9.998,-0.897,0.022,0.001,22
-9.600,-18.150,66.000,-0.057,-3.658,8.662,-0.851,0.028,0.007,23
-9.600,-18.150,66.000,-0.041,-3.692,8.538,-0.767,-0.003,-0.000,22
-9.600,-18.150,66.000,-0.192,-4.396,9.486,-0.764,0.018,0.014,22
-10.500,-21.000,65.100,-0.089,-4.132,8.847,-0.728,0.015,0.015,22
-10.500,-21.000,65.100,-0.378,-4.152,8.964,-0.685,0.016,0.012,22
-10.500,-20.700,65.850,-0.187,-4.252,8.926,-0.673,0.018,0.004,22
-10.500,-20.700,65.850,-0.127,-4.434,8.906,-0.676,0.020,0.012,23
-10.200,-22.200,64.050,-0.232,-4.441,8.756,-0.654,0.019,0.013,22
-10.200,-22.200,64.050,-0.278,-4.808,8.890,-0.642,0.027,0.019,22
-10.050,-22.050,63.900,-0.139,-4.640,8.598,-0.638,0.015,0.017,22
-10.050,-22.050,63.900,-0.029,-4.745,8.756,-0.633,0.023,0.001,22
-10.050,-22.050,63.900,-0.208,-5.133,8.648,-0.618,0.021,0.010,22
-10.050,-22.050,63.900,-0.211,-5.006,8.416,-0.597,0.019,0.006,23
-10.050,-22.050,63.900,-0.230,-5.076,8.602,-0.607,0.017,0.004,22
-10.800,-24.750,61.950,-0.273,-5.080,8.284,-0.614,0.014,0.005,22
-10.800,-24.750,61.950,-0.235,-5.262,8.413,-0.615,0.010,0.009,22
-11.100,-25.500,61.200,-0.259,-5.411,8.301,-0.608,0.012,0.018,22
-11.100,-25.500,61.200,-0.148,-5.643,8.229,-0.608,0.018,0.027,22
-11.100,-25.950,60.150,-0.220,-5.617,7.999,-0.597,0.022,0.005,22
-11.100,-25.950,60.150,-0.199,-5.871,8.133,-0.579,0.024,-0.009,23
-11.100,-25.950,60.150,-0.306,-5.914,7.977,-0.561,0.021,-0.006,22
-10.050,-28.350,57.900,-0.223,-6.103,7.982,-0.515,0.022,0.008,22
-10.050,-28.350,57.900,-0.230,-6.179,7.894,-0.485,0.019,0.005,22
-10.050,-28.350,57.900,-0.163,-6.325,7.918,-0.452,0.015,-0.002,22
-10.050,-28.350,57.900,-0.227,-6.294,7.781,-0.412,0.018,-0.007,22
-10.350,-27.900,58.200,-0.213,-6.230,7.767,-0.397,0.015,-0.002,23
-10.350,-27.900,58.200,-0.283,-6.249,7.623,-0.386,0.012,-0.001,22
-10.950,-27.750,57.750,-0.261,-6.369,7.669,-0.383,0.017,-0.001,22
-10.950,-27.750,57.750,-0.211,-6.270,7.594,-0.387,0.015,0.001,22
-10.950,-27.750,57.750,-0.220,-6.321,7.530,-0.381,0.019,-0.001,22
-12.450,-28.050,57.300,-0.247,-6.412,7.496,-0.379,0.011,-0.001,22
-12.450,-28.050,57.300,-0.297,-6.481,7.412,-0.383,0.015,0.008,22
-8.100,-30.300,55.650,-0.239,-6.476,7.400,-0.393,0.016,0.009,23
-8.100,-30.300,55.650,-0.285,-6.570,7.286,-0.394,0.011,0.007,22
-8.100,-30.300,55.650,-0.201,-6.661,7.319,-0.404,0.011,0.005,22
-8.100,-30.300,55.650,-0.299,-6.668,7.159,-0.415,0.015,-0.001,22
-10.800,-30.300,54.450,-0.335,-6.661,7.065,-0.430,0.013,0.007,22
-10.800,-30.300,54.450,-0.242,-6.771,7.027,-0.447,0.012,0.010,22
-10.800,-30.300,54.450,-0.211,-6.888,7.063,-0.459,0.016,0.004,23
-10.800,-30.300,54.450,-0.187,-6.998,6.943,-0.466,0.022,0.005,22
-10.800,-30.300,54.450,-0.278,-7.070,6.993,-0.456,0.022,0.004,22
-9.600,-30.300,54.150,-0.215,-7.154,6.902,-0.444,0.015,-0.004,22
-9.600,-30.300,54.150,-0.306,-7.293,6.852,-0.434,0.022,0.004,22
-10.200,-31.200,53.550,-0.371,-7.396,6.783,-0.423,0.017,0.005,23
-10.200,-31.200,53.550,-0.333,-7.408,6.783,-0.396,0.009,0.004,22
-10.800,-32.550,52.650,-0.235,-7.333,6.598,-0.390,0.020,-0.002,22
-10.800,-32.550,52.650,-0.227,-7.429,6.689,-0.380,0.016,-0.005,22
-10.800,-32.550,52.650,-0.340,-7.520,6.596,-0.356,0.012,-0.002,22
-10.350,-33.000,50.850,-0.261,-7.561,6.560,-0.352,0.017,-0.004,22
-10.350,-33.000,50.850,-0.271,-7.626,6.476,-0.332,0.015,-0.005,22
-10.350,-33.000,50.850,-0.208,-7.566,6.433,-0.328,0.014,-0.006,23
-10.350,-33.000,50.850,-0.271,-7.573,6.349,-0.332,0.018,-0.002,22
-10.350,-31.800,51.150,-0.350,-7.441,6.211,-0.342,0.013,0.002,22
-10.350,-31.800,51.150,-0.175,-7.441,6.244,-0.376,0.012,0.004,22
-10.500,-33.150,50.550,-0.211,-7.544,6.009,-0.401,0.021,0.000,22
-10.500,-33.150,50.550,-0.230,-7.657,6.091,-0.413,0.016,-0.004,22
-10.500,-33.150,50.550,-0.330,-7.657,6.067,-0.439,0.016,-0.000,22
-9.450,-33.150,50.250,-0.302,-7.870,6.038,-0.448,0.014,0.007,23
-9.450,-33.150,50.250,-0.330,-7.989,5.928,-0.447,0.015,0.006,22
-10.050,-34.500,49.650,-0.299,-8.040,5.866,-0.429,0.014,0.004,22
-10.050,-34.500,49.650,-0.333,-8.181,5.859,-0.415,0.016,0.006,22
-10.050,-34.500,49.650,-0.328,-8.258,5.835,-0.391,0.013,0.001,22
-10.050,-34.500,49.650,-0.357,-8.236,5.717,-0.376,0.019,-0.003,23
-10.200,-34.800,47.700,-0.373,-8.174,5.634,-0.356,0.013,-0.001,22
-10.200,-34.800,47.700,-0.275,-8.298,5.602,-0.344,0.011,-0.004,22
-10.200,-34.800,47.700,-0.261,-8.301,5.499,-0.336,0.017,0.002,22
-8.700,-36.300,47.700,-0.390,-8.349,5.519,-0.318,0.010,-0.002,22
-8.700,-36.300,47.700,-0.330,-8.282,5.397,-0.313,0.010,0.001,22
-10.500,-35.100,47.250,-0.184,-8.351,5.495,-0.309,0.013,0.000,23
-10.500,-35.100,47.250,-0.309,-8.377,5.217,-0.304,0.018,0.002,22
-10.050,-35.700,45.600,-0.362,-8.392,5.282,-0.299,0.022,-0.013,22
-10.050,-35.700,45.600,-0.311,-8.377,5.291,-0.306,0.024,-0.012,22
-10.050,-35.700,45.600,-0.364,-8.447,5.325,-0.317,0.015,0.003,22
-10.050,-35.700,45.600,-0.424,-8.519,5.083,-0.303,0.015,0.007,22
-10.050,-36.900,44.400,-0.455,-8.559,5.212,-0.296,0.004,0.002,22
-10.050,-36.900,44.400,-0.390,-8.325,5.033,-0.324,0.006,0.005,23
-10.050,-36.900,44.400,-0.199,-8.538,5.069,-0.323,0.008,-0.008,22
-10.500,-34.800,45.450,-0.359,-8.581,4.920,-0.332,0.026,-0.008,22
-10.500,-34.800,45.450,-0.445,-8.578,4.911,-0.336,0.018,-0.008,22
-8.850,-36.900,45.600,-0.491,-8.657,4.899,-0.343,0.015,-0.002,22
-8.850,-36.900,45.600,-0.364,-8.631,4.791,-0.341,0.004,0.007,22
-11.100,-37.650,42.900,-0.290,-8.751,4.865,-0.338,0.016,0.006,23
-11.100,-37.650,42.900,-0.393,-8.945,4.707,-0.317,0.017,0.002,22
-11.100,-37.650,42.900,-0.405,-9.084,4.748,-0.292,0.020,-0.007,22
-11.100,-37.650,42.900,-0.443,-9.069,4.597,-0.238,0.011,0.003,22
-11.100,-37.650,42.900,-0.378,-9.100,4.638,-0.213,0.008,0.005,22
-9.750,-37.050,41.250,-0.290,-8.988,4.592,-0.177,0.011,0.003,22
-9.750,-37.050,41.250,-0.278,-9.301,4.566,-0.111,0.009,-0.013,23
-10.200,-37.500,41.700,-0.345,-9.349,4.611,-0.065,0.011,-0.024,22
-10.200,-37.500,41.700,-0.424,-9.347,4.664,-0.005,0.019,-0.009,22
-9.300,-36.450,41.850,-0.352,-9.050,4.513,0.041,0.029,-0.005,22
-9.300,-36.450,41.850,-0.330,-9.151,4.980,0.091,-0.012,-0.007,22
-10.200,-37.500,42.450,-0.333,-9.498,4.985,0.096,0.013,-0.005,22
-10.200,-37.500,42.450,-0.515,-8.904,4.204,0.140,0.033,-0.012,23
-10.200,-37.500,42.450,-0.335,-9.222,5.116,0.216,-0.000,-0.024,22
-10.500,-37.500,41.700,-0.426,-9.275,4.793,0.251,0.010,-0.020,22
-10.500,-37.500,41.700,-0.436,-8.880,4.776,0.276,-0.001,-0.021,22
-10.500,-37.050,43.500,-0.431,-8.832,4.664,0.352,0.003,-0.015,22
-10.500,-37.050,43.500,-0.338,-9.088,5.191,0.396,0.011,-0.021,22
-10.500,-37.050,43.500,-0.122,-8.894,4.925,0.437,0.013,-0.034,23
-10.500,-37.050,43.500,-0.306,-8.961,5.205,0.485,0.015,-0.045,22
-9.750,-35.100,45.450,-0.393,-8.784,5.179,0.531,0.015,-0.045,22
-9.750,-35.100,45.450,-0.500,-8.691,5.301,0.594,0.004,-0.036,22
-9.750,-35.100,45.450,-0.395,-8.897,5.583,0.636,0.001,-0.022,22
-9.450,-34.350,46.200,-0.239,-8.614,5.471,0.710,0.003,-0.019,22
-9.450,-34.350,46.200,-0.283,-8.636,5.861,0.785,-0.006,-0.034,22
-10.800,-33.450,48.600,-0.323,-8.356,5.684,0.810,0.003,-0.032,23
-10.800,-33.450,48.600,-0.261,-7.994,6.050,0.831,-0.005,-0.040,22
-10.950,-32.850,49.800,-0.259,-7.566,6.021,0.832,0.008,-0.036,22
-10.950,-32.850,49.800,-0.259,-7.453,6.079,0.807,0.000,-0.045,22
-10.950,-32.850,49.800,-0.278,-7.592,6.381,0.811,0.005,-0.034,22
-10.950,-32.850,49.800,-0.323,-7.338,6.352,0.790,0.013,-0.042,22
-10.950,-32.850,49.800,-0.376,-7.247,6.665,0.787,0.014,-0.042,23
-9.600,-30.600,52.650,-0.414,-7.264,6.912,0.790,0.006,-0.038,22
-9.600,-30.600,52.650,-0.395,-6.993,6.821,0.797,0.004,-0.031,22
-9.600,-31.050,55.650,-0.280,-6.768,7.068,0.791,0.003,-0.028,22
-9.600,-31.050,55.650,-0.314,-6.783,7.099,0.779,-0.003,-0.029,22
-10.200,-29.250,55.800,-0.261,-6.551,7.412,0.769,0.007,-0.028,22
-10.200,-29.250,55.800,-0.230,-6.438,7.391,0.755,0.006,-0.036,23
-10.200,-28.500,56.550,-0.283,-6.299,7.446,0.748,0.002,-0.034,22
-10.200,-28.500,56.550,-0.283,-6.136,7.614,0.731,-0.001,-0.032,22
-10.200,-28.500,56.550,-0.220,-5.964,7.654,0.717,0.001,-0.032,22
-10.200,-28.500,56.550,-0.103,-5.842,7.669,0.676,0.004,-0.039,22
-10.200,-28.500,56.550,-0.275,-5.614,7.882,0.668,0.005,-0.036,22
-10.050,-26.700,59.400,-0.323,-5.411,8.018,0.639,0.009,-0.037,23
-10.050,-26.700,59.400,-0.278,-5.413,8.009,0.608,0.016,-0.031,22
-10.350,-25.500,58.950,-0.192,-5.411,8.092,0.602,0.001,-0.029,22
-10.350,-25.500,58.950,-0.053,-5.155,8.274,0.583,0.002,-0.027,22
-10.800,-24.750,62.400,-0.376,-5.112,8.490,0.565,0.007,-0.032,22
-10.800,-24.750,62.400,-0.278,-5.109,8.353,0.559,0.009,-0.031,22
-10.800,-24.750,62.400,-0.271,-4.958,8.437,0.549,0.005,-0.032,22
-10.050,-24.000,61.650,-0.321,-4.781,8.583,0.542,0.008,-0.023,23
-10.050,-24.000,61.650,-0.158,-4.681,8.557,0.542,0.007,-0.026,22
-10.050,-24.000,61.650,-0.287,-4.544,8.724,0.539,0.004,-0.027,22
-10.050,-24.000,61.650,-0.148,-4.384,8.586,0.515,0.003,-0.033,22
-9.750,-22.650,64.050,-0.266,-4.286,8.820,0.512,0.005,-0.027,22
-9.750,-22.650,64.050,-0.196,-4.228,8.792,0.494,0.009,-0.020,22
-9.750,-22.650,64.050,-0.175,-4.223,8.894,0.491,0.009,-0.034,23
-9.750,-22.650,64.050,-0.194,-4.173,9.014,0.507,0.004,-0.036,22
-9.750,-22.650,64.050,-0.206,-4.099,9.050,0.528,0.018,-0.035,22
-10.050,-21.300,63.150,-0.249,-3.979,9.017,0.540,-0.002,-0.018,22
-10.050,-21.300,63.150,-0.306,-3.895,9.055,0.555,0.006,-0.014,22
-11.100,-19.650,65.400,-0.141,-3.795,9.206,0.575,-0.004,-0.016,22
-11.100,-19.650,65.400,-0.074,-3.364,9.088,0.584,0.002,-0.017,23
-12.300,-19.350,65.700,-0.153,-3.242,9.256,0.572,0.004,-0.027,22
-12.300,-19.350,65.700,-0.239,-3.213,9.246,0.574,0.001,-0.037,22
-11.850,-18.900,66.450,-0.156,-3.093,9.340,0.567,0.004,-0.037,22
-11.850,-18.900,66.450,-0.163,-2.849,9.187,0.537,0.009,-0.024,22
-11.850,-18.900,66.450,-0.158,-2.662,9.285,0.531,0.002,-0.025,22
-11.850,-18.900,66.450,-0.084,-2.495,9.445,0.506,0.007,-0.029,23
-11.850,-18.900,66.450,-0.105,-2.318,9.390,0.467,0.004,-0.032,22
-10.500,-14.400,68.850,-0.271,-2.320,9.309,0.447,-0.001,-0.024,22
-10.500,-14.400,68.850,-0.220,-2.277,9.409,0.426,0.008,-0.017,22
-11.100,-14.250,69.450,-0.017,-2.131,9.685,0.395,0.007,-0.019,22
-11.100,-14.250,69.450,-0.120,-1.923,9.426,0.384,0.003,-0.025,22
-11.700,-14.400,68.850,-0.184,-1.958,9.471,0.361,0.007,-0.028,23
-11.700,-14.400,68.850,-0.170,-1.884,9.488,0.349,0.005,-0.027,22
-11.100,-13.500,68.250,-0.115,-1.712,9.622,0.313,0.014,-0.015,22
-11.100,-13.500,68.250,-0.139,-1.671,9.632,0.295,0.008,-0.015,22
-11.100,-13.500,68.250,-0.180,-1.556,9.543,0.273,0.001,-0.017,22
-11.100,-13.500,68.250,-0.048,-1.453,9.591,0.226,0.010,-0.021,22
-11.100,-13.500,68.250,-0.146,-1.293,9.529,0.185,0.010,-0.021,23
-10.200,-12.000,70.800,-0.172,-1.302,9.649,0.158,0.012,-0.023,22
-10.200,-12.000,70.800,-0.211,-1.437,9.649,0.119,0.005,-0.025,22
-11.550,-11.850,68.700,-0.163,-1.374,9.670,0.105,0.013,-0.010,22
-11.550,-11.850,68.700,-0.101,-1.367,9.634,0.095,0.015,-0.006,22
-10.200,-10.950,70.800,-0.285,-1.458,9.725,0.090,0.013,-0.007,22
-10.200,-10.950,70.800,-0.180,-1.501,9.708,0.096,0.003,-0.017,22
-10.200,-10.950,70.800,-0.079,-1.372,9.711,0.093,0.013,-0.009,23
-11.550,-9.450,68.700,-0.124,-1.350,9.742,0.104,0.009,-0.014,22
-11.550,-9.450,68.700,-0.192,-1.422,9.783,0.104,0.007,-0.020,22
-11.550,-9.450,68.700,-0.175,-1.372,9.720,0.109,0.008,-0.021,22
-11.550,-9.450,68.700,-0.086,-1.305,9.697,0.120,0.007,-0.014,22
-10.950,-10.500,69.300,-0.160,-1.233,9.790,0.117,0.012,-0.015,22
-10.950,-10.500,69.300,-0.146,-1.156,9.764,0.119,0.009,-0.010,23
-10.950,-10.500,69.300,-0.110,-1.144,9.716,0.118,0.011,-0.017,22
-10.950,-10.500,69.300,-0.093,-1.113,9.706,0.117,0.011,-0.023,22
-10.950,-10.500,69.300,-0.117,-1.063,9.776,0.116,0.008,-0.023,22
-10.050,-10.350,70.200,-0.139,-1.022,9.699,0.115,0.008,-0.021,22
-10.050,-10.350,70.200,-0.148,-1.025,9.718,0.112,0.013,-0.014,22
-11.550,-11.100,70.500,-0.129,-0.852,9.766,0.112,0.008,-0.014,23
-11.550,-11.100,70.500,-0.117,-0.867,9.668,0.106,0.010,-0.013,22
-10.800,-9.150,70.200,-0.057,-0.898,9.732,0.104,0.011,-0.019,22
-10.800,-9.150,70.200,-0.065,-0.785,9.787,0.096,0.012,-0.014,22
-12.600,-9.450,71.250,-0.172,-0.852,9.749,0.088,0.007,-0.018,22
-12.600,-9.450,71.250,-0.031,-0.754,9.850,0.086,0.011,-0.015,22
-12.600,-9.450,71.250,-0.120,-0.680,9.737,0.082,0.009,-0.013,22
-12.600,-9.450,71.250,-0.105,-0.673,9.795,0.075,0.007,-0.014,23
-12.600,-9.450,71.250,-0.084,-0.577,9.783,0.051,0.001,-0.012,22
-10.950,-8.550,71.850,-0.084,-0.596,9.768,0.039,0.006,-0.009,22
-10.950,-8.550,71.850,-0.184,-0.433,9.637,0.009,0.010,-0.015,22
-10.950,-8.550,70.350,-0.057,-0.227,9.627,-0.035,0.006,-0.021,22
-10.950,-8.550,70.350,-0.139,-0.326,9.766,-0.086,0.015,-0.015,22
-9.300,-7.950,71.250,-0.165,-0.757,9.826,-0.087,0.016,-0.002,23
-9.300,-7.950,71.250,-0.206,-0.912,9.780,-0.071,0.011,0.001,22
-9.300,-7.950,71.250,-0.151,-0.924,9.957,-0.024,0.011,-0.014,22
-10.050,-9.150,72.000,-0.105,-0.687,9.778,-0.020,0.009,-0.014,22
-10.050,-9.150,72.000,-0.074,-0.658,9.807,-0.018,0.011,-0.013,22
-10.050,-9.150,72.000,-0.170,-0.560,9.759,-0.034,0.009,-0.011,22
-10.050,-9.150,72.000,-0.091,-0.529,9.701,-0.051,0.016,-0.015,23
-12.450,-8.100,69.600,-0.163,-0.630,9.783,-0.060,0.009,-0.012,22
-12.450,-8.100,69.600,-0.187,-0.723,9.780,-0.070,0.013,-0.008,22
-11.250,-9.750,71.100,-0.160,-0.702,9.759,-0.060,0.009,-0.012,22
-11.250,-9.750,71.100,-0.194,-0.687,9.787,-0.049,0.008,-0.011,22
-11.250,-9.750,71.100,-0.163,-0.754,9.764,-0.046,0.013,-0.014,22
-12.300,-9.150,69.750,-0.117,-0.632,9.675,-0.046,0.013,-0.005,23
-12.300,-9.150,69.750,-0.093,-0.565,9.764,-0.054,0.012,-0.004,22
-12.150,-9.750,71.100,-0.129,-0.608,9.814,-0.055,0.009,-0.010,22
-12.150,-9.750,71.100,-0.113,-0.673,9.773,-0.065,0.008,-0.008,22
-12.150,-9.750,71.100,-0.163,-0.699,9.768,-0.071,0.014,-0.009,22
-12.150,-9.750,71.100,-0.158,-0.733,9.785,-0.057,0.012,-0.014,22
-9.600,-9.150,70.950,-0.134,-0.661,9.795,-0.053,0.014,-0.005,23
-9.600,-9.150,70.950,-0.211,-0.725,9.787,-0.060,0.011,-0.011,22
-10.350,-9.450,70.950,-0.086,-0.661,9.823,-0.066,0.008,-0.006,22
-10.350,-9.450,70.950,-0.084,-0.620,9.756,-0.068,0.016,-0.005,22
-10.350,-9.450,70.950,-0.163,-0.663,9.833,-0.071,0.017,-0.007,22
-11.250,-9.750,72.150,-0.189,-0.697,9.754,-0.082,0.008,-0.012,22
-11.250,-9.750,72.150,-0.134,-0.615,9.754,-0.095,0.007,-0.007,23
-11.100,-9.150,71.700,-0.093,-0.467,9.673,-0.107,0.013,-0.010,22
-11.100,-9.150,71.700,-0.136,-0.524,9.694,-0.142,0.012,-0.012,22
-11.100,-8.700,70.950,-0.156,-0.486,9.677,-0.183,0.007,-0.006,22
-11.100,-8.700,70.950,-0.148,-0.493,9.718,-0.213,0.011,-0.004,22
-11.250,-10.050,70.800,-0.113,-0.500,9.668,-0.251,0.011,-0.004,22
-11.250,-10.050,70.800,-0.096,-0.546,9.697,-0.301,0.012,0.002,22
-11.250,-10.050,70.800,-0.062,-0.613,9.692,-0.338,0.019,0.001,23
-11.250,-10.050,70.800,-0.163,-0.654,9.682,-0.376,0.013,-0.005,22
-11.250,-10.050,70.800,-0.084,-0.771,9.720,-0.417,0.014,-0.002,22
-11.100,-11.100,70.200,-0.170,-0.816,9.579,-0.458,0.021,0.002,22
-11.100,-11.100,70.200,-0.096,-1.015,9.620,-0.475,0.020,-0.003,22
-10.350,-11.850,71.700,-0.165,-1.245,9.718,-0.501,0.014,-0.007,22
-10.350,-11.850,71.700,-0.074,-1.274,9.694,-0.533,0.015,0.001,23
-10.050,-10.650,69.450,0.086,-1.456,9.500,-0.540,0.034,0.009,22
-10.050,-10.650,69.450,-0.072,-1.573,9.764,-0.548,0.019,0.011,22
-10.050,-10.650,69.450,-0.113,-1.530,9.661,-0.572,0.010,0.009,22
-11.850,-14.250,69.750,-0.156,-1.717,9.491,-0.587,0.010,0.007,22
-11.850,-14.250,69.750,-0.239,-1.812,9.555,-0.600,0.013,0.006,22
-11.850,-14.250,69.750,-0.297,-1.903,9.586,-0.621,0.016,0.009,23
-11.850,-14.250,69.750,-0.196,-2.040,9.433,-0.646,0.016,0.016,22
-10.800,-14.550,67.950,-0.146,-2.112,9.481,-0.663,0.011,0.013,22
-10.800,-14.550,67.950,-0.110,-2.425,9.500,-0.691,0.015,0.013,22
-10.950,-16.350,68.550,-0.079,-2.456,9.404,-0.705,0.022,0.008,22
-10.950,-16.350,68.550,-0.010,-2.952,9.601,-0.699,0.017,0.020,22
-10.950,-16.350,68.550,0.050,-3.175,9.131,-0.684,0.026,0.024,23
-10.350,-16.950,66.450,-0.278,-3.261,9.225,-0.690,0.026,0.027,22
-10.350,-16.950,66.450,-0.220,-3.179,9.153,-0.687,0.030,0.008,22
-10.050,-18.150,66.450,-0.177,-3.488,9.206,-0.647,0.013,0.003,22
-10.050,-18.150,66.450,-0.160,-3.503,9.369,-0.658,0.020,0.018,22
-10.050,-18.150,66.450,0.022,-3.536,9.131,-0.641,0.021,0.019,22
-10.050,-18.150,66.450,-0.105,-3.792,9.280,-0.607,0.010,0.010,22
-10.200,-19.050,66.600,-0.390,-3.819,9.151,-0.618,0.029,0.004,23
-10.200,-19.050,66.600,-0.160,-3.960,8.827,-0.604,0.018,0.015,22
-10.200,-19.050,66.600,-0.385,-3.967,9.057,-0.603,0.011,0.009,22
-10.350,-20.400,64.650,-0.132,-4.087,8.871,-0.619,0.023,0.006,22
-10.350,-20.400,64.650,-0.163,-4.247,8.875,-0.600,0.011,0.011,22
-10.200,-22.950,64.050,-0.232,-4.465,8.854,-0.583,0.015,0.016,22
-10.200,-22.950,64.050,-0.072,-4.518,8.748,-0.584,0.021,0.008,23
-9.750,-22.650,62.550,-0.192,-4.604,8.789,-0.570,0.018,0.003,22
-9.750,-22.650,62.550,-0.192,-4.633,8.736,-0.566,0.021,0.002,22
-9.750,-23.850,63.600,-0.180,-4.743,8.626,-0.563,0.019,0.008,22
-9.750,-23.850,63.600,-0.192,-4.834,8.514,-0.561,0.018,0.000,22
-9.750,-23.850,63.600,-0.196,-4.831,8.528,-0.567,0.019,0.002,22
-10.500,-22.950,62.550,-0.206,-4.925,8.435,-0.590,0.018,0.007,22
-10.500,-22.950,62.550,-0.220,-4.973,8.389,-0.610,0.017,0.013,23
-10.500,-22.950,62.550,-0.201,-5.042,8.284,-0.628,0.013,0.010,22
-10.500,-22.950,62.550,-0.275,-5.298,8.179,-0.644,0.015,0.007,22
-10.500,-27.000,59.850,-0.218,-5.389,8.179,-0.671,0.022,0.004,22
-10.500,-27.000,59.850,-0.247,-5.447,8.037,-0.687,0.019,0.007,22
-10.350,-27.150,59.400,-0.213,-5.555,7.973,-0.698,0.021,0.009,23
-10.350,-27.150,59.400,-0.199,-5.646,7.977,-0.715,0.016,0.015,22
-10.350,-27.150,59.400,-0.299,-5.906,7.779,-0.719,0.019,0.016,22
-10.500,-28.500,58.800,-0.311,-6.091,7.750,-0.729,0.018,0.010,22
-10.500,-28.500,58.800,-0.218,-6.208,7.688,-0.722,0.021,0.015,22
-10.350,-29.550,57.450,-0.266,-6.409,7.671,-0.700,0.019,0.010,22
-10.350,-29.550,57.450,-0.354,-6.455,7.554,-0.691,0.017,0.007,23
-10.350,-29.550,57.450,-0.266,-6.663,7.444,-0.673,0.019,0.015,22
-10.350,-29.550,57.450,-0.338,-6.833,7.271,-0.653,0.024,0.012,22
-10.200,-28.500,55.500,-0.338,-6.891,7.324,-0.619,0.017,0.011,22
-10.200,-28.500,55.500,-0.362,-6.864,7.147,-0.608,0.012,0.015,22
-10.200,-28.500,55.500,-0.187,-7.015,7.302,-0.588,0.014,0.012,22
-9.750,-31.200,54.300,-0.271,-7.175,7.068,-0.564,0.017,0.006,22
-9.750,-31.200,54.300,-0.438,-7.087,6.778,-0.554,0.015,0.008,23
-10.200,-32.400,54.750,-0.273,-7.269,6.972,-0.544,0.014,0.009,22
-10.200,-32.400,54.750,-0.237,-7.228,6.644,-0.533,0.019,-0.001,22
-10.950,-31.950,52.050,-0.309,-7.343,6.900,-0.517,0.017,0.003,22
-10.950,-31.950,52.050,-0.323,-7.451,6.615,-0.507,0.009,0.005,22
-10.950,-31.950,52.050,-0.280,-7.525,6.646,-0.487,0.021,0.009,22
-10.950,-31.950,52.050,-0.311,-7.568,6.483,-0.478,0.023,0.005,23
-8.850,-31.800,53.100,-0.388,-7.602,6.469,-0.469,0.013,0.003,22
-8.850,-31.800,53.100,-0.280,-7.597,6.366,-0.463,0.016,0.006,22
-8.850,-31.800,53.100,-0.359,-7.657,6.237,-0.465,0.018,0.011,22
-8.850,-33.750,51.600,-0.302,-7.647,6.239,-0.463,0.016,0.007,22
-8.850,-33.750,51.600,-0.290,-7.695,6.136,-0.472,0.015,0.006,22
-10.950,-33.600,49.800,-0.268,-7.796,6.084,-0.468,0.023,-0.003,23
-10.950,-33.600,49.800,-0.309,-7.944,6.029,-0.458,0.024,0.003,22
-9.450,-34.350,49.050,-0.397,-8.016,5.993,-0.452,0.019,0.006,22
-9.450,-34.350,49.050,-0.407,-7.966,5.868,-0.446,0.009,-0.000,22
-9.450,-34.350,49.500,-0.323,-8.059,5.880,-0.442,0.016,0.011,22
-9.450,-34.350,49.500,-0.220,-8.107,5.794,-0.434,0.016,0.006,22
-9.450,-34.350,49.500,-0.366,-8.186,5.693,-0.428,0.019,0.004,23
-10.050,-36.450,47.400,-0.342,-8.226,5.648,-0.421,0.015,-0.003,22
-10.050,-36.450,47.400,-0.371,-8.301,5.600,-0.419,0.022,0.002,22
-10.050,-36.450,47.400,-0.290,-8.279,5.528,-0.414,0.015,0.009,22
-10.050,-36.450,47.400,-0.316,-8.452,5.464,-0.405,0.013,0.002,22
-10.800,-35.400,45.150,-0.321,-8.408,5.289,-0.398,0.017,-0.005,22
-10.800,-35.400,45.150,-0.426,-8.452,5.246,-0.394,0.019,-0.004,22
-9.600,-36.450,47.400,-0.232,-8.557,5.260,-0.386,0.007,0.008,23
-9.600,-36.450,47.400,-0.302,-8.547,5.239,-0.380,0.010,0.001,22
-9.600,-36.450,47.400,-0.311,-8.507,5.011,-0.379,0.019,-0.005,22
-9.750,-37.050,45.000,-0.385,-8.610,5.107,-0.365,0.019,-0.008,22
-9.750,-37.050,45.000,-0.424,-8.686,5.004,-0.362,0.023,-0.003,22
-8.100,-36.150,44.850,-0.472,-8.598,4.927,-0.350,0.014,0.008,22
-8.100,-36.150,44.850,-0.330,-8.796,5.023,-0.335,0.009,-0.005,23
-8.100,-36.150,44.850,-0.302,-8.643,4.834,-0.338,0.008,-0.005,22
-8.100,-36.150,44.850,-0.357,-8.803,4.776,-0.319,0.012,-0.001,22
-10.350,-36.150,43.650,-0.369,-8.751,4.726,-0.329,0.018,0.002,22
-10.350,-36.150,43.650,-0.294,-8.825,4.568,-0.297,0.011,-0.008,22
-10.350,-36.150,43.650,-0.352,-8.890,4.664,-0.316,0.019,0.002,22
-9.450,-37.950,42.750,-0.362,-8.878,4.556,-0.297,0.019,0.002,23
-9.450,-37.950,42.750,-0.421,-8.973,4.676,-0.264,0.012,-0.004,22
-10.500,-36.000,42.750,-0.373,-8.983,4.592,-0.275,0.017,-0.002,22
-10.500,-36.000,42.750,-0.378,-8.894,4.362,-0.251,0.011,-0.004,22
-10.200,-38.250,40.500,-0.445,-8.993,4.513,-0.239,0.012,0.004,22
-10.200,-38.250,40.500,-0.297,-8.909,4.365,-0.232,0.017,0.001,22
-10.200,-38.250,40.500,-0.400,-9.069,4.415,-0.218,0.013,-0.001,23
-10.200,-38.250,40.500,-0.429,-9.038,4.334,-0.226,0.016,-0.004,22
-10.200,-38.250,40.500,-0.443,-9.000,4.211,-0.217,0.013,-0.002,22
-8.850,-36.900,41.100,-0.338,-9.103,4.310,-0.209,0.008,-0.003,22
-8.850,-36.900,41.100,-0.400,-8.954,4.147,-0.211,0.013,-0.006,22
-10.800,-37.350,41.100,-0.400,-9.122,4.293,-0.197,0.014,-0.006,22
-10.800,-37.350,41.100,-0.441,-9.131,4.233,-0.204,0.016,-0.005,23
-9.000,-37.950,40.500,-0.292,-9.117,4.178,-0.199,0.009,-0.004,22
-9.000,-37.950,40.500,-0.342,-9.124,4.073,-0.173,0.009,-0.009,22
-10.050,-37.350,40.350,-0.381,-9.194,4.085,-0.161,0.014,-0.014,22
-10.050,-37.350,40.350,-0.402,-9.179,4.101,-0.149,0.013,-0.010,22
-10.050,-37.350,40.350,-0.357,-9.290,4.108,-0.127,0.009,0.000,22
-9.450,-38.700,38.700,-0.426,-9.301,3.979,-0.110,0.009,-0.007,23
-9.450,-38.700,38.700,-0.488,-9.333,4.108,-0.091,0.013,-0.009,22
-9.300,-38.850,40.050,-0.350,-9.194,3.994,-0.071,0.019,-0.013,22
-9.300,-38.850,40.050,-0.340,-9.268,4.087,-0.044,0.013,-0.008,22
-9.300,-38.850,40.050,-0.441,-9.187,3.893,-0.031,0.017,-0.009,22
-9.300,-38.850,40.050,-0.354,-9.060,3.998,-0.027,0.015,-0.009,22
-10.050,-37.350,40.350,-0.373,-9.024,3.979,-0.030,0.016,-0.008,22
-10.050,-37.350,40.350,-0.340,-9.131,4.027,-0.032,0.012,-0.012,23
-10.050,-37.350,40.350,-0.472,-9.033,3.864,-0.049,0.015,-0.008,22
-9.300,-36.900,40.050,-0.409,-9.182,4.219,-0.033,0.009,-0.013,22
-9.300,-36.900,40.050,-0.357,-9.160,4.130,-0.031,0.012,-0.012,22
-10.350,-37.650,40.050,-0.448,-9.069,3.989,-0.039,0.011,-0.008,22
-10.350,-37.650,40.050,-0.338,-9.136,4.022,-0.027,0.008,-0.011,22
-9.000,-37.050,39.750,-0.414,-9.179,4.080,-0.001,0.011,-0.013,23
-9.000,-37.050,39.750,-0.409,-9.309,4.202,0.013,0.015,-0.008,22
-9.000,-37.050,39.750,-0.412,-9.127,4.013,0.045,0.011,-0.009,22
-9.000,-37.050,39.750,-0.309,-9.227,4.231,0.050,0.014,-0.014,22
-9.000,-37.050,39.750,-0.373,-8.892,4.147,0.051,0.008,-0.014,22
-9.450,-36.750,39.000,-0.388,-9.182,4.439,0.077,0.011,-0.018,22
-9.450,-36.750,39.000,-0.441,-9.127,4.240,0.085,0.012,-0.013,23
-8.850,-38.850,40.050,-0.345,-9.234,4.238,0.112,0.021,-0.019,22
-8.850,-38.850,40.050,-0.486,-9.148,4.185,0.135,0.007,-0.019,22
-10.800,-37.350,40.050,-0.326,-9.182,4.334,0.165,0.012,-0.016,22
-10.800,-37.350,40.050,-0.462,-9.237,4.350,0.191,0.015,-0.019,22
-10.350,-38.100,40.800,-0.426,-9.196,4.334,0.240,0.008,-0.019,22
-10.350,-38.100,40.800,-0.328,-9.141,4.501,0.270,0.000,-0.017,23
-10.350,-38.100,40.800,-0.345,-9.175,4.571,0.309,0.008,-0.023,22
-10.350,-38.100,40.800,-0.330,-9.170,4.676,0.368,0.006,-0.024,22
-10.350,-38.100,40.800,-0.421,-9.151,4.645,0.411,0.007,-0.029,22
-10.050,-36.450,42.900,-0.397,-9.093,4.757,0.452,-0.003,-0.029,22
-10.050,-36.450,42.900,-0.354,-8.966,4.834,0.507,0.001,-0.020,22
-9.600,-35.400,42.900,-0.385,-8.938,4.992,0.536,0.005,-0.024,23
-9.600,-35.400,42.900,-0.345,-8.803,5.037,0.568,-0.000,-0.032,22
-9.600,-36.450,45.150,-0.271,-8.681,5.054,0.596,0.004,-0.032,22
-9.600,-36.450,45.150,-0.412,-8.665,5.171,0.627,-0.005,-0.023,22
-8.700,-34.350,46.500,-0.359,-8.540,5.428,0.642,0.001,-0.026,22
-8.700,-34.350,46.500,-0.364,-8.399,5.428,0.664,-0.000,-0.028,22
-8.700,-34.350,46.500,-0.314,-8.124,5.578,0.659,0.003,-0.042,22
-10.500,-35.100,47.250,-0.306,-7.714,5.576,0.625,0.009,-0.040,23
-10.500,-35.100,47.250,-0.225,-7.784,5.837,0.612,0.013,-0.038,22
-8.850,-34.950,49.650,-0.409,-7.709,5.914,0.586,0.011,-0.031,22
-8.850,-34.950,49.650,-0.294,-7.578,6.093,0.571,0.005,-0.024,22
-8.850,-34.950,49.650,-0.366,-7.520,6.050,0.547,0.001,-0.024,22
-8.850,-34.950,49.650,-0.314,-7.513,6.256,0.530,-0.005,-0.024,22
-8.400,-33.450,52.350,-0.287,-7.405,6.340,0.503,0.005,-0.027,23
-8.400,-33.450,52.350,-0.316,-7.360,6.483,0.487,0.006,-0.030,22
-8.400,-33.450,52.350,-0.376,-7.314,6.653,0.479,0.005,-0.032,22
-10.200,-31.950,53.250,-0.309,-7.250,6.649,0.474,0.008,-0.025,22
-10.200,-31.950,53.250,-0.232,-7.266,6.723,0.476,0.007,-0.030,22
-11.100,-31.800,52.650,-0.304,-7.202,6.773,0.479,0.010,-0.030,22
-11.100,-31.800,52.650,-0.299,-7.044,6.936,0.480,0.009,-0.028,23
-9.450,-30.000,54.300,-0.381,-6.970,7.065,0.474,0.004,-0.028,22
-9.450,-30.000,54.300,-0.330,-6.912,6.984,0.477,0.009,-0.021,22
-9.450,-30.000,54.300,-0.321,-6.800,7.089,0.484,0.007,-0.023,22
-9.450,-30.000,54.300,-0.218,-6.823,7.262,0.494,0.001,-0.029,22
-9.450,-30.000,54.300,-0.151,-6.665,7.309,0.496,0.009,-0.019,22
-9.600,-30.600,55.950,-0.259,-6.512,7.338,0.503,0.005,-0.026,22
-9.600,-30.600,55.950,-0.390,-6.577,7.671,0.507,0.002,-0.027,23
-10.050,-30.300,57.450,-0.369,-6.400,7.547,0.514,0.006,-0.024,22
-10.050,-30.300,57.450,-0.215,-6.328,7.535,0.503,0.010,-0.026,22
-10.950,-27.300,57.300,-0.259,-6.055,7.748,0.498,0.005,-0.031,22
-10.950,-27.300,57.300,-0.213,-6.036,7.733,0.496,0.006,-0.030,22
-9.750,-27.300,58.500,-0.242,-5.928,7.788,0.485,0.007,-0.022,22
-9.750,-27.300,58.500,-0.364,-5.780,7.872,0.479,0.007,-0.026,23
-9.750,-27.300,58.500,-0.192,-5.753,7.915,0.477,0.006,-0.030,22
-9.750,-27.300,58.500,-0.215,-5.624,8.155,0.474,0.007,-0.027,22
-9.750,-27.300,58.500,-0.251,-5.622,8.124,0.472,0.010,-0.026,22
-10.050,-25.200,59.700,-0.302,-5.478,8.155,0.468,0.009,-0.027,22
-10.050,-25.200,59.700,-0.266,-5.370,8.186,0.470,0.002,-0.025,22
-10.050,-25.200,59.700,-0.294,-5.265,8.310,0.463,0.008,-0.021,23
-10.050,-25.200,59.700,-0.292,-5.143,8.332,0.462,0.006,-0.025,22
-11.100,-24.750,61.200,-0.194,-5.045,8.473,0.453,0.007,-0.023,22
-11.100,-24.750,61.200,-0.244,-5.021,8.483,0.461,0.002,-0.027,22
-11.100,-24.750,61.200,-0.189,-4.901,8.545,0.458,0.004,-0.022,22
-10.500,-25.350,62.100,-0.283,-4.822,8.554,0.448,0.003,-0.030,22
-10.500,-25.350,62.100,-0.321,-4.669,8.540,0.447,0.008,-0.025,22
-10.500,-21.450,63.300,-0.244,-4.566,8.720,0.434,0.003,-0.029,23
-10.500,-21.450,63.300,-0.189,-4.401,8.674,0.430,0.007,-0.029,22
-11.100,-21.300,63.150,-0.182,-4.377,8.847,0.410,0.005,-0.029,22
-11.100,-21.300,63.150,-0.187,-4.192,8.696,0.382,0.007,-0.030,22
-11.100,-21.300,63.150,-0.124,-4.077,8.904,0.379,0.010,-0.031,22
-11.100,-21.300,63.150,-0.158,-4.080,8.988,0.360,0.005,-0.028,22
-9.600,-21.300,63.150,-0.280,-4.020,8.928,0.349,0.009,-0.025,23
-9.600,-19.650,63.450,-0.208,-4.027,9.084,0.341,0.008,-0.017,22
-9.600,-19.650,63.450,-0.196,-3.926,8.921,0.333,0.005,-0.019,22
-10.500,-19.500,65.850,-0.211,-3.797,9.062,0.330,0.007,-0.019,22
-10.500,-19.500,65.850,-0.215,-3.718,9.187,0.317,0.011,-0.018,22
-11.100,-19.350,65.700,-0.187,-3.642,9.009,0.306,0.013,-0.021,22
-11.100,-19.350,65.700,-0.177,-3.615,9.146,0.306,0.006,-0.019,23
-10.050,-18.900,64.950,-0.189,-3.464,9.163,0.287,0.009,-0.013,22
-10.050,-18.900,64.950,-0.232,-3.316,9.086,0.262,0.007,-0.017,22
-10.050,-18.900,64.950,-0.201,-3.280,9.120,0.244,0.005,-0.016,22
-10.050,-18.900,64.950,-0.180,-3.268,9.222,0.226,0.009,-0.016,22
-10.050,-18.900,64.950,-0.048,-3.163,9.208,0.188,0.006,-0.017,22
-11.550,-18.150,64.650,-0.067,-3.108,9.309,0.167,0.008,-0.011,23
-11.550,-18.150,64.650,-0.256,-3.060,9.304,0.147,0.008,-0.013,22
-10.350,-18.450,66.450,-0.199,-3.043,9.325,0.128,0.007,-0.017,22
-10.350,-18.450,66.450,-0.072,-2.986,9.203,0.099,0.015,-0.014,22
-10.500,-18.300,66.300,-0.227,-3.012,9.301,0.090,0.010,-0.009,22
-10.500,-18.300,66.300,-0.156,-3.067,9.340,0.077,0.011,-0.011,22
-9.450,-18.000,66.600,-0.177,-3.029,9.323,0.070,0.011,-0.015,23
-9.450,-18.000,66.600,-0.177,-2.983,9.340,0.063,0.015,-0.017,22
-9.450,-18.000,66.600,-0.235,-2.933,9.404,0.059,0.010,-0.019,22
-9.450,-18.000,66.600,-0.151,-2.969,9.402,0.060,0.011,-0.013,22
-9.450,-18.000,66.600,-0.129,-3.036,9.424,0.062,0.011,-0.007,22
-10.800,-16.950,66.750,-0.184,-3.062,9.385,0.073,0.014,-0.019,22
-10.800,-16.950,66.750,-0.180,-3.000,9.424,0.081,0.015,-0.019,23
-10.800,-16.950,66.750,-0.129,-2.964,9.462,0.091,0.011,-0.012,22
-10.800,-16.950,66.750,-0.206,-2.892,9.373,0.097,0.009,-0.012,22
-10.500,-15.150,66.600,-0.172,-2.907,9.436,0.097,0.013,-0.015,22
-10.500,-15.150,66.600,-0.182,-2.880,9.471,0.105,0.006,-0.016,22
-10.500,-15.150,66.600,-0.093,-2.777,9.517,0.110,0.010,-0.011,22
-10.050,-16.950,68.250,-0.163,-2.684,9.400,0.109,0.012,-0.009,22
-10.050,-16.950,68.250,-0.201,-2.653,9.371,0.099,0.009,-0.015,23
-11.700,-15.600,67.800,-0.124,-2.533,9.419,0.078,0.011,-0.013,22
-11.700,-15.600,67.800,-0.117,-2.468,9.464,0.055,0.012,-0.013,22
-11.100,-16.950,67.200,-0.187,-2.373,9.402,0.028,0.011,-0.018,22
-11.100,-16.950,67.200,-0.156,-2.430,9.400,0.005,0.012,-0.023,22
-11.100,-16.950,67.200,-0.160,-2.339,9.459,-0.041,0.015,-0.008,22
-11.100,-16.950,67.200,-0.249,-2.272,9.311,-0.077,0.020,0.004,23
-11.100,-16.950,67.200,-0.192,-2.528,9.342,-0.087,0.021,-0.005,22
-10.800,-17.400,68.250,-0.113,-2.717,9.603,-0.082,0.016,-0.037,22
-10.800,-17.400,68.250,-0.211,-2.768,9.515,-0.082,0.019,-0.027,22
-11.250,-15.600,67.800,-0.242,-2.813,9.550,-0.049,0.019,-0.009,22
-11.250,-15.600,67.800,-0.280,-2.873,9.560,-0.017,0.009,-0.012,22
-10.950,-16.350,66.300,-0.043,-2.600,9.538,-0.014,0.007,-0.015,23
-10.950,-16.350,66.300,-0.029,-2.547,9.464,-0.024,0.004,-0.014,22
-10.200,-16.800,68.100,-0.074,-2.507,9.402,-0.016,0.007,-0.010,22
-10.200,-16.800,68.100,-0.124,-2.512,9.450,-0.029,0.018,-0.017,22
-10.200,-16.800,68.100,-0.218,-2.521,9.459,-0.041,0.009,-0.012,22
-10.200,-16.800,68.100,-0.158,-2.653,9.512,-0.039,0.009,-0.011,22
-10.200,-16.800,68.100,-0.136,-2.555,9.433,-0.042,0.015,-0.018,23
-11.250,-15.900,68.850,-0.122,-2.600,9.517,-0.046,0.013,-0.013,22
-11.250,-15.900,68.850,-0.182,-2.492,9.524,-0.051,0.012,-0.019,22
-11.250,-16.350,68.100,-0.117,-2.583,9.534,-0.054,0.015,-0.017,22
-11.250,-16.350,68.100,-0.232,-2.550,9.448,-0.051,0.015,-0.016,22
-9.750,-16.350,67.050,-0.120,-2.507,9.560,-0.056,0.014,-0.016,22
-9.750,-16.350,67.050,-0.196,-2.490,9.515,-0.056,0.010,-0.023,23
-9.750,-16.350,67.050,-0.132,-2.614,9.515,-0.054,0.015,-0.016,22
-10.800,-15.000,69.000,-0.158,-2.648,9.522,-0.055,0.012,-0.017,22
-10.800,-15.000,69.000,-0.129,-2.667,9.481,-0.050,0.016,-0.020,22
-8.850,-15.000,69.000,-0.182,-2.557,9.531,-0.041,0.013,-0.021,22
-8.850,-15.000,69.000,-0.163,-2.564,9.488,-0.051,0.009,-0.015,22
-10.950,-16.350,68.550,-0.194,-2.492,9.467,-0.056,0.004,-0.014,22
-10.950,-16.350,68.550,-0.101,-2.471,9.512,-0.063,0.012,-0.013,23
-10.950,-16.350,68.550,-0.110,-2.579,9.493,-0.063,0.017,-0.012,22
-10.950,-16.350,68.550,-0.168,-2.703,9.527,-0.058,0.013,-0.014,22
-10.950,-16.350,68.550,-0.189,-2.696,9.491,-0.044,0.011,-0.013,22
-9.750,-16.800,67.050,-0.172,-2.648,9.613,-0.039,0.009,-0.017,22
-9.750,-16.800,67.050,-0.146,-2.552,9.507,-0.038,0.005,-0.012,22
-10.950,-14.850,68.850,-0.153,-2.591,9.507,-0.039,0.013,-0.013,23
-10.950,-14.850,68.850,-0.160,-2.538,9.503,-0.042,0.011,-0.009,22
-12.600,-15.750,69.000,-0.146,-2.533,9.519,-0.048,0.014,-0.016,22
-12.600,-15.750,69.000,-0.220,-2.569,9.459,-0.057,0.012,-0.017,22
-10.950,-16.350,67.800,-0.168,-2.631,9.452,-0.052,0.010,-0.013,22
-10.950,-16.350,67.800,-0.196,-2.610,9.507,-0.052,0.011,-0.014,22
-10.950,-16.350,67.800,-0.134,-2.574,9.567,-0.045,0.014,-0.015,23
-10.950,-16.350,67.800,-0.555,-1.973,5.770,0.028,-0.038,-0.018,22
-10.950,-16.350,67.800,-0.733,-2.684,10.369,-0.008,0.016,-0.014,23
-10.050,-16.200,67.950,-0.220,-2.734,9.596,-0.031,0.013,-0.021,23
-10.050,-16.200,67.950,-0.093,-2.689,10.206,-0.071,0.026,-0.019,23
-11.250,-15.600,68.100,-0.182,-2.567,9.170,-0.037,0.004,-0.026,23
-11.250,-15.600,68.100,-0.448,-2.701,9.620,-0.040,-0.013,-0.030,22
-11.100,-16.200,67.500,-0.168,-2.368,9.385,-0.058,-0.003,-0.036,22
-11.100,-16.200,67.500,-0.096,-2.602,9.483,-0.050,-0.002,-0.027,22
-10.050,-15.750,68.700,-0.192,-2.550,9.778,-0.061,0.020,-0.014,22
-10.050,-15.750,68.700,-0.134,-2.514,9.390,-0.067,0.013,-0.012,22
-10.050,-15.750,68.700,-0.163,-2.650,9.620,-0.054,-0.003,-0.016,22
-10.050,-15.750,68.700,-0.345,-2.456,9.325,-0.067,0.011,-0.010,22
-10.050,-15.750,68.700,-0.156,-2.670,9.550,-0.051,0.019,-0.009,22
-11.700,-15.600,67.350,-0.113,-2.583,9.510,-0.046,0.008,-0.015,22
-11.700,-15.600,67.350,-0.268,-2.543,9.598,-0.059,0.018,-0.010,22
-11.700,-15.600,67.350,-0.256,-2.466,9.421,-0.062,0.011,-0.014,22
-11.700,-15.600,67.350,-0.235,-2.643,9.562,-0.053,0.008,-0.012,22
-10.800,-15.450,67.200,-0.227,-2.444,9.333,-0.071,0.017,-0.007,22
-10.800,-15.450,67.200,-0.132,-2.607,9.608,-0.056,0.007,-0.009,22
-10.800,-15.450,67.200,-0.182,-2.559,9.570,-0.067,0.011,-0.015,22
-10.350,-15.000,67.950,-0.184,-2.579,9.519,-0.083,0.011,-0.009,22
-10.350,-15.000,67.950,-0.180,-2.480,9.421,-0.088,0.007,-0.012,22
-10.050,-16.200,66.450,-0.199,-2.564,9.529,-0.098,0.015,-0.010,22
-10.050,-16.200,66.450,-0.129,-2.514,9.409,-0.116,0.012,-0.011,22
-10.500,-15.900,68.100,-0.129,-2.476,9.419,-0.130,0.012,-0.014,22
-10.500,-15.900,68.100,-0.144,-2.483,9.440,-0.153,0.013,-0.011,22
-10.500,-15.900,68.100,-0.139,-2.545,9.380,-0.168,0.015,-0.012,22
-10.500,-15.900,68.100,-0.168,-2.583,9.404,-0.195,0.010,-0.018,22
-10.500,-15.900,68.100,-0.139,-2.586,9.299,-0.219,0.012,-0.021,22
-11.100,-15.750,67.200,-0.122,-2.622,9.282,-0.230,0.015,-0.018,22
-11.100,-15.750,67.200,-0.259,-2.670,9.436,-0.260,0.015,-0.027,23
-12.300,-16.200,68.250,-0.187,-2.670,9.407,-0.277,0.016,-0.019,22
-12.300,-16.200,68.250,-0.117,-2.732,9.349,-0.293,0.016,-0.028,22
-10.200,-16.800,67.050,-0.122,-2.725,9.340,-0.317,0.018,-0.025,22
-10.200,-16.800,67.050,-0.132,-2.820,9.232,-0.357,0.014,-0.032,22
-12.150,-16.800,67.800,-0.196,-2.828,9.309,-0.382,0.020,-0.028,22
-12.150,-16.800,67.800,-0.045,-2.933,9.354,-0.412,0.022,-0.027,23
-12.150,-16.800,67.800,-0.074,-2.887,9.129,-0.458,0.022,-0.023,22
-12.150,-16.800,67.800,-0.117,-3.038,9.275,-0.489,0.019,-0.034,22
-12.150,-16.800,67.800,-0.151,-3.146,9.108,-0.521,0.023,-0.029,22
-11.100,-18.900,66.450,-0.110,-3.361,9.091,-0.550,0.031,-0.027,22
-11.100,-18.900,66.450,-0.113,-3.567,9.009,-0.578,0.032,-0.018,22
-10.950,-19.500,64.800,-0.144,-3.536,9.019,-0.600,0.033,-0.016,23
-10.950,-19.500,64.800,-0.175,-3.685,9.067,-0.613,0.028,-0.025,22
-9.450,-20.700,65.850,-0.177,-3.950,9.031,-0.640,0.027,-0.030,22
-9.450,-20.700,65.850,-0.177,-3.915,8.746,-0.657,0.025,-0.030,22
-9.450,-20.700,65.850,-0.065,-4.132,8.866,-0.664,0.027,-0.026,22
-10.350,-21.300,64.200,-0.153,-4.161,8.756,-0.690,0.034,-0.029,22
-10.350,-21.300,64.200,-0.294,-4.252,8.950,-0.695,0.014,-0.025,23
-10.050,-20.850,63.150,-0.055,-4.798,9.014,-0.690,0.041,-0.021,22
-10.050,-20.850,63.150,-0.124,-5.057,8.566,-0.653,0.027,-0.024,22
-10.350,-22.800,63.900,-0.254,-5.021,8.756,-0.615,0.027,-0.032,22
-10.350,-22.800,63.900,-0.117,-4.987,8.526,-0.602,0.039,-0.031,22
-10.350,-22.800,63.900,-0.235,-5.148,8.562,-0.584,0.026,-0.028,22
-10.350,-22.800,63.900,-0.165,-5.200,8.394,-0.567,0.029,-0.024,22
-10.350,-22.800,63.900,-0.196,-5.313,8.428,-0.568,0.028,-0.021,23
-11.700,-24.600,62.100,-0.180,-5.306,8.236,-0.561,0.027,-0.018,22
-11.700,-24.600,62.100,-0.177,-5.428,8.298,-0.568,0.035,-0.010,22
-10.800,-24.450,61.200,-0.184,-5.430,8.157,-0.565,0.034,-0.011,22
-10.800,-24.450,61.200,-0.177,-5.622,8.222,-0.555,0.028,-0.018,22
-10.050,-25.200,61.200,-0.189,-5.713,8.179,-0.568,0.031,-0.023,22
-10.050,-25.200,61.200,-0.146,-5.835,7.970,-0.557,0.029,-0.016,23
-11.100,-27.450,60.150,-0.194,-5.897,7.930,-0.552,0.028,-0.016,22
-11.100,-27.450,60.150,-0.139,-5.890,7.932,-0.553,0.035,-0.021,22
-11.100,-27.450,60.150,-0.201,-5.981,7.839,-0.561,0.031,-0.021,22
-11.100,-27.450,60.150,-0.194,-6.120,7.693,-0.564,0.035,-0.017,22
-11.100,-27.450,60.150,-0.256,-6.203,7.673,-0.569,0.036,-0.014,22
-10.800,-27.900,57.900,-0.215,-6.232,7.621,-0.574,0.026,-0.014,23
-10.800,-27.900,57.900,-0.232,-6.395,7.649,-0.572,0.023,-0.003,22
-11.250,-28.050,57.300,-0.283,-6.428,7.386,-0.572,0.020,0.001,22
-11.250,-28.050,57.300,-0.136,-6.622,7.372,-0.558,0.013,0.007,22
-10.950,-28.950,55.050,-0.184,-6.694,7.309,-0.555,0.019,0.005,22
-10.950,-28.950,55.050,-0.182,-6.728,7.274,-0.549,0.025,-0.003,22
-10.500,-29.250,55.050,-0.206,-6.744,7.116,-0.554,0.028,-0.007,23
-10.500,-29.250,55.050,-0.208,-6.833,7.056,-0.556,0.031,-0.008,22
-10.500,-29.250,55.050,-0.244,-6.893,6.974,-0.572,0.029,-0.008,22
-10.500,-29.250,55.050,-0.259,-7.005,6.843,-0.578,0.036,0.001,22
-10.500,-29.250,55.050,-0.247,-7.135,6.883,-0.585,0.024,0.007,22
-10.350,-30.600,53.700,-0.304,-7.192,6.747,-0.584,0.025,0.010,22
-10.350,-30.600,53.700,-0.261,-7.393,6.603,-0.580,0.018,0.013,23
-10.350,-30.600,53.700,-0.259,-7.417,6.579,-0.577,0.017,0.003,22
-10.350,-30.600,53.700,-0.187,-7.542,6.479,-0.573,0.014,0.008,22
-10.950,-31.650,54.000,-0.244,-7.547,6.414,-0.570,0.018,-0.000,22
-10.950,-31.650,54.000,-0.306,-7.570,6.412,-0.569,0.017,0.003,22
-10.950,-31.650,54.000,-0.263,-7.525,6.263,-0.583,0.013,0.010,22
-10.200,-31.950,51.750,-0.338,-7.714,6.163,-0.598,0.014,0.012,22
-10.200,-31.950,51.750,-0.163,-7.877,5.990,-0.597,0.013,0.013,23
-9.600,-33.450,49.650,-0.244,-7.980,5.933,-0.592,0.020,0.006,22
-9.600,-33.450,49.650,-0.247,-7.954,5.820,-0.595,0.025,0.000,22
-10.050,-33.750,49.650,-0.371,-8.100,5.775,-0.591,0.018,0.005,22
-10.050,-33.750,49.650,-0.283,-8.179,5.660,-0.584,0.017,0.010,22
-10.050,-33.750,49.650,-0.290,-8.238,5.574,-0.588,0.019,0.004,22
-10.050,-33.750,49.650,-0.211,-8.399,5.567,-0.567,0.019,0.006,23
-10.050,-33.750,49.650,-0.335,-8.408,5.442,-0.554,0.016,0.004,22
-10.350,-36.150,47.400,-0.314,-8.440,5.373,-0.541,0.017,0.008,22
-10.350,-36.150,47.400,-0.261,-8.557,5.169,-0.533,0.018,0.007,22
-10.350,-36.150,46.650,-0.294,-8.473,5.124,-0.524,0.021,0.002,22
-10.350,-36.150,46.650,-0.292,-8.598,5.104,-0.513,0.016,0.008,22
-9.750,-35.100,45.000,-0.297,-8.662,4.982,-0.509,0.017,0.000,23
-9.750,-35.100,45.000,-0.218,-8.679,4.985,-0.495,0.021,0.004,22
-9.750,-36.300,43.200,-0.383,-8.823,4.752,-0.479,0.012,0.004,22
-9.750,-36.300,43.200,-0.397,-8.823,4.685,-0.464,0.011,0.001,22
-9.750,-36.300,43.200,-0.306,-8.940,4.645,-0.442,0.016,0.007,22
-9.750,-36.300,43.200,-0.278,-8.897,4.585,-0.422,0.012,0.006,22
-9.750,-36.300,43.200,-0.306,-8.964,4.489,-0.418,0.019,0.001,23
-10.200,-37.050,43.500,-0.254,-8.971,4.360,-0.403,0.011,0.005,22
-10.200,-37.050,43.500,-0.345,-8.950,4.357,-0.399,0.018,-0.003,22
-9.750,-36.750,41.250,-0.297,-8.976,4.286,-0.398,0.015,-0.004,22
-9.750,-36.750,41.250,-0.318,-9.067,4.254,-0.395,0.011,0.005,22
-10.200,-37.050,40.500,-0.314,-9.096,4.132,-0.385,0.015,0.004,22
-10.200,-37.050,40.500,-0.323,-9.108,4.089,-0.384,0.012,-0.001,23
-10.200,-37.050,40.500,-0.385,-9.191,3.948,-0.378,0.011,-0.002,22
-10.950,-36.300,40.500,-0.323,-9.170,3.934,-0.363,0.012,-0.004,22
-10.950,-36.300,40.500,-0.335,-9.330,3.962,-0.340,0.017,-0.002,22
-10.350,-38.550,40.350,-0.393,-9.292,3.881,-0.316,0.014,-0.003,22
-10.350,-38.550,40.350,-0.350,-9.436,3.807,-0.296,0.016,-0.003,22
-10.350,-37.650,39.300,-0.431,-9.397,3.682,-0.271,0.011,-0.005,22
-10.350,-37.650,39.300,-0.371,-9.414,3.838,-0.231,0.012,-0.002,23
-10.350,-37.650,39.300,-0.354,-9.392,3.713,-0.213,0.007,0.003,22
-10.350,-37.650,39.300,-0.362,-9.440,3.675,-0.187,0.007,-0.005,22
-10.350,-37.650,39.300,-0.306,-9.515,3.644,-0.170,0.012,-0.009,22
-9.300,-37.650,38.550,-0.371,-9.562,3.596,-0.130,0.015,-0.010,22
-9.300,-37.650,38.550,-0.378,-9.615,3.721,-0.097,0.014,-0.010,22
-10.350,-37.350,38.550,-0.421,-9.601,3.687,-0.057,0.009,-0.011,23
-10.350,-37.350,38.550,-0.290,-9.546,3.642,-0.007,0.016,-0.010,22
-9.300,-38.100,39.300,-0.223,-9.273,3.582,0.020,0.021,-0.013,22
-9.300,-38.100,39.300,-0.321,-9.280,3.553,0.007,0.039,-0.011,22
-8.850,-37.350,39.300,-0.500,-9.313,3.737,0.025,0.002,-0.025,22
-8.850,-37.350,39.300,-0.488,-9.115,3.661,0.011,0.005,-0.003,22
-8.850,-37.350,39.300,-0.318,-9.440,3.637,0.034,0.007,-0.007,23
-8.850,-37.350,39.300,-0.017,-9.254,3.445,0.033,0.005,-0.011,22
-8.850,-37.350,39.300,-0.491,-9.196,3.788,0.019,0.021,-0.016,22
-9.750,-39.000,39.000,-0.407,-9.220,3.584,0.033,0.019,-0.017,22
-9.750,-39.000,39.000,-0.409,-9.515,3.845,0.044,0.010,-0.011,22
-10.800,-39.300,39.300,-0.345,-9.340,3.625,0.064,0.014,-0.009,22
-10.800,-39.300,39.300,-0.309,-9.424,3.838,0.087,0.001,-0.015,23
-9.000,-37.950,41.250,-0.354,-9.471,3.845,0.105,0.013,-0.009,22
-9.000,-37.950,41.250,-0.266,-9.357,3.867,0.133,0.009,-0.016,22
-9.000,-37.950,41.250,-0.405,-9.337,3.986,0.176,0.008,-0.019,22
-11.100,-38.100,40.800,-0.421,-9.311,3.804,0.196,0.007,-0.016,22
-11.100,-38.100,40.800,-0.340,-9.328,3.996,0.220,0.010,-0.020,22
-11.100,-38.100,40.800,-0.328,-9.459,4.087,0.277,0.013,-0.025,22
-11.100,-38.100,40.800,-0.369,-9.488,4.164,0.320,0.014,-0.036,23
-10.800,-36.450,40.350,-0.388,-9.491,4.252,0.374,0.013,-0.034,22
-10.800,-36.450,40.350,-0.400,-9.419,4.338,0.423,0.009,-0.025,22
-11.550,-36.900,41.550,-0.342,-9.263,4.463,0.486,0.002,-0.026,22
-11.550,-36.900,41.550,-0.388,-9.246,4.511,0.528,-0.004,-0.027,22
-10.800,-36.150,42.600,-0.357,-9.201,4.597,0.568,-0.006,-0.029,22
-10.800,-36.150,42.600,-0.302,-9.062,4.678,0.629,-0.001,-0.025,23
-10.800,-36.150,42.600,-0.292,-8.964,4.738,0.658,-0.002,-0.023,22
-10.050,-34.500,44.100,-0.211,-8.698,5.119,0.678,-0.002,-0.023,22
-10.050,-34.500,44.100,-0.235,-8.691,5.071,0.700,0.004,-0.031,22
-10.050,-34.500,44.100,-0.306,-8.478,5.160,0.699,0.008,-0.043,22
-10.050,-34.500,44.100,-0.316,-8.224,5.229,0.684,0.000,-0.046,22
-10.200,-34.350,48.000,-0.218,-8.061,5.353,0.663,0.011,-0.042,23
-10.200,-34.350,48.000,-0.366,-8.277,5.502,0.669,0.008,-0.029,22
-10.200,-34.350,48.000,-0.254,-8.200,5.895,0.695,0.001,-0.027,22
-10.200,-34.350,48.000,-0.247,-7.961,5.758,0.697,0.003,-0.032,22
-10.200,-34.350,48.000,-0.170,-8.107,6.000,0.711,-0.002,-0.029,22
-10.800,-33.750,49.650,-0.261,-7.839,6.081,0.710,0.003,-0.023,22
-10.800,-33.750,49.650,-0.354,-7.683,6.160,0.713,0.004,-0.031,23
-10.350,-33.450,51.900,-0.244,-7.508,6.323,0.718,0.002,-0.028,22
-10.350,-33.450,51.900,-0.292,-7.463,6.507,0.720,0.001,-0.034,22
-10.350,-31.800,52.350,-0.184,-7.436,6.560,0.724,0.009,-0.037,22
-10.350,-31.800,52.350,-0.194,-7.377,6.778,0.731,0.010,-0.038,22
-11.850,-30.300,54.900,-0.156,-7.058,6.919,0.737,-0.001,-0.036,22
-11.850,-30.300,54.900,-0.196,-7.034,6.943,0.749,0.003,-0.037,23
-11.850,-30.300,54.900,-0.244,-6.986,7.096,0.752,0.006,-0.036,22
-11.850,-30.300,54.900,-0.271,-6.843,7.209,0.764,0.001,-0.043,22
-11.850,-30.300,54.900,-0.342,-6.632,7.333,0.760,-0.000,-0.033,22
-11.700,-29.700,55.800,-0.290,-6.393,7.195,0.750,-0.002,-0.026,22
-11.700,-29.700,55.800,-0.192,-6.337,7.544,0.758,0.005,-0.020,22
-10.950,-27.750,58.500,-0.235,-6.148,7.628,0.756,0.002,-0.019,22
-10.950,-27.750,58.500,-0.230,-5.971,7.807,0.755,-0.001,-0.029,23
-11.100,-25.500,59.700,-0.134,-5.964,7.803,0.751,0.000,-0.038,22
-11.100,-25.500,59.700,-0.117,-5.705,7.956,0.753,0.003,-0.041,22
-11.100,-25.500,59.700,-0.239,-5.583,7.970,0.756,0.003,-0.043,22
-10.500,-26.100,60.300,-0.187,-5.447,8.234,0.757,0.003,-0.040,22
-10.500,-26.100,60.300,-0.232,-5.315,8.179,0.754,0.001,-0.030,22
-10.500,-26.100,60.300,-0.278,-5.212,8.329,0.751,0.002,-0.026,23
-10.500,-26.100,60.300,-0.242,-4.951,8.447,0.748,0.003,-0.036,22
-11.100,-23.250,62.700,-0.124,-4.738,8.562,0.742,0.002,-0.037,22
-11.100,-23.250,62.700,-0.235,-4.628,8.562,0.735,0.002,-0.039,22
-11.100,-22.500,64.200,-0.192,-4.477,8.641,0.716,0.010,-0.030,22
-11.100,-22.500,64.200,-0.223,-4.341,8.698,0.698,-0.002,-0.034,22
-11.100,-22.500,64.200,0.010,-4.077,8.808,0.682,0.001,-0.024,23
-11.250,-21.450,65.850,-0.218,-3.926,8.827,0.670,0.005,-0.020,22
-11.250,-21.450,65.850,-0.103,-3.836,8.947,0.648,0.004,-0.038,22
-11.850,-19.350,65.400,-0.148,-3.579,8.914,0.628,0.011,-0.037,22
-11.850,-19.350,65.400,-0.168,-3.589,9.098,0.619,0.002,-0.039,22
-11.850,-19.350,65.400,-0.105,-3.421,9.050,0.592,0.005,-0.035,22
-11.850,-19.350,65.400,-0.153,-3.273,9.215,0.563,0.008,-0.031,23
-12.150,-18.000,66.300,-0.141,-3.079,9.160,0.557,0.004,-0.019,22
-12.150,-18.000,66.300,-0.139,-3.069,9.191,0.534,0.006,-0.018,22
-12.150,-18.000,66.300,-0.026,-2.868,9.256,0.510,0.005,-0.015,22
-12.150,-18.000,66.300,-0.204,-2.844,9.328,0.493,0.009,-0.026,22
-12.150,-18.000,66.300,-0.113,-2.648,9.270,0.481,-0.001,-0.025,22
-11.700,-15.600,67.350,-0.079,-2.488,9.421,0.446,0.005,-0.028,23
-11.700,-15.600,67.350,-0.160,-2.380,9.376,0.426,0.008,-0.026,22
-11.850,-15.450,67.200,-0.117,-2.346,9.500,0.408,0.007,-0.027,22
-11.850,-15.450,67.200,-0.026,-2.263,9.479,0.381,0.006,-0.025,22
-11.550,-13.800,67.950,-0.069,-2.054,9.531,0.350,0.010,-0.022,22
-11.550,-13.800,67.950,-0.192,-2.018,9.505,0.324,0.007,-0.025,22
-11.250,-13.800,67.950,-0.110,-1.841,9.491,0.293,0.009,-0.026,23
-11.250,-13.950,67.800,-0.072,-1.772,9.519,0.241,0.008,-0.014,22
-11.250,-13.950,67.800,-0.081,-1.776,9.481,0.215,0.008,-0.014,22
-11.250,-13.950,67.800,-0.115,-1.774,9.601,0.182,0.007,-0.012,22
-11.250,-13.950,67.800,-0.079,-1.709,9.603,0.164,0.005,-0.014,22
-11.700,-13.950,68.850,-0.019,-1.669,9.601,0.124,0.009,-0.014,22
-11.700,-13.950,68.850,-0.136,-1.616,9.515,0.102,0.011,-0.013,23
-11.700,-12.000,70.350,-0.163,-1.671,9.560,0.082,0.011,-0.013,22
-11.700,-12.000,70.350,-0.091,-1.664,9.615,0.049,0.012,-0.009,22
-11.700,-12.000,70.350,-0.041,-1.717,9.637,0.047,0.008,-0.009,22
-11.550,-12.600,69.000,-0.177,-1.676,9.670,0.039,0.009,-0.005,22
-11.550,-12.600,69.000,-0.093,-1.662,9.663,0.041,0.010,-0.008,22
-11.250,-11.250,70.050,-0.069,-1.724,9.706,0.035,0.009,-0.016,22
-11.250,-11.250,70.050,-0.120,-1.664,9.644,0.033,0.012,-0.018,23
-11.250,-11.250,70.050,-0.055,-1.607,9.711,0.031,0.009,-0.014,22
-11.250,-11.250,70.050,-0.101,-1.635,9.711,0.022,0.013,-0.016,22
-11.550,-13.050,69.450,-0.081,-1.556,9.697,0.023,0.011,-0.015,22
-11.550,-13.050,69.450,-0.060,-1.559,9.704,0.017,0.016,-0.015,22
-11.550,-13.050,69.450,-0.160,-1.504,9.639,0.005,0.011,-0.022,22
-11.550,-13.050,69.450,-0.163,-1.554,9.708,0.002,0.008,-0.023,23
-11.550,-13.050,69.450,-0.105,-1.518,9.687,-0.003,0.005,-0.021,22
-11.850,-11.100,69.450,-0.117,-1.554,9.764,-0.003,0.009,-0.010,22
-11.850,-11.100,69.450,-0.084,-1.506,9.639,-0.001,0.011,-0.015,22
-11.700,-10.500,69.600,-0.120,-1.504,9.747,-0.012,0.013,-0.015,22
-11.700,-10.500,69.600,-0.117,-1.463,9.673,-0.019,0.011,-0.011,22
-11.250,-10.950,69.600,-0.134,-1.384,9.692,-0.034,0.013,-0.012,23
-11.250,-10.950,69.600,-0.101,-1.415,9.687,-0.038,0.013,-0.012,22
-10.500,-10.050,69.300,-0.077,-1.437,9.706,-0.045,0.007,-0.014,22
-10.500,-10.050,69.300,-0.103,-1.501,9.658,-0.057,0.014,-0.003,22
-10.500,-10.050,69.300,-0.089,-1.468,9.656,-0.061,0.015,-0.007,22
-10.500,-10.050,69.300,-0.048,-1.492,9.749,-0.069,0.008,-0.012,22
-10.500,-10.050,69.300,-0.132,-1.563,9.728,-0.064,0.015,-0.012,23
-10.950,-10.950,69.300,-0.108,-1.551,9.708,-0.064,0.014,-0.015,22
-10.950,-10.950,69.300,-0.069,-1.611,9.728,-0.057,0.008,-0.010,22
-10.500,-10.950,69.600,-0.129,-1.539,9.761,-0.055,0.014,-0.006,22
-10.500,-10.950,69.600,-0.105,-1.525,9.730,-0.043,0.010,-0.013,22
-12.150,-10.950,70.350,-0.077,-1.470,9.665,-0.050,0.011,-0.006,22
-12.150,-10.950,70.350,-0.065,-1.451,9.720,-0.055,0.010,-0.005,23
-12.150,-10.950,70.350,-0.098,-1.494,9.740,-0.064,0.011,-0.007,22
-12.150,-10.950,68.550,-0.124,-1.583,9.732,-0.067,0.008,-0.007,22
-12.150,-10.950,68.550,-0.182,-1.539,9.682,-0.057,0.008,-0.005,22
-12.150,-10.950,68.550,-0.074,-1.554,9.694,-0.057,0.014,-0.004,22
-12.150,-10.950,68.550,-0.060,-1.563,9.759,-0.044,0.011,-0.007,22
-11.700,-11.700,70.050,-0.110,-1.504,9.713,-0.044,0.008,-0.010,22
-11.700,-11.700,70.050,-0.098,-1.482,9.699,-0.046,0.011,-0.008,23
-10.350,-11.100,69.750,-0.089,-1.429,9.682,-0.052,0.013,-0.006,22
-10.350,-11.100,69.750,-0.091,-1.470,9.732,-0.066,0.009,-0.010,22
-10.350,-11.100,69.750,-0.124,-1.561,9.651,-0.069,0.011,-0.008,22
-12.150,-10.500,68.100,-0.093,-1.460,9.697,-0.068,0.011,-0.004,22
-12.150,-10.500,68.100,-0.005,-1.446,9.689,-0.077,0.014,-0.005,22
-9.600,-10.650,68.700,-0.096,-1.448,9.718,-0.091,0.012,-0.009,23
-9.600,-10.650,68.700,-0.156,-1.458,9.658,-0.101,0.010,-0.006,22
-9.600,-10.650,68.700,-0.105,-1.391,9.677,-0.120,0.012,-0.012,22
-9.600,-10.650,68.700,-0.139,-1.458,9.644,-0.144,0.015,-0.004,22
-11.250,-10.950,69.600,-0.096,-1.379,9.608,-0.175,0.012,0.000,22
-11.250,-10.950,69.600,-0.057,-1.331,9.661,-0.204,0.016,0.000,22
-11.250,-10.950,69.600,-0.019,-1.331,9.613,-0.232,0.017,-0.005,23
-11.250,-10.950,69.600,-0.034,-1.398,9.606,-0.289,0.007,-0.009,22
-11.250,-10.950,69.600,-0.132,-1.434,9.531,-0.328,0.015,-0.005,22
-10.500,-10.500,69.600,-0.144,-1.532,9.507,-0.356,0.019,-0.002,22
-10.500,-10.500,69.600,-0.084,-1.621,9.558,-0.412,0.015,0.010,22
-11.250,-12.900,68.850,-0.148,-1.642,9.601,-0.448,0.013,0.010,22
-11.250,-12.900,68.850,-0.043,-1.810,9.553,-0.476,0.012,0.002,23
-10.800,-13.500,70.200,-0.273,-2.047,9.349,-0.509,0.011,-0.003,22
-10.800,-13.500,70.200,-0.189,-2.071,9.426,-0.534,0.015,0.018,22
-10.800,-13.500,70.200,-0.187,-2.157,9.433,-0.562,0.022,0.022,22
-11.550,-14.550,68.700,-0.036,-2.423,9.443,-0.575,0.020,0.015,22
-11.550,-14.550,68.700,-0.010,-2.423,9.500,-0.609,0.010,0.008,22
-11.550,-14.550,68.700,-0.045,-2.562,9.366,-0.628,0.018,0.004,23
-11.550,-14.550,68.700,-0.172,-2.650,9.316,-0.652,0.025,0.003,22
-10.950,-15.150,67.350,-0.338,-2.734,9.316,-0.678,0.021,0.009,22
-10.950,-15.150,67.350,-0.213,-2.921,9.196,-0.715,0.019,0.015,22
-12.300,-16.500,67.500,-0.067,-3.182,9.328,-0.716,0.015,0.023,22
-12.300,-16.500,67.500,-0.225,-3.318,9.385,-0.723,0.014,0.018,22
-10.350,-16.500,67.500,-0.321,-3.479,9.392,-0.724,0.023,0.008,23
-10.350,-16.950,66.450,0.383,-3.689,9.433,-0.714,0.031,0.016,22
-10.350,-16.950,66.450,0.036,-4.017,9.014,-0.693,0.024,0.012,22
-10.950,-18.300,65.550,-0.055,-4.058,9.086,-0.685,0.023,0.012,22
-10.950,-18.300,65.550,-0.278,-4.161,9.086,-0.652,0.019,0.009,22
-10.950,-18.300,65.550,-0.256,-4.422,9.127,-0.642,0.021,0.013,22
-10.950,-18.300,65.550,-0.124,-4.204,8.559,-0.636,0.018,0.016,22
-10.350,-22.050,65.400,-0.127,-4.480,8.921,-0.621,0.019,0.012,23
-10.350,-22.050,65.400,-0.177,-4.508,8.732,-0.630,0.019,0.003,22
-11.550,-22.050,61.950,-0.184,-4.585,8.686,-0.621,0.017,0.005,22
-11.550,-22.050,61.950,-0.120,-4.942,8.708,-0.598,0.014,0.004,22
-11.550,-22.050,61.950,-0.041,-5.076,8.588,-0.561,0.018,0.010,22
-10.950,-22.650,64.350,-0.132,-5.145,8.636,-0.543,0.012,0.019,22
-10.950,-22.650,64.350,-0.199,-5.186,8.452,-0.527,0.014,0.019,23
-9.750,-22.650,61.800,-0.172,-5.219,8.502,-0.515,0.020,0.004,22
-9.750,-22.650,61.800,-0.132,-5.191,8.317,-0.508,0.021,0.001,22
-9.750,-22.650,61.800,-0.206,-5.294,8.411,-0.514,0.020,0.000,22
-9.750,-22.650,61.800,-0.151,-5.294,8.179,-0.525,0.015,0.006,22
-12.600,-24.750,61.950,-0.196,-5.361,8.255,-0.538,0.023,0.009,22
-12.600,-24.750,61.950,-0.146,-5.504,8.090,-0.549,0.020,0.004,23
-12.600,-24.750,61.950,-0.223,-5.593,8.071,-0.561,0.019,0.004,22
-12.600,-24.750,61.950,-0.180,-5.602,7.977,-0.579,0.020,0.003,22
-12.600,-24.750,61.950,-0.160,-5.684,7.927,-0.590,0.018,0.008,22
-10.500,-26.100,58.800,-0.263,-5.768,7.891,-0.610,0.015,0.013,22
-10.500,-26.100,58.800,-0.230,-5.753,7.800,-0.645,0.019,0.010,22
-10.350,-27.450,58.950,-0.201,-5.981,7.535,-0.675,0.026,0.007,23
-10.350,-27.450,58.950,-0.182,-6.069,7.582,-0.704,0.027,0.008,22
-10.200,-28.500,58.050,-0.194,-6.206,7.515,-0.723,0.026,0.008,22
-10.200,-28.500,58.050,-0.235,-6.282,7.377,-0.751,0.024,0.008,22
-10.200,-28.500,58.050,-0.251,-6.455,7.365,-0.758,0.021,0.011,22
-9.300,-27.900,56.400,-0.235,-6.790,7.190,-0.759,0.020,0.010,22
-9.300,-27.900,56.400,-0.247,-6.936,7.187,-0.741,0.020,0.010,23
-9.300,-27.900,56.400,-0.333,-6.974,7.089,-0.743,0.023,0.012,22
-9.300,-27.900,56.400,-0.113,-7.087,6.900,-0.742,0.017,0.011,22
-10.800,-31.500,54.450,-0.283,-7.072,6.773,-0.739,0.013,0.013,22
-10.800,-31.500,54.450,-0.232,-7.233,6.622,-0.730,0.017,0.013,22
-10.800,-31.050,52.350,-0.206,-7.353,6.579,-0.723,0.020,0.008,22
-10.800,-31.050,52.350,-0.405,-7.499,6.488,-0.725,0.017,0.013,22
-10.800,-31.050,52.350,-0.340,-7.377,6.333,-0.735,0.020,0.014,23
-9.600,-31.050,51.900,-0.235,-7.508,6.361,-0.738,0.013,0.015,22
-9.600,-31.050,51.900,-0.220,-7.714,6.026,-0.748,0.018,0.021,22
-10.050,-32.250,50.100,-0.218,-7.822,6.029,-0.762,0.018,0.015,22
-10.050,-32.250,50.100,-0.244,-7.915,5.847,-0.771,0.018,0.012,22
-10.050,-32.250,50.100,-0.306,-8.056,5.765,-0.762,0.021,0.011,22
-10.050,-32.250,50.100,-0.263,-8.124,5.768,-0.765,0.016,0.015,23
-9.000,-33.150,48.000,-0.335,-8.303,5.590,-0.759,0.021,0.017,22
-9.000,-33.150,48.000,-0.318,-8.353,5.318,-0.765,0.018,0.013,22
-9.000,-33.150,48.000,-0.381,-8.535,5.265,-0.740,0.009,0.010,22
-10.500,-34.050,46.500,-0.333,-8.626,5.327,-0.723,0.013,0.011,22
-10.500,-34.050,46.500,-0.280,-8.746,4.978,-0.687,0.020,0.006,22
-10.350,-35.700,43.650,-0.407,-8.897,4.937,-0.649,0.021,0.010,23
-10.350,-35.700,43.650,-0.450,-8.906,4.714,-0.609,0.018,0.008,22
-11.850,-35.700,44.400,-0.340,-8.894,4.903,-0.584,0.013,0.006,22
-11.850,-35.700,44.400,-0.254,-8.930,4.767,-0.559,0.014,0.003,22
-9.750,-36.000,43.500,-0.290,-9.091,4.494,-0.535,0.015,0.003,22
-9.750,-36.000,43.500,-0.266,-9.108,4.511,-0.510,0.005,0.004,22
-9.750,-36.000,43.500,-0.328,-9.105,4.360,-0.486,0.020,0.003,23
-10.200,-37.050,42.000,-0.426,-9.153,4.326,-0.463,0.013,0.001,22
-10.200,-37.050,42.000,-0.359,-9.079,4.118,-0.450,0.009,0.007,22
-10.200,-37.050,42.000,-0.268,-9.189,4.106,-0.438,0.012,0.011,22
-10.200,-37.050,42.000,-0.287,-9.131,3.974,-0.417,0.014,0.005,22
-9.750,-36.300,40.950,-0.338,-9.160,4.010,-0.415,0.021,0.001,22
-9.750,-36.300,40.950,-0.247,-9.052,3.867,-0.416,0.016,-0.001,23
-10.500,-37.050,40.500,-0.426,-9.172,3.807,-0.418,0.014,0.000,22
-10.500,-37.050,40.500,-0.383,-9.208,3.685,-0.414,0.018,0.003,22
-10.500,-37.050,40.500,-0.302,-9.213,3.584,-0.420,0.014,-0.002,22
-10.200,-37.050,40.200,-0.407,-9.258,3.630,-0.433,0.022,0.007,22
-10.200,-37.050,40.200,-0.429,-9.129,3.292,-0.454,0.007,0.005,22
-11.100,-38.850,38.550,-0.177,-9.349,3.654,-0.442,0.016,0.001,23
-11.100,-38.850,38.550,-0.474,-9.203,3.141,-0.478,0.017,-0.003,22
-11.100,-38.850,38.550,-0.496,-9.337,3.096,-0.480,0.021,0.007,22
-11.100,-38.850,38.550,-0.397,-9.397,3.115,-0.454,0.007,0.007,22
-9.450,-39.000,36.750,-0.369,-9.594,3.261,-0.467,0.015,0.004,22
-9.450,-39.000,36.750,-0.376,-9.541,2.784,-0.446,0.013,0.001,22
-9.300,-38.850,35.850,-0.345,-9.708,3.208,-0.422,0.003,0.009,23
-9.300,-38.850,35.850,-0.476,-9.713,2.911,-0.404,0.021,0.003,22
-9.300,-38.850,35.850,-0.474,-9.787,2.911,-0.383,0.016,0.002,22
-10.350,-39.300,34.800,-0.385,-9.792,2.708,-0.340,0.008,0.001,22
-10.350,-39.300,34.800,-0.388,-9.840,2.739,-0.302,0.017,0.007,22
-10.350,-39.300,35.100,-0.438,-9.962,2.722,-0.272,0.008,0.001,22
-10.350,-39.300,35.100,-0.335,-9.981,2.796,-0.233,0.009,-0.009,22
-10.350,-39.300,35.100,-0.462,-9.862,2.490,-0.204,0.011,-0.003,23
-10.350,-39.300,35.100,-0.357,-9.967,2.586,-0.155,0.017,-0.001,22
-8.850,-39.300,34.350,-0.369,-9.910,2.670,-0.134,0.017,-0.005,22
-8.850,-39.300,34.350,-0.460,-9.910,2.459,-0.079,0.005,-0.003,22
-8.850,-39.300,34.350,-0.429,-9.941,2.442,-0.038,0.005,-0.010,22
-8.850,-39.300,34.350,-0.342,-9.766,2.466,-0.009,0.014,-0.021,22
-8.850,-39.300,34.350,-0.433,-9.692,2.492,0.002,0.023,-0.015,23
-10.200,-38.700,33.900,-0.362,-9.495,2.480,-0.011,0.027,-0.006,22
-10.200,-38.700,33.900,-0.512,-9.663,2.682,0.008,-0.001,-0.015,22
-8.700,-37.500,34.650,-0.397,-10.027,2.646,-0.006,0.007,-0.011,22
-8.700,-37.500,34.650,0.067,-9.668,2.526,0.032,0.023,-0.010,22
-8.700,-37.950,34.650,-0.469,-9.888,2.787,0.083,0.012,-0.027,22
-8.700,-37.950,34.650,-0.362,-9.646,2.409,0.082,0.018,-0.018,23
-8.700,-37.950,34.650,-0.424,-9.756,3.136,0.139,-0.001,-0.021,22
-10.350,-40.500,34.350,-0.522,-9.960,2.875,0.141,0.004,-0.017,22
-10.350,-40.500,34.350,-0.136,-9.567,2.332,0.173,0.013,-0.008,22
-10.350,-40.500,34.350,-0.462,-9.905,3.093,0.200,0.005,-0.016,22
-10.350,-40.500,34.350,-0.419,-9.742,2.579,0.219,0.019,-0.018,22
-10.500,-39.900,34.950,-0.371,-9.780,2.775,0.258,0.000,-0.019,23
-10.500,-39.900,34.950,-0.426,-9.802,3.036,0.280,0.018,-0.025,22
-7.950,-37.050,35.700,-0.326,-9.639,3.084,0.316,0.012,-0.021,22
-7.950,-37.050,35.700,-0.409,-9.591,3.182,0.348,-0.000,-0.023,22
-7.950,-37.050,35.700,-0.354,-9.653,3.163,0.367,0.010,-0.022,22
-8.700,-36.300,37.500,-0.373,-9.649,3.294,0.402,0.007,-0.023,22
-8.700,-36.300,37.500,-0.383,-9.522,3.395,0.434,0.002,-0.021,23
-10.050,-38.100,38.850,-0.340,-9.510,3.546,0.442,0.004,-0.018,22
-10.050,-38.100,38.850,-0.433,-9.426,3.548,0.466,-0.001,-0.023,22
-10.050,-38.100,38.850,-0.400,-9.448,3.694,0.495,-0.002,-0.026,22
-10.050,-38.100,38.850,-0.196,-9.517,3.745,0.527,0.010,-0.028,22
-10.500,-37.950,40.950,-0.311,-9.455,3.986,0.563,0.012,-0.027,22
-10.500,-37.950,40.950,-0.330,-9.352,4.061,0.622,0.015,-0.031,22
-10.500,-37.950,40.950,-0.328,-9.304,4.125,0.646,0.007,-0.041,23
-10.800,-36.900,40.800,-0.429,-8.849,4.161,0.627,0.016,-0.042,22
-10.800,-36.900,40.800,-0.429,-8.729,4.319,0.622,-0.009,-0.032,22
-10.350,-34.950,43.350,-0.196,-8.878,4.489,0.627,0.002,-0.027,22
-10.350,-34.950,43.350,-0.373,-8.959,4.827,0.608,0.015,-0.026,22
-10.200,-34.800,43.500,-0.335,-8.557,4.664,0.630,0.005,-0.042,22
-10.200,-34.800,43.500,-0.340,-8.835,5.035,0.634,0.003,-0.041,23
-10.200,-34.800,43.500,-0.314,-8.583,4.798,0.627,0.013,-0.031,22
-10.200,-34.800,43.500,-0.294,-8.578,5.239,0.646,0.007,-0.028,22
-10.200,-34.800,43.500,-0.395,-8.507,5.279,0.633,0.003,-0.026,22
-10.500,-36.000,46.950,-0.244,-8.322,5.380,0.659,0.006,-0.033,22
-10.500,-36.000,46.950,-0.347,-8.217,5.476,0.667,-0.005,-0.034,22
-10.050,-34.500,48.150,-0.287,-8.215,5.543,0.666,-0.000,-0.025,23
-10.050,-34.500,48.150,-0.271,-7.963,5.760,0.674,0.001,-0.019,22
-10.800,-34.500,49.650,-0.223,-7.915,6.050,0.673,-0.003,-0.027,22
-10.800,-34.500,49.650,-0.139,-7.807,5.962,0.670,-0.001,-0.034,22
-10.950,-31.650,50.550,-0.184,-7.839,6.112,0.677,0.006,-0.037,22
-10.950,-31.650,50.550,-0.323,-7.649,6.280,0.679,0.010,-0.042,22
-10.950,-31.650,50.550,-0.211,-7.518,6.560,0.679,0.005,-0.038,23
-10.950,-31.650,50.550,-0.280,-7.271,6.452,0.669,-0.000,-0.038,22
-10.950,-31.650,50.550,-0.254,-7.219,6.761,0.657,0.007,-0.029,22
-11.100,-30.300,53.700,-0.357,-7.264,6.752,0.661,-0.000,-0.020,22
-11.100,-30.300,53.700,-0.259,-7.144,6.792,0.655,-0.001,-0.023,22
-11.100,-30.300,53.700,-0.249,-7.061,6.953,0.664,0.002,-0.033,22
-11.100,-30.300,53.700,-0.180,-6.926,7.094,0.680,0.005,-0.040,23
-9.750,-28.050,55.800,-0.232,-6.778,7.245,0.678,0.011,-0.035,22
-9.750,-28.050,55.800,-0.304,-6.699,7.228,0.697,0.005,-0.031,22
-9.750,-28.050,55.800,-0.175,-6.644,7.405,0.693,0.002,-0.038,22
-11.100,-27.900,58.200,-0.175,-6.354,7.475,0.692,0.007,-0.035,22
-11.100,-27.900,58.200,-0.194,-6.321,7.570,0.700,0.005,-0.036,22
-10.500,-24.600,58.050,-0.251,-6.129,7.724,0.699,0.002,-0.035,23
-10.500,-24.600,58.050,-0.201,-6.076,7.815,0.717,-0.001,-0.032,22
-10.050,-24.450,60.450,-0.172,-5.962,7.889,0.722,0.007,-0.032,22
-10.050,-24.450,60.450,-0.201,-5.772,7.910,0.727,-0.000,-0.033,22
-10.050,-24.450,60.450,-0.208,-5.583,8.107,0.730,0.006,-0.028,22
-10.050,-24.450,60.450,-0.223,-5.397,8.183,0.727,0.003,-0.036,22
-10.350,-24.000,61.200,-0.096,-5.267,8.222,0.729,0.005,-0.038,22
-10.350,-24.000,61.200,-0.141,-5.073,8.375,0.717,0.004,-0.040,23
-10.350,-24.000,61.200,-0.362,-5.001,8.351,0.705,0.008,-0.028,22
-10.800,-23.550,61.200,-0.057,-4.650,8.423,0.702,-0.002,-0.036,22
-10.800,-23.550,61.200,-0.012,-4.525,8.543,0.691,0.001,-0.038,22
-9.750,-21.900,63.600,-0.098,-4.389,8.607,0.659,0.006,-0.031,22
-9.750,-21.900,63.600,-0.424,-4.281,8.847,0.642,0.006,-0.034,22
-11.700,-21.450,64.800,0.043,-4.032,8.619,0.614,0.002,-0.028,23
-11.700,-21.450,64.800,-0.077,-3.812,8.835,0.575,0.004,-0.029,22
-11.700,-21.450,64.800,-0.038,-3.757,8.902,0.524,0.007,-0.028,22
-11.700,-21.450,64.800,-0.177,-3.594,8.914,0.489,0.007,-0.025,22
-11.700,-21.450,64.800,-0.129,-3.479,8.971,0.452,0.006,-0.025,22
-10.500,-19.500,66.600,-0.132,-3.354,8.983,0.384,0.009,-0.023,22
-10.500,-19.500,66.600,-0.029,-3.352,9.136,0.337,0.008,-0.023,23
-10.950,-18.300,65.100,0.000,-3.175,8.969,0.297,0.010,-0.020,22
-10.950,-18.300,65.100,-0.096,-3.079,9.131,0.260,0.009,-0.015,22
-10.800,-17.700,66.450,-0.122,-3.237,9.222,0.216,0.009,-0.020,22
-10.800,-17.700,66.450,-0.156,-3.100,9.045,0.179,0.015,-0.019,22
-10.800,-16.500,66.000,-0.117,-3.072,9.254,0.152,0.012,-0.017,22
-10.800,-16.500,66.000,-0.144,-3.127,9.335,0.125,0.013,-0.019,23
-10.800,-16.500,66.000,-0.074,-3.081,9.282,0.106,0.014,-0.017,22
-10.800,-16.500,66.000,-0.153,-3.105,9.390,0.096,0.006,-0.011,22
-10.800,-16.500,66.000,-0.132,-3.072,9.254,0.080,0.013,-0.007,22
-12.450,-17.100,66.300,-0.127,-3.089,9.359,0.062,0.010,-0.009,22
-12.450,-17.100,66.300,-0.141,-3.062,9.337,0.061,0.007,-0.018,22
-10.800,-17.400,66.000,-0.134,-3.199,9.364,0.066,0.009,-0.018,23
NEW_MEASUREMENTS
-13.650,2.700,70.350,0.177,-0.227,7.671,-0.119,0.008,0.017,38
-13.650,2.700,70.350,1.451,-0.218,11.899,-0.085,0.041,0.003,23
-13.650,2.700,70.350,-0.091,-0.520,8.887,-0.001,-0.021,-0.035,23
-11.850,2.100,70.500,0.369,-0.891,10.453,-0.043,0.006,-0.024,22
-11.850,2.100,70.500,0.450,-0.139,8.662,-0.087,0.021,-0.001,22
-13.350,0.900,70.500,0.615,-1.171,10.865,-0.018,0.001,-0.027,22
-13.350,0.900,70.500,0.831,-0.177,8.818,-0.114,0.036,-0.002,22
-11.700,1.950,70.800,0.067,-0.287,9.333,-0.119,0.003,-0.003,22
-11.700,1.950,70.800,0.204,-0.448,9.776,-0.066,-0.014,-0.013,22
-11.700,1.950,70.800,0.417,-0.630,9.718,-0.137,0.032,0.007,22
-12.900,2.250,70.800,0.321,-0.464,9.694,-0.096,0.016,0.007,22
-12.900,2.250,70.800,0.572,-0.929,10.139,-0.095,0.004,-0.009,22
-12.900,2.250,70.800,0.601,-0.196,9.802,-0.132,-0.013,-0.016,22
-12.900,2.250,70.800,0.230,-0.385,9.503,-0.177,0.037,-0.003,22
-12.600,1.350,70.950,0.359,-0.354,9.641,-0.186,0.027,0.009,22
-12.600,1.350,70.950,0.280,-0.543,9.826,-0.241,0.029,0.011,22
-12.300,1.350,71.700,0.354,-0.735,9.881,-0.276,0.013,0.010,22
-12.300,1.350,71.700,0.254,-0.476,9.412,-0.307,0.017,-0.004,22
-12.300,1.350,71.700,0.417,-0.800,9.488,-0.377,0.012,-0.008,22
-11.850,1.350,71.700,0.692,-0.699,9.893,-0.403,0.026,0.002,22
-11.850,1.350,71.700,0.438,-0.931,9.756,-0.418,0.012,0.014,22
-12.300,1.350,70.950,0.606,-0.725,9.579,-0.463,0.021,0.021,22
-12.300,1.350,70.950,0.421,-1.135,9.766,-0.494,0.024,0.012,22
-12.300,1.350,70.950,0.309,-1.085,9.515,-0.517,0.016,0.007,22
-12.300,1.350,70.950,0.294,-1.307,9.548,-0.549,0.029,0.008,22
-12.300,1.350,70.950,0.206,-1.355,9.546,-0.566,0.022,0.006,22
-13.050,-1.350,72.000,0.328,-1.446,9.663,-0.605,0.010,0.005,22
-13.050,-1.350,72.000,0.376,-1.566,9.505,-0.632,0.028,0.007,22
-13.050,-1.350,72.000,0.354,-1.776,9.459,-0.643,0.024,0.007,22
-13.050,-1.350,72.000,0.429,-1.963,9.397,-0.684,0.023,0.002,23
-12.450,-4.200,70.800,0.225,-2.157,9.548,-0.697,0.019,0.004,22
-12.450,-4.200,70.800,0.285,-2.157,9.586,-0.709,0.011,0.007,22
-12.900,-4.650,70.350,0.412,-2.394,9.438,-0.722,0.018,0.009,22
-12.900,-4.650,70.350,0.213,-2.682,9.290,-0.725,0.013,0.015,22
-12.900,-4.650,70.350,0.093,-3.132,9.347,-0.710,0.022,0.026,22
-12.450,-5.850,71.550,0.510,-3.472,9.273,-0.658,-0.023,0.020,23
-12.450,-5.850,71.550,0.199,-3.021,9.397,-0.620,0.035,0.006,22
-12.450,-6.900,70.350,0.211,-3.400,9.550,-0.578,0.021,-0.001,22
-12.450,-6.900,70.350,0.421,-3.543,9.359,-0.550,0.005,-0.006,22
-12.450,-6.900,70.350,0.385,-3.467,9.244,-0.529,0.013,0.011,22
-12.450,-6.900,70.350,0.350,-3.625,9.124,-0.474,0.039,0.024,22
-11.850,-8.700,69.450,0.371,-4.065,9.321,-0.475,0.010,0.002,23
-11.850,-8.700,69.450,0.749,-3.302,8.492,-0.497,0.037,0.003,22
-12.450,-10.050,68.850,0.156,-3.340,8.305,-0.454,0.029,-0.001,22
-12.450,-10.050,68.850,0.156,-4.085,9.728,-0.431,0.019,-0.002,22
-12.450,-10.050,68.850,0.184,-3.479,8.641,-0.495,0.033,0.012,22
-12.300,-9.150,69.450,0.259,-4.120,9.431,-0.472,0.009,0.011,22
-12.300,-9.150,69.450,0.520,-3.974,8.981,-0.436,0.008,0.007,23
-13.800,-11.850,71.250,0.287,-4.386,9.222,-0.495,0.025,0.012,22
-13.800,-11.850,71.250,0.275,-3.879,8.521,-0.448,0.007,0.006,22
-13.800,-11.850,71.250,0.383,-4.345,9.153,-0.462,0.021,0.007,22
-13.800,-11.850,71.250,0.223,-4.192,8.645,-0.523,0.023,0.015,22
-13.350,-13.500,68.700,0.297,-3.977,8.497,-0.557,0.023,0.023,22
-13.350,-13.500,68.700,0.132,-4.051,8.203,-0.601,0.018,0.009,23
-13.350,-13.500,68.700,0.397,-4.731,8.887,-0.626,0.016,0.002,22
-13.050,-13.800,68.250,0.383,-4.511,8.327,-0.683,0.029,0.008,22
-13.050,-13.800,68.250,0.417,-4.729,8.643,-0.656,0.014,-0.008,22
-12.600,-14.250,67.200,0.290,-5.013,8.648,-0.667,0.011,-0.006,22
-12.600,-14.250,67.200,0.230,-5.224,8.622,-0.714,0.023,0.015,22
-11.700,-15.600,67.050,0.163,-5.107,7.891,-0.699,0.017,0.020,23
-11.700,-15.600,67.050,0.340,-5.504,8.437,-0.697,0.012,0.023,22
-11.700,-15.600,67.050,0.340,-5.504,8.157,-0.708,0.016,0.016,22
-11.700,-15.600,67.050,0.393,-5.600,8.100,-0.718,0.021,0.009,22
-11.700,-15.600,67.050,0.163,-5.760,7.764,-0.696,0.025,0.000,22
-12.450,-18.300,66.600,0.275,-5.964,7.975,-0.691,0.023,0.008,22
-12.450,-18.300,66.600,0.170,-5.916,7.702,-0.707,0.016,0.015,23
-12.450,-18.300,66.600,0.172,-6.067,7.752,-0.695,0.015,0.014,22
-12.450,-18.300,66.600,0.158,-6.225,7.812,-0.699,0.015,0.010,22
-12.450,-20.250,65.850,0.309,-6.371,7.626,-0.720,0.015,0.011,22
-12.450,-20.250,65.850,0.184,-6.383,7.415,-0.715,0.022,0.016,22
-12.450,-21.900,64.350,0.263,-6.472,7.286,-0.715,0.012,0.013,22
-12.450,-21.900,64.350,0.237,-6.601,7.321,-0.722,0.018,0.017,22
-12.450,-21.900,64.350,0.266,-6.630,7.096,-0.735,0.023,0.017,23
-12.150,-22.650,63.600,0.328,-6.898,6.902,-0.737,0.023,0.003,22
-12.150,-22.650,63.600,0.122,-7.015,6.967,-0.731,0.017,0.001,22
-14.100,-22.800,62.700,0.180,-7.070,6.843,-0.738,0.015,0.007,22
-14.100,-22.800,62.700,0.213,-7.161,6.776,-0.737,0.020,0.017,22
-14.100,-22.800,62.700,0.192,-7.317,6.685,-0.737,0.020,0.016,22
-14.100,-22.800,62.700,0.180,-7.439,6.400,-0.740,0.017,0.014,23
-11.100,-25.200,61.200,0.201,-7.527,6.390,-0.742,0.015,0.023,22
-11.100,-25.200,61.200,0.184,-7.582,6.225,-0.743,0.024,0.019,22
-11.100,-25.200,61.200,0.230,-7.693,6.191,-0.742,0.021,0.014,22
-12.450,-26.550,59.250,0.218,-7.788,6.050,-0.748,0.019,0.013,22
-12.450,-26.550,59.250,0.122,-7.915,5.986,-0.751,0.022,0.014,22
-12.600,-27.150,58.950,0.163,-7.872,5.701,-0.757,0.017,0.021,23
-12.600,-27.150,58.950,0.256,-8.028,5.674,-0.775,0.020,0.020,22
-12.150,-28.950,58.050,0.184,-8.071,5.514,-0.789,0.022,0.017,22
-12.150,-28.950,58.050,0.204,-8.325,5.586,-0.789,0.020,0.009,22
-12.150,-28.950,58.050,0.055,-8.380,5.413,-0.784,0.015,0.009,22
-12.150,-28.950,58.050,0.012,-8.641,5.157,-0.754,0.007,0.015,22
-12.150,-28.950,58.050,0.261,-8.712,5.011,-0.738,0.019,0.022,23
-9.750,-31.200,55.050,0.199,-8.906,5.066,-0.697,0.010,0.013,22
-9.750,-31.200,55.050,0.201,-8.880,4.793,-0.672,0.022,0.002,22
-10.800,-32.550,54.900,0.134,-8.950,4.899,-0.638,0.011,-0.002,22
-10.800,-32.550,54.900,0.000,-9.033,4.685,-0.608,0.024,0.012,22
-10.800,-30.300,53.400,0.124,-9.038,4.594,-0.560,0.015,0.013,22
-10.800,-30.300,53.400,0.132,-9.129,4.420,-0.544,0.017,0.006,23
-12.150,-31.950,51.750,0.144,-9.143,4.410,-0.517,0.014,-0.001,22
-12.150,-31.950,51.750,0.098,-9.153,4.307,-0.497,0.021,-0.004,22
-12.150,-31.950,51.750,0.108,-9.120,4.123,-0.469,0.017,0.008,22
-12.150,-31.950,51.750,0.093,-9.187,4.099,-0.441,0.009,0.009,22
-12.150,-31.950,51.750,0.077,-9.201,3.977,-0.436,0.013,0.005,22
-10.950,-32.850,51.300,0.124,-9.337,3.970,-0.404,0.015,0.003,22
-10.950,-32.850,51.300,0.002,-9.304,3.735,-0.387,0.011,0.001,23
-10.950,-32.850,51.300,0.165,-9.218,3.812,-0.383,0.004,0.010,22
-10.950,-32.850,51.300,0.239,-9.122,3.656,-0.385,0.013,0.010,22
-11.250,-32.400,49.050,0.160,-9.122,3.546,-0.414,0.020,0.002,22
-11.250,-32.400,49.050,0.086,-9.191,3.630,-0.422,0.017,0.001,22
-11.250,-32.400,49.050,0.005,-9.206,3.460,-0.434,0.010,0.005,22
-11.550,-34.950,48.600,0.113,-9.380,3.304,-0.425,0.006,0.009,22
-11.550,-34.950,48.600,0.196,-9.519,3.417,-0.420,0.005,0.009,23
-11.100,-35.700,48.150,0.194,-9.445,3.191,-0.418,0.015,0.002,22
-11.100,-35.700,48.150,0.129,-9.515,3.196,-0.410,0.025,-0.008,22
-10.350,-34.950,46.650,0.007,-9.541,3.136,-0.388,0.025,-0.005,22
-10.350,-34.950,46.650,-0.060,-9.555,3.103,-0.372,0.015,0.000,22
-10.350,-34.950,46.650,0.024,-9.541,2.964,-0.365,0.011,0.010,23
-10.350,-34.950,46.650,0.117,-9.560,2.902,-0.353,0.007,0.002,22
-11.850,-36.900,45.900,0.170,-9.512,2.708,-0.364,0.014,-0.002,22
-11.850,-36.900,45.900,0.098,-9.534,2.832,-0.367,0.032,-0.015,22
-11.850,-36.900,45.900,0.007,-9.503,2.600,-0.365,0.026,-0.011,22
-12.150,-34.800,46.500,-0.079,-9.699,2.801,-0.358,0.007,0.003,22
-12.150,-34.800,46.500,0.029,-9.579,2.449,-0.368,0.009,0.000,23
-11.700,-36.300,46.200,0.132,-9.799,2.641,-0.349,0.009,0.002,22
-11.700,-36.300,46.200,0.105,-9.704,2.404,-0.336,0.022,-0.001,22
-11.700,-36.000,44.250,0.000,-9.783,2.433,-0.323,0.016,-0.001,22
-11.700,-36.000,44.250,-0.007,-9.704,2.358,-0.312,0.004,0.003,22
-11.700,-36.000,44.250,0.065,-9.656,2.274,-0.307,0.010,-0.000,23
-11.700,-36.000,44.250,0.132,-9.725,2.229,-0.302,0.014,-0.004,22
-11.700,-36.000,44.250,0.084,-9.778,2.174,-0.296,0.010,-0.004,22
-10.500,-36.750,43.950,-0.026,-9.823,2.164,-0.300,0.021,0.000,22
-10.500,-36.750,43.950,0.048,-9.799,2.088,-0.287,0.013,-0.003,22
-11.250,-36.750,43.500,0.124,-9.821,1.937,-0.279,0.016,-0.003,22
-11.250,-36.750,43.500,0.043,-9.823,2.021,-0.262,0.018,-0.007,22
-11.550,-36.450,42.900,0.060,-9.938,1.978,-0.239,0.013,-0.003,23
-11.550,-36.450,42.900,-0.065,-10.039,1.946,-0.227,0.012,0.003,22
-11.700,-36.750,41.700,0.141,-9.943,1.822,-0.197,0.003,0.001,22
-11.700,-36.750,41.700,0.117,-10.068,1.877,-0.179,0.007,-0.004,22
-11.700,-36.750,41.700,-0.022,-9.931,1.853,-0.145,0.018,-0.009,22
-11.700,-36.750,41.700,0.017,-9.874,1.803,-0.131,0.014,-0.008,22
-11.700,-36.750,41.700,-0.019,-10.017,1.791,-0.110,0.009,-0.006,22
-11.100,-38.850,41.550,0.002,-9.924,1.705,-0.071,-0.003,-0.005,23
-11.100,-38.850,41.550,0.134,-10.051,1.836,-0.046,0.013,-0.004,22
-11.100,-38.850,41.550,0.105,-9.950,1.774,-0.032,0.019,-0.013,22
-11.100,-38.850,41.550,0.045,-9.914,1.798,-0.019,0.020,-0.015,22
-11.550,-37.350,43.350,-0.026,-9.761,1.664,0.001,0.012,-0.017,22
-11.550,-37.350,43.350,0.086,-9.852,2.023,-0.016,0.022,-0.004,22
-11.550,-37.350,43.350,0.024,-9.759,1.844,-0.035,0.008,-0.010,22
-10.200,-36.750,41.700,0.022,-9.656,1.561,-0.049,0.018,-0.005,23
-10.200,-36.750,41.700,-0.031,-10.089,2.105,0.001,-0.007,-0.009,22
-11.100,-37.350,42.150,0.022,-10.089,2.167,-0.019,0.015,-0.003,22
-11.100,-37.350,42.150,0.081,-9.687,1.499,0.016,0.000,-0.005,22
-11.850,-37.650,42.150,-0.010,-10.070,2.164,0.032,0.005,-0.016,22
-11.850,-37.650,42.150,0.151,-9.675,1.575,0.016,0.015,-0.011,22
-11.850,-37.650,42.150,-0.069,-9.797,1.899,0.015,-0.001,-0.011,23
-11.850,-37.650,42.150,0.129,-9.905,2.045,0.022,-0.000,-0.010,22
-11.850,-37.650,42.150,-0.098,-9.795,1.726,0.041,0.013,-0.010,22
-11.250,-36.750,43.500,0.089,-10.056,2.205,0.067,0.014,-0.013,22
-11.250,-36.750,43.500,0.227,-9.934,1.800,0.085,0.013,-0.018,22
-10.350,-37.350,42.150,-0.014,-10.010,2.140,0.131,0.022,-0.020,23
-10.350,-37.350,42.150,0.014,-9.890,2.097,0.155,0.008,-0.014,22
-10.350,-36.450,42.900,0.026,-9.934,2.282,0.152,0.009,-0.012,22
-10.350,-36.450,42.900,-0.065,-9.795,1.982,0.187,0.006,-0.011,22
-11.850,-36.450,43.350,0.113,-10.010,2.263,0.223,0.009,-0.013,22
-11.850,-36.450,43.350,-0.010,-10.058,2.337,0.252,0.010,-0.016,22
-11.850,-36.450,43.350,0.110,-10.116,2.389,0.286,0.008,-0.021,23
-11.850,-36.450,43.350,0.093,-10.063,2.411,0.361,0.004,-0.028,22
-11.850,-36.450,43.350,0.062,-9.984,2.892,0.407,-0.015,-0.029,22
-10.950,-36.000,45.000,0.328,-9.560,2.169,0.415,0.020,-0.012,22
-10.950,-36.000,45.000,-0.024,-9.938,2.902,0.441,0.005,-0.012,22
-11.550,-34.950,45.900,-0.081,-9.562,2.722,0.474,-0.004,-0.015,22
-11.550,-34.950,45.900,0.017,-9.756,2.957,0.465,0.011,-0.012,23
-10.050,-34.500,46.650,-0.077,-9.625,2.837,0.499,-0.007,-0.022,22
-10.050,-34.500,46.650,0.211,-9.488,3.235,0.510,0.001,-0.035,22
-10.050,-34.500,46.650,0.263,-9.538,3.017,0.525,0.001,-0.024,22
-11.250,-34.800,47.250,-0.022,-9.366,3.462,0.528,0.022,-0.025,22
-11.250,-34.800,47.250,-0.034,-9.136,3.249,0.523,0.009,-0.037,22
-11.250,-34.800,47.250,0.144,-9.000,3.531,0.489,0.012,-0.044,23
-11.250,-34.800,47.250,0.108,-8.825,3.651,0.451,0.003,-0.030,22
-11.250,-34.050,49.500,0.117,-9.222,3.704,0.459,0.012,-0.021,22
-11.250,-34.050,49.500,0.057,-9.088,3.950,0.473,-0.005,-0.019,22
-11.250,-34.050,49.500,0.084,-9.165,4.061,0.467,0.001,-0.026,22
-11.250,-34.050,49.500,0.177,-9.131,4.005,0.486,0.001,-0.024,22
-12.150,-32.850,53.550,0.189,-9.024,4.245,0.490,0.012,-0.027,22
-12.150,-32.850,53.550,0.136,-8.942,4.348,0.492,0.013,-0.030,23
-12.150,-32.850,53.550,0.026,-8.921,4.448,0.495,-0.001,-0.024,22
-11.850,-31.500,52.350,0.156,-8.753,4.527,0.494,-0.000,-0.023,22
-11.850,-31.500,52.350,0.141,-8.808,4.645,0.490,0.002,-0.026,22
-10.350,-31.050,54.150,0.168,-8.770,4.666,0.488,0.014,-0.027,22
-10.350,-31.050,54.150,0.141,-8.614,4.762,0.492,0.007,-0.033,22
-10.500,-30.000,54.750,0.122,-8.624,4.978,0.485,0.000,-0.029,23
-10.500,-30.000,54.750,0.218,-8.569,5.047,0.496,0.006,-0.026,22
-10.500,-30.000,54.750,0.170,-8.528,5.200,0.497,0.009,-0.023,22
-10.500,-30.000,54.750,0.113,-8.523,5.289,0.515,0.005,-0.031,22
-10.500,-30.000,54.750,0.113,-8.514,5.334,0.525,-0.003,-0.025,22
-10.950,-29.700,57.000,0.192,-8.286,5.473,0.540,0.010,-0.026,22
-10.950,-29.700,57.000,0.134,-8.248,5.535,0.545,0.011,-0.027,23
-12.900,-28.050,57.000,0.086,-8.217,5.746,0.559,0.006,-0.022,22
-12.900,-28.050,57.000,0.170,-8.171,5.813,0.572,0.002,-0.028,22
-13.200,-27.000,58.050,0.261,-8.068,5.703,0.574,0.023,-0.029,22
-13.200,-27.000,58.050,-0.038,-7.949,5.880,0.578,-0.003,-0.041,22
-12.150,-26.550,59.550,0.127,-7.963,6.232,0.572,0.008,-0.034,22
-12.150,-26.550,59.550,0.227,-7.697,6.132,0.574,0.008,-0.025,23
-12.150,-26.550,59.550,0.156,-7.707,6.486,0.591,0.007,-0.035,22
-12.150,-26.550,59.550,0.235,-7.630,6.246,0.598,0.007,-0.035,22
-12.150,-26.550,59.550,0.129,-7.633,6.608,0.600,0.002,-0.031,22
-12.300,-24.450,60.450,0.182,-7.348,6.603,0.617,0.005,-0.029,22
-12.300,-24.450,60.450,0.069,-7.448,6.718,0.629,0.005,-0.023,22
-11.100,-24.750,61.650,0.268,-7.140,6.642,0.631,0.001,-0.028,23
-11.100,-24.750,61.650,0.309,-7.147,6.955,0.644,0.000,-0.030,22
-11.700,-22.650,63.600,0.378,-6.938,7.120,0.649,0.007,-0.035,22
-11.700,-22.650,63.600,0.124,-6.840,7.075,0.657,0.004,-0.034,23
-11.700,-22.650,63.600,0.294,-6.728,7.295,0.666,0.008,-0.031,22
-12.300,-20.400,63.150,0.357,-6.577,7.319,0.675,0.010,-0.036,22
-12.300,-20.400,63.150,0.201,-6.558,7.444,0.695,0.006,-0.036,22
-11.700,-19.500,65.100,0.204,-6.373,7.654,0.700,0.002,-0.040,22
-11.700,-19.500,65.100,0.249,-6.230,7.575,0.714,0.008,-0.040,22
-13.350,-19.650,66.450,0.230,-6.163,7.836,0.721,0.006,-0.040,22
-13.350,-19.650,66.450,0.211,-6.017,7.843,0.746,0.003,-0.037,22
-13.350,-19.650,66.450,0.218,-5.835,7.858,0.750,0.003,-0.032,22
-13.350,-19.650,66.450,0.218,-5.655,8.121,0.762,-0.001,-0.026,23
-13.350,-19.650,66.450,0.225,-5.497,8.071,0.766,-0.002,-0.028,22
-13.050,-16.200,67.500,0.297,-5.322,8.205,0.770,0.003,-0.032,22
-13.050,-16.200,67.500,0.409,-5.212,8.327,0.769,-0.002,-0.030,22
-11.850,-15.750,66.750,0.345,-5.090,8.408,0.765,0.002,-0.042,22
-11.850,-15.750,66.750,0.328,-4.870,8.428,0.745,0.008,-0.044,22
-11.850,-13.800,68.250,0.280,-4.578,8.550,0.735,0.005,-0.041,22
-11.850,-13.800,68.250,0.148,-4.458,8.667,0.728,0.002,-0.038,23
-13.200,-12.450,69.300,0.165,-4.410,8.765,0.707,-0.001,-0.031,22
-13.200,-12.450,69.300,0.134,-4.192,8.744,0.690,0.001,-0.032,22
-13.200,-12.450,69.300,0.515,-4.032,8.677,0.672,0.003,-0.028,22
-13.200,-12.450,69.300,0.373,-3.747,8.837,0.654,0.006,-0.039,22
-13.200,-12.450,69.300,0.371,-3.654,8.938,0.621,0.007,-0.038,22
-13.050,-10.650,70.200,0.196,-3.642,9.067,0.600,0.003,-0.032,23
-13.050,-10.650,70.200,0.318,-3.436,9.084,0.586,0.003,-0.028,22
-12.450,-8.550,70.050,0.318,-3.218,9.014,0.566,0.009,-0.028,22
-12.450,-8.550,70.050,0.328,-3.062,9.213,0.548,0.003,-0.028,22
-12.900,-7.350,70.350,0.211,-3.005,9.306,0.519,0.004,-0.025,22
-12.900,-7.350,70.350,0.445,-2.945,9.213,0.509,0.003,-0.019,22
-12.300,-7.350,70.350,0.369,-2.796,9.309,0.487,0.013,-0.027,23
-12.300,-6.450,69.000,0.275,-2.780,9.335,0.474,0.006,-0.031,22
-12.300,-6.450,69.000,0.390,-2.698,9.369,0.469,0.002,-0.034,22
-12.300,-6.450,69.000,0.340,-2.624,9.337,0.469,0.002,-0.028,22
-12.300,-6.450,69.000,0.285,-2.593,9.486,0.468,0.005,-0.024,22
-11.850,-4.500,69.450,0.285,-2.416,9.464,0.469,0.002,-0.021,22
-11.850,-4.500,69.450,0.309,-2.385,9.538,0.476,-0.001,-0.024,23
-12.450,-1.950,70.050,0.496,-2.114,9.538,0.475,0.004,-0.023,22
-12.450,-1.950,70.050,0.306,-2.162,9.658,0.486,0.010,-0.025,22
-12.450,-1.950,70.050,0.218,-1.788,9.524,0.478,0.008,-0.032,22
-12.450,-3.900,70.350,0.237,-1.856,9.653,0.479,-0.002,-0.028,22
-12.450,-3.900,70.350,0.393,-1.832,9.555,0.489,0.006,-0.026,22
-13.650,-1.950,71.100,0.261,-1.611,9.632,0.493,0.009,-0.023,23
-13.650,-1.950,71.100,0.283,-1.480,9.598,0.499,0.005,-0.031,22
-14.550,-0.150,71.700,0.426,-1.365,9.603,0.501,0.005,-0.024,22
-14.550,-0.150,71.700,0.362,-1.142,9.764,0.490,0.009,-0.020,22
-12.600,0.900,70.950,0.290,-1.049,9.744,0.481,0.007,-0.020,22
-12.600,0.900,70.950,0.369,-0.632,9.673,0.435,0.001,-0.029,22
-12.600,0.900,70.950,0.364,-0.553,9.589,0.408,0.007,-0.032,23
-12.600,0.900,70.950,0.328,-0.455,9.740,0.361,0.010,-0.026,22
-12.600,0.900,70.950,0.364,-0.318,9.699,0.315,0.009,-0.025,22
-13.350,0.900,70.950,0.354,-0.103,10.096,0.173,-0.001,-0.031,22
-13.350,0.900,70.950,0.479,0.974,9.227,0.010,-0.001,-0.023,22
-12.600,1.650,69.750,0.278,0.496,9.313,-0.158,0.029,0.002,22
-12.600,1.650,69.750,0.388,-0.045,9.486,-0.281,0.031,0.016,22
-12.600,1.650,70.950,0.208,-0.651,9.823,-0.285,0.009,0.011,23
-12.600,1.650,70.950,0.414,-0.850,9.926,-0.285,0.005,-0.003,22
-12.600,2.400,71.700,0.543,-0.462,9.622,-0.288,0.000,-0.009,22
-12.600,2.400,71.700,0.445,-0.749,9.857,-0.336,0.022,-0.007,22
-12.600,2.400,71.700,0.223,-0.541,9.584,-0.368,0.008,-0.007,22
-12.600,2.400,71.700,0.165,-0.570,9.843,-0.400,-0.012,-0.008,22
-12.600,2.400,71.700,0.481,-0.472,9.519,-0.490,0.022,0.009,23
-13.200,-0.300,71.850,0.323,-0.737,9.538,-0.547,0.024,0.010,22
-13.200,-0.300,71.850,0.215,-0.903,9.519,-0.592,0.016,-0.001,22
-12.450,-0.300,70.800,0.563,-1.283,9.735,-0.641,0.000,0.002,22
-12.450,-0.300,70.800,0.577,-1.228,9.682,-0.689,0.028,0.011,22
-13.950,-3.000,71.100,0.206,-1.420,9.572,-0.703,0.011,0.014,22
-13.950,-3.000,71.100,0.297,-1.729,9.610,-0.729,0.022,0.009,23
-13.950,-3.000,71.100,0.441,-1.721,9.366,-0.770,0.010,0.011,22
-12.450,-2.700,69.600,0.316,-1.956,9.570,-0.790,0.016,0.015,22
-12.450,-2.700,69.600,0.333,-2.143,9.436,-0.816,0.019,0.006,22
-12.450,-2.700,69.600,0.450,-2.176,9.340,-0.835,0.011,0.006,22
-12.450,-2.700,69.600,0.215,-2.550,9.041,-0.864,0.023,0.013,22
-11.850,-6.450,70.950,0.405,-2.820,9.402,-0.874,0.000,0.020,23
-11.850,-6.450,70.950,0.457,-3.376,10.077,-0.855,-0.015,0.025,22
-14.400,-8.550,70.800,0.433,-3.220,9.048,-0.851,0.017,0.013,23
-14.400,-8.550,70.800,0.294,-3.263,9.258,-0.839,0.022,0.007,22
-14.400,-8.550,70.800,0.400,-3.570,8.933,-0.797,0.001,0.016,22
-13.350,-7.950,70.500,0.352,-4.020,9.395,-0.776,0.033,0.018,22
-13.350,-7.950,70.500,0.306,-3.922,8.928,-0.763,0.020,0.017,22
-12.450,-10.050,69.300,0.484,-4.240,9.261,-0.714,0.014,0.014,22
-12.450,-10.050,69.300,0.156,-4.140,8.923,-0.708,0.010,0.014,22
-12.450,-10.050,69.300,0.239,-4.360,8.918,-0.676,0.029,0.012,22
-12.450,-10.050,69.300,0.182,-4.312,8.787,-0.647,0.013,0.003,22
-12.900,-13.200,68.850,0.194,-4.506,8.906,-0.646,0.007,0.016,22
-12.900,-13.200,68.850,0.333,-4.477,8.590,-0.640,0.017,0.017,23
-12.900,-13.200,68.850,0.290,-4.685,8.758,-0.634,0.017,0.013,22
-13.350,-13.050,67.950,0.362,-4.827,8.626,-0.632,0.019,0.006,22
-13.350,-13.050,67.950,0.280,-4.980,8.559,-0.637,0.017,0.005,22
-12.150,-14.850,67.050,0.283,-4.891,8.509,-0.632,0.017,0.017,22
-12.150,-14.850,67.050,0.333,-5.004,8.375,-0.642,0.019,0.014,22
-13.050,-15.750,68.700,0.206,-5.145,8.408,-0.637,0.012,0.018,23
-13.050,-15.750,68.700,0.314,-5.279,8.250,-0.650,0.015,0.015,22
-10.800,-16.200,67.200,0.151,-5.375,8.061,-0.653,0.028,0.009,22
-10.800,-16.200,67.200,0.268,-5.555,8.322,-0.648,0.015,0.011,22
-10.800,-16.200,67.200,0.371,-5.432,8.138,-0.671,0.026,0.015,22
-11.850,-16.950,67.500,0.414,-5.732,8.109,-0.682,0.022,0.011,22
-11.850,-16.950,67.500,0.134,-5.756,7.891,-0.690,0.030,-0.002,22
-11.850,-16.950,67.500,0.098,-5.703,7.784,-0.719,0.027,-0.001,23
-11.850,-16.950,67.500,0.136,-5.827,7.609,-0.757,0.017,0.013,22
-12.600,-20.400,65.700,0.189,-5.971,7.501,-0.792,0.020,0.021,22
-12.600,-20.400,65.700,0.000,-5.916,7.235,-0.832,0.017,0.026,22
-13.200,-21.450,63.300,0.110,-6.144,7.274,-0.857,0.004,0.020,22
-13.200,-21.450,63.300,0.306,-6.416,7.171,-0.913,0.028,0.012,23
-12.150,-21.450,63.300,0.304,-6.589,7.209,-0.943,0.031,0.009,22
-12.150,-23.400,64.050,0.220,-6.716,7.118,-0.964,0.031,0.018,22
-12.150,-23.400,64.050,0.120,-6.917,6.902,-0.987,0.011,0.029,22
-11.700,-21.900,61.050,0.268,-7.077,6.613,-0.989,0.017,0.035,22
-11.700,-21.900,61.050,0.146,-7.444,6.357,-0.996,0.022,0.029,22
-11.700,-21.900,61.050,0.215,-7.547,6.290,-0.992,0.020,0.024,22
-11.700,-21.900,61.050,0.227,-7.678,6.263,-0.985,0.030,0.012,23
-12.150,-26.550,59.550,0.141,-7.762,6.076,-0.980,0.025,0.014,22
-12.150,-26.550,59.550,0.120,-7.910,6.160,-0.972,0.026,0.019,22
-11.250,-27.750,59.250,0.117,-8.147,5.648,-0.960,0.019,0.016,22
-11.250,-27.750,59.250,0.172,-8.215,5.607,-0.947,0.020,0.021,22
-11.250,-27.750,59.250,0.254,-8.155,5.528,-0.947,0.010,0.016,22
-10.950,-28.950,57.300,0.089,-8.272,5.097,-0.959,0.039,0.018,23
-10.950,-28.950,57.300,0.160,-8.294,5.018,-0.961,0.007,0.015,22
-12.300,-30.300,55.650,0.031,-8.540,4.812,-0.972,0.012,0.021,22
-12.300,-30.300,55.650,0.184,-8.564,4.597,-0.980,0.026,0.026,22
-12.300,-30.300,55.650,0.175,-8.787,4.762,-0.987,0.017,0.017,22
-12.300,-30.300,55.650,0.213,-8.871,4.365,-0.986,0.029,0.011,22
-12.600,-31.500,52.350,0.148,-9.191,4.422,-0.990,0.023,0.011,23
-12.600,-31.500,52.350,0.160,-9.045,3.847,-0.965,0.020,0.018,22
-12.600,-31.500,52.350,-0.045,-9.330,3.974,-0.957,0.011,0.020,22
-10.800,-33.450,49.650,0.062,-9.347,3.560,-0.955,0.024,0.015,22
-10.800,-33.450,49.650,0.108,-9.500,3.646,-0.931,0.031,0.013,22
-11.700,-34.350,50.250,0.014,-9.531,3.476,-0.900,0.031,0.018,22
-11.700,-34.350,50.250,-0.017,-9.787,3.292,-0.861,0.015,0.022,23
-11.100,-34.200,48.600,0.053,-9.747,3.062,-0.837,0.014,0.024,22
-11.100,-34.200,48.600,0.007,-9.819,2.911,-0.788,0.003,0.013,22
-11.100,-34.200,48.600,0.199,-9.792,2.698,-0.752,0.009,0.015,22
-11.100,-34.200,48.600,0.117,-9.847,2.686,-0.727,0.023,0.015,22
-11.100,-34.200,48.600,0.069,-9.840,2.337,-0.685,0.013,0.014,22
-11.250,-37.050,44.700,0.012,-9.996,2.485,-0.645,0.008,0.012,22
-11.250,-37.050,44.700,0.134,-9.981,2.212,-0.615,0.016,0.015,23
-11.250,-37.050,44.700,0.031,-10.082,2.157,-0.570,0.015,0.010,22
-11.250,-37.050,44.700,0.022,-10.087,2.193,-0.528,0.009,0.014,22
-10.950,-36.300,42.750,-0.031,-10.151,2.009,-0.479,0.007,0.004,22
-10.950,-36.300,42.750,0.019,-9.960,1.815,-0.453,0.007,0.009,22
-11.550,-36.450,42.150,0.065,-10.008,1.638,-0.407,0.014,0.007,22
-11.550,-36.450,42.150,0.079,-10.104,1.839,-0.365,0.017,-0.002,23
-11.550,-36.450,42.150,0.079,-9.919,1.520,-0.366,0.020,-0.000,22
-10.800,-37.350,41.100,0.029,-9.986,1.504,-0.347,0.007,-0.010,22
-10.800,-37.350,41.100,-0.041,-9.948,1.448,-0.328,0.019,0.004,22
-10.800,-38.550,39.300,-0.115,-9.938,1.453,-0.311,0.007,0.002,22
-10.800,-38.550,39.300,-0.012,-9.902,1.422,-0.307,0.015,-0.000,22
-10.800,-38.550,39.300,0.045,-9.826,1.293,-0.307,0.014,0.004,23
-10.800,-38.550,39.300,0.120,-9.931,1.176,-0.299,0.013,-0.003,22
-11.850,-38.100,39.600,0.022,-9.919,1.211,-0.305,0.024,-0.008,22
-11.850,-38.100,39.600,-0.086,-9.907,1.070,-0.300,0.015,-0.003,22
-11.850,-38.100,39.600,-0.072,-9.960,1.070,-0.310,0.010,0.002,22
-10.950,-38.250,39.000,-0.065,-10.013,1.025,-0.311,-0.004,0.003,22
-10.950,-38.250,39.000,0.084,-9.993,0.929,-0.307,0.002,0.002,23
-10.500,-38.700,39.450,0.026,-9.979,0.814,-0.304,0.008,-0.005,22
-10.500,-38.700,39.450,0.096,-10.017,0.855,-0.292,0.013,-0.003,22
-10.200,-38.700,36.750,-0.014,-9.943,0.790,-0.288,0.009,-0.000,22
-10.200,-38.700,36.750,-0.057,-9.986,0.769,-0.283,0.012,-0.000,22
-10.200,-38.700,36.750,-0.053,-10.206,0.769,-0.264,0.008,-0.001,22
-10.200,-38.700,36.750,-0.002,-10.147,0.673,-0.231,0.004,0.006,22
-10.200,-38.700,36.750,0.136,-10.274,0.725,-0.181,0.002,-0.005,23
-10.500,-37.950,38.700,0.084,-10.362,0.687,-0.155,0.018,-0.007,22
-10.500,-37.950,38.700,0.010,-10.386,0.589,-0.073,0.020,-0.011,22
-10.950,-38.700,36.450,0.120,-10.350,0.816,-0.029,0.003,-0.014,22
-10.950,-38.700,36.450,-0.117,-10.118,0.560,-0.006,0.017,-0.007,22
-12.150,-38.700,37.950,-0.031,-10.096,0.582,0.012,0.019,-0.002,23
-12.150,-38.700,37.950,-0.031,-9.871,0.783,0.026,0.004,-0.011,22
-10.800,-38.100,38.550,-0.022,-9.955,0.608,0.024,0.002,-0.007,22
-10.800,-38.100,38.550,0.132,-10.118,0.836,0.025,0.008,-0.007,22
-10.800,-38.100,38.550,0.158,-9.878,0.433,0.042,0.041,-0.011,22
-10.800,-38.100,38.550,-0.218,-10.154,0.833,0.057,0.015,-0.019,22
-10.800,-38.100,38.550,-0.093,-9.962,0.721,0.045,0.014,-0.010,23
-10.800,-37.650,38.100,-0.055,-10.180,0.737,0.089,0.004,-0.019,22
-10.800,-37.650,38.100,-0.091,-10.223,0.749,0.147,0.005,-0.017,22
-10.800,-37.650,38.100,-0.065,-10.321,0.905,0.176,0.015,-0.017,22
-10.800,-37.650,38.100,-0.096,-10.374,1.075,0.221,0.005,-0.017,22
-9.600,-37.350,38.850,-0.024,-10.247,0.979,0.284,0.012,-0.024,22
-9.600,-37.350,38.850,-0.010,-10.226,0.986,0.326,-0.003,-0.024,22
-10.950,-37.500,39.750,-0.053,-10.374,1.341,0.355,0.014,-0.033,23
-10.950,-37.500,39.750,0.014,-10.056,1.214,0.416,0.009,-0.026,22
-10.950,-37.500,39.750,-0.096,-10.089,1.439,0.450,-0.012,-0.026,22
-10.500,-39.900,40.500,0.089,-9.941,1.113,0.444,0.011,-0.019,22
-10.500,-39.900,40.500,0.014,-10.029,1.551,0.488,-0.008,-0.025,22
-10.950,-37.050,40.200,-0.069,-9.943,1.688,0.515,0.001,-0.022,22
-10.950,-37.050,40.200,0.098,-10.104,1.702,0.522,0.003,-0.021,23
-10.950,-37.050,40.200,-0.002,-10.001,1.870,0.549,-0.003,-0.030,22
-10.950,-37.050,40.200,0.053,-9.957,1.956,0.584,0.005,-0.027,22
-11.550,-36.450,43.650,0.134,-9.900,2.114,0.590,0.017,-0.036,22
-11.550,-36.450,43.650,0.120,-9.522,2.069,0.587,0.011,-0.040,22
-11.550,-36.450,43.650,-0.199,-9.172,2.389,0.546,0.031,-0.040,22
-11.100,-35.700,44.850,0.148,-9.459,2.808,0.520,-0.000,-0.033,23
-11.100,-35.700,44.850,0.074,-9.601,2.397,0.503,0.009,-0.011,22
-10.350,-35.700,45.900,0.101,-9.625,2.682,0.521,0.002,-0.013,22
-10.350,-35.700,45.900,-0.098,-9.476,2.746,0.505,0.001,-0.030,22
-10.500,-33.150,46.500,0.151,-9.467,3.048,0.500,0.011,-0.045,22
-10.500,-33.150,46.500,0.072,-9.347,3.041,0.492,0.018,-0.040,22
-10.500,-33.150,46.500,0.019,-9.474,3.270,0.508,0.003,-0.029,23
-10.500,-33.150,46.500,-0.007,-9.409,3.208,0.509,0.006,-0.021,22
-10.500,-33.150,46.500,0.113,-9.349,3.519,0.506,0.005,-0.026,22
-9.450,-34.050,48.750,0.134,-9.340,3.488,0.521,0.008,-0.037,22
-9.450,-34.050,48.750,0.163,-9.311,3.596,0.534,0.014,-0.036,22
-10.800,-33.450,49.650,-0.115,-9.067,3.706,0.517,-0.003,-0.028,22
-10.800,-33.450,49.650,0.136,-9.141,3.785,0.534,0.014,-0.030,23
-10.050,-32.550,51.900,0.172,-8.897,3.766,0.580,-0.006,-0.033,22
-10.050,-32.550,51.900,0.113,-9.203,4.494,0.581,0.012,-0.025,22
-11.850,-31.500,53.100,0.180,-8.988,4.209,0.573,0.010,-0.018,22
-11.850,-31.500,53.100,0.024,-9.048,4.470,0.603,0.001,-0.028,22
-11.850,-31.500,53.100,0.084,-8.832,4.345,0.600,0.011,-0.035,22
-11.850,-31.500,53.100,0.129,-8.794,4.642,0.604,0.000,-0.030,22
-11.850,-31.500,53.100,0.105,-8.732,4.843,0.611,-0.002,-0.026,23
-11.250,-30.900,55.050,0.113,-8.418,4.719,0.596,0.004,-0.025,23
-11.250,-30.900,55.050,0.144,-8.562,5.107,0.613,0.001,-0.032,22
-11.250,-29.250,55.800,0.141,-8.468,4.889,0.602,0.003,-0.028,22
-11.250,-29.250,55.800,0.141,-8.389,5.296,0.628,0.003,-0.025,22
-12.150,-27.750,55.800,0.024,-8.475,5.504,0.644,0.001,-0.033,22
-12.150,-27.750,55.800,0.172,-8.351,5.526,0.644,-0.001,-0.035,22
-12.150,-27.750,55.800,0.136,-8.277,5.708,0.660,0.009,-0.038,22
-11.700,-27.750,57.300,0.251,-8.162,5.801,0.679,0.011,-0.042,22
-11.700,-27.750,57.300,0.271,-8.092,5.772,0.693,0.010,-0.039,22
-11.700,-27.750,57.300,0.113,-7.882,6.086,0.708,0.002,-0.039,22
-11.700,-27.750,57.300,0.189,-7.779,6.155,0.723,0.005,-0.039,22
-10.350,-24.000,60.150,0.129,-7.642,6.208,0.728,0.002,-0.032,23
-10.350,-24.000,60.150,0.148,-7.585,6.302,0.723,-0.003,-0.035,22
-10.350,-24.000,60.150,0.160,-7.379,6.388,0.720,-0.003,-0.023,22
-10.350,-24.000,60.150,0.278,-7.266,6.620,0.723,0.001,-0.024,22
-10.350,-24.000,60.150,0.259,-7.221,6.735,0.731,0.009,-0.037,22
-11.700,-22.950,61.800,0.302,-6.993,6.871,0.720,0.008,-0.033,22
-11.700,-22.950,61.800,0.223,-6.864,6.922,0.719,0.002,-0.041,23
-12.300,-22.050,63.450,0.254,-6.692,7.240,0.705,0.002,-0.036,22
-12.300,-22.050,63.450,0.275,-6.565,7.190,0.695,0.005,-0.035,22
-10.500,-21.900,64.350,0.172,-6.464,7.331,0.684,0.000,-0.032,22
-10.500,-21.900,64.350,0.148,-6.328,7.422,0.676,0.002,-0.034,22
-13.050,-20.100,63.900,0.314,-6.249,7.525,0.661,0.007,-0.035,23
-13.050,-20.100,63.900,0.218,-6.074,7.580,0.660,0.003,-0.040,22
-13.050,-20.100,63.900,0.249,-6.072,7.815,0.647,-0.004,-0.033,22
-13.050,-20.100,63.900,0.227,-5.911,7.843,0.649,0.003,-0.027,22
-13.050,-20.100,63.900,0.328,-5.827,7.920,0.651,0.004,-0.026,22
-12.300,-17.400,65.400,0.194,-5.624,7.985,0.643,0.005,-0.024,22
-12.300,-17.400,65.400,0.218,-5.607,8.064,0.630,0.004,-0.028,22
-11.700,-17.100,67.050,0.280,-5.377,8.250,0.627,-0.000,-0.035,23
-11.700,-17.100,67.050,0.175,-5.229,8.303,0.607,0.008,-0.032,22
-11.550,-15.450,68.700,0.474,-5.064,8.193,0.606,0.007,-0.034,22
-11.550,-15.450,68.700,0.091,-5.054,8.547,0.592,0.005,-0.039,22
-11.550,-15.450,68.700,0.187,-4.908,8.361,0.586,0.009,-0.034,22
-12.900,-15.150,67.050,0.323,-4.592,8.459,0.581,0.007,-0.031,22
-12.900,-15.150,67.050,0.314,-4.714,8.641,0.575,0.006,-0.018,23
-12.900,-15.150,67.050,0.381,-4.460,8.641,0.561,0.005,-0.021,22
-12.900,-15.150,67.050,0.256,-4.393,8.696,0.559,0.007,-0.016,22
-12.450,-12.900,68.100,0.316,-4.233,8.660,0.541,0.010,-0.016,22
-12.450,-12.900,68.100,0.433,-4.104,8.892,0.529,0.007,-0.022,22
-11.850,-10.350,67.950,0.333,-3.934,8.899,0.521,0.012,-0.027,22
-11.850,-10.350,67.950,0.187,-3.926,9.026,0.507,0.009,-0.035,23
-13.350,-10.350,67.950,0.175,-3.881,8.981,0.491,0.001,-0.042,22
-13.350,-10.350,67.950,0.247,-3.721,9.060,0.478,0.002,-0.031,22
-13.350,-10.350,67.950,0.302,-3.551,9.131,0.468,0.008,-0.015,22
-12.450,-9.750,68.850,0.287,-3.405,9.191,0.462,0.004,-0.011,22
-12.450,-9.750,68.850,0.290,-3.328,9.131,0.436,0.004,-0.017,22
-12.450,-9.750,68.850,0.371,-3.187,9.220,0.407,0.007,-0.024,23
-12.450,-9.750,68.850,0.287,-3.112,9.256,0.381,0.008,-0.023,22
-13.050,-8.700,69.000,0.309,-2.957,9.340,0.344,0.007,-0.025,22
-13.050,-8.700,69.000,0.326,-2.933,9.242,0.319,0.006,-0.025,22
-12.600,-6.450,69.750,0.328,-2.758,9.335,0.305,0.007,-0.023,22
-12.600,-6.450,69.750,0.323,-2.729,9.366,0.280,0.010,-0.020,22
-12.600,-6.450,69.750,0.287,-2.729,9.266,0.258,0.007,-0.025,22
-11.850,-6.000,70.500,0.338,-2.705,9.464,0.247,0.011,-0.025,23
-11.850,-6.000,70.500,0.280,-2.775,9.445,0.245,0.007,-0.018,22
-13.200,-6.150,70.800,0.311,-2.782,9.424,0.253,0.012,-0.015,22
-13.200,-6.150,70.800,0.283,-2.741,9.455,0.268,0.009,-0.019,22
-13.350,-4.800,70.200,0.347,-2.598,9.392,0.274,0.013,-0.023,22
-13.350,-4.800,70.200,0.426,-2.555,9.572,0.280,0.007,-0.021,22
-12.900,-4.200,70.350,0.287,-2.504,9.574,0.300,0.007,-0.026,23
-12.900,-4.200,70.350,0.335,-2.361,9.467,0.305,0.006,-0.030,22
-12.900,-4.200,70.350,0.316,-2.200,9.565,0.306,0.003,-0.023,22
-12.900,-4.200,70.350,0.385,-2.100,9.584,0.288,0.002,-0.011,22
-12.900,-4.200,70.350,0.400,-1.879,9.474,0.266,0.012,-0.016,22
-13.650,-2.250,71.100,0.328,-1.832,9.637,0.240,0.007,-0.014,22
-13.650,-2.250,71.100,0.407,-1.674,9.538,0.210,0.008,-0.022,23
-14.100,-3.600,70.950,0.371,-1.573,9.543,0.149,0.013,-0.016,22
-14.100,-3.600,70.950,0.275,-1.434,9.507,0.096,0.012,-0.015,22
-13.350,-3.300,70.500,0.402,-1.331,9.517,0.037,0.013,-0.009,22
-13.350,-3.300,70.500,0.359,-1.247,9.419,-0.056,0.014,-0.012,22
-13.350,-3.300,70.500,0.362,-1.377,9.471,-0.114,0.011,-0.011,22
-13.050,-1.350,71.250,0.409,-1.530,9.582,-0.157,0.017,-0.008,23
-13.050,-1.350,71.250,0.294,-1.611,9.596,-0.188,0.018,-0.008,22
-13.050,-1.350,71.250,0.326,-1.690,9.622,-0.241,0.010,-0.004,22
-13.050,-1.350,71.250,0.230,-1.690,9.517,-0.275,0.012,-0.005,22
-11.850,-3.600,70.200,0.328,-1.709,9.527,-0.298,0.010,-0.005,22
-11.850,-3.600,70.200,0.376,-1.820,9.515,-0.346,0.006,-0.007,22
-11.700,-3.450,70.800,0.304,-1.810,9.567,-0.388,0.008,-0.005,23
-11.700,-3.450,70.800,0.431,-1.949,9.448,-0.415,0.013,-0.001,22
-11.700,-3.450,70.800,0.350,-2.064,9.507,-0.448,0.008,-0.002,22
-11.550,-4.050,71.700,0.345,-2.169,9.488,-0.486,0.014,0.005,22
-11.550,-4.050,71.700,0.294,-2.377,9.471,-0.493,0.016,-0.002,22
-11.850,-5.250,69.000,0.273,-2.545,9.443,-0.504,0.009,0.003,22
-11.850,-5.250,69.000,0.520,-2.696,9.555,-0.503,0.011,0.015,23
-11.850,-5.250,69.000,0.223,-2.722,9.476,-0.507,0.014,0.020,22
-11.850,-5.250,69.000,0.263,-2.835,9.397,-0.508,0.015,0.014,22
-11.250,-6.600,70.800,0.280,-2.804,9.280,-0.525,0.009,0.008,22
-11.250,-6.600,70.800,0.378,-2.895,9.191,-0.545,0.022,0.001,22
-11.250,-6.600,70.800,0.397,-2.959,9.136,-0.561,0.013,0.005,22
-12.300,-6.450,70.500,0.294,-3.074,9.270,-0.591,0.019,0.011,22
-12.300,-6.450,70.500,0.388,-3.153,9.079,-0.632,0.021,0.012,23
-12.300,-8.700,70.500,0.369,-3.261,9.091,-0.662,0.018,0.015,22
-12.300,-8.700,70.500,0.407,-3.347,9.079,-0.693,0.021,0.016,22
-12.600,-9.450,69.450,0.239,-3.905,9.007,-0.708,0.027,0.017,22
-12.600,-9.450,69.450,0.206,-3.881,8.983,-0.711,-0.001,0.023,22
-12.300,-10.350,69.450,0.366,-4.104,9.153,-0.698,0.019,0.026,22
-12.300,-10.350,69.450,0.180,-4.166,8.799,-0.688,0.005,0.019,23
-12.300,-10.350,69.450,0.409,-4.221,8.856,-0.687,0.019,0.011,22
-11.850,-13.800,69.450,0.280,-4.470,8.586,-0.683,0.017,0.012,22
-11.850,-13.800,69.450,0.244,-4.429,8.681,-0.691,0.024,0.016,22
-11.850,-13.800,69.450,0.285,-4.669,8.633,-0.698,0.025,0.009,22
-11.850,-13.800,69.450,0.369,-4.669,8.564,-0.717,0.012,0.012,22
-12.600,-13.050,68.250,0.330,-4.709,8.392,-0.732,0.024,0.011,23
-12.600,-13.050,68.250,0.385,-5.021,8.361,-0.736,0.019,0.013,22
-11.850,-15.000,66.450,0.220,-5.088,8.382,-0.749,0.023,0.011,22
-11.850,-15.000,66.450,0.177,-5.179,8.353,-0.771,0.015,0.022,22
-11.850,-15.000,66.450,0.340,-5.219,8.042,-0.787,0.022,0.029,22
-13.650,-15.900,67.050,0.201,-5.495,8.174,-0.817,0.012,0.010,22
-13.650,-15.900,67.050,0.376,-5.717,8.021,-0.840,0.017,0.009,23
-12.300,-18.900,65.400,0.273,-5.856,7.762,-0.870,0.023,0.002,22
-12.300,-18.900,65.400,0.213,-5.914,7.705,-0.867,0.021,0.009,22
-12.300,-18.900,65.400,0.194,-6.024,7.738,-0.885,0.024,0.013,22
-12.300,-18.900,65.400,0.211,-6.201,7.518,-0.897,0.020,0.019,22
-11.550,-20.400,64.200,0.172,-6.546,7.436,-0.904,0.014,0.020,22
-11.550,-20.400,64.200,0.213,-6.644,7.159,-0.906,0.013,0.025,23
-12.300,-22.500,63.900,0.227,-6.845,7.209,-0.891,0.012,0.022,22
-12.300,-22.500,63.900,0.158,-6.922,7.116,-0.888,0.022,0.024,22
-12.300,-22.500,63.900,0.278,-7.226,7.034,-0.858,0.019,0.020,22
-11.550,-24.450,62.700,0.254,-7.278,6.895,-0.826,0.021,0.009,22
-11.550,-24.450,62.700,0.156,-7.556,6.752,-0.790,0.028,0.006,22
-12.600,-24.000,61.200,0.177,-7.594,6.680,-0.760,0.022,0.009,23
-12.600,-24.000,61.200,0.127,-7.661,6.565,-0.715,0.010,0.018,22
-12.600,-24.000,61.200,0.170,-7.700,6.409,-0.695,0.008,0.027,22
-12.600,-24.000,61.200,0.187,-7.721,6.369,-0.684,0.011,0.024,22
-10.200,-25.800,59.850,0.285,-7.772,6.196,-0.677,0.014,0.019,22
-10.200,-25.800,59.850,0.213,-7.793,6.079,-0.672,0.023,0.009,22
-10.200,-25.800,59.850,0.141,-7.872,6.048,-0.673,0.024,0.006,23
-11.550,-27.450,57.900,0.184,-7.975,5.849,-0.671,0.022,-0.004,22
-11.550,-27.450,57.900,0.117,-8.174,5.701,-0.660,0.021,0.008,22
-11.700,-28.500,57.750,0.089,-8.133,5.612,-0.661,0.016,0.017,22
-11.700,-28.500,57.750,0.158,-8.226,5.533,-0.662,0.013,0.022,22
-10.950,-30.450,56.550,0.156,-8.222,5.329,-0.668,0.008,0.019,22
-10.950,-30.450,56.550,0.254,-8.353,5.382,-0.664,0.014,0.010,22
-10.950,-30.450,56.550,0.215,-8.365,5.104,-0.672,0.014,0.011,23
-10.950,-30.450,56.550,0.132,-8.499,5.037,-0.680,0.033,0.009,22
-10.950,-30.450,56.550,0.168,-8.507,5.006,-0.689,0.020,0.005,22
-11.250,-31.200,55.500,0.089,-8.593,4.863,-0.706,0.025,0.013,22
-11.250,-31.200,55.500,0.029,-8.636,4.688,-0.706,0.022,0.011,22
-11.250,-31.200,55.500,0.007,-8.729,4.592,-0.711,0.012,0.016,22
-11.250,-31.200,55.500,0.038,-8.875,4.539,-0.722,0.014,0.016,23
-12.450,-31.950,52.500,0.072,-8.789,3.989,-0.741,0.016,0.016,22
-12.450,-31.950,52.500,0.048,-9.000,4.305,-0.739,0.008,0.010,22
-13.350,-32.550,51.900,0.139,-8.854,3.893,-0.774,0.013,0.015,22
-13.350,-32.550,51.900,0.055,-9.081,3.881,-0.791,0.016,0.016,22
-13.350,-32.550,51.900,-0.012,-9.290,3.484,-0.775,0.014,0.020,22
-11.250,-31.950,50.250,0.081,-9.407,3.692,-0.785,0.015,0.017,23
-11.250,-31.950,50.250,0.091,-9.325,3.426,-0.776,0.019,0.012,22
-12.300,-34.200,48.150,0.074,-9.457,3.318,-0.762,0.012,0.016,22
-12.300,-34.200,48.150,-0.041,-9.476,3.189,-0.760,0.003,0.008,22
-12.300,-34.200,48.150,0.048,-9.735,3.318,-0.773,0.018,0.025,22
-12.300,-34.200,48.150,0.029,-9.606,2.440,-0.731,-0.002,0.016,22
-12.150,-34.050,47.700,0.089,-10.032,3.048,-0.698,0.015,0.010,23
-12.150,-34.050,47.700,0.151,-9.859,2.466,-0.670,0.013,0.006,22
-12.150,-34.050,47.700,0.084,-9.946,2.579,-0.619,0.023,0.007,22
-11.550,-37.350,45.600,0.041,-9.929,2.318,-0.603,0.027,0.013,22
-11.550,-37.350,45.600,-0.012,-9.989,2.382,-0.571,0.008,0.007,22
-10.950,-36.000,43.950,-0.072,-9.819,2.090,-0.543,0.013,0.014,22
-10.950,-36.000,43.950,0.024,-9.934,2.210,-0.517,0.002,0.011,23
-11.250,-37.050,43.200,0.148,-9.912,1.939,-0.502,0.019,0.013,22
-11.250,-37.050,43.200,0.053,-9.819,1.707,-0.461,0.020,0.004,22
-11.250,-37.050,43.200,0.043,-10.048,1.894,-0.428,0.022,0.002,22
-11.250,-37.050,43.200,0.062,-10.015,1.664,-0.424,0.032,-0.002,22
-11.250,-37.050,43.200,0.010,-9.967,1.657,-0.402,0.019,-0.001,22
-12.150,-37.050,41.700,-0.050,-9.996,1.563,-0.381,0.014,0.005,23
-12.150,-37.050,41.700,0.086,-10.001,1.482,-0.365,0.013,0.003,22
-11.550,-37.650,41.100,-0.053,-10.048,1.405,-0.359,0.016,0.002,22
-11.550,-37.650,41.100,-0.029,-9.910,1.317,-0.334,0.018,0.003,22
-9.600,-37.650,40.350,0.005,-10.036,1.427,-0.317,0.013,-0.002,22
-9.600,-37.650,40.350,-0.038,-9.998,1.305,-0.311,0.016,-0.000,22
-11.700,-37.500,39.450,-0.045,-10.111,1.211,-0.291,0.010,-0.002,23
-11.700,-37.500,39.450,0.041,-10.161,1.111,-0.261,0.015,-0.005,22
-11.700,-37.500,39.450,0.038,-10.195,1.152,-0.227,0.012,-0.000,22
-11.700,-37.500,39.450,-0.053,-10.218,1.109,-0.198,0.004,-0.002,22
-11.700,-37.500,39.450,-0.002,-10.247,1.089,-0.153,0.008,-0.002,22
-10.050,-37.350,39.600,0.005,-10.312,1.058,-0.084,0.009,-0.008,22
-10.050,-37.350,39.600,-0.041,-10.259,1.006,-0.038,0.010,-0.013,22
-10.050,-37.350,39.600,0.038,-10.142,1.111,-0.009,0.014,-0.013,23
-10.050,-37.350,39.600,-0.014,-10.003,1.087,0.014,0.014,-0.011,22
-10.800,-37.650,38.100,0.045,-9.847,0.974,0.002,0.038,-0.002,22
-10.800,-37.650,38.100,-0.175,-9.919,0.989,0.050,-0.009,-0.009,22
-11.700,-38.250,38.700,0.182,-10.345,1.326,0.010,0.013,0.001,22
-11.700,-38.250,38.700,0.091,-9.749,0.737,0.063,0.010,-0.012,22
-11.700,-38.250,38.700,-0.012,-10.127,1.360,0.079,0.015,-0.024,22
-11.700,-37.950,39.750,-0.060,-9.934,1.041,0.081,0.005,-0.015,23
-11.700,-37.950,39.750,-0.038,-10.120,1.219,0.126,-0.001,-0.012,22
-11.550,-37.650,38.550,-0.012,-10.120,1.298,0.139,0.016,-0.012,22
-11.550,-37.650,38.550,0.069,-10.060,1.204,0.182,0.001,-0.021,22
-11.550,-37.650,38.550,-0.026,-10.063,1.401,0.203,0.013,-0.016,22
-11.550,-37.650,38.550,-0.048,-9.919,1.257,0.204,0.007,-0.011,23
-11.250,-38.700,41.700,0.019,-10.125,1.369,0.244,0.005,-0.024,22
-11.250,-38.700,41.700,-0.081,-10.154,1.642,0.266,0.011,-0.021,22
-11.250,-38.700,41.700,0.043,-10.209,1.583,0.318,0.002,-0.019,22
-10.350,-38.100,42.150,0.060,-10.125,1.745,0.366,-0.005,-0.017,22
-10.350,-38.100,42.150,0.005,-10.233,1.674,0.407,-0.002,-0.014,22
-11.850,-37.650,40.350,0.055,-10.135,2.004,0.474,0.002,-0.022,23
-11.850,-37.650,40.350,0.045,-10.036,1.913,0.520,0.006,-0.022,22
-12.150,-36.750,42.450,0.031,-10.039,2.243,0.546,0.009,-0.026,22
-12.150,-36.750,42.450,-0.031,-9.979,2.186,0.585,0.001,-0.023,22
-12.150,-36.750,42.450,-0.012,-9.984,2.246,0.628,0.002,-0.034,22
-12.150,-36.750,42.450,0.101,-9.831,2.509,0.648,0.006,-0.037,22
-12.150,-36.750,42.450,0.067,-9.699,2.581,0.675,0.009,-0.034,23
-11.250,-36.000,45.450,0.093,-9.469,2.559,0.643,0.028,-0.043,22
-11.250,-36.000,45.450,-0.338,-9.117,2.952,0.624,-0.008,-0.045,22
-11.100,-35.400,46.350,0.244,-9.464,2.976,0.631,0.011,-0.026,22
-11.100,-35.400,46.350,0.194,-9.337,3.287,0.612,-0.009,-0.018,22
-10.950,-35.100,48.000,-0.105,-9.366,3.474,0.612,0.000,-0.029,22
-10.950,-35.100,48.000,-0.045,-9.357,3.314,0.608,-0.012,-0.025,23
-10.350,-32.550,49.350,0.124,-9.294,3.491,0.611,0.002,-0.022,22
-10.350,-32.550,49.350,0.204,-9.237,3.694,0.614,0.010,-0.016,22
-10.350,-32.550,49.350,0.117,-9.179,3.919,0.608,0.012,-0.025,22
-10.350,-32.550,49.350,0.144,-8.983,3.998,0.616,0.001,-0.035,22
-10.350,-32.550,49.350,0.117,-9.026,4.087,0.609,0.012,-0.039,22
-10.800,-32.250,52.650,0.065,-8.973,4.104,0.599,0.011,-0.032,23
-10.800,-32.250,52.650,0.022,-8.894,4.324,0.601,0.005,-0.033,22
-10.800,-32.250,52.650,0.055,-8.823,4.602,0.595,0.000,-0.028,22
-10.800,-32.250,52.650,0.113,-8.674,4.544,0.596,0.003,-0.026,22
-11.100,-30.600,55.200,0.120,-8.681,4.752,0.587,0.001,-0.027,22
-11.100,-30.600,55.200,0.077,-8.574,4.803,0.586,-0.001,-0.028,22
-11.100,-30.600,55.200,0.115,-8.593,4.978,0.580,-0.000,-0.028,22
-10.950,-30.450,54.300,0.204,-8.492,5.198,0.575,0.003,-0.031,23
-10.950,-30.450,54.300,0.215,-8.301,5.136,0.574,0.007,-0.031,22
-11.250,-29.700,56.250,0.136,-8.179,5.447,0.557,0.004,-0.034,22
-11.250,-29.700,56.250,0.120,-8.291,5.325,0.550,0.004,-0.037,22
-12.150,-27.750,57.000,0.110,-8.226,5.519,0.562,0.008,-0.026,22
-12.150,-27.750,57.000,0.101,-8.064,5.648,0.554,0.011,-0.030,22
-12.150,-27.750,57.000,0.184,-8.045,5.813,0.559,-0.000,-0.030,23
-12.150,-27.750,57.000,0.180,-7.963,5.942,0.567,0.002,-0.032,22
-12.150,-27.750,57.000,0.182,-7.930,5.993,0.566,0.014,-0.031,22
-11.250,-26.550,59.250,0.208,-7.836,6.079,0.564,0.001,-0.029,22
-11.250,-26.550,59.250,0.146,-7.733,6.213,0.561,0.006,-0.042,22
-12.600,-24.750,60.150,0.187,-7.558,6.249,0.550,0.005,-0.032,22
-12.600,-24.750,60.150,0.192,-7.412,6.395,0.546,0.007,-0.032,23
-11.700,-25.800,60.300,0.091,-7.429,6.543,0.536,0.005,-0.027,22
-11.700,-25.800,60.300,0.144,-7.372,6.572,0.533,0.001,-0.031,22
-12.150,-24.600,61.800,0.139,-7.274,6.656,0.532,0.003,-0.029,22
-12.150,-24.600,61.800,0.136,-7.221,6.919,0.543,0.009,-0.025,22
-12.150,-24.600,61.800,0.098,-7.230,6.970,0.556,0.003,-0.028,22
-12.150,-24.600,61.800,0.268,-7.101,7.003,0.575,0.004,-0.031,23
-12.150,-24.600,61.800,0.232,-7.041,7.089,0.583,0.004,-0.034,22
-12.600,-21.600,63.900,0.122,-6.831,7.005,0.591,-0.002,-0.029,22
-12.600,-21.600,63.900,0.283,-6.749,7.207,0.607,0.009,-0.033,22
-12.450,-22.200,63.600,0.232,-6.713,7.508,0.624,0.006,-0.029,22
-12.450,-22.200,63.600,0.239,-6.495,7.408,0.624,0.001,-0.034,22
-12.900,-20.250,62.850,0.249,-6.567,7.604,0.658,0.009,-0.040,23
-12.900,-20.250,62.850,0.227,-6.160,7.673,0.671,-0.001,-0.033,22
-10.950,-18.750,65.850,0.268,-6.163,7.693,0.676,0.008,-0.035,22
-10.950,-18.750,65.850,0.232,-6.153,7.841,0.694,-0.002,-0.029,22
-10.950,-18.750,65.850,0.192,-5.827,8.009,0.705,0.007,-0.032,22
-10.950,-18.750,65.850,0.220,-5.588,7.882,0.697,0.004,-0.036,22
-10.950,-18.750,65.850,0.268,-5.294,7.934,0.703,-0.001,-0.039,23
-11.250,-17.100,65.550,0.187,-5.262,8.325,0.677,0.009,-0.041,22
-11.250,-17.100,65.550,0.261,-5.239,8.282,0.660,0.007,-0.030,22
-11.250,-17.100,65.550,0.330,-5.128,8.351,0.659,0.005,-0.035,22
-11.250,-17.100,65.550,0.297,-4.891,8.337,0.636,0.004,-0.032,22
-12.900,-14.400,67.350,0.146,-5.013,8.528,0.646,0.006,-0.034,22
-12.900,-14.400,67.350,0.103,-4.784,8.636,0.646,0.000,-0.032,23
-12.900,-14.400,67.350,0.395,-4.554,8.677,0.643,0.007,-0.027,22
-13.950,-12.000,69.300,-0.022,-4.525,8.811,0.639,0.001,-0.024,22
-13.950,-12.000,69.300,0.397,-4.271,8.660,0.632,0.001,-0.023,22
-10.950,-10.500,68.100,0.225,-4.080,8.854,0.613,-0.002,-0.023,22
-10.950,-10.500,68.100,0.421,-3.871,8.885,0.598,0.002,-0.028,22
-13.650,-9.000,70.800,0.268,-3.642,8.954,0.554,0.008,-0.031,22
-13.650,-9.000,70.800,0.283,-3.462,8.916,0.511,0.005,-0.024,23
-13.650,-9.000,70.800,0.340,-3.256,8.950,0.464,0.002,-0.025,22
-13.650,-9.000,70.800,0.323,-3.247,8.959,0.376,0.012,-0.021,22
-13.650,-9.000,70.800,0.311,-3.060,9.050,0.329,0.010,-0.020,22
-13.950,-7.800,71.100,0.287,-3.043,9.218,0.278,0.004,-0.024,22
-13.950,-7.800,71.100,0.247,-3.136,9.100,0.233,0.008,-0.023,22
-13.800,-8.400,71.250,0.278,-3.163,9.273,0.211,0.010,-0.025,23
-13.800,-8.400,71.250,0.263,-3.096,9.165,0.185,0.015,-0.018,22
-12.150,-7.800,69.600,0.275,-3.108,9.292,0.180,0.004,-0.013,22
-12.150,-7.800,69.600,0.271,-3.120,9.337,0.167,0.009,-0.021,22
-12.300,-6.750,69.450,0.280,-3.179,9.357,0.165,0.007,-0.015,22
-12.300,-6.750,69.450,0.371,-3.117,9.383,0.163,0.008,-0.017,22
-12.300,-6.750,69.450,0.278,-3.199,9.493,0.199,0.005,-0.022,23
-12.300,-6.750,69.450,0.323,-3.215,9.486,0.217,0.010,-0.017,22
-12.300,-6.750,69.450,0.350,-3.000,9.385,0.231,0.016,-0.014,22
-11.850,-5.550,70.950,0.283,-2.995,9.527,0.255,0.010,-0.016,22
-11.850,-5.550,70.950,0.182,-2.885,9.440,0.273,0.003,-0.016,22
-11.850,-5.550,70.950,0.333,-2.813,9.383,0.276,0.002,-0.019,22
-11.850,-5.550,70.950,0.405,-2.619,9.469,0.289,0.008,-0.019,23
-11.700,-4.650,71.100,0.309,-2.576,9.522,0.289,0.012,-0.024,22
-11.700,-4.650,71.100,0.297,-2.394,9.438,0.280,0.007,-0.028,22
-11.700,-4.650,71.100,0.369,-2.356,9.452,0.271,0.008,-0.021,22
-13.650,-5.400,71.100,0.290,-2.284,9.491,0.252,0.008,-0.021,22
-13.650,-5.400,71.100,0.256,-2.195,9.493,0.233,0.013,-0.018,22
-12.600,-4.050,69.750,0.261,-2.085,9.459,0.230,0.008,-0.019,23
-12.600,-4.050,69.750,0.285,-2.045,9.524,0.203,0.009,-0.017,22
-12.450,-3.900,72.150,0.302,-1.896,9.519,0.168,0.007,-0.020,22
-12.450,-3.900,72.150,0.371,-1.760,9.474,0.122,0.010,-0.014,22
-12.450,-3.900,72.150,0.350,-1.544,9.469,0.071,0.007,-0.012,22
-12.450,-3.900,72.150,0.278,-1.451,9.503,0.001,0.007,-0.009,22
-12.450,-3.900,72.150,0.366,-1.413,9.467,-0.099,0.007,-0.011,23
-11.850,-2.850,71.700,0.306,-1.537,9.450,-0.162,0.012,0.003,22
-11.850,-2.850,71.700,0.218,-1.618,9.500,-0.215,0.010,-0.002,22
-12.900,-4.650,72.150,0.421,-1.666,9.491,-0.292,0.008,0.001,22
-12.900,-4.650,72.150,0.388,-1.709,9.378,-0.353,0.017,0.006,22
-11.850,-3.600,70.950,0.201,-1.798,9.560,-0.406,0.019,0.005,22
-11.850,-3.600,70.950,0.383,-1.887,9.400,-0.460,0.019,0.004,23
-13.050,-5.250,71.250,0.299,-1.958,9.364,-0.538,0.017,0.005,22
-13.050,-5.250,71.250,0.306,-2.140,9.345,-0.584,0.010,0.008,22
-13.050,-5.250,71.250,0.314,-2.342,9.299,-0.638,0.019,0.014,22
-13.050,-5.250,71.250,0.199,-2.512,9.170,-0.693,-0.005,0.014,22
-13.050,-5.250,71.250,0.395,-2.727,9.395,-0.717,0.009,0.012,22
-13.200,-8.550,70.800,0.350,-2.796,9.155,-0.753,0.021,0.025,22
-13.200,-8.550,70.800,0.421,-3.156,9.256,-0.770,0.009,0.018,23
-12.150,-8.550,70.800,0.290,-3.225,9.072,-0.800,0.010,0.019,22
-12.150,-8.550,70.800,0.287,-3.349,9.110,-0.818,0.021,0.013,22
-12.150,-10.050,70.350,0.299,-3.541,8.990,-0.825,0.016,0.018,22
-12.150,-10.050,70.350,0.242,-3.661,8.938,-0.845,0.017,0.013,22
-12.600,-11.850,69.000,0.359,-3.929,9.196,-0.851,0.011,0.014,22
-12.600,-11.850,69.000,0.474,-4.594,9.340,-0.828,0.013,0.019,23
-12.600,-11.850,69.000,0.204,-4.590,8.839,-0.809,0.014,0.017,22
-12.600,-11.850,69.000,0.290,-4.489,8.815,-0.779,0.021,0.008,22
-12.600,-11.850,69.000,0.314,-4.733,8.820,-0.743,0.023,0.013,22
-12.900,-14.400,68.850,0.333,-4.970,8.811,-0.743,0.026,0.020,22
-12.900,-14.400,68.850,0.172,-4.970,8.442,-0.711,0.025,0.002,22
-12.900,-14.400,68.850,0.160,-5.258,8.574,-0.683,0.014,0.000,23
-12.900,-14.400,68.850,0.292,-5.207,8.384,-0.669,0.018,0.001,22
-12.900,-15.600,68.550,0.273,-5.203,8.353,-0.660,0.020,0.008,22
-12.900,-15.600,68.550,0.292,-5.413,8.226,-0.653,0.013,0.014,22
-12.900,-15.600,68.550,0.345,-5.502,8.145,-0.653,0.014,0.008,22
-11.700,-16.800,67.800,0.294,-5.559,8.080,-0.656,0.014,0.007,22
-11.700,-16.800,67.800,0.338,-5.456,8.040,-0.660,0.020,0.009,23
-13.950,-19.050,66.600,0.275,-5.648,8.028,-0.680,0.017,0.007,22
-13.950,-19.050,66.600,0.311,-5.732,7.781,-0.689,0.019,0.003,22
-11.700,-19.950,65.550,0.211,-5.914,7.831,-0.713,0.019,0.004,22
-11.700,-19.950,65.550,0.225,-6.048,7.611,-0.733,0.017,0.003,22
-11.700,-19.950,65.550,0.151,-6.069,7.614,-0.748,0.017,-0.002,22
-11.700,-19.950,65.550,0.175,-6.194,7.396,-0.762,0.019,0.005,23
-11.700,-19.950,65.550,0.249,-6.397,7.317,-0.788,0.018,0.011,22
-11.850,-21.600,63.450,0.235,-6.517,7.305,-0.795,0.019,0.015,22
-11.850,-21.600,63.450,0.206,-6.704,7.168,-0.807,0.023,0.015,22
-11.850,-22.050,62.700,0.206,-6.807,7.092,-0.823,0.018,0.010,22
-11.850,-22.050,62.700,0.182,-6.900,7.041,-0.828,0.023,0.017,22
-11.850,-23.550,61.200,0.225,-7.242,6.756,-0.837,0.021,0.023,23
-11.850,-23.550,61.200,0.153,-7.242,6.630,-0.834,0.022,0.012,22
-11.550,-24.750,62.400,0.098,-7.427,6.658,-0.823,0.014,0.019,22
-11.550,-24.750,62.400,0.122,-7.468,6.433,-0.820,0.015,0.021,22
-11.550,-24.750,62.400,0.031,-7.609,6.390,-0.812,0.014,0.023,22
-11.550,-24.750,62.400,0.136,-7.769,6.084,-0.812,0.008,0.032,22
-11.550,-24.750,62.400,0.242,-7.956,6.117,-0.803,0.013,0.028,23
-11.550,-26.700,58.950,0.180,-8.037,5.997,-0.789,0.016,0.021,22
-11.550,-26.700,58.950,0.232,-8.088,5.873,-0.770,0.022,0.017,22
-12.450,-27.300,57.300,0.220,-8.262,5.789,-0.737,0.025,0.004,22
-12.450,-27.300,57.300,0.115,-8.289,5.667,-0.716,0.031,0.008,22
-10.350,-29.100,57.900,0.038,-8.490,5.610,-0.699,0.029,0.006,22
-10.350,-29.100,57.900,0.048,-8.492,5.423,-0.663,0.019,0.011,22
-10.350,-29.100,57.900,0.074,-8.437,5.406,-0.651,0.018,0.011,23
-10.800,-30.300,55.950,0.165,-8.619,5.267,-0.632,0.020,0.011,22
-10.800,-30.300,55.950,0.060,-8.581,5.102,-0.616,0.011,0.010,22
-10.800,-30.300,55.950,0.057,-8.662,5.016,-0.601,0.014,0.002,22
-10.800,-30.300,55.950,0.141,-8.631,4.719,-0.613,0.017,0.003,22
-11.700,-31.200,54.300,0.148,-8.605,4.767,-0.621,0.017,0.017,22
-11.700,-31.200,54.300,0.113,-8.729,4.762,-0.632,0.007,0.010,23
-11.700,-31.200,54.300,0.045,-9.036,4.530,-0.634,0.019,0.006,22
-11.700,-31.200,54.300,0.215,-8.928,4.288,-0.627,0.011,-0.002,22
-11.700,-31.200,54.300,0.057,-9.110,4.322,-0.617,0.022,0.004,22
-13.350,-31.050,52.350,0.136,-9.096,4.219,-0.590,0.025,0.014,22
-13.350,-31.050,52.350,0.105,-9.232,4.137,-0.574,0.021,0.003,22
-10.800,-32.550,51.600,0.055,-9.206,3.982,-0.572,0.023,-0.003,23
-10.800,-32.550,51.600,0.060,-9.330,3.998,-0.550,0.009,0.004,22
-11.700,-34.050,49.500,0.038,-9.170,3.718,-0.551,0.012,0.007,22
-11.700,-34.050,49.500,0.012,-9.249,3.721,-0.528,0.006,0.012,22
-9.600,-34.200,49.350,0.122,-9.189,3.457,-0.541,0.021,0.011,22
-9.600,-34.200,49.350,0.136,-9.321,3.615,-0.538,0.011,0.007,22
-9.600,-34.200,49.350,0.136,-9.323,3.333,-0.529,0.019,0.005,23
-9.600,-34.200,49.350,0.098,-9.448,3.328,-0.535,0.022,0.003,22
-9.600,-34.200,49.350,-0.019,-9.529,3.139,-0.520,0.018,0.004,22
-11.100,-34.950,46.650,0.019,-9.481,3.141,-0.515,0.012,0.009,22
-11.100,-34.950,46.650,0.005,-9.558,3.093,-0.507,0.010,0.010,22
-11.100,-35.400,48.150,0.050,-9.582,2.873,-0.499,0.009,0.005,22
-11.100,-35.400,48.150,0.036,-9.618,2.899,-0.498,0.014,0.002,23
-10.500,-35.550,45.750,0.077,-9.570,2.717,-0.487,0.014,0.007,22
-10.500,-35.550,45.750,0.041,-9.680,2.672,-0.479,0.016,0.005,22
-10.500,-35.550,45.750,0.055,-9.651,2.528,-0.459,0.018,0.000,22
-11.100,-34.950,44.400,0.007,-9.759,2.605,-0.475,0.008,0.005,22
-11.100,-34.950,44.400,-0.089,-9.577,2.102,-0.462,0.011,0.005,22
-11.100,-34.950,44.400,0.086,-9.742,2.440,-0.448,0.016,0.004,23
-11.100,-34.950,44.400,0.096,-9.677,2.100,-0.461,0.009,0.005,22
-10.350,-35.400,42.150,0.038,-9.718,2.002,-0.479,0.019,0.010,22
-10.350,-35.400,42.150,-0.010,-9.459,1.671,-0.454,0.008,-0.007,22
-10.350,-36.450,42.600,0.053,-10.022,2.385,-0.475,0.009,-0.005,22
-10.350,-36.450,42.600,0.146,-9.407,1.372,-0.514,0.031,0.011,22
-9.750,-38.250,42.450,0.019,-9.955,2.112,-0.482,0.019,0.001,23
-9.750,-38.250,42.450,-0.036,-9.649,1.638,-0.522,0.017,0.003,22
-9.750,-38.250,42.450,-0.017,-10.017,1.875,-0.546,0.007,0.001,22
-10.500,-37.950,40.950,0.022,-9.582,0.953,-0.560,0.023,0.011,22
-10.500,-37.950,40.950,-0.050,-10.025,1.590,-0.534,0.004,0.007,22
-10.350,-37.350,39.300,0.031,-9.893,1.010,-0.538,0.010,0.004,22
-10.350,-37.350,39.300,0.014,-9.960,0.970,-0.543,0.010,0.011,22
-11.100,-38.550,37.800,-0.151,-10.123,0.869,-0.528,0.027,0.006,23
-11.100,-38.550,37.800,-0.081,-10.096,0.723,-0.498,0.018,0.009,22
-11.100,-38.550,37.800,-0.065,-10.132,1.073,-0.474,0.014,0.007,22
-11.100,-38.550,37.800,0.108,-10.235,0.876,-0.454,0.019,-0.000,22
-11.100,-38.550,37.800,-0.091,-9.948,0.385,-0.456,0.006,0.011,22
-11.250,-39.900,37.500,0.091,-10.089,0.244,-0.419,0.020,0.013,22
-11.250,-39.900,37.500,-0.022,-10.171,0.426,-0.368,0.006,-0.000,23
-10.800,-38.100,35.850,0.074,-10.254,0.565,-0.361,0.031,-0.002,22
-10.800,-38.100,35.850,-0.096,-10.360,0.445,-0.316,0.019,-0.004,22
-10.800,-38.550,35.550,0.122,-10.551,0.536,-0.230,0.024,-0.002,22
-10.800,-38.550,35.550,-0.062,-10.472,0.448,-0.180,0.019,-0.009,22
-10.350,-40.050,35.100,-0.010,-10.410,0.376,-0.141,0.020,-0.002,22
-10.350,-40.050,35.100,-0.079,-10.398,0.232,-0.067,0.013,-0.015,23
-10.350,-40.050,35.100,-0.069,-10.439,0.414,-0.011,0.017,-0.013,22
-10.350,-40.050,35.100,-0.091,-10.202,0.213,0.022,0.023,-0.010,22
-10.350,-40.050,35.100,-0.242,-10.027,0.225,0.056,0.032,-0.011,22
-11.550,-38.850,36.600,-0.041,-10.144,0.436,0.074,0.006,-0.012,22
-11.550,-38.850,36.600,0.029,-10.020,-0.117,0.081,0.018,-0.009,22
-10.800,-38.100,35.550,-0.163,-10.068,0.450,0.094,0.002,-0.023,23
-10.800,-38.100,35.550,0.002,-10.041,0.395,0.122,0.011,-0.016,22
-11.100,-38.850,36.300,0.158,-10.171,0.551,0.148,0.005,-0.017,22
-11.100,-38.850,36.300,-0.113,-10.230,0.658,0.187,0.021,-0.009,22
-11.100,-38.850,36.300,-0.036,-10.192,0.426,0.209,0.012,-0.016,22
-11.100,-38.550,37.800,-0.072,-10.247,0.611,0.261,0.007,-0.022,22
-11.100,-38.550,37.800,-0.019,-10.240,0.611,0.288,0.012,-0.020,23
-11.100,-38.100,39.300,-0.101,-10.206,0.642,0.325,0.013,-0.020,22
-11.100,-38.100,39.300,-0.048,-10.171,0.879,0.372,0.011,-0.022,22
-10.500,-36.300,37.500,-0.177,-10.192,1.231,0.406,-0.006,-0.027,22
-10.500,-36.300,37.500,0.034,-10.116,0.953,0.416,0.001,-0.019,22
-10.500,-36.300,37.500,-0.043,-10.319,1.089,0.463,0.003,-0.029,22
-10.500,-36.300,37.500,-0.151,-10.116,1.410,0.497,0.007,-0.027,22
-10.500,-36.300,37.500,-0.007,-9.977,1.322,0.517,0.005,-0.024,23
-10.950,-37.050,39.750,-0.002,-10.010,1.422,0.541,0.003,-0.028,22
-10.950,-37.050,39.750,0.048,-9.946,1.568,0.559,0.008,-0.027,22
-10.350,-37.350,41.100,-0.069,-9.979,1.686,0.568,-0.002,-0.027,22
-10.350,-37.350,41.100,0.091,-9.742,1.762,0.568,0.007,-0.024,22
-12.450,-36.000,42.450,0.024,-9.345,1.832,0.522,0.009,-0.041,23
-12.450,-36.000,42.450,0.041,-9.407,2.148,0.487,0.004,-0.027,22
-9.450,-35.550,43.200,0.098,-9.546,2.105,0.471,0.006,-0.021,22
-9.450,-35.550,43.200,0.000,-9.577,2.081,0.447,0.004,-0.014,22
-9.450,-35.550,43.200,-0.026,-9.503,2.392,0.433,0.002,-0.024,22
-9.450,-35.550,43.200,0.199,-9.606,2.507,0.427,0.003,-0.025,22
-9.450,-35.550,43.200,0.201,-9.448,2.648,0.408,0.013,-0.026,22
-10.800,-34.950,46.350,0.041,-9.445,2.751,0.399,0.015,-0.029,23
-10.800,-34.950,46.350,-0.010,-9.512,2.775,0.396,0.014,-0.024,22
-12.300,-35.700,47.100,0.022,-9.524,2.978,0.394,-0.000,-0.022,22
-12.300,-35.700,47.100,0.115,-9.524,3.026,0.393,0.001,-0.024,22
-11.850,-35.700,47.100,0.108,-9.471,3.139,0.405,0.006,-0.020,22
-11.850,-35.700,47.100,0.022,-9.412,3.127,0.405,0.003,-0.023,22
-12.900,-35.700,47.100,0.000,-9.517,3.282,0.412,0.005,-0.026,23
-12.900,-34.800,48.300,0.081,-9.290,3.424,0.407,0.004,-0.023,22
-12.900,-34.800,48.300,0.189,-9.179,3.397,0.402,0.004,-0.016,23
-12.900,-34.800,48.300,0.062,-9.203,3.555,0.392,0.009,-0.017,22
-12.900,-34.800,48.300,0.084,-9.206,3.587,0.386,0.001,-0.014,22
-12.300,-31.800,50.400,0.108,-9.306,3.733,0.388,0.002,-0.023,22
-12.300,-31.800,50.400,0.103,-9.225,3.955,0.390,0.008,-0.032,22
-11.850,-33.750,50.850,0.115,-9.158,4.025,0.400,0.013,-0.030,22
-11.850,-33.750,50.850,0.043,-9.251,4.025,0.423,0.007,-0.031,22
-11.850,-33.750,50.850,0.031,-9.220,4.178,0.438,0.003,-0.026,22
-11.550,-33.750,50.850,0.007,-9.110,4.223,0.459,0.001,-0.026,22
-11.550,-33.750,50.850,0.103,-9.086,4.300,0.472,0.008,-0.023,22
-11.850,-32.250,51.600,0.108,-8.969,4.480,0.491,0.009,-0.023,22
-11.850,-32.250,51.600,0.170,-8.983,4.525,0.500,0.007,-0.027,23
-12.150,-30.900,54.000,0.105,-8.696,4.561,0.497,0.003,-0.034,22
-12.150,-30.900,54.000,0.129,-8.736,4.741,0.499,0.012,-0.026,22
-12.150,-30.000,54.300,0.026,-8.614,4.731,0.490,0.009,-0.024,22
-12.150,-30.000,54.300,0.098,-8.442,4.872,0.487,0.006,-0.020,22
-12.150,-30.000,54.300,0.108,-8.540,5.042,0.478,0.005,-0.028,23
-12.150,-30.000,54.300,0.172,-8.466,5.078,0.472,0.011,-0.020,22
-12.150,-30.000,54.300,0.170,-8.406,5.239,0.476,0.006,-0.027,22
-12.150,-28.050,56.550,0.079,-8.377,5.284,0.476,0.006,-0.028,22
-12.150,-28.050,56.550,0.177,-8.267,5.428,0.484,0.002,-0.023,22
-12.300,-28.350,56.400,0.163,-8.255,5.538,0.493,0.001,-0.023,22
-12.300,-28.350,56.400,0.215,-8.250,5.648,0.493,0.010,-0.026,23
-11.850,-27.900,58.200,0.043,-8.162,5.689,0.496,0.004,-0.025,22
-11.850,-27.900,58.200,0.089,-8.059,5.818,0.510,0.006,-0.025,22
-11.100,-26.700,58.200,0.232,-7.887,5.904,0.518,0.001,-0.022,22
-11.100,-26.700,58.200,0.192,-7.910,6.041,0.515,0.011,-0.035,22
-11.100,-26.700,58.200,0.259,-7.726,6.062,0.516,0.015,-0.035,22
-11.100,-26.700,58.200,0.189,-7.750,6.280,0.514,0.018,-0.036,23
-11.100,-26.700,58.200,0.120,-7.460,6.292,0.512,0.009,-0.040,22
-11.250,-25.050,61.050,0.103,-7.491,6.467,0.512,0.009,-0.031,22
-11.250,-25.050,61.050,0.311,-7.393,6.393,0.507,0.003,-0.023,22
-12.150,-25.050,61.050,0.254,-7.314,6.567,0.518,0.008,-0.024,22
-12.150,-25.050,61.050,0.192,-7.300,6.665,0.509,0.002,-0.025,22
-12.150,-22.950,62.550,0.299,-7.161,6.658,0.502,0.008,-0.029,22
-12.150,-22.950,62.550,0.223,-7.178,6.797,0.509,0.011,-0.033,23
-12.150,-22.950,62.550,0.148,-7.051,6.970,0.519,0.008,-0.031,22
-12.900,-22.650,62.100,0.251,-7.084,6.946,0.538,0.007,-0.031,22
-12.900,-22.650,62.100,0.127,-6.972,7.094,0.556,0.002,-0.027,22
-12.900,-22.650,62.100,0.244,-6.879,7.171,0.572,0.008,-0.023,22
-12.900,-22.650,62.100,0.208,-6.723,7.293,0.585,0.006,-0.028,22
-12.600,-20.400,63.450,0.326,-6.512,7.362,0.594,0.007,-0.027,23
-12.600,-20.400,63.450,0.175,-6.354,7.410,0.596,0.003,-0.035,22
-12.600,-20.400,63.450,0.182,-6.404,7.570,0.594,0.005,-0.027,22
-12.600,-20.400,63.450,0.235,-6.251,7.551,0.590,0.003,-0.028,22
-12.600,-20.400,63.450,0.189,-6.141,7.707,0.596,0.006,-0.027,22
-10.500,-19.950,64.350,0.194,-6.050,7.879,0.601,0.007,-0.027,22
-10.500,-19.950,64.350,0.153,-5.930,7.889,0.598,0.007,-0.030,23
-12.300,-20.100,64.950,0.302,-5.765,7.901,0.612,0.007,-0.032,22
-12.300,-20.100,64.950,0.345,-5.684,7.999,0.618,0.002,-0.041,22
-11.550,-16.950,66.450,0.110,-5.528,8.262,0.617,0.006,-0.038,22
-11.550,-16.950,66.450,0.275,-5.380,8.277,0.614,0.007,-0.043,22
-12.300,-16.950,67.500,0.357,-5.205,8.241,0.615,0.004,-0.044,22
-12.300,-16.950,67.500,0.069,-5.116,8.464,0.608,0.006,-0.029,23
-12.300,-16.950,67.500,0.302,-4.954,8.286,0.598,0.007,-0.026,22
-12.300,-16.950,67.500,0.129,-4.827,8.645,0.588,0.009,-0.015,22
-12.300,-16.950,67.500,0.244,-4.633,8.425,0.578,0.005,-0.018,22
-13.800,-13.050,68.700,0.314,-4.571,8.612,0.569,0.006,-0.021,22
-13.800,-13.050,68.700,0.189,-4.408,8.643,0.545,0.002,-0.027,22
-12.600,-11.850,68.700,0.259,-4.348,8.796,0.528,0.008,-0.029,23
-12.600,-11.850,68.700,0.256,-4.123,8.799,0.510,0.005,-0.019,22
-12.600,-9.900,69.450,0.364,-3.926,8.885,0.482,0.003,-0.019,22
-12.600,-9.900,69.450,0.366,-3.862,8.878,0.452,0.005,-0.020,22
-12.600,-9.900,69.450,0.383,-3.855,8.964,0.435,0.010,-0.024,22
-12.600,-10.350,69.000,0.285,-3.845,9.036,0.416,0.010,-0.030,22
-12.600,-10.350,69.000,0.280,-3.534,8.969,0.387,0.009,-0.028,23
-12.600,-10.350,69.000,0.215,-3.565,9.167,0.366,0.011,-0.021,22
-12.600,-10.350,69.000,0.266,-3.428,9.021,0.342,0.010,-0.021,22
-13.350,-9.450,68.700,0.249,-3.419,9.131,0.326,0.004,-0.024,22
-13.350,-9.450,68.700,0.251,-3.397,9.184,0.311,0.005,-0.011,22
-13.350,-9.450,68.700,0.251,-3.203,9.230,0.295,0.011,-0.011,22
-13.350,-9.450,68.700,0.342,-3.247,9.165,0.282,0.007,-0.012,23
-13.350,-9.450,68.700,0.333,-3.184,9.227,0.264,0.011,-0.020,22
-13.350,-8.400,69.750,0.304,-3.136,9.352,0.253,0.004,-0.021,22
-13.350,-8.400,69.750,0.318,-3.029,9.299,0.253,0.008,-0.015,22
-10.800,-5.250,68.700,0.273,-3.110,9.378,0.250,0.015,-0.011,22
-10.800,-5.250,68.700,0.316,-3.033,9.383,0.256,0.008,-0.016,22
-12.450,-5.400,70.350,0.314,-3.043,9.500,0.273,0.004,-0.019,22
-12.450,-5.400,70.350,0.328,-2.990,9.448,0.287,0.010,-0.020,23
-13.050,-6.000,70.200,0.302,-2.847,9.347,0.304,0.008,-0.027,22
-13.050,-6.000,70.200,0.364,-2.796,9.424,0.313,0.007,-0.022,22
-13.050,-6.000,70.200,0.330,-2.610,9.507,0.320,0.006,-0.026,22
-13.050,-6.000,70.200,0.335,-2.478,9.510,0.319,0.005,-0.024,22
-13.050,-6.000,70.200,0.342,-2.310,9.493,0.298,0.008,-0.022,22
-11.700,-4.950,70.350,0.321,-2.081,9.438,0.266,0.004,-0.022,23
-11.700,-4.950,70.350,0.271,-1.872,9.498,0.214,0.002,-0.021,22
-13.350,-4.050,71.250,0.378,-1.765,9.428,0.120,0.004,-0.016,22
-13.350,-4.050,71.250,0.381,-1.642,9.345,0.051,0.012,-0.011,22
-13.200,-4.950,70.800,0.429,-1.650,9.412,-0.017,0.013,-0.001,22
-13.200,-4.950,70.800,0.318,-1.587,9.376,-0.092,0.014,-0.005,22
-12.300,-2.850,69.450,0.333,-1.961,9.529,-0.176,0.015,-0.008,23
-12.300,-2.850,69.450,0.292,-2.006,9.481,-0.219,0.023,-0.013,22
-12.300,-2.850,69.450,0.371,-1.961,9.498,-0.258,0.022,-0.013,22
-12.300,-2.850,69.450,0.278,-2.014,9.474,-0.307,0.016,-0.001,22
-12.300,-2.850,69.450,0.328,-2.107,9.464,-0.341,0.014,-0.002,22
-13.650,-4.950,70.350,0.354,-2.116,9.373,-0.389,0.009,0.005,22
-13.650,-4.950,70.350,0.266,-2.116,9.337,-0.439,0.017,0.013,23
-12.150,-6.600,70.050,0.213,-2.315,9.342,-0.511,0.013,0.011,22
-12.150,-6.600,70.050,0.297,-2.289,9.218,-0.561,0.012,0.007,22
-12.150,-5.850,70.050,0.381,-2.361,9.340,-0.606,0.023,0.010,22
-12.150,-5.850,70.050,0.318,-2.751,9.268,-0.665,0.019,0.012,22
-12.150,-5.850,70.050,0.362,-2.890,9.098,-0.705,0.033,0.022,22
-11.700,-6.150,71.100,0.314,-3.165,9.366,-0.723,0.014,0.021,23
-11.700,-6.150,71.100,0.560,-3.225,9.165,-0.753,0.023,0.020,22
-12.900,-9.750,70.050,0.338,-3.309,9.033,-0.779,0.016,0.026,22
-12.900,-9.750,70.050,0.227,-3.673,9.041,-0.796,0.029,0.024,22
-12.150,-10.950,70.050,0.263,-3.752,8.973,-0.803,0.021,0.019,22
-12.150,-10.950,70.050,0.163,-3.886,8.983,-0.829,0.007,0.009,22
-12.150,-10.950,70.050,0.194,-4.077,8.516,-0.843,0.014,0.028,23
-12.150,-10.950,70.050,0.156,-4.214,9.064,-0.814,0.008,0.035,22
-12.150,-10.950,70.050,0.239,-4.755,8.708,-0.805,0.007,0.039,22
-12.600,-13.500,69.000,0.352,-4.626,8.593,-0.790,0.019,0.023,22
-12.600,-13.500,69.000,0.326,-4.999,8.645,-0.756,0.012,0.012,22
-12.300,-12.600,68.700,0.364,-4.908,8.485,-0.761,0.026,0.011,22
-12.300,-12.600,68.700,0.299,-5.028,8.578,-0.739,0.026,0.005,23
-12.900,-16.350,66.600,0.364,-5.270,8.215,-0.707,0.017,0.005,22
-12.900,-16.350,66.600,0.225,-5.444,8.363,-0.722,0.026,0.014,22
-12.300,-16.200,66.000,0.256,-5.361,8.095,-0.690,0.015,0.014,22
-12.300,-16.200,66.000,0.273,-5.619,8.241,-0.684,0.015,0.009,22
-12.300,-16.200,66.000,0.251,-5.638,8.045,-0.682,0.023,0.003,22
-12.300,-16.200,66.000,0.256,-5.808,7.860,-0.674,0.026,0.006,23
-12.300,-16.200,66.000,0.170,-5.875,7.870,-0.673,0.013,0.003,22
-11.100,-18.150,64.950,0.249,-5.938,7.800,-0.673,0.020,0.006,22
-11.100,-18.150,64.950,0.254,-5.976,7.812,-0.679,0.023,0.013,22
-12.300,-19.650,65.400,0.249,-6.091,7.676,-0.687,0.019,0.015,22
-12.300,-19.650,65.400,0.225,-6.242,7.606,-0.695,0.016,0.017,22
-12.150,-21.000,64.350,0.299,-6.345,7.424,-0.704,0.019,0.008,22
-12.150,-21.000,64.350,0.223,-6.335,7.295,-0.723,0.021,0.007,23
-12.150,-21.000,64.350,0.268,-6.383,7.156,-0.761,0.029,0.011,22
-13.050,-21.300,64.650,0.062,-6.486,7.168,-0.784,0.018,0.011,22
-13.050,-21.300,64.650,0.065,-6.586,7.063,-0.809,0.022,0.008,22
-13.050,-21.300,64.650,0.170,-6.905,6.891,-0.823,0.012,0.015,22
-13.050,-21.300,64.650,0.156,-7.171,6.792,-0.820,0.016,0.027,22
-11.250,-22.950,62.100,0.213,-7.369,6.773,-0.812,0.016,0.027,23
-11.250,-22.950,62.100,0.213,-7.477,6.670,-0.796,0.017,0.016,22
-11.250,-22.950,62.100,0.287,-7.508,6.570,-0.797,0.023,0.010,22
-11.250,-22.950,62.100,0.225,-7.616,6.371,-0.788,0.023,0.005,22
-11.250,-22.950,62.100,0.093,-7.793,6.184,-0.783,0.024,0.007,22
-11.850,-28.650,60.450,0.093,-7.836,6.141,-0.774,0.018,0.011,22
NEW_MEASUREMENTS
-9.450,-21.000,67.350,0.124,-7.657,6.278,0.104,0.012,-0.013,22
-9.000,-21.450,68.550,0.196,-7.563,6.333,0.101,0.012,-0.013,24
-9.000,-21.450,68.550,0.290,-7.539,6.357,0.092,0.011,-0.018,22
-8.250,-20.250,68.100,0.256,-7.484,6.409,0.084,0.019,-0.028,22
-8.250,-20.250,68.100,0.287,-7.429,6.309,0.074,0.017,-0.041,22
-8.250,-20.250,68.100,0.283,-7.398,6.419,0.046,0.015,-0.047,22
-8.250,-20.250,68.100,0.271,-7.405,6.416,0.038,0.021,-0.056,23
-9.000,-21.000,67.800,0.244,-7.367,6.299,0.011,0.021,-0.067,22
-9.000,-21.000,67.800,0.290,-7.360,6.285,-0.010,0.021,-0.081,22
-9.000,-19.950,68.550,0.376,-7.281,6.536,-0.034,0.031,-0.089,22
-9.000,-19.950,68.550,0.383,-7.384,6.371,-0.047,0.022,-0.102,22
-9.000,-19.950,68.550,0.306,-7.369,6.464,-0.068,0.023,-0.093,22
-8.700,-22.200,67.800,0.309,-7.575,6.412,-0.061,0.027,-0.097,23
-8.700,-22.200,67.800,0.189,-7.652,6.613,-0.049,0.022,-0.100,22
-9.600,-20.400,68.700,0.153,-7.738,6.483,-0.035,0.019,-0.102,22
-9.600,-20.400,68.700,0.134,-7.642,6.230,-0.025,0.050,-0.069,22
-9.600,-20.400,68.700,-0.232,-7.772,6.919,0.020,-0.018,-0.024,22
-9.600,-20.400,68.700,0.057,-8.025,7.051,-0.013,0.030,0.007,22
-7.500,-20.700,68.100,0.362,-7.446,5.983,0.042,-0.010,0.013,23
-7.500,-20.700,68.100,0.103,-7.908,6.974,0.101,-0.013,-0.000,22
-7.500,-20.700,68.100,0.316,-7.585,6.258,0.095,0.011,-0.008,22
-7.500,-20.700,68.100,0.266,-7.798,6.838,0.144,-0.001,-0.015,22
-7.500,-20.700,68.100,0.309,-7.458,6.543,0.169,0.001,-0.004,22
-8.400,-20.850,69.450,0.220,-7.621,6.871,0.188,0.005,-0.001,22
-8.400,-20.850,69.450,0.393,-7.329,6.558,0.210,0.007,0.001,22
-9.750,-19.050,70.050,0.175,-7.415,6.902,0.227,0.002,0.005,23
-9.750,-19.050,70.050,0.278,-7.350,6.694,0.240,0.007,0.003,22
-8.400,-19.350,68.700,0.220,-7.240,6.881,0.236,0.013,0.006,22
-8.400,-19.350,68.700,0.208,-7.094,6.785,0.256,0.003,0.002,22
-8.400,-19.350,68.700,0.225,-7.154,6.993,0.248,0.005,0.000,22
-8.250,-19.050,70.800,0.273,-6.955,6.809,0.231,0.009,0.004,23
-8.250,-19.050,70.800,0.302,-6.979,7.175,0.248,0.012,0.001,22
-8.250,-19.050,70.800,0.371,-6.938,7.120,0.231,0.015,-0.001,22
-8.250,-19.050,70.800,0.292,-6.812,6.919,0.216,0.008,-0.001,22
-8.250,-17.100,70.050,0.294,-6.761,7.005,0.209,0.007,-0.003,22
-8.250,-17.100,70.050,0.371,-6.780,7.072,0.198,0.007,-0.002,22
-10.050,-16.500,70.950,0.397,-6.682,7.195,0.172,0.005,-0.004,23
-10.050,-16.500,70.950,0.254,-6.594,7.065,0.163,0.006,-0.009,22
-10.050,-16.500,70.950,0.294,-6.567,7.185,0.153,0.011,-0.008,22
-7.500,-17.100,69.600,0.194,-6.546,7.324,0.132,0.009,-0.012,22
-7.500,-17.100,69.600,0.239,-6.560,7.338,0.123,0.010,-0.017,22
-9.300,-16.950,70.200,0.350,-6.620,7.369,0.126,0.008,-0.022,22
-9.300,-16.950,70.200,0.345,-6.701,7.362,0.132,0.009,-0.025,23
-9.300,-16.950,70.200,0.321,-6.622,7.460,0.140,0.014,-0.017,22
-9.300,-16.950,70.200,0.251,-6.668,7.477,0.157,0.011,-0.019,22
-8.700,-15.600,70.800,0.321,-6.551,7.441,0.163,0.009,-0.021,22
-8.700,-15.600,70.800,0.280,-6.563,7.527,0.173,0.008,-0.023,22
-8.700,-15.600,70.800,0.151,-6.481,7.494,0.196,0.011,-0.018,22
-8.700,-15.600,70.800,0.235,-6.460,7.525,0.201,0.014,-0.015,23
-8.700,-15.600,70.800,0.218,-6.388,7.446,0.209,0.014,-0.013,22
-8.250,-15.150,70.350,0.201,-6.381,7.645,0.221,0.009,-0.016,22
-8.250,-15.150,70.350,0.297,-6.251,7.685,0.217,0.009,-0.006,22
-9.000,-14.850,69.600,0.326,-6.246,7.683,0.221,0.009,-0.010,22
-9.000,-14.850,69.600,0.189,-6.167,7.733,0.230,0.007,-0.013,22
-8.400,-15.000,71.250,0.421,-6.122,7.717,0.238,0.007,-0.018,23
-8.400,-15.000,71.250,0.338,-6.088,7.815,0.249,0.006,-0.016,22
-8.400,-15.000,71.250,0.290,-6.091,7.815,0.256,0.006,-0.025,22
-10.950,-12.900,72.600,0.251,-6.093,8.040,0.272,0.005,-0.035,22
-10.950,-12.900,72.600,0.232,-5.981,8.028,0.285,0.008,-0.032,22
-10.950,-12.900,72.600,0.290,-5.904,7.963,0.306,0.003,-0.039,22
-10.950,-12.900,72.600,0.237,-5.971,8.109,0.323,0.006,-0.027,22
-8.700,-10.500,71.850,0.385,-5.744,7.949,0.349,0.004,-0.037,23
-8.700,-10.500,71.850,0.383,-5.804,8.191,0.369,0.004,-0.040,22
-10.500,-11.250,74.100,0.259,-5.605,8.159,0.390,0.001,-0.046,22
-10.500,-11.250,74.100,0.378,-5.646,8.200,0.417,0.003,-0.048,22
-10.500,-11.250,74.100,0.500,-5.499,8.294,0.429,0.011,-0.043,22
-9.600,-9.150,72.450,0.378,-5.399,8.452,0.440,0.005,-0.038,22
-9.600,-9.150,72.450,0.290,-5.092,8.344,0.423,0.009,-0.026,23
-9.000,-9.750,74.400,0.314,-4.966,8.284,0.411,0.008,-0.017,22
-9.000,-9.750,74.400,0.285,-4.872,8.461,0.409,0.006,-0.004,22
-9.000,-9.750,74.400,0.340,-4.827,8.423,0.382,0.010,-0.001,22
-9.000,-9.750,74.400,0.271,-4.743,8.499,0.366,0.014,-0.005,22
-9.750,-6.900,73.350,0.373,-4.573,8.471,0.362,0.003,-0.018,22
-9.750,-6.900,73.350,0.579,-4.559,8.911,0.326,-0.001,-0.018,23
-9.750,-6.900,73.350,0.402,-4.338,8.480,0.322,-0.005,-0.028,22
-9.750,-6.900,73.350,0.230,-4.444,8.622,0.293,0.001,-0.022,22
-9.750,-6.900,73.350,0.311,-4.403,8.464,0.256,0.010,-0.020,22
-8.400,-5.250,73.200,0.254,-4.264,8.909,0.248,0.007,-0.021,22
-8.400,-5.250,73.200,0.230,-4.250,8.808,0.208,0.000,-0.026,22
-9.300,-6.750,73.500,0.170,-4.099,8.818,0.176,0.004,-0.016,23
-9.300,-6.750,73.500,0.304,-3.953,8.526,0.147,0.007,-0.013,22
-10.800,-4.500,73.500,0.433,-4.166,9.187,0.129,0.010,-0.016,22
-10.800,-4.500,73.500,0.393,-3.948,8.801,0.089,0.012,-0.009,22
-9.300,-5.250,73.950,0.443,-4.085,8.753,0.061,0.008,-0.008,22
-9.300,-5.250,73.950,0.302,-4.195,8.978,0.060,0.014,-0.009,22
-9.300,-5.250,73.950,0.407,-4.142,9.007,0.057,0.006,-0.002,23
-9.300,-5.250,73.950,0.450,-4.183,8.882,0.053,0.015,0.003,22
-9.300,-5.250,73.950,0.383,-4.290,9.069,0.078,0.012,0.003,22
-9.300,-5.250,73.200,0.242,-4.295,9.282,0.058,0.017,0.005,22
-9.300,-5.250,73.200,0.316,-4.034,8.703,0.077,0.000,-0.004,22
-8.400,-4.050,74.700,0.321,-4.386,9.251,0.129,0.001,-0.020,22
-8.400,-4.050,74.700,0.304,-4.101,8.844,0.126,0.017,-0.014,22
-10.050,-3.300,73.500,0.383,-4.207,9.297,0.175,0.011,-0.023,23
-10.050,-3.300,73.500,0.491,-4.020,8.880,0.224,-0.000,-0.032,22
-10.050,-3.300,73.500,0.692,-4.108,9.182,0.232,0.015,-0.045,22
-9.300,-4.500,75.450,0.271,-4.259,9.471,0.257,-0.006,-0.033,22
-9.300,-4.500,75.450,0.311,-3.694,8.736,0.294,0.010,-0.025,22
-9.300,-1.650,73.500,0.476,-3.725,8.969,0.348,0.007,-0.020,23
-9.300,-1.650,73.500,0.244,-3.651,9.304,0.359,0.022,-0.016,22
-8.850,-1.650,73.950,0.196,-3.426,9.270,0.364,0.004,-0.015,22
-8.850,-1.650,73.950,0.333,-3.297,9.057,0.365,0.001,-0.027,22
-8.850,-1.650,73.950,0.498,-3.251,9.347,0.348,0.010,-0.023,22
-8.850,-1.650,73.950,0.371,-2.885,9.108,0.306,0.013,-0.017,22
-8.850,-1.650,73.950,0.294,-2.761,8.940,0.254,0.011,-0.002,22
-10.050,-0.900,74.250,0.433,-2.622,9.304,0.206,0.005,0.002,23
-10.050,-0.900,74.250,0.436,-2.380,9.163,0.124,0.024,0.005,22
-8.850,0.450,73.950,0.201,-2.442,9.160,0.013,0.020,0.019,22
-8.850,0.450,73.950,0.412,-2.282,9.129,-0.050,0.018,0.010,22
-9.000,0.750,74.100,0.481,-2.535,9.424,-0.143,0.011,0.013,22
-9.000,0.750,74.100,0.488,-2.591,9.436,-0.211,0.023,0.016,22
-10.200,-1.050,75.150,0.453,-2.598,9.428,-0.258,0.028,0.017,23
-10.200,-1.050,75.150,0.297,-2.682,9.290,-0.305,0.018,0.015,22
-10.200,-1.050,75.150,0.426,-2.818,9.227,-0.343,0.025,0.009,22
-10.200,-1.050,75.150,0.409,-2.942,9.153,-0.392,0.009,0.008,22
-10.200,-1.050,75.150,0.424,-3.103,9.024,-0.424,0.014,0.007,22
-9.000,-0.750,74.850,0.448,-3.134,9.127,-0.456,0.013,-0.001,22
-9.000,-0.750,74.850,0.299,-3.184,9.151,-0.500,0.016,0.002,23
-8.250,-1.950,73.350,0.330,-3.287,8.933,-0.532,0.010,0.002,22
-8.250,-1.950,73.350,0.457,-3.448,9.141,-0.563,0.005,0.012,22
-8.400,-1.650,73.200,0.366,-3.450,8.866,-0.597,0.020,0.014,22
-8.400,-1.650,73.200,0.383,-3.699,8.997,-0.643,0.017,0.021,22
-8.400,-1.650,73.200,0.373,-3.723,8.899,-0.683,0.021,0.030,22
-9.300,-3.600,73.950,0.299,-3.754,8.775,-0.719,0.025,0.034,23
-9.300,-3.600,73.950,0.314,-4.183,8.516,-0.757,0.022,0.042,22
-9.300,-3.600,73.950,0.441,-4.240,9.084,-0.786,0.048,0.053,22
-9.300,-3.600,73.950,0.488,-4.240,8.648,-0.808,0.042,0.053,22
-7.650,-6.450,73.500,0.388,-4.578,8.631,-0.832,0.036,0.060,22
-7.650,-6.450,73.500,0.369,-4.800,8.262,-0.840,0.020,0.072,22
-7.650,-6.450,73.500,0.462,-5.385,8.624,-0.820,0.016,0.074,23
-7.650,-6.450,73.500,0.306,-5.622,8.322,-0.802,0.033,0.063,22
-7.650,-6.450,73.500,0.366,-5.452,8.552,-0.750,0.030,0.074,22
-8.400,-10.350,73.500,0.285,-5.552,8.523,-0.723,0.024,0.065,22
-8.400,-10.350,73.500,0.287,-5.794,8.183,-0.708,0.031,0.054,22
-7.950,-10.950,72.150,0.115,-5.679,8.049,-0.674,0.025,0.062,22
-7.950,-10.950,72.150,0.283,-5.971,7.989,-0.659,0.030,0.059,23
-8.250,-13.200,72.150,0.263,-6.024,7.920,-0.654,0.031,0.051,22
-8.250,-13.200,72.150,0.182,-5.997,7.855,-0.648,0.021,0.052,22
-8.700,-13.650,71.850,0.201,-6.017,7.731,-0.651,0.025,0.054,22
-8.700,-13.650,71.850,0.134,-6.273,7.604,-0.662,0.018,0.041,22
-8.700,-13.650,71.850,0.215,-6.175,7.444,-0.664,0.020,0.040,22
-8.700,-13.650,71.850,0.139,-6.376,7.549,-0.678,0.011,0.031,23
-8.700,-13.650,71.850,0.113,-6.479,7.295,-0.687,0.023,0.031,22
-8.100,-15.450,69.750,0.041,-6.531,7.345,-0.693,0.020,0.037,22
-8.100,-15.450,69.750,0.314,-6.814,7.166,-0.693,0.013,0.051,22
-7.950,-17.550,70.050,0.275,-6.998,7.185,-0.695,0.024,0.035,22
-7.950,-17.550,70.050,0.103,-7.022,6.922,-0.681,0.016,0.041,22
-9.000,-19.050,69.600,0.103,-7.228,7.068,-0.658,0.012,0.028,23
-9.000,-19.050,69.600,0.096,-7.202,6.814,-0.655,0.017,0.029,22
-8.700,-19.500,70.050,0.089,-7.250,6.752,-0.640,0.026,0.015,22
-8.700,-19.500,70.050,0.010,-7.448,6.728,-0.629,0.021,0.012,22
-8.700,-19.500,70.050,0.024,-7.463,6.507,-0.613,0.012,0.006,22
-8.700,-19.500,70.050,0.043,-7.551,6.467,-0.610,0.017,0.013,22
-8.700,-19.500,70.050,0.113,-7.578,6.395,-0.608,0.015,0.021,23
-7.950,-24.150,67.800,0.041,-7.652,6.237,-0.612,0.016,0.033,22
-7.950,-24.150,67.800,-0.002,-7.810,6.146,-0.606,0.011,0.037,22
-7.950,-24.150,67.800,0.081,-7.757,6.007,-0.600,0.014,0.033,22
-7.950,-24.150,67.800,0.053,-7.822,5.930,-0.611,0.019,0.034,22
-8.250,-24.150,67.050,-0.024,-7.970,6.033,-0.603,0.005,0.024,22
-8.250,-24.150,67.050,0.254,-8.006,5.945,-0.601,0.021,0.004,22
-8.250,-24.150,67.050,0.124,-8.301,5.737,-0.590,0.027,-0.006,23
-8.100,-24.750,65.400,0.208,-8.308,5.693,-0.581,0.025,-0.013,22
-8.100,-24.750,65.400,-0.089,-8.521,5.543,-0.549,0.019,-0.008,22
-7.950,-25.800,64.350,0.093,-8.622,5.499,-0.493,0.021,0.004,22
-7.950,-25.800,64.350,-0.036,-8.997,5.523,-0.428,0.012,0.001,22
-6.900,-27.150,63.900,0.113,-9.009,5.569,-0.351,0.012,-0.008,22
-6.900,-27.150,63.900,0.067,-9.151,5.516,-0.223,0.016,-0.015,22
-6.900,-27.150,63.900,0.060,-9.165,5.368,-0.133,0.017,-0.017,23
-6.900,-27.150,63.900,0.072,-9.153,5.442,-0.049,0.025,-0.016,22
-6.900,-27.150,63.900,-0.201,-8.990,5.538,0.011,0.030,-0.016,22
-6.900,-25.200,64.650,-0.139,-7.882,5.205,0.044,-0.007,-0.009,22
-6.900,-25.200,64.650,0.144,-8.459,5.322,0.052,0.023,-0.011,22
-7.200,-25.350,63.600,0.067,-8.712,5.138,0.052,0.002,-0.009,23
-7.200,-25.350,63.600,0.024,-8.569,5.344,0.066,0.031,-0.007,22
-7.650,-26.700,64.950,0.151,-8.574,5.174,0.104,-0.014,-0.022,22
-7.650,-26.700,64.950,0.158,-8.655,5.674,0.111,0.020,-0.015,22
-7.650,-24.750,64.950,0.285,-8.545,5.516,0.162,0.003,-0.017,22
-7.650,-24.750,64.950,0.122,-8.746,5.677,0.221,0.018,-0.031,22
-7.650,-24.750,64.950,-0.134,-8.710,5.631,0.271,0.010,-0.036,23
-7.650,-24.750,64.950,0.010,-8.667,5.765,0.320,0.010,-0.035,22
-7.650,-24.750,64.950,-0.043,-8.629,5.626,0.405,0.006,-0.023,22
-8.700,-24.150,67.050,-0.022,-8.478,5.921,0.449,0.002,-0.011,22
-8.700,-24.150,67.050,-0.127,-8.188,5.741,0.477,-0.005,0.008,22
-8.250,-23.850,66.600,-0.017,-8.203,5.959,0.508,-0.008,0.013,22
-8.250,-23.850,66.600,0.369,-7.846,6.120,0.523,-0.011,0.004,23
-7.650,-22.800,67.200,0.431,-7.748,6.120,0.519,0.006,-0.015,22
-7.650,-22.800,67.200,0.397,-7.906,6.316,0.526,0.004,-0.054,22
-7.650,-22.800,67.200,0.077,-7.688,6.163,0.529,0.019,-0.075,22
-8.850,-22.050,68.700,0.093,-7.532,6.510,0.532,0.021,-0.078,22
-8.850,-22.050,68.700,-0.043,-7.513,6.445,0.543,0.017,-0.073,22
-8.700,-19.950,67.800,-0.113,-7.460,6.646,0.565,0.011,-0.056,23
-8.700,-19.950,67.800,-0.093,-7.369,6.582,0.562,0.003,-0.035,22
-9.600,-19.650,67.500,-0.014,-7.247,6.843,0.564,0.000,-0.027,22
-9.600,-19.650,67.500,0.117,-6.917,6.606,0.533,0.010,-0.012,22
-9.600,-19.650,67.500,0.072,-6.718,6.888,0.496,-0.015,-0.004,22
-9.600,-19.650,67.500,0.311,-6.838,6.934,0.467,-0.001,0.006,22
-10.050,-19.650,67.500,0.017,-6.665,7.132,0.447,0.004,-0.003,23
-10.050,-17.700,68.700,0.218,-6.567,7.096,0.424,0.002,-0.000,22
-10.050,-17.700,68.700,0.172,-6.812,7.151,0.422,-0.000,-0.011,22
-7.950,-15.900,69.600,0.242,-6.472,7.357,0.426,-0.001,-0.021,22
-7.950,-15.900,69.600,0.055,-6.706,7.400,0.432,0.009,-0.033,22
-10.050,-16.500,70.950,0.153,-6.608,7.491,0.452,0.009,-0.037,22
-10.050,-16.500,70.950,0.089,-6.462,7.558,0.469,0.005,-0.033,22
-9.450,-13.950,70.350,0.175,-6.421,7.642,0.485,0.002,-0.027,23
-9.450,-13.950,70.350,0.184,-6.404,7.740,0.516,0.004,-0.027,22
-9.450,-13.950,70.350,0.254,-6.112,7.645,0.541,0.007,-0.023,22
-9.450,-13.950,70.350,0.031,-6.141,8.009,0.558,0.007,-0.033,22
-9.450,-13.950,70.350,0.158,-5.981,7.906,0.566,0.005,-0.028,22
-9.300,-13.050,72.750,0.283,-5.971,8.104,0.606,0.005,-0.033,22
-9.300,-13.050,72.750,0.069,-5.799,8.210,0.617,0.005,-0.028,23
-10.500,-11.250,72.900,0.256,-5.567,8.250,0.637,0.004,-0.025,22
-10.500,-11.250,72.900,0.184,-5.332,8.147,0.640,0.005,-0.019,22
-6.750,-9.300,72.600,0.072,-5.368,8.301,0.650,0.002,-0.026,22
-6.750,-9.300,72.600,0.158,-5.217,8.294,0.647,0.003,-0.034,22
-8.700,-7.800,72.600,0.129,-4.884,8.296,0.631,-0.002,-0.039,22
-8.700,-7.800,72.600,0.218,-4.729,8.423,0.592,-0.000,-0.045,23
-8.700,-7.800,72.600,0.342,-4.602,8.485,0.565,0.008,-0.043,22
-9.750,-6.900,74.100,0.163,-4.398,8.571,0.551,0.006,-0.044,22
-9.750,-6.900,74.100,0.129,-4.302,8.674,0.509,0.003,-0.039,22
-8.850,-5.250,73.950,0.184,-4.345,8.784,0.489,0.006,-0.035,22
-8.850,-5.250,73.950,0.134,-4.178,8.835,0.482,0.005,-0.035,22
-8.850,-5.250,73.950,0.113,-4.254,8.947,0.471,0.004,-0.029,23
-8.850,-5.250,73.950,0.268,-4.171,8.906,0.484,0.008,-0.023,22
-8.700,-3.900,72.600,0.132,-4.075,8.990,0.495,0.010,-0.018,22
-8.700,-3.900,72.600,0.069,-4.020,9.007,0.519,0.003,-0.012,22
-8.700,-3.900,72.600,0.318,-3.757,9.199,0.531,0.014,-0.016,22
-8.700,-2.700,73.650,0.268,-3.654,9.179,0.531,0.001,-0.024,22
-8.700,-2.700,73.650,0.251,-3.555,9.196,0.541,0.005,-0.034,23
-8.850,-1.650,73.950,0.261,-3.539,9.395,0.543,0.005,-0.053,22
-8.850,-1.650,73.950,0.321,-3.191,9.151,0.537,0.002,-0.055,22
-8.100,-0.900,75.000,0.158,-3.065,9.242,0.541,-0.003,-0.050,22
-8.100,-0.900,75.000,0.158,-2.830,9.244,0.527,-0.008,-0.052,22
-8.100,-0.900,75.000,-0.110,-2.753,9.531,0.519,-0.009,-0.038,22
-8.100,-0.900,75.000,0.364,-2.588,9.103,0.485,0.009,-0.017,23
-8.100,-0.900,75.000,0.256,-2.758,9.474,0.474,0.018,-0.017,22
-9.000,3.450,74.850,0.163,-2.188,9.380,0.446,0.005,-0.014,22
-9.000,3.450,74.850,0.383,-2.021,9.278,0.375,0.017,-0.009,22
-9.450,3.450,74.100,0.297,-1.963,9.517,0.324,0.019,-0.008,22
-9.450,3.450,74.100,0.350,-1.499,9.266,0.245,0.018,-0.007,22
-9.750,2.700,75.600,0.235,-1.767,9.553,0.151,0.011,-0.021,23
-9.750,2.700,75.600,0.196,-1.417,9.481,0.060,0.011,-0.026,22
-9.600,3.300,74.250,0.120,-1.240,9.337,-0.044,0.017,-0.024,22
-9.600,3.300,74.250,0.237,-1.482,9.445,-0.115,0.006,-0.021,22
-9.600,3.300,74.250,0.373,-1.664,9.409,-0.236,0.030,0.001,22
-10.050,3.600,74.250,0.201,-1.654,9.455,-0.311,0.029,0.002,22
-10.050,3.600,74.250,0.220,-1.767,9.170,-0.356,0.014,0.007,22
-8.400,3.600,73.500,0.357,-2.018,9.639,-0.442,0.015,0.017,23
-8.400,3.600,73.500,0.309,-1.911,9.194,-0.513,0.034,0.036,22
-8.400,3.600,73.500,0.251,-2.145,9.388,-0.553,0.029,0.035,22
-8.400,3.600,73.500,0.196,-2.184,9.316,-0.616,0.029,0.038,22
-8.850,0.900,74.250,0.237,-2.521,9.213,-0.685,0.019,0.019,22
-8.850,0.900,74.250,0.347,-2.851,9.165,-0.722,0.004,0.026,23
-8.850,0.900,74.250,0.455,-2.789,9.445,-0.745,0.014,0.023,22
-10.050,-1.350,75.450,0.005,-3.134,9.280,-0.762,0.016,0.014,22
-10.050,-1.350,75.450,0.110,-3.227,9.201,-0.783,0.022,0.007,22
-9.600,-2.100,74.250,0.158,-3.510,8.899,-0.771,0.019,0.008,22
-9.600,-2.100,74.250,0.290,-3.824,9.201,-0.779,0.017,0.015,22
-9.600,-4.050,72.450,0.199,-3.814,9.057,-0.783,0.027,0.019,22
-9.600,-4.050,72.450,0.086,-3.977,8.899,-0.772,0.017,0.016,23
-9.600,-4.050,72.450,0.350,-4.140,8.411,-0.784,0.014,0.014,22
-9.600,-4.050,72.450,-0.034,-4.774,8.813,-0.723,0.017,0.024,22
-9.600,-4.050,72.450,0.172,-4.731,8.856,-0.700,0.023,0.016,22
-9.750,-4.950,73.350,0.187,-4.628,8.815,-0.677,0.026,0.023,22
-9.750,-4.950,73.350,0.177,-4.922,8.842,-0.632,0.022,0.019,22
-8.400,-7.950,73.500,0.194,-4.901,8.689,-0.600,0.022,0.017,23
-8.400,-7.950,73.500,0.062,-5.116,8.629,-0.583,0.013,0.003,22
-8.250,-8.550,72.600,0.290,-5.152,8.626,-0.557,0.013,-0.008,22
-8.250,-8.550,72.600,0.165,-5.116,8.509,-0.527,0.018,-0.006,22
-7.950,-9.300,73.350,0.041,-5.279,8.454,-0.524,0.018,0.006,22
-7.950,-9.300,73.350,0.170,-5.258,8.389,-0.515,0.016,0.009,22
-7.950,-9.300,73.350,0.168,-5.382,8.217,-0.497,0.018,0.005,23
-7.950,-9.300,73.350,0.244,-5.550,8.351,-0.489,0.021,0.009,22
-7.950,-9.300,73.350,0.170,-5.449,8.152,-0.487,0.012,0.011,22
-9.300,-12.300,71.700,0.038,-5.602,8.217,-0.474,0.016,0.010,22
-9.300,-12.300,71.700,0.120,-5.626,8.056,-0.479,0.015,0.009,22
-8.400,-11.400,71.700,0.132,-5.725,7.987,-0.491,0.020,0.007,22
-8.400,-11.400,71.700,0.124,-5.717,7.906,-0.485,0.017,0.005,23
-8.100,-13.500,72.450,0.101,-5.753,7.927,-0.507,0.013,0.003,22
-8.100,-13.500,72.450,0.180,-5.713,7.796,-0.534,0.019,0.002,22
-9.450,-14.850,71.100,0.194,-5.890,7.915,-0.545,0.019,0.002,22
-9.450,-14.850,71.100,0.093,-5.990,7.630,-0.571,0.021,0.010,22
-9.450,-14.850,71.100,0.110,-6.086,7.628,-0.610,0.020,0.004,22
-9.450,-14.850,71.100,0.091,-6.100,7.518,-0.615,0.016,0.002,23
-9.450,-14.850,71.100,0.065,-6.223,7.551,-0.650,0.019,0.014,22
-9.000,-16.800,71.100,0.062,-6.270,7.326,-0.682,0.015,0.024,22
-9.000,-16.800,71.100,0.156,-6.483,7.116,-0.694,0.011,0.024,22
-9.000,-16.800,71.100,0.177,-6.759,7.281,-0.708,0.018,0.027,22
-9.000,-16.800,71.100,0.237,-6.869,7.075,-0.709,0.020,0.026,22
-9.300,-19.650,70.500,0.113,-6.919,6.986,-0.710,0.017,0.017,23
-9.300,-19.650,70.500,0.108,-7.053,7.008,-0.709,0.012,0.013,22
-9.300,-19.650,70.500,0.132,-7.219,6.831,-0.716,0.018,0.013,22
-8.400,-20.100,69.000,0.065,-7.247,6.646,-0.719,0.021,0.018,22
-8.400,-20.100,69.000,-0.026,-7.391,6.622,-0.715,0.019,0.013,22
-8.250,-22.200,67.800,0.012,-7.482,6.524,-0.713,0.014,0.017,22
-8.250,-22.200,67.800,0.065,-7.563,6.472,-0.710,0.013,0.013,23
-8.250,-21.450,68.100,0.084,-7.774,6.225,-0.693,0.015,0.019,22
-8.250,-21.450,68.100,0.113,-7.860,6.120,-0.688,0.017,0.019,22
-8.250,-21.450,68.100,0.050,-7.805,6.088,-0.679,0.018,0.013,22
-8.250,-21.450,68.100,0.086,-7.882,5.976,-0.679,0.014,0.020,22
-8.250,-21.450,68.100,0.065,-7.937,5.830,-0.686,0.022,0.016,22
-8.100,-24.000,66.450,0.086,-8.121,5.748,-0.689,0.031,0.008,22
-8.100,-24.000,66.450,-0.048,-8.207,5.538,-0.689,0.028,0.009,23
-7.500,-24.600,64.350,-0.043,-8.308,5.586,-0.684,0.021,0.005,22
-7.500,-24.600,64.350,-0.093,-8.418,5.485,-0.678,0.017,0.004,22
-8.100,-25.950,64.650,-0.050,-8.554,5.425,-0.655,0.014,0.021,22
-8.100,-25.950,64.650,-0.124,-8.729,5.243,-0.598,0.003,0.019,22
-8.400,-26.700,63.900,0.007,-9.009,5.174,-0.549,0.005,0.022,22
-8.400,-26.700,63.900,0.113,-9.143,5.126,-0.477,0.007,0.013,23
-8.400,-26.700,63.900,0.060,-9.311,5.155,-0.410,0.023,0.004,22
-8.400,-26.700,63.900,-0.084,-9.388,5.145,-0.280,0.015,0.003,22
-8.400,-26.700,63.900,0.036,-9.371,5.009,-0.197,0.012,-0.001,22
-6.750,-28.500,62.100,0.117,-9.282,4.997,-0.110,0.011,0.001,22
-6.750,-28.500,62.100,0.002,-9.299,5.040,-0.005,0.019,-0.018,22
-9.000,-28.050,63.300,0.060,-9.024,4.764,0.026,0.028,-0.019,23
-9.000,-28.050,63.300,0.045,-8.806,5.033,0.056,0.012,-0.032,22
-7.950,-28.950,62.850,0.096,-8.327,4.958,0.067,0.000,-0.031,22
-7.950,-28.950,62.850,-0.180,-9.091,4.752,0.112,-0.001,-0.037,22
-7.950,-28.950,62.850,0.299,-8.667,5.466,0.151,0.040,-0.044,22
-7.950,-27.000,62.850,-0.297,-9.167,4.887,0.202,0.026,-0.037,22
-7.950,-27.000,62.850,-0.010,-9.337,5.174,0.305,0.013,-0.015,23
-7.950,-27.000,62.850,-0.309,-8.950,5.356,0.347,0.013,-0.002,22
-7.950,-27.000,62.850,0.177,-8.890,5.195,0.404,-0.010,0.001,22
-7.950,-25.800,64.350,0.129,-8.698,5.392,0.442,0.004,-0.004,22
-7.950,-25.800,64.350,0.041,-8.499,5.550,0.481,-0.012,-0.011,22
-7.950,-25.800,64.350,0.110,-8.528,5.411,0.498,0.010,-0.025,22
-7.950,-25.800,64.350,0.048,-8.274,5.567,0.536,0.005,-0.036,23
-7.950,-25.800,64.350,0.156,-8.523,5.806,0.586,0.013,-0.040,22
-8.100,-25.200,64.950,0.050,-8.399,5.727,0.615,0.014,-0.039,22
-8.100,-25.200,64.950,0.098,-8.303,5.971,0.658,0.004,-0.046,22
-7.500,-22.950,67.800,0.160,-8.174,5.962,0.671,0.013,-0.041,22
-7.500,-22.950,67.800,-0.026,-8.052,6.017,0.716,0.007,-0.033,22
-8.400,-22.500,67.500,0.048,-7.721,6.127,0.742,0.001,-0.035,23
-8.400,-22.500,67.500,0.098,-7.614,6.452,0.735,-0.002,-0.036,22
-8.100,-21.600,68.250,0.086,-6.891,6.201,0.677,0.005,-0.038,22
-8.100,-21.600,68.250,0.129,-6.919,6.728,0.658,0.005,-0.039,22
-8.100,-21.600,68.250,0.124,-7.075,6.436,0.617,0.012,-0.043,22
-8.100,-21.600,68.250,-0.017,-6.831,6.776,0.583,0.003,-0.045,22
-8.100,-21.600,68.250,0.057,-6.984,6.929,0.575,0.005,-0.041,23
-8.400,-18.150,70.200,0.144,-6.986,7.022,0.558,0.006,-0.036,22
-8.400,-18.150,70.200,0.062,-6.543,7.044,0.553,0.006,-0.029,22
-7.500,-17.100,71.100,-0.007,-6.718,7.166,0.546,0.001,-0.018,22
-7.500,-17.100,71.100,0.170,-6.546,7.288,0.543,0.001,-0.010,22
-8.850,-17.400,70.950,0.036,-6.536,7.427,0.543,-0.002,-0.010,22
-8.850,-17.400,70.950,0.227,-6.594,7.484,0.551,0.003,-0.011,22
-8.700,-15.600,71.550,0.139,-6.491,7.573,0.564,0.005,-0.013,23
-8.700,-15.600,71.550,0.010,-6.421,7.661,0.586,0.005,-0.025,22
-8.700,-15.600,71.550,0.271,-6.388,7.796,0.621,0.005,-0.040,22
-8.700,-15.600,71.550,0.297,-6.278,7.906,0.669,0.007,-0.049,22
-8.700,-15.600,71.550,0.077,-6.254,7.903,0.707,0.008,-0.056,22
-8.700,-12.000,73.650,0.124,-6.112,7.989,0.735,0.002,-0.055,23
-8.700,-12.000,73.650,0.127,-5.813,8.013,0.766,0.005,-0.044,22
-7.950,-10.050,72.600,0.072,-5.399,8.083,0.764,0.006,-0.041,22
-7.950,-10.050,72.600,0.220,-5.387,8.396,0.778,0.002,-0.040,22
-9.600,-10.350,73.950,0.153,-5.219,8.162,0.785,0.012,-0.043,22
-9.600,-10.350,73.950,0.024,-5.181,8.571,0.808,-0.008,-0.038,22
-9.600,-10.350,73.950,0.148,-4.863,8.471,0.816,-0.003,-0.037,22
-10.200,-8.550,73.650,0.261,-4.614,8.523,0.820,0.002,-0.034,23
-10.200,-8.550,73.650,0.199,-4.604,8.622,0.835,0.008,-0.021,22
-10.200,-8.550,73.650,0.192,-4.396,8.806,0.841,0.008,-0.024,22
-10.200,-8.550,73.650,0.110,-4.156,8.724,0.847,0.003,-0.030,22
-8.250,-4.950,74.100,0.314,-3.998,8.933,0.842,0.007,-0.031,22
-8.250,-4.950,74.100,0.101,-3.699,9.048,0.829,0.007,-0.031,22
-8.250,-4.950,74.100,-0.096,-3.443,8.842,0.800,0.004,-0.027,23
-8.250,-4.950,74.100,0.369,-2.931,8.842,0.804,-0.016,-0.038,22
-8.250,-4.950,74.100,-0.005,-3.144,9.400,0.761,-0.023,-0.044,22
-8.400,-0.450,75.750,0.247,-2.545,8.662,0.636,0.022,-0.039,22
-8.400,-0.450,75.750,0.330,-2.121,8.729,0.687,-0.029,-0.055,22
-9.750,-0.300,72.900,0.249,-3.002,9.917,0.589,0.005,-0.046,22
-9.750,-0.300,72.900,0.321,-2.025,8.871,0.539,0.013,-0.028,23
-8.250,0.750,73.650,0.201,-2.363,9.421,0.548,0.003,-0.024,22
-8.250,0.750,73.650,-0.084,-2.279,9.409,0.502,0.005,-0.014,22
-8.400,3.300,73.950,0.381,-2.021,9.855,0.427,0.015,0.005,22
-8.400,3.300,73.950,0.266,-1.511,8.938,0.402,0.021,0.008,22
-8.400,3.300,73.950,0.148,-1.891,9.881,0.369,0.015,-0.005,22
-8.400,3.300,73.950,0.077,-1.362,9.218,0.296,0.013,-0.011,23
-8.400,3.300,73.950,0.567,-1.812,9.579,0.237,-0.017,-0.044,22
-10.350,6.000,73.200,0.120,-1.106,9.222,0.195,0.007,-0.035,22
-10.350,6.000,73.200,0.170,-1.267,9.670,0.118,0.017,-0.023,22
-9.600,4.800,72.450,0.093,-1.087,9.404,0.002,0.012,-0.001,22
-9.600,4.800,72.450,0.168,-1.161,9.584,-0.060,0.009,0.007,22
-9.450,4.950,72.600,0.299,-1.317,9.450,-0.124,0.015,0.008,23
-9.450,4.950,72.600,0.249,-1.578,9.716,-0.170,0.026,0.012,22
-9.450,4.950,72.600,0.124,-1.520,9.486,-0.205,0.017,0.007,22
-7.650,4.050,73.950,0.271,-1.640,9.653,-0.245,0.009,-0.005,22
-7.650,4.050,73.950,0.388,-1.614,9.527,-0.280,0.006,-0.011,22
-7.650,4.050,73.950,0.249,-1.702,9.668,-0.320,0.015,-0.012,22
-7.650,4.050,73.950,0.060,-1.863,9.507,-0.347,0.020,-0.004,23
-9.450,3.900,74.100,0.038,-1.911,9.483,-0.363,0.013,0.001,22
-9.450,3.900,74.100,0.280,-2.033,9.536,-0.382,0.013,0.005,22
-9.000,3.000,74.400,0.393,-2.059,9.483,-0.418,0.026,0.020,22
-9.000,3.000,74.400,0.215,-2.219,9.618,-0.421,0.020,0.018,22
-9.000,3.000,74.400,0.263,-2.310,9.424,-0.442,0.007,0.007,22
-8.850,2.100,73.200,0.259,-2.397,9.558,-0.466,0.013,-0.004,22
-8.850,2.100,73.200,0.206,-2.595,9.345,-0.470,-0.004,0.001,23
-8.700,2.250,75.150,0.309,-2.567,9.625,-0.466,0.016,0.002,22
-8.700,2.250,75.150,0.060,-2.535,9.282,-0.489,0.010,0.013,22
-8.700,2.250,75.150,0.249,-2.720,9.313,-0.505,0.013,0.016,22
-8.700,2.250,75.150,0.268,-2.705,9.249,-0.531,0.026,0.017,22
-8.850,0.150,73.500,0.283,-2.863,9.376,-0.559,0.019,0.011,22
-8.850,0.150,73.500,0.338,-2.816,9.120,-0.601,0.019,-0.004,23
-8.850,0.150,73.500,0.206,-2.969,9.290,-0.628,0.013,-0.002,22
-8.850,0.150,73.500,0.124,-3.105,9.009,-0.653,0.015,-0.008,22
-8.850,0.150,73.500,0.091,-3.314,9.081,-0.688,0.017,0.001,22
-10.050,-2.850,74.700,0.136,-3.407,9.048,-0.725,0.021,0.021,22
-10.050,-2.850,74.700,0.034,-3.704,9.170,-0.737,0.041,0.034,22
-8.400,-4.050,75.000,-0.024,-4.214,9.440,-0.723,0.019,0.036,23
-8.400,-4.050,75.000,0.043,-4.192,9.064,-0.703,0.008,0.030,22
-9.600,-5.550,74.700,0.187,-4.202,8.856,-0.688,0.019,0.028,22
-9.600,-5.550,74.700,0.330,-4.489,9.052,-0.674,0.025,0.014,22
-9.600,-5.550,74.700,0.261,-4.587,8.952,-0.660,0.020,0.005,22
-8.400,-6.750,73.950,0.172,-4.609,8.712,-0.629,0.015,-0.006,22
-8.400,-6.750,73.950,0.263,-4.872,8.554,-0.593,0.006,-0.009,23
-8.400,-6.750,73.950,0.074,-4.942,8.756,-0.573,0.020,-0.007,22
-8.400,-6.750,73.950,0.141,-5.052,8.538,-0.540,0.018,0.010,22
-8.250,-7.800,72.150,0.153,-5.203,8.576,-0.517,0.018,0.002,22
-8.250,-7.800,72.150,0.038,-5.076,8.461,-0.493,0.012,0.011,22
-9.600,-10.350,73.200,0.115,-5.341,8.507,-0.479,0.019,0.009,22
-9.600,-10.350,73.200,0.177,-5.258,8.253,-0.456,0.012,0.008,23
-10.200,-10.500,73.350,0.196,-5.389,8.456,-0.452,0.024,0.008,22
-10.200,-10.500,73.350,0.184,-5.401,8.310,-0.449,0.019,0.000,22
-10.200,-10.500,73.350,0.199,-5.449,8.289,-0.444,0.018,0.005,22
-8.700,-11.250,71.850,0.163,-5.394,8.174,-0.441,0.013,0.000,22
-8.700,-11.250,71.850,0.101,-5.535,8.169,-0.457,0.018,-0.002,22
-8.700,-11.250,71.850,0.045,-5.478,8.083,-0.466,0.013,0.002,22
-8.700,-11.250,71.850,0.132,-5.713,8.066,-0.467,0.014,0.010,23
-8.400,-11.400,72.000,0.139,-5.693,7.913,-0.480,0.016,0.015,22
-8.400,-11.400,72.000,0.105,-5.746,7.992,-0.487,0.018,0.013,22
-8.700,-13.650,72.150,0.153,-5.902,7.858,-0.503,0.018,0.017,22
-8.700,-13.650,72.150,0.215,-5.909,7.776,-0.525,0.013,0.007,22
-8.700,-13.650,72.150,0.146,-5.964,7.661,-0.533,0.015,0.013,23
-8.400,-13.800,71.250,0.201,-6.065,7.745,-0.558,0.017,0.007,22
-8.400,-13.800,71.250,0.101,-6.033,7.544,-0.587,0.017,0.013,22
-8.700,-15.600,73.350,0.141,-6.021,7.355,-0.614,0.017,0.010,22
-8.700,-15.600,73.350,0.093,-6.235,7.396,-0.653,0.022,0.010,22
-8.700,-15.600,73.350,0.079,-6.177,7.262,-0.712,0.022,0.005,22
-8.700,-15.600,73.350,0.089,-6.414,7.216,-0.732,0.019,0.002,23
-8.250,-18.000,70.350,0.060,-6.656,7.044,-0.757,0.020,0.002,22
-8.250,-18.000,70.350,0.045,-6.814,6.891,-0.790,0.021,0.008,22
-8.250,-18.000,70.350,0.141,-7.005,6.886,-0.802,0.016,0.017,22
-8.250,-18.000,70.350,0.060,-7.029,6.783,-0.807,0.021,0.025,22
-8.250,-18.000,70.350,0.017,-7.156,6.685,-0.822,0.017,0.028,22
-9.000,-19.050,68.550,0.105,-7.235,6.500,-0.840,0.018,0.021,22
-9.000,-19.050,68.550,0.110,-7.286,6.361,-0.859,0.013,0.026,23
-7.950,-21.450,67.800,0.077,-7.487,6.268,-0.880,0.019,0.019,22
-7.950,-21.450,67.800,0.029,-7.640,6.069,-0.912,0.020,0.017,22
-7.650,-24.450,67.500,0.098,-7.748,5.976,-0.921,0.030,0.014,22
-7.650,-24.450,67.500,0.043,-7.927,5.725,-0.922,0.027,0.011,22
-7.650,-24.450,67.500,-0.017,-8.131,5.626,-0.905,0.034,0.006,22
-7.950,-24.150,65.550,-0.012,-8.452,5.636,-0.890,0.019,0.008,23
-7.950,-24.150,65.550,-0.026,-8.399,5.351,-0.878,0.019,0.018,22
-7.950,-24.150,65.550,0.031,-8.590,5.375,-0.845,0.014,0.030,22
-7.950,-24.150,65.550,0.060,-8.655,5.112,-0.812,0.014,0.023,22
-8.100,-28.650,61.950,0.141,-8.684,4.911,-0.796,0.018,0.015,22
-8.100,-28.650,61.950,0.122,-8.890,4.839,-0.789,0.025,0.010,22
-6.150,-25.200,62.700,-0.103,-8.904,4.635,-0.763,0.023,0.003,23
-6.150,-25.200,62.700,-0.034,-8.969,4.657,-0.737,0.025,-0.000,22
-6.150,-25.200,62.700,-0.050,-9.036,4.518,-0.716,0.018,0.006,22
-8.250,-29.700,60.600,-0.048,-9.249,4.319,-0.685,0.026,0.006,22
-8.250,-29.700,60.600,-0.024,-9.313,4.288,-0.628,0.017,0.012,22
-5.400,-29.550,59.400,-0.010,-9.424,4.061,-0.590,0.012,0.013,22
-5.400,-29.550,59.400,-0.034,-9.378,4.128,-0.542,0.014,0.011,22
-5.400,-29.550,59.400,0.012,-9.503,3.893,-0.499,0.016,0.018,23
-5.400,-29.550,59.400,-0.017,-9.560,3.850,-0.435,0.016,0.003,22
-7.500,-31.950,57.750,-0.019,-9.529,3.804,-0.400,0.016,-0.001,22
-7.500,-31.950,57.750,-0.055,-9.543,3.723,-0.361,0.020,-0.003,22
-7.500,-31.950,57.750,-0.079,-9.491,3.646,-0.312,0.024,-0.016,22
-7.350,-32.550,58.200,-0.029,-9.459,3.692,-0.290,0.017,-0.013,22
-7.350,-32.550,58.200,-0.074,-9.488,3.553,-0.269,0.021,-0.006,23
-8.100,-32.550,57.900,-0.050,-9.467,3.503,-0.245,0.017,-0.008,22
-8.100,-32.550,57.900,-0.079,-9.471,3.484,-0.220,0.011,-0.005,22
-7.350,-34.500,57.900,-0.034,-9.467,3.479,-0.209,0.010,-0.006,22
-7.350,-34.500,57.900,-0.014,-9.500,3.385,-0.191,0.012,-0.005,22
-7.650,-33.450,57.450,-0.048,-9.507,3.467,-0.163,0.017,-0.010,22
-7.650,-33.450,57.450,-0.019,-9.498,3.357,-0.148,0.013,-0.011,23
-7.650,-33.450,57.450,-0.086,-9.534,3.314,-0.131,0.013,-0.013,22
-6.750,-32.400,56.250,-0.055,-9.500,3.359,-0.111,0.011,-0.006,22
-6.750,-32.400,56.250,-0.084,-9.634,3.335,-0.065,0.007,-0.011,22
-6.750,-32.400,56.250,0.000,-9.627,3.302,-0.035,0.015,-0.014,22
-6.750,-32.400,56.250,-0.012,-9.474,3.196,-0.018,0.014,-0.014,22
-8.250,-31.950,56.550,0.026,-9.366,3.352,-0.009,0.026,-0.013,22
-8.250,-31.950,56.550,-0.019,-9.275,3.268,-0.020,0.020,-0.014,23
-7.500,-32.850,56.550,-0.022,-9.318,3.270,-0.027,0.018,-0.012,22
-7.500,-32.850,56.550,-0.041,-9.476,3.306,-0.021,0.013,-0.015,22
-7.500,-32.850,56.550,-0.029,-9.436,3.515,0.000,0.014,-0.011,22
-7.350,-32.550,56.700,-0.160,-9.577,3.510,0.026,0.011,-0.006,22
-7.350,-32.550,56.700,-0.077,-9.424,3.390,0.039,-0.003,-0.004,22
-8.700,-32.850,58.050,0.096,-9.330,3.433,0.054,-0.000,-0.005,23
-8.700,-32.850,58.050,0.034,-9.352,3.464,0.058,0.001,-0.011,22
-8.700,-32.850,58.050,0.069,-9.495,3.460,0.071,0.021,-0.015,22
-8.700,-32.850,58.050,-0.010,-9.558,3.357,0.096,0.018,-0.023,22
-8.250,-31.650,57.300,-0.141,-9.603,3.491,0.128,0.018,-0.026,22
-8.250,-31.650,57.300,-0.057,-9.467,3.515,0.145,0.015,-0.024,23
-8.100,-31.500,58.200,-0.158,-9.318,3.603,0.161,0.019,-0.017,22
-8.100,-31.500,58.200,-0.053,-9.347,3.625,0.182,0.011,-0.017,22
-8.100,-31.500,58.200,-0.108,-9.407,3.718,0.192,0.011,-0.017,22
-7.350,-31.500,58.950,0.043,-9.254,3.704,0.194,0.007,-0.016,22
-7.350,-31.500,58.950,0.065,-9.244,3.797,0.201,0.013,-0.021,22
-8.400,-31.050,59.700,-0.072,-9.304,3.867,0.215,0.010,-0.024,23
-8.400,-31.050,59.700,-0.026,-9.225,3.910,0.221,0.008,-0.020,22
-8.400,-31.050,59.700,0.045,-9.127,3.857,0.229,0.012,-0.027,22
-8.400,-31.050,59.700,0.062,-9.184,3.943,0.239,0.015,-0.024,22
-5.850,-31.050,60.900,0.014,-9.081,3.948,0.232,0.015,-0.026,22
-5.850,-31.050,60.900,-0.067,-9.057,4.080,0.236,0.007,-0.019,22
-5.850,-31.050,60.900,0.036,-9.048,4.199,0.249,0.002,-0.018,23
-7.500,-30.450,61.050,-0.010,-9.033,4.207,0.247,0.002,-0.008,22
-7.500,-30.450,61.050,-0.067,-9.153,4.266,0.256,0.001,-0.008,22
-8.250,-29.250,61.350,-0.062,-9.122,4.434,0.277,-0.009,-0.005,22
-8.250,-29.250,61.350,0.055,-9.057,4.456,0.308,-0.005,-0.003,22
-7.200,-29.700,62.100,0.115,-8.985,4.477,0.325,0.003,-0.014,22
-7.200,-29.700,62.100,0.060,-8.921,4.587,0.335,0.004,-0.017,23
-7.950,-27.750,62.100,0.103,-8.897,4.657,0.358,0.013,-0.033,22
-7.950,-27.750,62.100,0.060,-8.827,4.635,0.365,0.017,-0.044,22
-7.950,-27.750,62.100,0.067,-8.751,4.709,0.366,0.016,-0.046,22
-8.250,-28.500,63.300,-0.017,-8.576,4.875,0.369,0.026,-0.044,22
-8.250,-28.500,63.300,-0.045,-8.605,4.927,0.359,0.013,-0.038,22
-8.250,-28.500,63.300,-0.055,-8.583,4.978,0.341,0.014,-0.038,22
-8.250,-28.500,63.300,0.014,-8.179,4.903,0.312,0.016,-0.041,23
-8.400,-27.150,63.900,0.041,-8.262,5.131,0.274,0.019,-0.041,22
-8.400,-27.150,63.900,0.048,-8.380,5.234,0.244,0.017,-0.038,22
-8.100,-26.700,63.450,0.017,-8.150,5.200,0.232,0.011,-0.031,22
-8.100,-26.700,63.450,0.024,-8.337,5.339,0.221,0.010,-0.032,22
-8.100,-26.700,63.450,0.086,-8.404,5.370,0.217,0.007,-0.024,22
-7.200,-25.050,65.100,0.060,-8.246,5.432,0.219,0.012,-0.014,23
-7.200,-25.050,65.100,0.019,-8.339,5.397,0.225,0.006,-0.012,22
-8.100,-24.750,64.200,0.010,-8.284,5.574,0.226,0.003,-0.008,22
-8.100,-24.750,64.200,0.050,-8.171,5.519,0.222,0.004,-0.010,22
-8.100,-24.750,64.200,0.074,-8.284,5.681,0.231,0.007,-0.006,22
-8.100,-24.750,64.200,0.072,-8.112,5.701,0.228,0.012,-0.013,22
-7.950,-24.150,66.600,0.081,-8.090,5.739,0.224,0.012,-0.024,23
-7.950,-24.150,66.600,0.163,-8.028,5.748,0.230,0.014,-0.030,22
-7.950,-24.150,66.600,0.048,-8.049,5.784,0.228,0.015,-0.032,22
-7.650,-24.450,66.750,0.093,-8.033,5.863,0.234,0.015,-0.029,22
-7.650,-24.450,66.750,0.105,-8.061,5.942,0.242,0.015,-0.033,22
-9.300,-22.500,67.500,0.108,-8.004,5.997,0.248,0.007,-0.034,22
-9.300,-22.500,67.500,0.093,-7.956,6.019,0.261,0.010,-0.032,23
-8.250,-21.450,67.050,0.081,-7.956,6.067,0.280,0.009,-0.031,22
-8.250,-21.450,67.050,0.074,-7.882,6.194,0.290,0.008,-0.034,22
-8.250,-21.450,67.050,0.041,-7.855,6.170,0.299,0.010,-0.031,22
-8.250,-21.450,67.050,0.144,-7.726,6.223,0.300,0.003,-0.015,22
-8.250,-21.450,67.050,0.026,-7.582,6.242,0.301,0.003,-0.015,22
-8.400,-22.500,67.200,0.108,-7.590,6.366,0.305,0.012,-0.018,23
-8.400,-22.500,67.200,0.153,-7.590,6.325,0.299,0.009,-0.019,22
-9.450,-20.250,68.100,0.215,-7.499,6.452,0.285,0.012,-0.016,22
-9.450,-20.250,68.100,0.151,-7.367,6.450,0.278,0.007,-0.026,22
-8.100,-20.100,67.500,0.153,-7.374,6.613,0.269,0.014,-0.038,22
-8.100,-20.100,67.500,0.122,-7.305,6.615,0.269,0.010,-0.034,22
-9.750,-18.750,67.800,0.124,-7.307,6.618,0.270,0.012,-0.030,23
-9.750,-18.750,67.800,0.045,-7.144,6.792,0.270,0.005,-0.026,22
-9.750,-18.750,67.800,0.086,-7.226,6.864,0.267,0.008,-0.026,22
-9.750,-19.950,68.550,0.108,-7.140,6.814,0.263,0.013,-0.015,22
-9.750,-19.950,68.550,0.124,-7.130,6.886,0.267,0.009,-0.012,22
-10.050,-18.450,70.200,0.132,-7.084,6.960,0.267,0.009,-0.017,22
-10.050,-18.450,70.200,0.268,-6.938,7.010,0.258,0.004,-0.004,23
-10.050,-18.450,70.200,0.163,-6.938,6.986,0.261,0.008,-0.004,22
-10.050,-18.450,70.200,0.168,-6.922,7.173,0.251,0.006,-0.005,22
-9.450,-16.800,70.800,0.110,-6.788,7.118,0.249,0.007,-0.005,22
-9.450,-16.800,70.800,0.206,-6.704,7.159,0.232,0.008,-0.013,22
-8.400,-18.150,70.500,0.105,-6.665,7.199,0.225,0.008,-0.021,22
-8.400,-18.150,70.500,0.146,-6.651,7.317,0.218,0.014,-0.015,23
-8.400,-18.150,70.500,0.065,-6.646,7.226,0.215,0.010,-0.017,22
-8.250,-17.100,71.100,0.110,-6.637,7.367,0.218,0.009,-0.016,22
-8.250,-17.100,71.100,0.139,-6.567,7.329,0.215,0.010,-0.013,22
-9.300,-16.200,70.950,0.196,-6.536,7.391,0.217,0.015,-0.014,22
-9.300,-16.200,70.950,0.148,-6.515,7.468,0.223,0.007,-0.019,22
-9.300,-16.200,70.950,0.192,-6.460,7.547,0.214,0.011,-0.023,22
-9.300,-16.200,70.950,0.160,-6.443,7.463,0.225,0.008,-0.028,23
-9.750,-15.150,70.350,0.208,-6.452,7.635,0.236,0.013,-0.028,22
-9.750,-15.150,70.350,0.110,-6.426,7.630,0.246,0.007,-0.030,22
-9.750,-15.150,70.350,0.129,-6.361,7.769,0.250,0.011,-0.030,22
-7.650,-14.550,70.950,0.158,-6.235,7.702,0.268,0.013,-0.021,22
-7.650,-14.550,70.950,0.122,-6.263,7.776,0.285,0.013,-0.021,22
-7.350,-14.550,72.450,0.223,-6.184,7.793,0.296,0.005,-0.016,23
-7.350,-14.550,72.450,0.175,-6.196,7.834,0.312,0.010,-0.020,22
-6.450,-13.200,70.800,0.223,-6.043,7.937,0.334,0.007,-0.017,22
-6.450,-13.200,70.800,0.208,-6.081,7.939,0.345,0.011,-0.019,22
-8.700,-11.700,73.350,0.175,-5.950,8.033,0.359,0.009,-0.024,22
-8.700,-11.700,73.350,0.187,-5.863,8.030,0.385,0.008,-0.020,22
-8.700,-11.700,73.350,0.254,-5.734,8.035,0.384,0.009,-0.025,23
-9.000,-11.250,71.850,0.285,-5.590,8.097,0.387,0.014,-0.036,22
-9.000,-11.250,71.850,0.098,-5.521,8.155,0.378,0.014,-0.047,22
-9.000,-11.250,71.850,0.091,-5.385,8.198,0.368,0.001,-0.049,22
-9.000,-11.250,71.850,0.168,-5.294,8.286,0.369,0.003,-0.029,22
-8.100,-11.400,72.000,0.201,-5.284,8.310,0.358,0.010,-0.017,22
-8.100,-11.400,72.000,0.014,-5.171,8.373,0.354,0.007,0.004,23
-9.300,-9.150,73.200,0.132,-5.092,8.396,0.341,0.007,0.013,22
-9.300,-9.150,73.200,0.311,-5.025,8.413,0.339,0.003,0.021,22
-9.300,-9.150,73.200,0.405,-4.879,8.480,0.332,0.019,0.016,22
-8.100,-7.950,72.450,0.242,-4.812,8.543,0.310,0.007,-0.010,22
-8.100,-7.950,72.450,0.144,-4.815,8.593,0.312,0.002,-0.030,22
-10.200,-9.000,73.350,0.302,-4.774,8.600,0.319,0.001,-0.028,23
-10.200,-9.000,73.350,0.302,-4.791,8.684,0.325,0.008,-0.032,22
-10.200,-9.000,73.350,0.189,-4.748,8.724,0.339,0.010,-0.026,22
-10.200,-9.000,73.350,0.189,-4.671,8.784,0.354,0.003,-0.024,22
-9.000,-5.850,73.350,0.306,-4.623,8.899,0.368,0.005,-0.018,22
-9.000,-5.850,73.350,0.215,-4.480,8.806,0.399,0.018,-0.011,22
-9.000,-5.850,73.350,0.139,-4.429,8.892,0.414,0.009,-0.015,23
-9.450,-4.950,73.350,0.189,-4.329,9.024,0.427,0.000,-0.023,22
-9.450,-4.950,73.350,0.263,-4.216,8.923,0.441,0.011,-0.032,22
-9.600,-4.800,74.250,0.175,-4.087,8.938,0.450,0.011,-0.032,22
-9.600,-4.800,74.250,0.165,-3.967,9.036,0.458,0.007,-0.033,22
-8.100,-4.800,73.950,0.156,-3.903,9.112,0.466,-0.003,-0.038,22
-8.100,-4.800,73.950,0.297,-3.833,9.146,0.487,0.009,-0.026,23
-8.100,-4.800,73.950,0.268,-3.682,9.120,0.493,0.010,-0.022,22
-8.100,-4.800,73.950,0.206,-3.412,9.194,0.497,0.006,-0.025,22
-8.100,-4.800,73.950,0.254,-3.304,9.222,0.493,0.002,-0.030,22
-9.600,-1.650,74.700,0.251,-3.203,9.136,0.481,0.009,-0.034,22
-9.600,-1.650,74.700,0.266,-3.072,9.232,0.474,0.005,-0.033,22
-9.600,-1.650,74.700,0.172,-2.971,9.407,0.463,-0.001,-0.033,23
-9.600,-1.650,74.700,0.261,-2.777,9.378,0.450,0.008,-0.027,22
-8.250,0.750,72.900,0.153,-2.634,9.352,0.440,0.006,-0.021,22
-8.250,0.750,72.900,0.175,-2.495,9.306,0.416,0.010,-0.015,22
-9.450,1.950,74.400,0.242,-2.308,9.335,0.373,0.009,-0.017,22
-9.450,1.950,74.400,0.249,-2.241,9.388,0.333,0.005,-0.017,22
-9.450,1.950,74.400,0.318,-2.215,9.404,0.292,0.014,-0.023,22
-9.450,1.050,74.100,0.304,-2.124,9.388,0.265,0.002,-0.028,23
-9.450,1.050,74.100,0.235,-2.023,9.543,0.216,0.001,-0.020,22
-8.400,2.850,74.250,0.292,-1.990,9.500,0.183,0.008,-0.008,22
-8.400,2.850,74.250,0.242,-1.985,9.464,0.144,0.006,-0.007,22
-8.400,2.850,74.250,0.215,-1.867,9.395,0.107,0.017,-0.002,22
-8.400,2.850,74.250,0.326,-1.915,9.723,0.076,0.016,-0.007,22
-10.050,3.600,73.500,0.285,-1.743,9.383,0.030,0.012,-0.006,23
-10.050,3.600,73.500,0.254,-1.750,9.546,-0.005,0.007,-0.016,22
-9.450,3.450,73.350,0.354,-1.690,9.385,-0.089,0.012,-0.009,22
-9.450,3.450,73.350,0.283,-1.970,9.625,-0.134,0.018,-0.006,22
-9.450,3.450,73.350,0.223,-2.093,9.505,-0.129,0.015,-0.002,22
-8.250,4.650,74.100,0.239,-2.112,9.742,-0.153,0.012,-0.000,22
-8.250,4.650,74.100,0.287,-1.966,9.385,-0.182,0.017,-0.002,23
-9.000,4.200,74.850,0.206,-2.212,9.835,-0.175,0.008,-0.004,22
-9.000,4.200,74.850,0.259,-2.155,9.603,-0.214,0.007,-0.005,22
-9.000,4.200,74.850,0.364,-2.011,9.615,-0.238,0.016,-0.005,22
-9.000,4.200,74.850,0.409,-2.186,9.637,-0.244,0.000,-0.013,22
-9.000,2.250,74.400,0.232,-2.260,9.558,-0.278,0.014,-0.002,22
-9.000,2.250,74.400,0.163,-2.145,9.371,-0.300,0.019,-0.005,22
-9.000,2.250,74.400,0.338,-2.227,9.357,-0.294,0.004,-0.004,23
-9.000,2.250,74.400,0.259,-2.442,9.665,-0.316,0.019,0.005,22
-9.000,2.250,74.400,0.271,-2.437,9.361,-0.321,0.016,0.007,22
-8.700,0.750,73.650,0.223,-2.586,9.512,-0.329,0.016,0.014,22
-8.700,0.750,73.650,0.223,-2.538,9.445,-0.332,0.014,0.013,22
-8.850,2.100,75.450,0.287,-2.787,9.543,-0.353,0.021,0.009,23
-8.850,2.100,75.450,0.175,-2.705,9.258,-0.353,0.013,0.000,22
-10.200,0.300,73.350,0.213,-2.969,9.706,-0.351,0.007,-0.001,22
-10.200,0.300,73.350,0.335,-2.813,9.201,-0.364,0.017,-0.001,22
-10.200,0.300,73.350,0.299,-2.921,9.483,-0.362,0.020,0.007,22
-7.950,0.300,74.850,0.223,-3.050,9.280,-0.375,0.010,0.010,22
-7.950,0.300,74.850,0.230,-3.141,9.366,-0.394,0.012,0.006,23
-7.950,0.300,74.850,0.311,-3.100,9.179,-0.382,0.012,0.007,22
-7.950,0.300,74.850,0.189,-3.261,9.333,-0.397,0.011,0.005,22
-8.700,-0.750,75.150,0.151,-3.211,9.122,-0.412,0.014,0.005,22
-8.700,-0.750,75.150,0.223,-3.333,9.282,-0.413,0.011,0.004,22
-8.250,-0.750,74.400,0.275,-3.467,9.232,-0.420,0.013,0.007,22
-8.250,-0.750,74.400,0.237,-3.534,9.210,-0.433,0.021,0.009,23
-8.250,-0.750,74.400,0.242,-3.548,9.124,-0.431,0.007,0.003,22
-8.100,-3.300,74.700,0.304,-3.627,9.045,-0.441,0.016,0.002,22
-8.100,-3.300,74.700,0.285,-3.644,9.088,-0.455,0.015,0.013,22
-8.250,-3.000,72.900,0.278,-3.773,8.926,-0.467,0.015,0.012,22
-8.250,-3.000,72.900,0.086,-3.991,8.815,-0.484,0.026,0.011,22
-8.250,-3.000,72.900,0.261,-3.926,8.928,-0.492,0.048,0.022,22
-8.250,-3.000,72.900,0.175,-4.300,9.002,-0.463,0.017,0.009,23
-10.050,-4.800,73.500,0.172,-4.489,8.756,-0.456,0.015,0.016,22
-10.050,-4.800,73.500,0.213,-4.482,8.827,-0.432,0.016,0.013,22
-10.050,-4.800,73.500,0.249,-4.554,8.792,-0.401,0.018,0.001,22
-8.400,-7.200,73.950,0.364,-4.702,9.012,-0.389,0.016,-0.010,22
-8.400,-7.200,73.950,0.299,-4.458,8.660,-0.388,0.018,-0.014,22
-9.300,-7.950,75.450,0.366,-4.621,8.765,-0.366,0.007,-0.001,23
-9.300,-7.950,75.450,0.304,-4.750,8.799,-0.357,0.006,-0.001,22
-9.750,-7.350,72.150,0.146,-4.731,8.643,-0.362,0.017,0.002,22
-9.750,-7.350,72.150,0.084,-4.673,8.653,-0.351,0.012,0.007,22
-8.250,-8.550,73.350,0.069,-4.772,8.528,-0.349,0.011,0.006,22
-8.250,-8.550,73.350,0.304,-4.858,8.552,-0.353,0.021,0.008,22
-8.250,-8.550,73.350,0.306,-4.875,8.437,-0.344,0.007,-0.001,23
-9.000,-8.550,74.100,0.251,-5.028,8.543,-0.349,0.016,0.001,22
-9.000,-8.550,74.100,0.156,-5.035,8.540,-0.350,0.010,-0.002,22
-9.000,-8.550,74.100,0.227,-5.047,8.526,-0.344,0.021,-0.006,22
-9.000,-8.550,74.100,0.175,-5.124,8.461,-0.348,0.015,-0.004,22
-8.850,-11.100,72.750,0.108,-5.164,8.382,-0.355,0.019,0.005,22
-8.850,-11.100,72.750,0.206,-5.219,8.358,-0.358,0.014,0.007,23
-8.100,-11.100,73.950,0.304,-5.265,8.356,-0.378,0.024,0.008,22
-8.100,-11.100,73.950,0.115,-5.231,8.217,-0.393,0.025,0.005,22
-8.100,-11.100,73.950,0.093,-5.265,8.183,-0.409,0.023,0.002,22
-9.450,-10.950,72.900,0.283,-5.447,8.119,-0.419,0.003,-0.001,22
-9.450,-10.950,72.900,0.223,-5.516,8.169,-0.434,0.015,-0.002,22
-9.750,-10.950,72.150,0.091,-5.600,8.222,-0.437,0.011,0.005,23
-9.750,-10.950,72.150,0.172,-5.641,7.843,-0.451,0.013,0.001,22
-9.750,-10.950,72.150,0.079,-5.887,8.140,-0.436,0.007,0.004,22
-9.750,-10.950,72.150,0.148,-5.976,8.131,-0.436,0.017,0.007,22
-8.700,-12.900,71.550,0.196,-5.818,7.824,-0.445,0.005,0.012,22
-8.700,-12.900,71.550,0.120,-6.007,7.863,-0.447,0.018,0.004,22
-9.000,-14.850,72.150,0.182,-5.909,7.714,-0.452,0.015,0.007,23
-9.000,-14.850,72.150,0.215,-6.057,7.796,-0.468,0.008,0.003,22
-9.000,-14.850,72.150,0.168,-6.189,7.606,-0.461,0.010,0.000,22
-7.950,-13.950,71.100,0.036,-6.275,7.633,-0.474,0.020,0.001,22
-7.950,-13.950,71.100,0.043,-6.345,7.539,-0.471,0.014,0.007,22
-9.300,-16.200,70.500,0.266,-6.328,7.427,-0.484,0.021,0.019,22
-9.300,-16.200,70.500,0.096,-6.495,7.494,-0.478,0.010,0.023,23
-9.300,-16.200,70.500,0.026,-6.706,7.470,-0.495,0.027,0.029,22
-9.300,-16.200,70.500,0.172,-6.584,7.221,-0.484,0.013,0.019,22
-8.250,-18.300,70.800,0.213,-6.665,7.372,-0.483,0.016,0.013,22
-8.250,-18.300,70.800,0.189,-6.735,7.142,-0.497,0.020,0.012,22
-8.250,-18.300,70.800,0.096,-6.785,7.099,-0.515,0.024,0.010,22
-8.250,-18.300,70.800,0.122,-6.843,6.914,-0.514,0.021,0.002,22
-8.250,-18.300,70.800,0.103,-7.065,7.063,-0.525,0.022,-0.002,23
-7.200,-20.250,69.600,0.129,-6.917,6.855,-0.540,0.018,-0.004,22
-7.200,-20.250,69.600,0.113,-7.137,6.867,-0.548,0.019,-0.003,22
-8.400,-18.900,68.700,0.062,-7.238,6.713,-0.544,0.018,0.002,22
-8.400,-18.900,68.700,0.062,-7.345,6.723,-0.570,0.018,0.012,22
-7.200,-20.250,68.850,0.196,-7.348,6.476,-0.573,0.021,0.019,22
-7.200,-20.250,68.850,-0.017,-7.585,6.680,-0.569,0.012,0.021,23
-7.200,-20.250,68.850,0.136,-7.470,6.208,-0.585,0.018,0.022,22
-9.600,-20.100,67.950,0.079,-7.666,6.457,-0.557,0.006,0.012,22
-9.600,-20.100,67.950,0.062,-7.894,6.352,-0.555,0.015,0.018,22
-9.600,-20.100,67.950,0.060,-7.793,6.093,-0.542,0.011,0.015,22
-9.600,-20.100,67.950,0.026,-8.013,6.191,-0.535,0.019,0.011,22
-8.250,-22.950,67.050,0.067,-7.934,5.875,-0.514,0.020,0.003,23
-8.250,-22.950,67.050,0.187,-8.107,6.088,-0.501,0.015,0.002,22
-8.850,-23.550,64.950,0.077,-8.073,5.875,-0.491,0.010,0.011,22
-8.850,-23.550,64.950,-0.010,-8.195,5.796,-0.487,0.008,0.018,22
-8.850,-23.550,64.950,0.000,-8.250,5.677,-0.472,0.009,0.017,22
-8.850,-25.200,65.700,-0.026,-8.270,5.646,-0.461,0.008,0.021,22
-8.850,-25.200,65.700,0.067,-8.258,5.679,-0.453,0.011,0.025,22
-8.100,-25.950,64.650,0.048,-8.310,5.483,-0.453,0.010,0.017,23
-8.100,-25.950,64.650,-0.072,-8.332,5.334,-0.446,0.009,0.014,22
-8.100,-25.950,64.650,-0.034,-8.444,5.368,-0.440,0.007,0.011,22
-8.100,-25.950,64.650,0.024,-8.447,5.298,-0.431,0.005,0.008,22
-7.650,-26.700,63.900,0.163,-8.444,5.188,-0.425,0.020,-0.003,22
-7.650,-26.700,63.900,0.055,-8.545,5.069,-0.424,0.022,-0.007,23
-7.650,-26.700,63.900,0.103,-8.490,5.033,-0.435,0.017,0.000,22
-7.200,-26.550,62.850,-0.089,-8.528,4.956,-0.434,0.025,-0.005,22
-7.200,-26.550,62.850,0.017,-8.588,4.879,-0.433,0.024,-0.011,22
-8.100,-27.450,61.950,0.014,-8.622,4.846,-0.438,0.014,-0.010,22
-8.100,-27.450,61.950,-0.045,-8.782,4.685,-0.434,0.019,0.005,22
-6.750,-29.700,61.350,-0.132,-8.724,4.695,-0.423,0.009,0.004,23
-6.750,-29.700,61.350,-0.007,-8.818,4.602,-0.425,0.010,0.005,22
-7.200,-27.300,61.050,-0.084,-8.916,4.606,-0.427,0.008,0.012,22
-7.200,-27.300,61.050,-0.043,-8.813,4.405,-0.426,0.010,0.016,22
-7.200,-27.300,61.050,0.019,-8.918,4.365,-0.428,0.004,0.009,22
-7.350,-29.550,61.200,0.084,-8.914,4.276,-0.438,0.008,0.012,22
-7.350,-29.550,61.200,0.026,-8.904,4.149,-0.452,0.017,0.003,23
-7.350,-29.550,61.200,-0.031,-8.930,4.116,-0.454,0.016,-0.001,22
-7.350,-29.550,61.200,-0.026,-9.002,4.039,-0.468,0.018,0.000,22
-8.850,-32.250,59.700,-0.024,-9.074,3.924,-0.480,0.014,0.000,22
-8.850,-32.250,59.700,-0.072,-9.155,3.802,-0.483,0.013,0.009,22
-6.450,-31.650,58.050,-0.019,-9.191,3.838,-0.488,0.012,0.006,22
-6.450,-31.650,58.050,-0.184,-9.239,3.637,-0.487,0.012,0.007,22
-6.450,-31.650,58.050,-0.002,-9.357,3.721,-0.472,0.019,0.012,23
-8.700,-32.850,57.300,0.091,-9.292,3.491,-0.428,0.012,0.005,22
-8.700,-32.850,57.300,-0.105,-9.586,3.682,-0.446,0.025,0.012,22
-8.850,-33.450,57.150,-0.062,-9.416,3.340,-0.403,0.006,0.004,22
-8.850,-33.450,57.150,-0.022,-9.694,3.467,-0.367,0.011,0.006,22
-8.850,-33.450,57.150,-0.072,-9.481,3.187,-0.360,0.008,0.008,22
-8.850,-33.450,57.150,0.010,-9.653,3.275,-0.323,0.022,0.006,23
-6.450,-34.050,56.250,-0.026,-9.567,3.153,-0.289,0.019,-0.013,22
-6.450,-34.050,56.250,-0.096,-9.594,3.294,-0.279,0.024,-0.013,22
-6.450,-34.050,56.250,0.057,-9.565,3.089,-0.265,0.027,-0.017,22
-8.700,-32.850,56.250,-0.081,-9.594,3.127,-0.255,0.025,-0.013,22
-8.700,-32.850,56.250,-0.072,-9.555,2.921,-0.237,0.020,-0.017,22
-7.650,-35.400,54.150,-0.084,-9.586,2.962,-0.240,0.023,-0.017,23
-7.650,-35.400,54.150,-0.050,-9.426,2.878,-0.231,0.016,-0.015,22
-6.900,-33.750,56.400,-0.091,-9.448,2.933,-0.240,0.014,-0.006,22
-6.900,-33.750,56.400,-0.067,-9.436,2.708,-0.255,0.011,-0.005,22
-6.900,-33.750,56.400,-0.108,-9.476,2.758,-0.264,0.013,-0.000,22
-6.900,-33.750,56.400,0.034,-9.455,2.751,-0.279,0.007,0.007,22
-7.650,-35.400,53.400,0.060,-9.452,2.693,-0.300,0.013,0.005,23
-7.650,-35.400,53.400,-0.031,-9.467,2.519,-0.322,0.014,-0.005,22
-7.650,-35.400,53.400,-0.029,-9.469,2.547,-0.334,0.020,-0.008,22
-7.650,-35.400,53.400,-0.067,-9.486,2.473,-0.357,0.014,-0.003,22
-7.650,-35.400,53.400,-0.117,-9.603,2.318,-0.372,0.013,-0.001,22
-7.950,-37.050,53.250,-0.091,-9.661,2.354,-0.377,0.009,-0.001,22
-7.950,-37.050,53.250,-0.034,-9.718,2.306,-0.379,0.013,0.005,23
-7.950,-36.300,51.750,-0.041,-9.601,2.184,-0.394,0.011,0.010,22
-7.950,-36.300,51.750,-0.096,-9.641,2.210,-0.397,-0.004,0.014,22
-7.650,-34.950,51.600,-0.041,-9.764,2.073,-0.420,0.012,0.013,22
-7.650,-34.950,51.600,-0.012,-9.728,1.894,-0.426,0.016,0.007,22
-7.650,-34.950,51.600,-0.072,-9.893,2.011,-0.410,0.018,-0.002,22
-7.950,-36.300,50.550,-0.084,-9.766,1.832,-0.407,0.011,-0.002,23
-7.950,-36.300,50.550,-0.060,-9.998,2.095,-0.407,0.027,0.003,22
-7.950,-36.300,50.550,-0.108,-9.785,1.638,-0.392,0.016,0.006,22
-7.950,-36.300,50.550,-0.074,-9.941,1.674,-0.393,0.021,0.002,22
-7.350,-37.650,49.650,-0.026,-9.900,1.415,-0.381,0.014,0.000,22
-7.350,-37.650,49.650,-0.108,-9.898,1.506,-0.372,0.017,0.004,22
-6.600,-36.150,49.650,-0.160,-9.989,1.453,-0.361,0.007,0.007,22
-6.600,-36.150,49.650,-0.139,-9.895,1.398,-0.379,0.012,0.005,23
-6.600,-36.150,49.650,-0.069,-9.776,1.267,-0.368,0.002,-0.001,22
-6.600,-37.650,48.150,-0.017,-9.776,1.214,-0.382,0.013,0.003,22
-6.600,-37.650,48.150,-0.156,-9.809,1.219,-0.399,0.012,-0.003,22
-7.650,-40.050,47.850,-0.067,-9.778,0.967,-0.413,0.025,-0.003,22
-7.650,-40.050,47.850,-0.136,-9.898,0.895,-0.413,0.011,-0.004,23
-7.650,-40.050,47.850,-0.089,-9.974,0.924,-0.417,0.023,-0.003,22
-7.650,-40.050,47.850,-0.160,-9.967,0.764,-0.416,0.008,0.005,22
-6.900,-38.850,45.900,-0.110,-9.996,0.644,-0.412,0.007,0.007,22
-6.900,-38.850,45.900,-0.160,-10.060,0.666,-0.394,0.001,0.004,22
-6.900,-38.850,45.900,-0.069,-10.036,0.558,-0.393,0.009,0.005,22
-7.200,-39.000,44.250,-0.045,-10.015,0.570,-0.378,0.012,0.002,23
-7.200,-39.000,44.250,-0.117,-10.094,0.462,-0.364,0.023,-0.005,22
-6.150,-39.300,45.900,-0.189,-10.080,0.362,-0.350,0.020,-0.005,22
-6.150,-39.300,45.900,-0.144,-10.077,0.323,-0.339,0.020,-0.008,22
-6.000,-39.000,43.950,-0.079,-10.137,0.285,-0.313,0.012,-0.002,22
-6.000,-39.000,43.950,-0.182,-10.151,0.127,-0.286,0.013,0.004,22
-6.450,-40.200,44.250,-0.177,-10.084,0.115,-0.260,0.002,0.001,23
-6.450,-40.200,44.250,-0.050,-10.104,0.163,-0.259,0.015,0.000,22
-6.450,-40.200,44.250,-0.014,-9.979,0.026,-0.254,0.027,-0.006,22
-6.150,-41.250,43.650,1.178,-10.915,4.501,-0.097,-0.091,0.028,22
-6.150,-41.250,43.650,-0.795,-9.888,-1.583,0.042,-0.021,-0.001,22
-6.150,-41.250,43.650,0.354,-9.902,0.467,-0.063,0.072,0.007,22
-6.150,-41.250,43.650,-0.069,-9.400,-0.831,-0.145,0.078,-0.017,22
-7.950,-39.450,43.200,0.512,-10.120,0.795,-0.032,0.069,-0.040,23
-7.950,-39.450,43.200,-0.110,-10.235,0.505,-0.019,-0.002,-0.025,22
-7.350,-40.500,43.350,-0.192,-9.414,-0.299,-0.068,0.029,-0.027,22
-7.350,-40.500,43.350,-0.275,-9.795,-0.136,-0.075,0.003,-0.033,22
-7.350,-40.500,43.350,-0.271,-10.625,-0.113,-0.047,0.040,-0.010,22
-5.550,-40.200,42.450,-0.464,-9.929,0.132,-0.040,0.004,0.004,22
-5.550,-40.200,42.450,-0.309,-9.718,-0.220,-0.052,0.003,-0.007,23
-6.600,-40.500,43.650,-0.079,-10.247,0.110,-0.044,-0.009,-0.007,22
-6.600,-40.500,43.650,-0.036,-9.946,0.038,-0.058,-0.004,0.002,22
-6.600,-40.500,43.650,-0.136,-9.826,-0.117,-0.055,0.007,0.005,22
-6.600,-40.500,43.650,-0.189,-9.955,0.261,-0.052,-0.003,-0.007,22
-6.900,-40.050,42.900,-0.120,-10.185,0.120,-0.058,0.001,-0.006,22
-6.900,-40.050,42.900,-0.117,-9.962,-0.086,-0.053,0.006,-0.003,23
-7.950,-40.050,42.900,0.067,-9.991,0.067,-0.041,0.017,-0.006,22
-7.950,-39.450,42.750,-0.268,-9.969,0.148,-0.050,0.010,-0.010,22
-7.950,-39.450,42.750,-0.139,-10.084,-0.187,-0.036,0.019,-0.024,22
-6.150,-40.050,44.100,-0.084,-10.036,0.005,-0.028,0.024,-0.025,22
-6.150,-40.050,44.100,-0.091,-10.015,0.117,-0.025,0.032,-0.020,22
-6.450,-40.200,43.200,-0.127,-10.005,0.098,-0.017,0.030,-0.021,23
-6.450,-40.200,43.200,-0.024,-9.981,0.014,-0.021,0.054,-0.014,22
-6.450,-40.200,43.200,-0.553,-10.379,0.421,0.019,-0.007,-0.024,22
-6.450,-40.200,43.200,-0.086,-10.144,0.321,-0.003,0.032,-0.008,22
-6.450,-40.200,43.200,-0.208,-10.048,-0.093,0.027,-0.012,-0.011,22
-7.350,-41.250,43.650,-0.007,-10.058,0.007,0.025,0.023,-0.009,22
-7.350,-41.250,43.650,-0.208,-10.082,0.098,0.040,-0.002,-0.013,23
-7.350,-41.250,43.650,0.043,-9.962,0.283,0.042,0.025,-0.016,22
-7.350,-41.250,43.650,-0.134,-10.065,0.165,0.066,0.002,-0.017,22
-6.600,-40.050,43.350,-0.192,-10.082,0.165,0.072,0.018,-0.011,22
-6.600,-40.050,43.350,-0.192,-10.178,0.359,0.106,-0.003,-0.010,22
-7.200,-39.450,44.700,-0.026,-10.032,0.168,0.102,0.006,-0.015,22
-7.200,-39.450,44.700,-0.196,-10.185,0.457,0.139,0.005,-0.012,23
-6.600,-40.050,44.850,-0.074,-10.206,0.340,0.164,0.021,-0.011,22
-6.600,-40.050,44.850,-0.139,-10.216,0.429,0.194,0.013,-0.017,22
-6.600,-40.050,44.850,-0.055,-10.127,0.510,0.226,0.015,-0.022,22
-6.150,-40.800,44.100,-0.105,-10.178,0.500,0.255,0.014,-0.018,22
-6.150,-40.800,44.100,-0.072,-10.053,0.541,0.258,0.018,-0.027,22
-6.150,-40.800,44.100,-0.065,-10.166,0.709,0.280,0.015,-0.021,23
-6.150,-40.800,44.100,-0.105,-10.099,0.776,0.310,0.002,-0.032,22
-7.650,-37.650,46.650,-0.163,-10.135,0.754,0.327,0.012,-0.031,22
-7.650,-37.650,46.650,0.000,-10.108,0.946,0.350,0.018,-0.025,22
-7.500,-39.000,49.050,-0.084,-9.993,1.018,0.371,0.017,-0.028,22
-7.500,-39.000,49.050,-0.108,-9.938,1.128,0.377,0.009,-0.028,22
-7.500,-39.000,49.050,-0.158,-10.051,1.183,0.384,0.013,-0.031,23
-6.750,-39.450,47.700,-0.077,-9.943,1.252,0.402,0.005,-0.030,22
-6.750,-39.450,47.700,-0.069,-9.986,1.401,0.427,0.006,-0.019,22
-7.200,-37.500,49.800,-0.120,-9.977,1.362,0.432,0.005,-0.023,22
-7.200,-37.500,49.800,-0.120,-9.881,1.645,0.444,0.002,-0.020,22
-7.200,-37.500,49.800,-0.055,-9.874,1.470,0.443,0.007,-0.023,22
-7.200,-37.500,49.800,-0.034,-9.591,1.697,0.420,0.004,-0.035,22
-9.000,-37.050,51.300,0.115,-9.560,1.908,0.401,0.020,-0.041,23
-9.000,-37.050,51.300,-0.101,-9.694,1.992,0.398,0.008,-0.035,22
-9.000,-37.050,51.300,-0.012,-9.704,2.002,0.388,0.017,-0.027,22
-6.750,-36.000,51.300,-0.108,-9.663,2.365,0.375,0.017,-0.025,22
-6.750,-36.000,51.300,-0.057,-9.519,2.004,0.377,0.001,-0.032,22
-7.500,-34.350,53.250,0.113,-9.543,2.279,0.337,0.011,-0.023,22
-7.500,-34.350,53.250,0.002,-9.565,2.411,0.324,0.012,-0.016,23
-7.350,-34.950,53.700,-0.077,-9.591,2.478,0.313,0.008,-0.022,22
-7.350,-34.950,53.700,-0.093,-9.558,2.610,0.307,-0.000,-0.019,22
-7.350,-34.950,53.700,-0.127,-9.515,2.746,0.305,-0.001,-0.014,22
-7.350,-34.950,53.700,0.079,-9.591,2.631,0.301,0.004,-0.009,22
-7.350,-34.950,53.700,0.007,-9.567,2.751,0.297,0.004,-0.014,22
-6.900,-34.500,54.900,0.041,-9.555,2.875,0.303,0.003,-0.011,23
-6.900,-34.500,54.900,0.050,-9.543,2.981,0.307,0.001,-0.014,22
-7.200,-32.400,54.750,0.043,-9.505,3.062,0.316,0.005,-0.021,22
-7.200,-32.400,54.750,0.034,-9.527,3.134,0.329,0.010,-0.021,22
-6.150,-32.550,55.650,0.031,-9.469,3.132,0.330,0.008,-0.028,22
-6.150,-32.550,55.650,0.014,-9.440,3.290,0.331,0.017,-0.034,22
-6.750,-31.200,58.050,0.053,-9.512,3.338,0.343,0.013,-0.033,23
-6.750,-31.200,58.050,-0.103,-9.452,3.476,0.356,0.023,-0.041,22
-6.750,-31.200,58.050,-0.007,-9.424,3.486,0.371,0.021,-0.040,22
-6.750,-31.200,58.050,-0.096,-9.364,3.725,0.390,0.007,-0.045,22
-6.750,-31.200,58.050,0.034,-9.263,3.689,0.389,0.023,-0.040,22
-7.200,-31.200,59.250,0.098,-9.244,3.718,0.415,0.016,-0.042,22
-7.200,-31.200,59.250,-0.132,-9.261,4.037,0.448,0.014,-0.039,23
-7.200,-31.200,59.250,-0.050,-9.325,3.936,0.454,0.008,-0.026,22
-7.200,-31.200,59.250,-0.048,-9.261,3.986,0.490,0.002,-0.016,22
-7.650,-28.650,58.950,0.024,-9.237,4.199,0.517,-0.002,-0.016,22
-7.650,-28.650,58.950,0.069,-8.933,4.444,0.506,0.002,-0.012,22
-7.650,-28.650,58.950,-0.014,-8.806,4.446,0.516,-0.005,-0.022,22
-8.100,-29.850,61.950,0.038,-8.914,4.508,0.523,-0.001,-0.027,23
-8.100,-29.850,61.950,0.139,-8.921,4.669,0.527,0.009,-0.025,22
-7.950,-28.500,62.100,0.014,-8.641,4.896,0.518,0.009,-0.020,22
-7.950,-28.500,62.100,0.000,-8.641,4.791,0.522,0.007,-0.029,22
-7.950,-27.300,62.850,0.158,-8.511,5.001,0.517,0.006,-0.027,22
-7.950,-27.300,62.850,0.115,-8.447,5.064,0.511,0.006,-0.031,22
-7.950,-27.300,62.850,0.089,-8.483,5.188,0.498,0.002,-0.028,23
-7.950,-27.300,62.850,0.034,-8.303,5.234,0.499,0.002,-0.024,22
-7.950,-27.300,62.850,-0.019,-8.396,5.404,0.496,0.001,-0.019,22
-7.200,-25.050,65.100,0.072,-8.241,5.440,0.506,-0.001,-0.012,22
-7.200,-25.050,65.100,0.067,-8.289,5.619,0.518,-0.003,-0.005,22
-7.650,-24.750,65.700,0.230,-8.289,5.737,0.527,0.007,-0.007,22
-7.650,-24.750,65.700,0.108,-8.138,5.909,0.542,0.006,-0.024,23
-7.650,-22.500,65.400,0.177,-8.037,5.983,0.564,0.015,-0.044,22
-7.650,-22.500,65.400,0.230,-7.946,6.053,0.570,0.013,-0.053,22
-9.750,-22.650,66.600,0.158,-7.776,6.031,0.577,0.014,-0.058,22
-9.750,-22.650,66.600,0.074,-7.748,6.239,0.576,0.017,-0.059,22
-9.750,-22.650,66.600,0.048,-7.707,6.297,0.577,0.008,-0.053,22
-9.750,-22.650,66.600,0.067,-7.468,6.421,0.577,0.014,-0.041,23
-9.750,-22.650,66.600,0.132,-7.434,6.457,0.572,0.006,-0.033,22
-8.700,-21.000,69.600,0.156,-7.367,6.694,0.569,0.005,-0.020,22
-8.700,-21.000,69.600,0.079,-7.238,6.699,0.568,0.002,-0.014,22
-8.100,-18.900,68.250,-0.019,-7.154,6.670,0.561,-0.005,-0.007,22
-8.100,-18.900,68.250,0.261,-7.037,6.912,0.567,-0.001,-0.003,22
-10.350,-17.700,69.750,0.261,-6.955,7.099,0.563,0.001,-0.001,22
-10.350,-17.700,69.750,0.151,-6.795,7.099,0.566,-0.002,-0.005,23
-9.000,-15.900,69.300,0.182,-6.771,7.099,0.569,0.000,-0.013,22
-9.000,-15.900,69.300,0.089,-6.606,7.190,0.561,0.007,-0.024,22
-9.000,-15.900,69.300,0.141,-6.450,7.412,0.546,0.008,-0.028,22
-9.000,-15.900,69.300,0.254,-6.314,7.417,0.545,0.013,-0.035,22
-9.000,-15.900,69.300,0.050,-6.347,7.599,0.526,0.004,-0.036,22
-8.100,-14.550,70.950,0.230,-6.081,7.472,0.506,0.009,-0.033,23
-8.100,-14.550,70.950,0.010,-6.153,7.717,0.490,0.006,-0.027,22
-8.250,-13.200,71.850,0.187,-5.966,7.836,0.472,0.003,-0.020,22
-8.250,-13.200,71.850,0.218,-5.933,7.803,0.464,0.007,-0.014,22
-8.850,-11.850,72.000,0.180,-5.758,7.889,0.452,0.005,-0.015,22
-8.850,-11.850,72.000,0.158,-5.701,7.973,0.444,0.004,-0.022,22
-8.850,-11.850,72.000,0.187,-5.631,7.894,0.427,0.009,-0.026,23
-8.400,-11.850,72.750,0.206,-5.346,8.068,0.402,0.006,-0.025,22
-8.400,-11.850,72.750,0.215,-5.294,8.076,0.372,0.001,-0.027,22
-8.400,-11.850,72.750,0.177,-5.303,8.088,0.351,0.005,-0.023,22
-8.400,-11.850,72.750,0.141,-5.193,8.226,0.317,0.011,-0.023,22
-8.250,-10.050,72.900,0.136,-5.236,8.222,0.310,0.003,-0.023,22
-8.250,-10.050,72.900,0.211,-5.200,8.258,0.314,-0.004,-0.014,23
-8.250,-10.050,72.900,0.306,-5.289,8.406,0.304,0.002,-0.009,22
-8.250,-10.050,72.900,0.268,-5.205,8.387,0.314,0.019,0.004,22
-8.250,-10.050,72.900,0.218,-5.049,8.339,0.318,0.015,-0.001,22
-9.000,-9.300,73.350,0.189,-5.061,8.617,0.335,0.003,-0.014,22
-9.000,-9.300,73.350,0.151,-5.128,8.650,0.333,0.010,-0.021,22
-9.300,-8.700,73.500,0.239,-4.726,8.332,0.331,0.014,-0.026,23
-9.300,-8.700,73.500,0.182,-5.114,8.885,0.368,-0.008,-0.035,22
-7.650,-6.750,73.200,0.192,-4.752,8.564,0.355,0.007,-0.025,22
-7.650,-6.750,73.200,0.139,-4.872,8.693,0.389,0.007,-0.024,22
-8.250,-6.900,74.100,0.352,-4.652,8.997,0.427,-0.004,-0.024,22
-8.250,-6.900,74.100,0.311,-4.606,8.978,0.417,0.007,-0.017,22
-8.250,-6.900,74.100,0.395,-4.393,8.748,0.447,0.018,-0.023,23
-8.250,-6.900,74.100,0.165,-4.542,8.981,0.471,0.006,-0.022,22
-8.250,-6.900,74.100,0.180,-4.199,8.782,0.473,0.006,-0.023,22
-8.700,-4.200,74.850,0.294,-4.108,9.000,0.485,0.008,-0.029,22
-8.700,-4.200,74.850,0.175,-3.917,8.878,0.513,0.004,-0.033,22
-9.300,-3.300,72.750,0.292,-3.948,9.220,0.520,0.007,-0.030,22
-9.300,-3.300,72.750,0.189,-3.642,8.947,0.519,0.004,-0.029,23
-9.300,-2.100,73.200,0.182,-3.622,9.294,0.524,-0.004,-0.026,22
-9.300,-2.100,73.200,0.347,-3.211,9.335,0.502,-0.003,-0.015,22
-9.300,-2.100,73.200,0.400,-3.060,9.067,0.460,0.012,-0.017,22
-9.300,0.150,74.250,-0.053,-2.911,9.153,0.461,0.014,-0.021,22
-9.300,0.150,74.250,0.208,-2.835,9.093,0.396,-0.005,-0.038,22
-9.300,0.150,74.250,0.256,-2.919,9.328,0.378,-0.013,-0.041,23
-9.300,0.150,74.250,0.333,-2.626,9.160,0.363,-0.004,-0.039,22
-9.300,-0.150,73.500,0.113,-2.753,9.610,0.318,0.019,-0.018,22
-9.300,-0.150,73.500,0.373,-2.583,9.280,0.310,0.015,-0.012,22
-8.700,0.750,73.350,0.340,-2.725,9.653,0.298,0.019,-0.002,22
-8.700,0.750,73.350,0.251,-2.521,9.270,0.281,0.019,0.009,22
-8.700,0.750,73.350,0.206,-2.394,9.371,0.271,0.017,0.004,22
-9.000,3.450,73.650,0.127,-2.502,9.474,0.267,0.030,-0.007,23
-9.000,3.450,73.650,0.273,-2.375,9.440,0.264,0.021,-0.008,22
-8.400,1.650,74.250,0.412,-2.334,9.574,0.245,0.007,-0.012,22
-8.400,1.650,74.250,0.345,-2.212,9.610,0.230,0.004,-0.026,22
-8.400,1.650,74.250,0.345,-2.047,9.529,0.210,0.003,-0.029,22
-8.400,1.650,74.250,0.065,-2.054,9.538,0.210,-0.006,-0.034,22
-10.350,4.500,73.500,0.354,-1.949,9.519,0.183,0.004,-0.020,23
-10.350,4.500,73.500,0.175,-1.985,9.517,0.168,0.005,-0.012,22
-10.350,4.500,73.500,0.067,-1.923,9.582,0.149,0.001,-0.004,22
-10.350,4.500,73.500,0.378,-1.887,9.735,0.115,0.010,-0.003,22
-10.350,4.500,73.500,0.479,-1.654,9.536,0.085,0.010,-0.004,22
-10.350,3.600,72.750,0.397,-1.630,9.625,0.054,0.016,-0.004,22
-10.350,3.600,72.750,0.299,-1.592,9.488,-0.008,0.008,-0.013,23
-9.750,4.200,72.900,0.271,-1.547,9.538,-0.051,0.007,-0.012,22
-9.750,4.200,72.900,0.180,-1.542,9.450,-0.090,0.011,-0.014,22
-9.600,5.550,72.450,0.215,-1.788,9.675,-0.132,0.021,-0.009,22
-9.600,5.550,72.450,0.244,-1.700,9.507,-0.174,0.015,-0.003,22
-9.600,2.100,73.950,0.237,-1.688,9.625,-0.197,0.012,0.008,22
-9.600,2.100,73.950,0.230,-1.635,9.565,-0.245,0.015,0.007,23
-9.600,2.100,73.950,0.328,-1.776,9.471,-0.300,0.017,0.019,22
-9.600,2.100,73.950,0.187,-1.779,9.570,-0.329,0.023,0.014,22
-9.600,2.100,73.950,0.194,-1.911,9.620,-0.357,0.023,0.023,22
-9.600,2.850,73.950,0.218,-1.875,9.450,-0.387,0.027,0.016,22
-9.600,2.850,73.950,0.199,-2.112,9.404,-0.427,0.015,0.010,22
-9.000,2.250,73.650,0.294,-2.181,9.464,-0.454,0.015,0.008,23
-9.000,2.250,73.650,0.204,-2.354,9.443,-0.485,0.012,0.004,22
-9.600,1.350,73.950,0.208,-2.421,9.450,-0.509,0.013,0.004,22
-9.600,1.350,73.950,0.204,-2.602,9.404,-0.527,0.011,0.002,22
-9.600,1.350,73.950,0.373,-2.717,9.610,-0.535,0.014,0.003,22
-10.050,0.150,74.250,0.239,-2.895,9.493,-0.537,0.024,0.008,22
-10.050,0.150,74.250,0.239,-3.089,9.268,-0.526,0.007,0.005,23
-10.050,0.150,74.250,0.120,-3.062,9.251,-0.523,0.013,0.003,22
-10.050,0.150,74.250,0.144,-3.230,9.306,-0.528,0.021,0.009,22
-9.750,-1.500,75.600,0.364,-3.316,9.424,-0.526,0.010,0.015,22
-9.750,-1.500,75.600,0.330,-3.366,9.371,-0.513,0.016,0.014,22
-8.700,-2.250,74.100,0.144,-3.474,9.194,-0.525,0.021,0.012,22
-8.700,-2.250,74.100,0.045,-3.354,9.091,-0.528,0.021,0.003,23
-8.700,-2.250,74.100,0.182,-3.558,9.167,-0.538,0.015,-0.004,22
-10.950,-2.700,74.400,0.275,-3.692,9.151,-0.549,0.015,-0.003,22
-10.950,-2.700,74.400,0.168,-3.831,9.151,-0.543,0.017,-0.002,22
-10.500,-3.450,74.100,0.115,-4.281,9.163,-0.533,0.013,0.001,22
-10.500,-3.450,74.100,0.412,-4.274,8.933,-0.517,0.017,0.011,22
-10.500,-3.450,74.100,0.201,-4.264,8.940,-0.483,0.020,0.020,23
-10.500,-3.450,74.100,0.196,-4.338,8.930,-0.480,0.021,0.022,22
NEW_MEASUREMENTS
-5.550,3.450,77.100,-2.502,-4.441,8.521,-0.041,-0.085,0.009,38
-5.550,3.450,77.100,-1.429,-2.844,7.961,-0.047,-0.007,0.015,23
-3.150,4.050,77.250,0.266,-3.247,9.685,-0.098,-0.038,-0.012,23
-3.150,4.050,77.250,1.532,-3.452,9.610,-0.048,-0.048,-0.007,23
-3.750,2.250,76.650,0.290,-3.843,9.354,-0.090,0.020,0.016,22
-3.750,2.250,76.650,-0.579,-3.057,8.260,-0.091,-0.012,-0.004,22
-2.700,2.850,77.550,0.309,-3.627,9.299,-0.054,-0.017,-0.027,22
-2.700,2.850,77.550,1.056,-3.395,9.074,-0.079,0.016,0.006,23
-2.700,2.850,77.550,0.400,-3.577,9.321,-0.089,-0.021,0.007,22
-2.700,2.850,77.550,-0.062,-3.352,8.712,-0.063,-0.039,-0.009,22
-3.000,2.700,77.100,-0.488,-3.338,9.057,-0.088,-0.006,0.008,22
-3.000,2.700,77.100,0.034,-3.227,8.739,-0.075,0.023,0.003,22
-3.000,2.700,77.100,0.692,-3.570,9.553,-0.099,-0.025,-0.011,22
-3.000,2.700,77.100,0.790,-3.618,9.625,-0.135,-0.011,-0.004,23
-3.000,2.700,77.100,0.357,-3.211,8.899,-0.133,-0.000,-0.002,22
-3.150,2.850,77.250,-0.151,-3.354,8.976,-0.173,-0.004,0.002,22
-3.150,2.850,77.250,-0.041,-3.261,8.897,-0.211,-0.008,-0.003,22
-2.700,2.850,77.550,0.376,-3.287,8.990,-0.245,0.009,-0.001,22
-2.700,2.850,77.550,0.529,-3.347,9.143,-0.306,0.012,-0.006,22
-3.000,2.250,78.150,0.328,-3.383,9.009,-0.360,0.014,-0.007,23
-3.000,2.250,78.150,0.132,-3.318,8.746,-0.408,0.009,-0.001,22
-3.000,2.250,78.150,0.117,-3.654,9.043,-0.443,0.013,-0.001,22
-3.600,1.650,77.250,0.426,-3.615,8.921,-0.501,0.006,0.017,22
-3.600,1.650,77.250,0.366,-3.950,9.117,-0.537,-0.003,0.009,22
-3.600,1.650,77.250,0.290,-3.953,8.741,-0.555,0.015,0.018,22
-3.600,1.650,77.250,0.093,-4.101,8.722,-0.579,0.010,0.015,23
-3.900,-1.650,78.750,0.194,-4.350,8.590,-0.598,0.017,0.003,22
-3.900,-1.650,78.750,0.318,-4.518,8.861,-0.594,0.012,0.004,22
-3.000,-3.900,77.400,0.254,-4.733,8.803,-0.601,0.020,0.011,22
-3.000,-3.900,77.400,0.192,-4.741,8.569,-0.605,0.011,0.015,22
-3.000,-3.900,77.400,0.249,-4.748,8.413,-0.606,0.010,0.016,22
-2.550,-3.450,79.350,0.294,-4.987,8.629,-0.606,0.019,0.012,22
-2.550,-3.450,79.350,0.393,-5.001,8.344,-0.604,0.024,0.016,23
-3.750,-3.450,78.600,0.247,-5.224,8.404,-0.591,0.013,0.005,22
-3.750,-3.450,78.600,0.089,-5.406,8.270,-0.584,0.016,0.008,22
-3.750,-3.450,78.600,0.098,-5.377,8.147,-0.580,0.014,0.011,22
-3.750,-3.450,78.600,0.237,-5.485,8.545,-0.543,-0.002,0.019,22
-3.750,-6.600,76.650,0.833,-5.689,8.332,-0.511,0.011,0.014,22
-3.750,-6.600,76.650,0.328,-5.950,8.200,-0.468,0.019,-0.003,23
-3.750,-6.600,76.650,0.201,-6.218,8.186,-0.410,0.019,-0.010,22
-3.000,-8.100,77.100,-0.050,-5.811,7.882,-0.390,0.007,0.006,22
-3.000,-8.100,77.100,0.201,-6.144,8.241,-0.343,0.005,0.001,22
-1.950,-9.150,76.950,0.335,-6.050,7.994,-0.330,0.015,0.010,22
-1.950,-9.150,76.950,0.419,-6.005,8.016,-0.305,0.016,-0.001,22
-4.800,-8.100,77.850,0.342,-6.033,7.853,-0.271,0.012,-0.013,23
-4.800,-8.100,77.850,0.199,-6.036,7.934,-0.283,0.021,-0.012,22
-4.800,-8.100,77.850,0.156,-5.945,7.669,-0.280,0.015,-0.004,22
-4.800,-8.100,77.850,0.263,-6.065,7.985,-0.275,0.008,0.001,22
-4.800,-8.100,77.850,0.373,-5.981,7.755,-0.289,0.010,0.004,22
-3.150,-8.400,76.500,0.326,-6.000,7.664,-0.311,0.012,0.004,22
-3.150,-8.400,76.500,0.273,-5.899,7.520,-0.345,0.018,-0.007,23
-3.150,-8.400,76.500,0.271,-6.017,7.760,-0.371,0.015,-0.007,22
-3.150,-8.400,76.500,0.242,-5.971,7.501,-0.406,0.019,0.004,22
-3.900,-12.300,77.250,0.215,-6.084,7.321,-0.445,0.014,0.009,22
-3.900,-12.300,77.250,0.196,-6.117,7.424,-0.472,0.013,0.008,22
-4.050,-12.000,77.400,0.223,-6.199,7.298,-0.516,0.013,0.008,22
-4.050,-12.000,77.400,0.335,-6.249,7.276,-0.545,0.016,-0.002,23
-4.050,-12.000,77.400,0.302,-6.443,7.326,-0.589,0.016,0.003,22
-3.150,-12.300,75.000,0.220,-6.673,7.161,-0.617,0.017,0.008,22
-3.150,-12.300,75.000,0.170,-6.701,7.039,-0.636,0.008,0.017,22
-2.550,-13.200,74.400,0.273,-6.852,6.919,-0.663,0.007,0.026,22
-2.550,-13.200,74.400,0.302,-6.979,6.835,-0.674,0.016,0.016,22
-2.550,-13.200,74.400,0.328,-6.981,6.783,-0.686,0.017,0.014,23
-2.550,-13.200,74.400,0.182,-7.302,6.673,-0.687,0.014,0.008,22
-3.150,-17.400,74.250,0.103,-7.429,6.685,-0.674,0.019,0.016,22
-3.150,-17.400,74.250,0.158,-7.537,6.467,-0.670,0.016,0.023,22
-3.150,-17.400,74.250,0.165,-7.582,6.407,-0.655,0.009,0.021,22
-3.300,-19.500,74.100,0.215,-7.717,6.469,-0.627,0.011,0.008,22
-3.300,-19.500,74.100,0.254,-7.922,6.239,-0.617,0.019,0.009,23
-2.700,-18.450,72.750,0.302,-7.925,6.175,-0.591,0.019,0.009,22
-2.700,-18.450,72.750,0.206,-7.968,6.096,-0.570,0.021,0.004,22
-2.550,-19.500,73.650,0.251,-7.966,6.041,-0.554,0.018,0.006,22
-2.550,-19.500,73.650,0.215,-8.004,5.914,-0.539,0.017,0.007,22
-2.550,-19.500,73.650,0.153,-8.047,5.751,-0.538,0.020,0.009,22
-2.550,-19.500,73.650,0.110,-8.097,5.705,-0.537,0.019,0.004,23
-2.400,-21.300,72.750,0.057,-8.135,5.576,-0.530,0.018,0.001,22
-2.400,-21.300,72.750,0.144,-8.250,5.569,-0.533,0.019,0.004,22
-2.400,-21.300,72.750,0.249,-8.253,5.466,-0.529,0.021,0.010,22
-2.700,-23.550,72.000,0.220,-8.332,5.464,-0.533,0.013,0.005,22
-2.700,-23.550,72.000,0.153,-8.373,5.188,-0.534,0.016,0.006,22
-2.700,-24.000,69.750,0.218,-8.490,5.169,-0.535,0.017,0.005,23
-2.700,-24.000,69.750,0.151,-8.396,5.092,-0.540,0.014,0.008,22
-2.700,-23.550,69.000,0.048,-8.633,5.140,-0.522,-0.003,0.003,22
-2.700,-23.550,69.000,0.103,-8.562,4.997,-0.526,0.002,0.015,22
-2.550,-27.000,69.300,0.101,-8.689,4.705,-0.508,0.017,0.002,22
-2.550,-27.000,69.300,0.263,-8.751,4.769,-0.504,0.022,-0.003,22
-2.550,-27.000,69.300,0.220,-8.708,4.640,-0.519,0.025,0.002,22
-1.500,-27.750,69.300,-0.072,-8.842,4.453,-0.507,0.013,-0.000,23
-1.500,-27.750,69.300,0.180,-8.952,4.228,-0.497,0.017,0.001,22
-1.500,-27.750,69.300,0.146,-9.048,4.432,-0.497,0.009,0.005,22
-1.500,-27.750,69.300,0.254,-8.928,4.175,-0.495,0.015,0.007,22
-3.150,-28.650,68.700,0.072,-8.997,4.537,-0.488,0.021,-0.005,22
-3.150,-28.650,68.700,-0.019,-9.143,4.094,-0.499,0.024,0.006,22
-3.000,-29.700,68.100,0.124,-9.165,4.130,-0.496,0.007,0.002,23
-3.000,-29.700,68.100,0.062,-9.009,4.073,-0.491,0.019,0.003,22
-3.000,-29.700,68.100,0.168,-9.098,3.826,-0.499,0.021,0.003,22
-1.500,-29.250,65.850,0.072,-9.127,3.807,-0.498,0.008,0.002,22
-1.500,-29.250,65.850,0.160,-9.196,3.598,-0.510,0.027,0.010,22
-2.700,-31.050,65.700,0.204,-9.201,3.826,-0.531,0.028,0.007,22
-2.700,-31.050,65.700,0.192,-9.148,3.294,-0.495,0.011,0.001,23
-2.700,-31.050,65.700,0.026,-9.622,3.955,-0.525,0.020,0.009,22
-2.700,-31.050,65.700,0.067,-9.074,2.741,-0.508,0.012,0.008,22
-2.550,-33.150,62.850,-0.017,-9.697,3.938,-0.479,-0.007,-0.003,22
-2.550,-33.150,62.850,0.213,-9.187,2.567,-0.511,0.028,0.002,22
-2.550,-33.150,62.850,0.318,-9.433,2.739,-0.489,0.014,0.007,22
-1.950,-33.000,63.450,0.122,-9.673,3.045,-0.459,0.014,-0.004,23
-1.950,-33.000,63.450,0.093,-9.720,3.057,-0.462,0.023,-0.001,22
-1.950,-35.700,61.200,-0.067,-9.558,2.418,-0.455,0.017,0.004,22
-1.950,-35.700,61.200,0.050,-10.041,3.127,-0.396,-0.000,0.002,22
-1.200,-33.750,59.700,0.108,-10.027,2.988,-0.353,0.005,0.000,22
-1.200,-33.750,59.700,0.110,-9.780,2.428,-0.346,0.024,-0.000,22
-1.200,-33.750,59.700,0.129,-9.967,2.574,-0.277,0.006,-0.008,23
-1.200,-33.750,59.700,-0.024,-9.938,2.602,-0.233,0.012,-0.008,22
-1.200,-33.750,59.700,-0.053,-9.821,2.368,-0.235,0.013,-0.003,22
-1.800,-36.300,59.850,0.266,-9.732,2.164,-0.173,-0.005,-0.013,22
-1.800,-36.300,59.850,0.012,-10.187,2.761,-0.175,0.030,-0.004,22
-1.800,-36.300,59.850,0.074,-9.941,2.179,-0.104,0.019,-0.008,22
-1.800,-36.300,59.850,0.010,-10.364,2.679,-0.020,0.018,-0.008,23
-1.800,-36.750,58.500,0.014,-10.089,2.277,0.030,0.013,-0.020,22
-1.800,-36.750,58.500,0.239,-9.972,2.763,0.063,0.051,-0.024,22
0.300,-35.100,61.800,0.467,-9.653,2.334,0.090,0.057,-0.035,22
0.300,-35.100,61.800,-0.093,-9.787,2.186,0.097,0.074,-0.051,22
0.300,-35.100,61.800,-0.184,-9.953,2.322,0.138,0.051,-0.048,22
-1.950,-33.450,61.650,-0.196,-9.665,2.775,0.170,0.033,-0.032,23
-1.950,-33.450,61.650,-0.129,-10.027,2.727,0.192,-0.001,-0.019,22
-2.700,-33.450,61.650,-0.038,-9.603,2.418,0.213,0.003,-0.006,22
-2.700,-33.450,61.650,0.110,-9.799,2.693,0.258,-0.017,-0.014,22
-2.700,-33.450,61.650,0.479,-9.785,2.636,0.269,0.026,-0.017,22
-2.700,-33.450,61.650,0.034,-9.785,2.665,0.279,0.015,-0.026,22
-1.200,-32.550,60.900,0.086,-9.550,2.837,0.299,0.017,-0.032,23
-1.200,-32.550,60.900,-0.091,-9.706,3.026,0.324,-0.005,-0.016,22
-1.200,-32.550,60.900,-0.041,-9.488,2.952,0.318,-0.001,-0.018,22
-1.500,-33.150,64.050,0.165,-9.589,3.263,0.361,-0.007,-0.019,22
-1.500,-33.150,64.050,0.170,-9.675,3.124,0.390,0.004,-0.022,22
-1.200,-31.800,63.900,0.239,-9.572,3.443,0.397,0.006,-0.025,22
-1.200,-31.800,63.900,0.053,-9.376,3.220,0.404,0.019,-0.027,23
-2.700,-30.300,65.400,-0.026,-9.498,3.469,0.431,0.002,-0.029,22
-2.700,-30.300,65.400,0.101,-9.256,3.531,0.432,0.006,-0.019,22
-2.700,-30.300,65.400,0.081,-9.352,3.610,0.436,0.003,-0.020,22
-2.700,-30.300,65.400,0.204,-9.225,3.673,0.458,0.004,-0.021,22
-2.700,-30.300,65.400,0.177,-9.258,3.903,0.458,0.000,-0.027,22
-2.550,-28.500,65.850,0.153,-9.002,3.867,0.447,0.010,-0.028,22
-2.550,-28.500,65.850,0.230,-9.096,3.989,0.457,0.002,-0.031,22
-1.800,-28.950,67.800,0.215,-8.808,4.003,0.418,0.016,-0.030,23
-1.800,-28.950,67.800,0.096,-8.792,4.417,0.371,0.025,-0.036,22
-0.750,-29.700,66.600,-0.077,-8.873,4.195,0.364,0.008,-0.026,22
-0.750,-29.700,66.600,-0.012,-8.959,4.422,0.356,-0.002,-0.017,22
-2.250,-27.000,68.100,0.141,-8.720,4.513,0.357,-0.009,-0.006,22
-2.250,-27.000,68.100,0.259,-8.787,4.448,0.345,0.005,-0.013,23
-2.250,-27.750,69.600,0.213,-8.665,4.618,0.354,0.006,-0.028,22
-2.250,-27.750,69.600,0.129,-8.722,4.707,0.337,0.022,-0.024,22
-2.250,-27.750,69.600,0.067,-8.595,4.719,0.334,0.011,-0.028,22
-2.400,-25.950,68.250,0.117,-8.703,4.863,0.330,0.005,-0.019,22
-2.400,-25.950,68.250,0.060,-8.533,4.860,0.320,0.006,-0.017,22
-2.400,-25.950,68.250,0.163,-8.588,5.035,0.315,0.007,-0.020,23
-2.400,-25.950,68.250,0.136,-8.459,4.954,0.319,0.010,-0.020,22
-2.400,-24.750,70.500,0.263,-8.466,5.155,0.309,0.005,-0.024,22
-2.400,-24.750,70.500,0.103,-8.461,5.114,0.320,0.006,-0.022,22
-2.550,-23.400,68.850,0.029,-8.514,5.294,0.322,0.006,-0.018,22
-2.550,-23.400,68.850,0.232,-8.437,5.411,0.336,0.003,-0.015,22
-2.550,-23.400,68.850,0.287,-8.408,5.425,0.349,0.007,-0.016,23
-2.700,-22.800,70.500,0.309,-8.363,5.442,0.362,0.009,-0.022,22
-2.700,-22.800,70.500,0.273,-8.298,5.598,0.374,0.015,-0.027,22
-2.400,-23.250,70.950,0.196,-8.231,5.650,0.378,0.023,-0.037,22
-2.400,-23.250,70.950,0.081,-8.124,5.760,0.387,0.018,-0.033,22
-2.400,-23.250,70.950,0.091,-8.092,5.986,0.404,0.004,-0.017,22
-2.400,-23.250,70.950,0.101,-8.001,5.873,0.420,-0.002,-0.015,23
-2.700,-20.400,72.450,0.220,-7.997,5.897,0.428,-0.001,-0.021,22
-2.700,-20.400,72.450,0.364,-7.870,5.947,0.425,0.018,-0.039,22
-2.700,-20.400,72.450,0.175,-7.760,6.153,0.426,0.018,-0.033,22
-3.900,-18.900,73.500,0.208,-7.748,6.144,0.426,0.010,-0.029,22
-3.900,-18.900,73.500,0.199,-7.597,6.223,0.417,0.005,-0.019,22
-2.700,-18.450,73.950,0.256,-7.489,6.337,0.409,0.001,-0.025,23
-2.700,-18.450,73.950,0.249,-7.374,6.357,0.395,0.006,-0.028,22
-3.750,-16.800,74.850,0.299,-7.463,6.455,0.387,0.009,-0.028,22
-3.750,-16.800,74.850,0.156,-7.532,6.618,0.400,0.011,-0.021,22
-3.750,-16.800,74.850,0.163,-7.326,6.677,0.409,0.004,-0.024,22
-3.750,-16.800,74.850,0.218,-7.314,6.800,0.415,-0.002,-0.018,22
-3.750,-16.800,74.850,0.318,-7.298,6.730,0.433,0.007,-0.019,23
-3.900,-16.500,75.000,0.326,-7.123,6.895,0.439,0.014,-0.029,22
-3.900,-16.500,75.000,0.237,-7.070,7.013,0.450,0.015,-0.030,22
-3.900,-16.500,75.000,0.223,-7.027,7.063,0.450,0.005,-0.034,22
-3.900,-16.500,75.000,0.170,-6.910,7.034,0.466,0.004,-0.020,22
-3.750,-13.650,75.150,0.218,-6.924,7.278,0.480,0.003,-0.026,22
-3.750,-13.650,75.150,0.333,-6.768,7.336,0.488,0.003,-0.030,23
-2.400,-13.050,76.500,0.290,-6.615,7.360,0.505,0.008,-0.030,22
-2.400,-13.050,76.500,0.124,-6.713,7.554,0.529,0.006,-0.028,22
-2.400,-13.050,76.500,0.326,-6.665,7.444,0.551,0.004,-0.031,22
-2.400,-11.100,76.200,0.136,-6.438,7.594,0.571,0.004,-0.031,22
-2.400,-11.100,76.200,0.316,-6.244,7.628,0.588,0.001,-0.028,22
-3.000,-8.100,75.900,0.299,-6.084,7.695,0.587,0.008,-0.027,23
-3.000,-8.100,75.900,0.378,-5.899,7.752,0.582,0.002,-0.031,22
-3.000,-8.100,75.900,0.285,-5.780,7.884,0.570,-0.000,-0.025,22
-3.000,-8.100,75.900,0.287,-5.669,7.934,0.545,0.004,-0.022,22
-3.750,-6.600,76.650,0.395,-5.535,7.954,0.527,0.005,-0.022,22
-3.750,-6.600,76.650,0.187,-5.413,8.133,0.509,-0.001,-0.023,22
-3.750,-6.600,76.650,0.376,-5.164,8.145,0.471,0.009,-0.026,22
-5.400,-5.250,75.750,0.323,-5.119,8.224,0.448,0.007,-0.024,23
-5.400,-5.250,75.750,0.199,-5.100,8.176,0.423,-0.000,-0.020,22
-3.750,-4.950,78.900,0.311,-4.853,8.346,0.374,0.003,-0.009,22
-3.750,-4.950,78.900,0.302,-4.891,8.358,0.350,0.007,-0.007,22
-3.750,-3.900,78.600,0.402,-4.705,8.377,0.321,0.008,-0.006,22
-3.750,-3.900,78.600,0.302,-4.865,8.528,0.303,0.006,-0.011,22
-3.750,-3.900,78.600,0.364,-4.736,8.425,0.264,0.009,-0.024,23
-3.750,-3.900,78.600,0.357,-4.748,8.554,0.254,0.009,-0.024,22
-3.750,-3.900,78.600,0.271,-4.784,8.660,0.249,0.011,-0.014,22
-2.700,-2.100,76.950,0.213,-4.803,8.775,0.265,-0.001,-0.011,22
-2.700,-2.100,76.950,0.326,-4.760,8.717,0.278,0.002,-0.015,22
-2.250,-0.750,77.100,0.328,-4.767,8.734,0.301,0.004,-0.017,22
-2.250,-0.750,77.100,0.366,-4.657,8.777,0.313,0.010,-0.014,23
-3.600,-0.150,77.550,0.316,-4.623,8.890,0.348,0.003,-0.018,22
-3.600,-0.150,77.550,0.292,-4.492,8.892,0.366,0.004,-0.024,22
-2.550,2.250,78.900,0.371,-4.360,8.832,0.371,0.009,-0.028,22
-2.550,2.250,78.900,0.338,-4.274,8.871,0.393,0.009,-0.024,22
-2.550,2.250,78.900,0.292,-4.199,8.933,0.398,0.007,-0.025,22
-2.550,2.250,78.900,0.302,-4.063,8.947,0.407,0.007,-0.022,23
-2.550,2.250,78.900,0.340,-3.962,8.981,0.411,0.008,-0.027,22
-3.750,1.050,78.600,0.330,-3.852,9.079,0.425,0.004,-0.027,22
-3.750,1.050,78.600,0.338,-3.694,9.122,0.424,0.007,-0.027,22
-3.750,1.050,78.600,0.287,-3.634,9.069,0.422,0.006,-0.031,22
-3.750,1.050,78.600,0.385,-3.450,9.146,0.404,0.009,-0.025,22
-3.300,4.200,77.850,0.350,-3.354,9.261,0.402,0.010,-0.031,23
-3.300,4.200,77.850,0.280,-3.338,9.239,0.399,0.008,-0.021,22
-3.150,3.600,76.950,0.323,-3.266,9.234,0.391,0.011,-0.023,22
-3.150,3.600,76.950,0.385,-3.227,9.227,0.396,0.001,-0.021,22
-3.150,3.600,76.950,0.364,-3.093,9.340,0.398,0.011,-0.019,22
-3.150,6.450,76.200,0.328,-2.986,9.306,0.396,0.010,-0.023,22
-3.150,6.450,76.200,0.189,-2.947,9.428,0.404,0.000,-0.027,23
-3.300,6.900,75.900,0.306,-2.761,9.366,0.404,0.006,-0.023,22
-3.300,6.900,75.900,0.383,-2.799,9.510,0.412,0.010,-0.023,22
-3.300,6.900,75.900,0.350,-2.490,9.464,0.406,0.014,-0.025,22
-3.300,6.900,75.900,0.409,-2.315,9.402,0.398,-0.001,-0.027,22
-4.050,8.100,75.900,0.409,-2.392,9.515,0.399,0.009,-0.020,22
-4.050,8.100,75.900,0.460,-2.284,9.558,0.404,0.011,-0.023,23
-4.050,8.100,75.900,0.421,-2.193,9.589,0.389,0.005,-0.029,22
-2.400,10.350,76.950,0.311,-1.970,9.498,0.383,0.009,-0.026,22
-2.400,10.350,76.950,0.268,-1.942,9.567,0.378,0.010,-0.022,22
-3.000,10.500,75.150,0.397,-1.832,9.656,0.376,0.013,-0.016,22
-3.000,10.500,75.150,0.390,-1.817,9.661,0.368,0.007,-0.022,22
-3.000,12.000,74.850,0.371,-1.690,9.574,0.361,0.010,-0.030,23
-3.000,12.000,74.850,0.330,-1.422,9.510,0.363,0.001,-0.023,22
-3.000,12.000,74.850,0.352,-1.439,9.685,0.326,0.005,-0.018,22
-3.000,12.000,74.850,0.362,-1.176,9.416,0.291,0.008,-0.017,22
-3.000,12.000,74.850,0.304,-1.178,9.783,0.277,0.003,-0.015,22
-1.200,12.300,75.450,0.400,-1.171,9.649,0.230,0.003,-0.017,22
-1.200,12.300,75.450,0.318,-1.008,9.692,0.194,0.011,-0.013,23
-2.550,13.650,75.150,0.338,-0.934,9.555,0.165,0.010,-0.016,22
-2.550,13.650,75.150,0.338,-1.018,9.768,0.134,0.008,-0.012,22
-2.400,13.050,74.250,0.441,-0.943,9.680,0.095,0.005,-0.013,22
-2.400,13.050,74.250,0.397,-0.833,9.677,0.063,0.013,-0.016,22
-2.550,13.950,75.600,0.316,-0.778,9.610,0.034,0.016,-0.007,22
-2.550,13.950,75.600,0.352,-0.754,9.699,-0.022,0.010,-0.009,22
-2.550,13.950,75.600,0.438,-0.711,9.625,-0.057,0.017,-0.005,23
-4.350,14.250,75.000,0.407,-0.781,9.677,-0.087,0.013,-0.003,22
-4.350,14.250,75.000,0.429,-0.831,9.649,-0.114,0.012,0.002,22
-3.600,13.500,75.750,0.407,-0.893,9.787,-0.143,0.016,0.006,22
-3.600,13.500,75.750,0.373,-0.912,9.737,-0.160,0.016,0.008,22
-3.600,13.500,75.750,0.376,-0.934,9.646,-0.193,0.015,0.006,22
-3.600,13.500,75.750,0.383,-0.891,9.685,-0.232,0.016,-0.002,23
-3.900,14.250,74.700,0.414,-0.895,9.689,-0.266,0.015,0.001,22
-3.900,14.250,74.700,0.426,-0.958,9.591,-0.302,0.018,-0.005,22
-3.900,14.250,74.700,0.405,-1.044,9.596,-0.346,0.012,0.001,22
-3.900,13.050,74.700,0.441,-1.065,9.495,-0.402,0.021,0.006,22
-3.900,13.050,74.700,0.373,-1.159,9.766,-0.435,0.015,0.008,22
-2.700,12.600,75.750,0.393,-1.223,9.572,-0.470,0.009,0.013,23
-2.700,12.600,75.750,0.443,-1.403,9.543,-0.517,0.019,0.010,22
-3.150,11.400,75.000,0.400,-1.468,9.584,-0.549,0.016,0.006,22
-3.150,11.400,75.000,0.206,-1.652,9.359,-0.588,0.013,0.008,22
-3.150,11.400,75.000,0.352,-1.824,9.584,-0.611,0.021,0.016,22
-3.150,11.400,75.000,0.199,-1.827,9.361,-0.651,-0.002,0.027,22
-3.000,11.400,75.000,0.342,-2.222,9.641,-0.686,0.003,0.033,23
-3.000,10.050,75.900,0.426,-2.143,9.249,-0.692,-0.001,0.035,22
-3.000,10.050,75.900,0.335,-2.476,9.364,-0.717,0.002,0.024,22
-3.600,7.500,76.500,0.424,-2.488,9.117,-0.744,0.012,0.023,22
-3.600,7.500,76.500,0.407,-2.763,9.469,-0.742,0.019,0.012,22
-3.300,6.900,77.400,0.156,-2.923,9.258,-0.753,0.022,0.012,22
-3.300,6.900,77.400,0.247,-3.263,9.201,-0.755,0.032,0.018,23
-4.050,3.900,77.100,0.486,-3.694,8.947,-0.717,0.016,0.027,22
-4.050,3.900,77.100,0.484,-3.718,9.459,-0.709,0.015,0.024,22
-4.050,3.900,77.100,0.414,-3.484,9.079,-0.678,0.020,0.008,22
-4.050,3.900,77.100,0.488,-3.960,9.294,-0.646,0.013,0.007,22
-4.050,3.900,77.100,0.299,-3.967,9.000,-0.628,0.021,0.008,22
-4.650,1.350,76.500,0.263,-3.967,9.172,-0.603,0.019,0.007,23
-4.650,1.350,76.500,0.256,-4.238,9.050,-0.570,0.001,0.016,22
-2.550,1.050,77.100,0.400,-4.202,8.861,-0.558,0.014,0.019,22
-2.550,1.050,77.100,0.302,-4.331,8.837,-0.535,0.018,0.009,22
-3.000,-1.050,77.850,0.180,-4.367,8.806,-0.521,0.012,0.006,22
-3.000,-1.050,77.850,0.187,-4.398,8.796,-0.514,0.008,0.002,22
-3.300,-1.050,78.150,0.402,-4.484,8.689,-0.509,0.014,0.004,23
-3.300,-1.050,78.150,0.340,-4.693,8.880,-0.488,0.016,0.009,22
-3.300,-1.050,78.150,0.299,-4.851,8.684,-0.483,0.020,0.005,22
-3.000,-2.700,78.150,0.292,-4.887,8.636,-0.470,0.017,0.005,22
-3.000,-2.700,78.150,0.347,-4.867,8.653,-0.460,0.013,0.006,22
-3.750,-3.450,77.850,0.306,-4.956,8.643,-0.441,0.016,0.007,22
-3.750,-3.450,77.850,0.299,-5.057,8.602,-0.424,0.014,0.004,23
-3.750,-3.450,77.850,0.359,-5.090,8.487,-0.416,0.015,-0.000,22
-3.750,-3.450,77.850,0.287,-5.133,8.461,-0.414,0.013,0.004,22
-3.300,-4.950,77.100,0.328,-5.092,8.337,-0.412,0.020,0.000,22
-3.300,-4.950,77.100,0.208,-5.219,8.430,-0.410,0.019,0.000,22
-3.300,-4.950,77.100,0.218,-5.286,8.270,-0.412,0.013,0.006,23
-3.600,-5.250,78.300,0.371,-5.284,8.272,-0.419,0.018,0.006,22
-3.600,-5.250,78.300,0.393,-5.423,8.181,-0.420,0.014,-0.003,22
-3.600,-6.750,77.250,0.283,-5.523,8.205,-0.422,0.021,-0.008,22
-3.600,-6.750,77.250,0.251,-5.634,8.157,-0.418,0.021,-0.004,22
-2.550,-7.800,78.600,0.273,-5.593,8.078,-0.420,0.018,-0.003,22
-2.550,-7.800,78.600,0.235,-5.643,8.195,-0.417,0.012,0.004,22
-2.550,-7.800,78.600,0.306,-5.796,8.066,-0.418,0.011,0.006,22
-2.550,-7.800,78.600,0.297,-5.794,7.951,-0.427,0.016,0.003,23
-2.550,-7.800,78.600,0.290,-5.792,7.851,-0.432,0.014,0.001,22
-3.300,-9.000,77.100,0.235,-5.806,7.901,-0.445,0.015,-0.005,22
-3.300,-9.000,77.100,0.182,-5.918,7.810,-0.450,0.017,0.000,22
-1.200,-10.350,76.500,0.261,-6.177,7.705,-0.450,0.016,0.005,22
-1.200,-10.350,76.500,0.278,-6.381,7.786,-0.429,0.013,0.008,23
-3.750,-12.000,76.650,0.192,-6.488,7.681,-0.402,0.011,0.009,22
-3.750,-12.000,76.650,0.230,-6.622,7.781,-0.333,0.002,0.006,22
-3.900,-12.300,76.950,0.144,-6.701,7.717,-0.272,-0.003,0.007,22
-3.900,-12.300,76.950,0.196,-7.063,7.877,-0.212,-0.008,0.003,22
-3.900,-12.300,76.950,0.280,-7.027,7.642,-0.133,-0.017,-0.002,22
-3.900,-12.300,76.950,0.333,-7.151,7.755,-0.016,-0.017,0.002,22
-3.900,-12.300,76.950,0.390,-6.958,7.597,0.036,-0.004,-0.012,23
-3.750,-10.950,77.100,0.220,-6.742,7.939,0.076,0.012,-0.016,22
-3.750,-10.950,77.100,0.053,-7.003,7.863,0.159,0.007,-0.017,22
-3.750,-10.950,77.100,0.218,-6.677,7.743,0.193,0.009,-0.018,22
-3.750,-10.950,77.100,0.199,-6.414,7.482,0.244,0.008,-0.021,22
-2.400,-10.350,76.950,0.266,-6.788,7.910,0.300,0.001,-0.027,22
-2.400,-10.350,76.950,0.350,-6.390,7.975,0.322,0.007,-0.023,23
-2.400,-10.350,76.950,0.306,-6.251,7.922,0.358,0.013,-0.030,22
-3.000,-10.050,78.150,0.261,-6.189,7.970,0.384,0.017,-0.035,22
-3.000,-10.050,78.150,0.249,-6.115,7.913,0.412,0.013,-0.042,22
-2.400,-9.150,77.250,0.227,-5.988,7.977,0.423,0.014,-0.032,22
-2.400,-9.150,77.250,0.196,-5.990,8.066,0.448,0.015,-0.025,22
-4.650,-6.450,76.500,0.232,-5.787,8.121,0.469,0.005,-0.021,23
-4.650,-6.450,76.500,0.419,-5.619,8.135,0.476,0.009,-0.034,22
-4.650,-6.450,76.500,0.354,-5.598,8.147,0.496,0.008,-0.038,22
-4.650,-6.450,76.500,0.357,-5.490,8.260,0.501,0.006,-0.038,22
-4.650,-6.450,76.500,0.290,-5.435,8.346,0.513,0.008,-0.026,22
-3.750,-4.950,76.650,0.182,-5.195,8.303,0.529,0.005,-0.026,22
-3.750,-4.950,76.650,0.237,-5.085,8.519,0.536,0.001,-0.013,23
-3.150,-3.300,77.550,0.338,-5.021,8.454,0.533,0.007,-0.033,22
-3.150,-3.300,77.550,0.467,-4.824,8.531,0.538,0.009,-0.036,22
-4.350,-3.300,77.550,0.268,-4.628,8.540,0.523,0.010,-0.039,22
-4.350,-3.300,77.550,0.366,-4.195,8.519,0.497,0.013,-0.043,22
-3.600,0.150,78.000,0.405,-3.972,8.607,0.420,0.023,-0.034,22
-3.600,0.150,78.000,0.287,-4.195,8.794,0.392,0.011,-0.033,23
-3.600,0.150,78.000,0.199,-3.996,8.672,0.354,0.005,-0.019,22
-3.600,0.150,78.000,0.232,-3.929,8.753,0.295,0.000,-0.009,22
-3.600,0.150,78.000,0.378,-3.958,8.909,0.248,0.010,-0.012,22
-4.050,1.050,77.400,0.321,-3.785,8.873,0.213,0.009,-0.022,22
-4.050,1.050,77.400,0.268,-3.814,8.772,0.177,0.011,-0.024,22
-3.300,1.050,78.150,0.309,-3.816,9.014,0.139,0.007,-0.012,23
-3.300,1.050,78.150,0.292,-3.778,8.947,0.114,0.013,-0.007,22
-2.700,1.650,79.050,0.263,-3.941,9.045,0.098,0.013,-0.010,22
-2.700,1.650,79.050,0.347,-3.917,9.012,0.086,0.014,-0.015,22
-5.100,2.100,77.250,0.378,-3.833,9.000,0.084,0.013,-0.011,22
-5.100,2.100,77.250,0.340,-3.874,9.129,0.081,0.009,-0.009,22
-5.100,2.100,77.250,0.359,-3.936,9.084,0.086,0.010,-0.010,23
-3.150,2.850,78.300,0.311,-3.838,9.076,0.094,0.009,-0.014,22
-3.150,2.850,78.300,0.342,-3.917,9.146,0.116,0.010,-0.016,22
-2.250,2.250,78.900,0.290,-3.821,9.234,0.128,0.009,-0.011,22
-2.250,2.250,78.900,0.304,-3.869,9.105,0.157,0.011,-0.013,22
-2.250,2.250,78.900,0.280,-3.917,9.151,0.186,0.005,-0.016,22
-2.250,2.250,78.900,0.431,-3.773,9.261,0.207,0.007,-0.019,22
-3.900,3.300,78.000,0.405,-3.706,9.234,0.224,0.009,-0.024,23
-3.900,3.300,78.000,0.318,-3.699,9.270,0.251,0.006,-0.030,22
-3.900,3.300,78.000,0.309,-3.615,9.179,0.263,0.012,-0.027,22
-3.000,4.950,77.400,0.371,-3.551,9.270,0.281,0.007,-0.022,22
-3.000,4.950,77.400,0.409,-3.340,9.215,0.309,0.006,-0.022,22
-4.800,6.150,77.400,0.357,-3.328,9.402,0.323,0.007,-0.024,22
-4.800,6.150,77.400,0.364,-3.220,9.268,0.335,0.008,-0.020,23
-2.550,4.650,77.400,0.340,-3.151,9.416,0.350,0.007,-0.021,22
-2.550,4.650,77.400,0.328,-3.105,9.383,0.359,0.011,-0.025,22
-2.550,4.650,77.400,0.369,-2.890,9.433,0.366,0.012,-0.021,22
-2.550,4.650,77.400,0.369,-2.856,9.373,0.382,0.002,-0.019,22
-2.550,4.650,77.400,0.474,-2.849,9.536,0.389,0.002,-0.024,22
-4.650,7.950,76.500,0.397,-2.696,9.500,0.402,0.009,-0.027,23
-4.650,7.950,76.500,0.338,-2.610,9.402,0.400,0.007,-0.032,22
-2.400,6.750,76.500,0.278,-2.452,9.455,0.406,0.008,-0.026,22
-2.400,6.750,76.500,0.371,-2.207,9.491,0.405,0.003,-0.022,22
-3.150,9.900,75.450,0.407,-2.200,9.491,0.397,0.003,-0.025,22
-3.150,9.900,75.450,0.424,-2.131,9.407,0.407,-0.002,-0.028,22
-3.000,11.250,76.350,0.180,-2.052,9.601,0.394,0.001,-0.029,23
-3.000,11.250,76.350,0.421,-1.925,9.699,0.388,0.008,-0.022,22
-3.000,11.250,76.350,0.426,-1.836,9.637,0.383,0.003,-0.023,22
-3.000,11.250,76.350,0.400,-1.688,9.625,0.384,0.009,-0.019,22
-3.000,11.250,76.350,0.469,-1.702,9.608,0.383,0.006,-0.017,22
-3.300,10.950,74.400,0.431,-1.662,9.713,0.382,0.002,-0.028,22
-3.300,10.950,74.400,0.467,-1.511,9.591,0.387,0.001,-0.032,23
-3.150,13.050,73.500,0.522,-1.506,9.857,0.402,0.018,-0.027,22
-3.150,13.050,73.500,0.510,-1.190,9.603,0.413,0.002,-0.026,22
-3.150,15.000,75.450,0.007,-1.523,9.962,0.410,-0.005,-0.024,22
-3.150,15.000,75.450,0.417,-0.994,9.608,0.410,-0.000,-0.018,22
-3.150,15.000,75.450,0.352,-0.836,9.716,0.397,0.021,-0.023,22
-4.650,16.200,72.450,0.534,-0.783,9.699,0.407,-0.001,-0.027,22
-4.650,16.200,72.450,0.596,-0.512,9.653,0.345,0.008,-0.026,23
-3.300,15.600,74.100,-0.010,-0.539,9.570,0.315,-0.007,-0.026,22
-3.300,15.600,74.100,0.464,-0.041,10.408,0.224,-0.012,-0.034,22
-3.900,16.200,73.950,0.864,0.962,9.553,0.036,0.016,-0.044,22
-3.900,16.200,73.950,0.424,0.541,9.469,-0.159,0.032,-0.047,22
-3.900,16.200,73.950,0.110,0.029,9.500,-0.246,0.033,-0.016,23
-3.900,16.200,73.950,0.038,-0.529,9.699,-0.265,0.028,0.014,22
-3.900,16.200,73.950,0.108,-1.065,10.113,-0.222,0.002,0.022,22
-4.650,16.500,74.700,0.546,-0.596,9.629,-0.220,-0.005,0.011,22
-4.650,16.500,74.700,0.474,-0.958,9.773,-0.227,0.007,0.016,22
-2.400,15.450,73.200,0.402,-0.874,9.799,-0.206,0.005,0.005,22
-2.400,15.450,73.200,0.314,-0.960,9.876,-0.197,0.002,-0.005,23
-2.250,15.600,74.100,0.520,-0.697,9.548,-0.211,0.018,0.004,22
-2.250,15.600,74.100,0.508,-0.682,9.610,-0.204,0.015,-0.004,22
-2.400,16.500,75.450,0.455,-0.812,9.852,-0.232,0.018,-0.006,22
-2.400,16.500,75.450,0.395,-0.706,9.634,-0.272,0.015,-0.007,22
-2.400,16.500,75.450,0.338,-0.812,9.613,-0.286,0.012,-0.006,22
-2.400,16.500,75.450,0.333,-0.742,9.682,-0.326,0.022,-0.001,22
-2.400,16.500,75.450,0.381,-0.716,9.618,-0.385,0.014,0.007,23
-3.750,12.900,74.100,0.371,-0.824,9.608,-0.435,0.009,0.007,22
-3.750,12.900,74.100,0.292,-0.816,9.517,-0.497,0.018,0.013,22
-1.800,13.650,74.400,0.441,-0.922,9.596,-0.552,0.010,0.004,22
-1.800,13.650,74.400,0.409,-1.247,9.953,-0.603,0.026,0.018,22
-2.400,11.400,75.750,0.005,-1.405,9.352,-0.665,0.029,0.014,22
-2.400,11.400,75.750,0.204,-1.405,9.378,-0.688,0.021,0.022,23
-2.550,9.300,76.350,0.314,-1.767,9.486,-0.739,0.008,0.023,22
-2.550,9.300,76.350,0.371,-1.666,9.316,-0.791,0.025,0.022,22
-2.550,9.300,76.350,0.338,-2.061,9.445,-0.812,0.020,0.018,22
-2.550,9.300,76.350,0.381,-2.107,9.469,-0.852,0.033,0.015,22
-2.550,9.300,76.350,0.455,-2.416,9.452,-0.884,0.018,0.030,22
-3.900,7.200,77.550,0.548,-2.832,9.424,-0.880,0.019,0.037,23
-3.900,7.200,77.550,-0.292,-3.677,9.929,-0.878,0.010,0.046,22
-4.050,5.400,77.400,0.225,-2.986,8.375,-0.868,0.032,0.029,22
-4.050,5.400,77.400,0.230,-3.361,9.038,-0.838,0.012,0.010,22
-4.050,4.200,76.350,0.297,-3.759,9.251,-0.833,0.025,0.016,22
-4.050,4.200,76.350,0.342,-3.601,8.935,-0.838,0.028,0.017,22
-4.050,4.200,76.350,0.294,-3.881,9.124,-0.814,0.016,0.009,23
-3.000,2.700,78.600,0.441,-4.061,9.177,-0.807,0.022,0.018,22
-3.000,2.700,78.600,0.429,-4.027,8.760,-0.803,0.019,0.023,22
-2.700,0.150,78.000,0.357,-4.262,8.650,-0.793,0.017,0.021,22
-2.700,0.150,78.000,0.278,-4.525,8.880,-0.763,0.004,0.009,22
-3.150,-0.900,79.050,0.366,-4.408,8.459,-0.786,0.028,0.015,22
-3.150,-0.900,79.050,0.218,-4.733,8.765,-0.768,0.015,0.009,23
-3.150,-0.900,79.050,0.232,-4.805,8.578,-0.768,0.022,0.010,22
-3.150,-0.900,79.050,0.335,-4.944,8.466,-0.786,0.017,0.012,22
-3.150,-0.900,79.050,0.373,-4.954,8.380,-0.799,0.017,0.017,22
-4.050,-4.950,77.400,0.342,-5.045,8.325,-0.821,0.023,0.014,22
-4.050,-4.950,77.400,0.220,-5.167,8.195,-0.842,0.026,0.014,22
-1.800,-6.600,77.850,0.189,-5.365,7.903,-0.854,0.024,0.013,23
-1.800,-6.600,77.850,0.263,-5.590,8.035,-0.884,0.023,0.019,22
-3.150,-8.400,77.250,0.397,-5.732,7.760,-0.916,0.030,0.019,22
-3.150,-8.400,77.250,0.278,-5.768,7.788,-0.934,0.023,0.020,22
-1.650,-9.450,77.250,0.366,-5.902,7.604,-0.960,0.025,0.016,22
-1.650,-9.450,77.250,0.230,-6.000,7.422,-0.995,0.023,0.015,22
-1.650,-9.450,77.250,0.242,-6.431,7.271,-1.010,0.024,0.022,23
-1.650,-9.450,77.250,0.237,-6.728,7.252,-1.019,0.024,0.027,22
-1.650,-9.450,77.250,0.230,-6.670,7.010,-1.019,0.023,0.020,22
-2.550,-14.400,76.350,0.297,-7.008,7.029,-1.006,0.020,0.017,22
-2.550,-14.400,76.350,0.251,-7.219,6.910,-0.981,0.021,0.014,22
-3.600,-15.450,75.750,0.134,-7.580,6.864,-0.962,0.026,0.021,22
-3.600,-15.450,75.750,0.163,-7.573,6.455,-0.920,0.017,0.024,23
-1.500,-17.550,75.150,0.196,-7.707,6.536,-0.888,0.013,0.020,22
-1.500,-17.550,75.150,0.271,-7.676,6.270,-0.879,0.024,0.027,22
-1.500,-17.550,75.150,0.247,-8.028,6.347,-0.842,0.018,0.017,22
-2.250,-18.750,74.400,0.187,-8.080,6.050,-0.801,0.020,0.014,22
-2.250,-18.750,74.400,0.208,-8.215,6.026,-0.773,0.020,0.014,22
-2.250,-18.750,74.400,0.211,-8.207,5.971,-0.740,0.019,0.014,23
-2.250,-18.750,74.400,0.105,-8.370,5.892,-0.685,0.014,0.010,22
-1.800,-22.200,71.100,0.127,-8.380,5.595,-0.653,0.019,0.012,22
-1.800,-22.200,71.100,0.153,-8.531,5.610,-0.614,0.015,0.008,22
-1.800,-22.200,71.100,0.093,-8.653,5.526,-0.575,0.015,0.009,22
-1.800,-22.200,71.100,0.206,-8.780,5.466,-0.504,0.009,0.007,22
-1.800,-22.200,71.100,0.244,-8.820,5.365,-0.454,0.019,0.001,22
-2.700,-24.450,70.950,0.057,-8.868,5.248,-0.409,0.012,0.002,23
-2.700,-24.450,70.950,0.266,-8.825,5.200,-0.348,0.015,0.004,22
-1.950,-25.500,70.950,0.034,-8.837,5.124,-0.305,0.011,-0.005,22
-1.950,-25.500,70.950,0.156,-8.837,5.057,-0.273,0.015,-0.007,22
-1.650,-24.750,68.700,0.134,-8.897,5.090,-0.238,0.023,-0.005,22
-1.650,-24.750,68.700,0.089,-8.916,5.160,-0.185,0.013,-0.002,22
-3.750,-26.550,69.600,0.120,-8.904,5.073,-0.156,0.010,-0.007,23
-3.750,-26.550,69.600,0.199,-8.875,4.966,-0.124,0.006,-0.007,22
-3.750,-26.550,69.600,0.101,-9.031,4.980,-0.068,0.006,-0.007,22
-3.750,-26.550,69.600,0.168,-8.945,4.956,-0.026,0.008,-0.009,22
-3.750,-26.550,69.600,0.271,-8.863,4.997,0.003,0.026,-0.012,22
-2.550,-25.050,68.850,0.072,-8.387,4.642,0.017,0.011,-0.019,22
-2.550,-25.050,68.850,0.115,-8.492,5.267,-0.003,0.027,-0.009,23
-4.050,-25.050,69.300,0.084,-8.698,4.961,0.010,-0.004,-0.007,22
-4.050,-25.050,69.300,0.146,-8.648,5.040,0.012,0.016,-0.001,22
-2.250,-24.150,69.300,0.172,-8.710,5.095,0.032,0.003,-0.007,22
-2.250,-24.150,69.300,-0.017,-8.724,4.951,0.037,0.020,-0.014,22
-2.400,-25.200,69.750,0.041,-8.526,4.779,0.039,0.015,-0.015,22
-2.400,-25.200,69.750,0.239,-8.703,5.200,0.046,0.016,-0.010,23
-2.400,-25.200,69.750,0.127,-8.622,4.944,0.050,0.018,-0.005,22
-2.400,-25.200,69.750,0.000,-8.622,5.121,0.060,0.004,-0.013,22
-2.400,-25.200,69.750,0.266,-8.768,5.095,0.078,0.006,-0.011,22
-3.150,-22.800,70.950,0.232,-8.765,5.229,0.113,0.011,-0.021,22
-3.150,-22.800,70.950,-0.005,-8.712,5.121,0.139,0.007,-0.014,22
-3.150,-22.800,70.950,-0.029,-8.854,5.255,0.187,-0.001,-0.008,23
-3.150,-22.800,70.950,0.251,-8.803,5.289,0.239,0.010,-0.022,22
-1.800,-24.150,70.350,0.278,-8.598,5.394,0.262,0.016,-0.031,22
-1.800,-24.150,70.350,0.081,-8.526,5.349,0.282,0.028,-0.035,22
-1.800,-24.150,70.350,0.103,-8.461,5.483,0.313,0.018,-0.031,22
-3.600,-22.500,70.500,0.172,-8.413,5.545,0.330,0.013,-0.029,22
-3.600,-22.500,70.500,0.144,-8.384,5.521,0.351,0.010,-0.033,23
-3.600,-22.050,69.750,0.206,-8.205,5.595,0.358,0.017,-0.026,22
-3.600,-22.050,69.750,0.153,-8.255,5.739,0.375,0.006,-0.027,22
-2.250,-21.900,72.150,0.180,-8.126,5.799,0.392,0.012,-0.027,22
-2.250,-21.900,72.150,0.160,-8.224,5.835,0.410,0.009,-0.022,22
-2.250,-21.900,72.150,0.091,-8.104,5.940,0.430,-0.001,-0.027,22
-2.250,-21.900,72.150,0.184,-8.023,6.108,0.455,0.012,-0.026,23
-2.250,-21.900,72.150,0.220,-8.006,6.108,0.482,0.009,-0.028,22
-3.300,-18.300,73.350,0.194,-8.013,6.237,0.506,0.009,-0.030,22
-3.300,-18.300,73.350,0.204,-7.934,6.366,0.555,0.011,-0.027,22
-2.250,-18.300,73.350,0.215,-7.807,6.359,0.577,0.006,-0.030,22
-2.250,-18.300,73.350,0.261,-7.508,6.426,0.595,0.001,-0.025,22
-3.000,-17.100,73.350,0.460,-6.891,6.440,0.580,0.009,-0.038,23
-3.000,-17.100,73.350,0.148,-7.142,6.766,0.549,0.010,-0.031,22
-3.300,-16.800,75.150,0.110,-7.312,6.639,0.544,0.001,-0.028,22
-3.300,-16.800,75.150,0.067,-7.137,6.802,0.544,0.004,-0.029,22
-3.300,-16.800,75.150,0.266,-7.034,6.857,0.557,0.003,-0.025,22
-3.300,-16.800,75.150,0.199,-7.005,7.187,0.539,0.013,-0.020,22
-3.300,-16.800,75.150,0.271,-6.625,7.032,0.539,0.002,-0.024,23
-3.000,-13.950,75.900,0.287,-6.711,7.250,0.518,0.004,-0.030,22
-3.000,-13.950,75.900,0.189,-6.615,7.159,0.499,0.006,-0.034,22
-2.250,-12.450,76.350,0.170,-6.519,7.468,0.493,0.003,-0.028,22
-2.250,-12.450,76.350,0.208,-6.627,7.453,0.503,-0.000,-0.024,22
-4.350,-9.900,75.450,0.189,-6.548,7.688,0.531,0.002,-0.025,22
-4.350,-9.900,75.450,0.299,-6.388,7.558,0.542,0.001,-0.023,22
-4.350,-9.900,75.450,0.299,-6.378,7.807,0.565,0.002,-0.027,23
-2.700,-8.700,78.000,0.215,-5.997,7.836,0.570,0.010,-0.030,22
-2.700,-8.700,78.000,0.285,-6.019,7.851,0.581,0.007,-0.038,22
-2.700,-8.700,78.000,0.177,-5.878,7.977,0.591,0.009,-0.031,22
-2.700,-8.700,78.000,0.328,-5.784,7.987,0.594,0.004,-0.022,22
-3.150,-6.450,78.000,0.148,-5.775,8.140,0.611,-0.002,-0.018,22
-3.150,-6.450,78.000,0.414,-5.423,8.248,0.623,0.002,-0.029,23
-3.150,-6.450,78.000,0.366,-5.188,8.270,0.612,0.004,-0.028,22
-3.150,-6.450,78.000,0.335,-5.207,8.387,0.614,0.001,-0.035,22
-3.150,-6.450,78.000,0.268,-5.205,8.411,0.624,0.009,-0.037,22
-2.550,-4.650,78.150,0.211,-5.042,8.408,0.631,0.004,-0.031,22
-2.550,-4.650,78.150,0.290,-4.879,8.593,0.638,0.002,-0.030,22
-4.350,-3.300,78.000,0.311,-4.827,8.665,0.664,0.003,-0.030,23
-4.350,-3.300,78.000,0.364,-4.693,8.674,0.675,0.003,-0.037,22
-2.250,-0.300,78.150,0.311,-4.537,8.710,0.692,0.009,-0.040,22
-2.250,-0.300,78.150,0.383,-4.484,8.839,0.703,0.004,-0.036,22
-3.600,0.900,78.000,0.345,-4.300,8.842,0.717,0.005,-0.031,22
-3.600,0.900,78.000,0.390,-4.017,8.899,0.729,0.000,-0.030,22
-3.600,0.900,78.000,0.294,-3.838,9.115,0.738,0.006,-0.035,23
-3.600,0.900,78.000,0.431,-3.565,8.985,0.742,0.002,-0.034,22
-3.600,0.900,78.000,0.239,-3.668,9.105,0.746,0.007,-0.033,22
-3.600,4.500,78.000,0.421,-3.395,9.139,0.751,0.002,-0.039,22
-3.600,4.500,78.000,0.405,-3.170,9.237,0.756,0.000,-0.036,22
-3.150,5.250,77.250,0.500,-2.978,9.268,0.753,0.006,-0.036,22
-3.150,5.250,77.250,0.364,-2.825,9.301,0.750,0.006,-0.040,22
-5.400,7.500,78.000,0.409,-2.641,9.297,0.738,0.002,-0.044,23
-5.400,7.500,78.000,0.335,-2.461,9.395,0.732,0.004,-0.040,22
-5.400,7.500,78.000,0.419,-2.016,9.251,0.692,0.008,-0.032,22
-2.700,8.700,77.250,0.350,-1.963,9.493,0.676,0.003,-0.031,22
-2.700,8.700,77.250,0.223,-1.781,9.517,0.634,-0.008,-0.035,22
-2.700,8.700,77.250,0.316,-1.276,9.263,0.563,0.006,-0.025,23
-2.700,8.700,77.250,0.371,-1.123,9.383,0.528,-0.001,-0.020,22
-2.400,11.400,77.550,0.402,-1.041,9.534,0.454,0.005,-0.016,22
-2.400,11.400,77.550,0.376,-0.883,9.548,0.343,0.007,-0.026,22
-4.050,11.250,75.600,0.433,-0.934,9.531,0.288,0.006,-0.026,22
-4.050,11.250,75.600,0.426,-0.788,9.512,0.212,0.010,-0.021,22
-1.950,12.600,74.700,0.345,-0.747,9.716,0.101,0.016,-0.014,23
-1.950,12.600,74.700,0.397,-0.620,9.498,0.036,0.013,-0.012,22
-1.950,12.600,74.700,0.417,-0.730,9.598,-0.030,0.013,-0.013,22
-1.950,12.300,75.000,0.350,-0.845,9.553,-0.094,0.015,-0.004,22
-1.950,12.300,75.000,0.448,-0.967,9.692,-0.139,0.009,0.005,22
-2.550,13.650,74.100,0.333,-1.018,9.716,-0.165,0.008,0.003,22
-2.550,13.650,74.100,0.407,-1.130,9.706,-0.201,0.014,0.003,23
-3.900,15.000,75.000,0.472,-0.972,9.565,-0.259,0.020,-0.001,22
-3.900,15.000,75.000,0.390,-1.089,9.608,-0.299,0.014,-0.008,22
-3.900,15.000,75.000,0.366,-1.152,9.548,-0.340,0.020,-0.002,22
-3.900,15.000,75.000,0.326,-1.233,9.538,-0.368,0.008,0.003,22
-3.900,15.000,75.000,0.318,-1.386,9.495,-0.421,0.013,0.006,22
-1.800,11.700,75.900,0.522,-1.401,9.606,-0.448,0.015,0.003,23
-1.800,11.700,75.900,0.402,-1.607,9.756,-0.468,0.013,0.006,22
-3.900,11.100,76.950,0.340,-1.678,9.522,-0.494,0.021,0.012,22
-3.900,11.100,76.950,0.369,-1.863,9.567,-0.504,0.016,0.008,22
-5.250,10.500,77.100,0.215,-2.093,9.352,-0.516,0.021,0.013,22
-5.250,10.500,77.100,0.326,-2.128,9.388,-0.523,0.018,0.014,22
-3.150,7.950,76.950,0.218,-2.160,9.433,-0.539,0.006,0.022,22
-3.150,7.950,76.950,0.249,-2.334,9.625,-0.543,0.012,0.018,23
-3.150,7.950,76.950,0.472,-2.442,9.543,-0.535,0.003,0.013,22
-3.150,7.950,76.950,0.409,-2.595,9.400,-0.555,0.015,0.008,22
-3.150,7.950,76.950,0.273,-2.571,9.287,-0.580,0.017,0.007,22
-2.250,7.800,77.400,0.136,-2.619,9.273,-0.590,0.003,0.009,22
-2.250,7.800,77.400,0.144,-2.741,9.301,-0.611,0.005,0.013,22
-4.800,5.850,78.600,0.251,-2.923,9.232,-0.631,0.021,0.011,23
-4.800,5.850,78.600,0.275,-3.053,9.177,-0.647,0.019,0.010,22
-3.300,5.850,77.400,0.747,-3.309,8.973,-0.640,0.002,0.013,22
-3.300,5.850,77.400,0.663,-3.881,9.081,-0.601,0.020,0.018,22
-3.300,5.850,77.400,0.656,-3.819,9.222,-0.588,0.020,0.016,22
-4.350,3.600,78.300,0.421,-3.845,9.290,-0.541,0.011,0.007,22
-4.350,3.600,78.300,0.388,-3.938,9.184,-0.521,0.012,0.001,23
-4.350,3.600,78.300,0.287,-4.080,9.155,-0.487,0.016,0.006,22
-4.350,3.600,78.300,0.225,-3.965,8.961,-0.470,0.013,0.010,22
-3.000,-0.300,77.400,0.120,-4.128,9.100,-0.455,0.006,0.008,22
-3.000,-0.300,77.400,0.239,-4.015,8.882,-0.440,0.018,-0.002,22
-3.000,-0.300,77.400,0.294,-4.278,9.021,-0.427,0.023,0.002,22
-3.000,-0.300,77.400,0.278,-4.338,8.859,-0.405,0.014,0.001,23
-3.000,-0.300,77.400,0.271,-4.293,8.873,-0.408,0.013,0.008,22
-2.700,0.150,77.250,0.390,-4.271,8.784,-0.405,0.015,0.011,22
-2.700,0.150,77.250,0.323,-4.365,8.792,-0.406,0.014,0.007,22
-4.500,-0.750,78.900,0.278,-4.463,8.775,-0.412,0.021,0.005,22
-4.500,-0.750,78.900,0.347,-4.542,8.677,-0.427,0.020,0.000,22
-3.600,-2.100,78.300,0.297,-4.527,8.734,-0.430,0.011,-0.001,23
-3.600,-2.100,78.300,0.314,-4.606,8.605,-0.439,0.017,0.001,22
-3.750,-2.250,78.150,0.273,-4.760,8.590,-0.439,0.011,0.009,22
-3.750,-2.250,78.150,0.362,-4.788,8.442,-0.448,0.012,0.009,22
-3.750,-2.250,78.150,0.397,-4.810,8.471,-0.456,0.006,0.004,22
-3.750,-2.250,78.150,0.299,-4.934,8.394,-0.468,0.014,0.001,22
-3.750,-2.250,78.150,0.285,-4.889,8.396,-0.500,0.015,0.003,23
-3.750,-3.900,77.400,0.275,-5.025,8.289,-0.516,0.018,0.006,22
-3.750,-3.900,77.400,0.306,-5.100,8.272,-0.539,0.013,0.014,22
-3.150,-6.450,78.750,0.318,-5.262,8.157,-0.563,0.017,0.008,22
-3.150,-6.450,78.750,0.330,-5.258,8.195,-0.582,0.020,0.005,22
-2.700,-6.450,76.950,0.192,-5.425,8.102,-0.601,0.018,0.011,22
-2.700,-6.450,76.950,0.196,-5.523,8.107,-0.617,0.012,0.008,23
-4.350,-6.450,76.950,0.292,-5.717,7.877,-0.640,0.017,0.013,22
-4.350,-7.200,78.000,0.263,-5.825,7.843,-0.648,0.015,0.013,22
-4.350,-7.200,78.000,0.290,-5.844,7.786,-0.675,0.013,0.014,22
-4.350,-7.200,78.000,0.338,-5.911,7.688,-0.686,0.017,0.008,22
-4.350,-7.200,78.000,0.376,-6.141,7.688,-0.703,0.022,0.002,22
-4.350,-11.100,77.550,0.168,-6.397,7.568,-0.710,0.026,0.002,23
-4.350,-11.100,77.550,0.196,-6.323,7.468,-0.716,0.019,0.008,22
-2.700,-11.100,76.500,0.268,-6.421,7.324,-0.731,0.015,0.017,22
-2.700,-11.100,76.500,0.309,-6.539,7.257,-0.751,0.014,0.013,22
-2.700,-11.100,76.500,0.232,-6.448,7.049,-0.785,0.017,0.015,22
-2.250,-13.650,75.150,0.259,-6.732,6.855,-0.818,0.014,0.018,22
-2.250,-13.650,75.150,0.297,-6.869,6.809,-0.842,0.024,0.012,23
-3.600,-15.750,75.000,0.204,-6.953,6.709,-0.865,0.025,0.012,22
-3.600,-15.750,75.000,0.208,-7.216,6.591,-0.874,0.025,0.014,22
-3.600,-15.750,75.000,0.132,-7.333,6.639,-0.887,0.019,0.015,22
-3.600,-15.750,75.000,0.237,-7.417,6.383,-0.902,0.018,0.024,22
-3.000,-18.300,74.100,0.328,-7.465,6.139,-0.925,0.018,0.021,22
-3.000,-18.300,74.100,0.144,-7.453,5.974,-0.967,0.024,0.019,22
-3.000,-18.300,74.100,0.151,-7.693,5.885,-0.997,0.017,0.015,23
-3.000,-18.300,74.100,0.103,-7.796,5.602,-1.024,0.022,0.023,22
-3.000,-18.300,74.100,0.122,-8.059,5.382,-1.033,0.025,0.021,22
-2.700,-22.050,70.950,0.148,-8.373,5.313,-1.054,0.023,0.026,22
-2.700,-22.050,70.950,0.148,-8.396,5.126,-1.057,0.020,0.019,22
-4.050,-25.800,70.350,0.139,-8.507,5.054,-1.049,0.021,0.023,22
-4.050,-25.800,70.350,0.060,-8.720,4.949,-1.026,0.016,0.026,23
-2.550,-27.300,68.550,0.136,-9.112,4.767,-1.024,0.021,0.028,22
-2.550,-27.300,68.550,0.213,-9.069,4.420,-0.987,0.000,0.020,22
-1.650,-27.450,66.450,0.148,-9.242,4.276,-0.957,0.020,0.024,22
-1.650,-27.450,66.450,0.165,-9.376,4.264,-0.900,0.018,0.017,22
-1.650,-27.450,66.450,0.318,-9.290,3.960,-0.875,0.035,0.012,22
-1.650,-27.450,66.450,0.081,-9.297,3.637,-0.843,0.026,0.012,23
-1.650,-27.450,66.450,0.091,-9.479,3.840,-0.829,0.028,0.015,22
-2.700,-31.050,63.900,0.110,-9.412,3.340,-0.801,0.014,0.009,22
-2.700,-31.050,63.900,0.074,-9.474,3.467,-0.792,0.028,0.018,22
-0.450,-31.800,63.450,0.079,-9.574,3.249,-0.774,0.012,0.013,22
-0.450,-31.800,63.450,-0.050,-9.843,3.021,-0.740,0.015,0.012,22
-1.800,-32.400,62.550,0.041,-9.835,3.036,-0.696,0.007,0.011,23
-1.800,-32.400,62.550,0.184,-9.886,2.835,-0.669,0.012,0.015,22
-1.800,-32.400,62.550,0.151,-9.943,2.804,-0.605,0.015,0.007,22
-1.950,-33.450,62.700,0.117,-9.924,2.646,-0.552,0.021,0.007,22
-1.950,-33.450,62.700,0.019,-10.080,2.619,-0.506,0.012,0.006,22
-1.950,-33.450,62.700,0.048,-10.159,2.452,-0.452,0.012,0.006,22
-1.950,-33.450,62.700,0.132,-10.108,2.339,-0.370,0.015,0.001,23
-1.050,-33.600,59.250,0.180,-10.089,2.406,-0.325,0.019,-0.000,22
-1.050,-33.600,59.250,-0.002,-10.183,2.351,-0.273,0.009,-0.002,22
-1.950,-36.450,59.400,-0.012,-10.132,2.332,-0.202,0.015,-0.002,22
-1.950,-36.450,59.400,-0.055,-10.206,2.222,-0.144,0.006,-0.007,22
-1.950,-36.450,59.400,0.002,-10.185,2.143,-0.082,0.007,-0.009,22
-1.650,-35.400,58.950,0.156,-10.113,2.284,-0.033,0.013,-0.011,23
-1.650,-35.400,58.950,0.208,-9.924,2.131,0.010,0.033,-0.014,22
-1.050,-35.550,59.250,0.144,-9.804,2.085,0.011,0.030,-0.018,22
-1.050,-35.550,59.250,0.019,-9.589,2.265,0.004,0.026,-0.015,22
-0.750,-37.050,58.050,-0.278,-9.735,2.241,0.014,0.001,-0.002,22
-0.750,-37.050,58.050,0.007,-9.895,2.222,0.033,-0.003,-0.006,22
-2.250,-34.050,60.300,0.156,-9.783,2.095,0.039,-0.003,-0.009,22
-2.250,-34.050,60.300,0.172,-9.840,2.301,0.074,0.005,-0.016,23
-2.250,-34.050,60.300,0.010,-10.051,2.354,0.117,0.017,-0.008,22
-2.250,-34.050,60.300,-0.124,-10.099,2.116,0.147,0.003,-0.014,22
-2.250,-34.050,60.300,0.005,-9.914,2.243,0.179,0.008,-0.015,22
-0.750,-34.050,59.550,0.093,-9.977,2.538,0.235,0.002,-0.018,22
-0.750,-34.050,59.550,0.146,-9.969,2.591,0.270,0.022,-0.015,23
-1.200,-33.750,59.700,0.019,-9.831,2.710,0.308,0.012,-0.020,22
-1.200,-33.750,59.700,0.019,-9.852,2.586,0.337,0.009,-0.023,22
-1.200,-34.200,61.950,0.038,-9.943,2.784,0.389,-0.006,-0.026,22
-1.200,-34.200,61.950,0.144,-9.651,2.725,0.401,0.012,-0.023,22
-1.200,-34.200,61.950,0.136,-9.845,2.847,0.440,0.007,-0.023,22
-1.200,-32.250,62.700,0.101,-9.795,3.069,0.482,0.015,-0.031,23
-1.200,-32.250,62.700,0.120,-9.665,3.115,0.507,0.010,-0.030,22
-1.200,-32.250,62.700,0.074,-9.601,3.278,0.533,0.009,-0.033,22
-1.200,-32.250,62.700,0.074,-9.653,3.237,0.563,0.003,-0.029,22
-3.300,-30.450,64.350,0.069,-9.457,3.378,0.591,0.009,-0.029,22
-3.300,-30.450,64.350,0.151,-9.278,3.587,0.597,0.000,-0.030,22
-1.200,-29.850,64.200,0.172,-9.184,3.745,0.601,0.003,-0.029,22
-1.200,-29.850,64.200,0.148,-9.088,3.706,0.582,0.014,-0.038,22
-1.200,-29.850,64.200,0.225,-8.734,3.824,0.536,0.018,-0.043,23
-0.750,-28.950,65.550,0.146,-8.653,4.068,0.512,0.023,-0.029,22
-0.750,-28.950,65.550,-0.134,-8.894,3.915,0.501,-0.001,-0.020,22
-2.700,-28.650,67.200,-0.067,-9.052,4.310,0.492,-0.016,-0.016,22
-2.700,-28.650,67.200,0.220,-8.756,4.367,0.487,-0.019,-0.019,22
-2.700,-28.650,67.200,0.345,-8.787,4.480,0.480,-0.001,-0.020,23
-2.700,-28.650,67.200,0.280,-8.734,4.530,0.466,0.012,-0.021,22
-2.250,-25.800,69.300,-0.072,-8.724,4.810,0.478,-0.001,-0.017,22
-2.250,-25.800,69.300,0.057,-8.686,4.839,0.479,-0.013,-0.016,22
-2.250,-25.800,69.300,-0.007,-8.708,4.855,0.481,-0.016,-0.007,22
-2.250,-25.800,69.300,0.098,-8.521,4.827,0.483,-0.017,0.003,22
-2.250,-25.800,69.300,0.022,-8.617,5.164,0.498,-0.026,-0.009,23
-2.400,-24.450,70.200,0.153,-8.519,5.262,0.503,-0.022,-0.007,22
-2.400,-24.450,70.200,0.204,-8.377,5.337,0.514,-0.026,-0.011,22
-2.250,-24.150,72.150,0.177,-8.339,5.485,0.518,-0.022,-0.013,22
-2.250,-24.150,72.150,0.151,-8.282,5.499,0.526,-0.022,-0.012,22
-1.650,-22.050,72.000,0.172,-8.193,5.523,0.525,-0.015,-0.006,22
-1.650,-22.050,72.000,0.158,-8.028,5.703,0.533,-0.018,-0.010,23
-2.250,-19.950,72.150,0.180,-8.016,5.820,0.524,-0.015,-0.008,22
-2.250,-19.950,72.150,0.168,-7.906,5.962,0.529,-0.020,-0.007,22
-2.250,-19.950,72.150,0.215,-7.870,5.974,0.526,-0.015,-0.008,22
-2.250,-19.950,72.150,0.247,-7.796,6.060,0.527,-0.011,-0.004,22
-2.250,-19.950,72.150,0.093,-7.396,6.153,0.515,-0.021,-0.004,22
-2.700,-19.650,72.750,0.146,-7.501,6.436,0.487,-0.018,-0.005,23
-2.700,-19.650,72.750,0.151,-7.484,6.342,0.459,-0.012,0.003,22
-3.000,-18.750,74.400,0.256,-7.274,6.383,0.439,-0.015,0.004,22
-3.000,-18.750,74.400,0.194,-7.116,6.460,0.415,-0.017,0.007,22
-3.600,-16.500,74.250,0.180,-7.278,6.697,0.402,-0.022,0.015,22
-3.600,-16.500,74.250,0.168,-7.140,6.675,0.396,-0.031,0.014,22
-3.600,-16.500,74.250,0.170,-7.113,6.773,0.390,-0.031,0.021,23
-2.550,-15.900,75.900,0.153,-7.087,6.847,0.388,-0.034,0.028,22
-2.550,-15.900,75.900,0.089,-7.094,6.953,0.385,-0.041,0.039,22
-2.550,-15.900,75.900,0.175,-6.893,7.034,0.393,-0.057,0.050,22
-2.550,-15.900,75.900,0.194,-6.888,7.077,0.390,-0.057,0.062,22
-2.550,-13.650,74.400,0.110,-6.867,7.175,0.394,-0.063,0.067,22
-2.550,-13.650,74.400,0.225,-6.788,7.211,0.394,-0.070,0.079,23
-2.700,-13.800,76.200,0.113,-6.706,7.202,0.393,-0.067,0.083,22
-2.700,-13.800,76.200,0.132,-6.555,7.345,0.391,-0.066,0.090,22
-2.700,-13.800,76.200,0.177,-6.409,7.396,0.384,-0.069,0.089,22
-3.900,-12.300,75.000,0.275,-6.254,7.456,0.363,-0.067,0.083,22
-3.900,-12.300,75.000,0.323,-6.091,7.453,0.336,-0.064,0.083,22
-2.400,-10.650,76.950,0.345,-5.969,7.415,0.256,-0.050,0.069,23
-2.400,-10.650,76.950,0.464,-5.650,7.482,0.180,-0.047,0.059,22
-2.550,-12.900,75.600,0.467,-5.598,7.458,0.115,-0.033,0.052,22
-2.550,-12.900,75.600,0.493,-5.602,7.499,-0.001,-0.012,0.027,22
-3.750,-10.050,75.150,0.402,-5.564,7.417,-0.078,-0.004,0.017,22
-3.750,-10.050,75.150,0.323,-5.674,7.568,-0.131,0.006,0.007,22
-3.750,-10.050,75.150,0.223,-6.230,7.614,-0.161,0.014,-0.006,23
-3.750,-10.050,75.150,0.211,-6.067,7.542,-0.196,0.007,-0.003,22
-3.750,-10.050,75.150,0.227,-5.942,7.532,-0.224,0.005,0.000,22
-3.750,-12.900,77.850,0.060,-6.266,7.518,-0.240,0.014,0.001,22
-3.750,-12.900,77.850,0.120,-6.218,7.427,-0.271,0.004,-0.000,22
-4.350,-11.100,76.200,0.338,-6.232,7.484,-0.297,0.013,0.001,22
-4.350,-11.100,76.200,0.273,-6.321,7.513,-0.320,0.013,0.000,22
-4.500,-12.900,76.650,0.220,-6.225,7.386,-0.351,0.015,0.003,23
-4.500,-12.900,76.650,0.256,-6.206,7.286,-0.398,0.017,0.001,22
-4.500,-12.900,76.650,0.237,-6.333,7.286,-0.433,0.016,-0.001,22
-3.150,-12.600,76.500,0.146,-6.400,7.178,-0.471,0.016,0.002,22
-3.150,-12.600,76.500,0.141,-6.450,7.123,-0.531,0.013,0.007,22
-3.150,-12.600,76.500,0.132,-6.536,7.068,-0.562,0.011,0.010,22
-3.150,-12.600,76.500,0.120,-6.551,6.953,-0.600,0.012,0.014,23
-3.900,-16.200,75.750,0.148,-6.692,6.907,-0.635,0.013,0.020,22
-3.900,-16.200,75.750,0.259,-6.867,6.747,-0.689,0.009,0.016,22
-3.900,-16.500,73.950,0.268,-6.998,6.627,-0.725,0.012,0.017,22
-3.900,-16.500,73.950,0.220,-7.111,6.567,-0.764,0.024,0.014,22
-3.900,-16.500,73.950,0.230,-7.106,6.467,-0.804,0.022,0.013,22
-3.900,-16.950,74.250,0.120,-7.319,6.309,-0.830,0.023,0.015,23
-3.900,-16.950,74.250,-0.017,-7.688,6.050,-0.848,0.019,0.018,22
-3.600,-19.650,73.500,-0.204,-8.147,6.167,-0.833,0.017,0.032,22
-3.600,-19.650,73.500,-0.072,-8.152,6.024,-0.798,-0.017,0.028,22
-3.600,-19.650,73.500,0.376,-7.815,5.808,-0.796,0.004,0.022,22
-3.600,-19.650,73.500,0.385,-8.102,5.921,-0.787,0.009,0.020,22
-3.000,-23.400,71.100,0.172,-8.246,5.564,-0.778,0.030,0.008,23
-3.000,-23.400,71.100,0.065,-8.258,5.564,-0.772,0.023,0.006,22
-3.000,-23.400,71.100,-0.084,-8.466,5.203,-0.760,0.015,0.012,22
-3.000,-23.400,71.100,0.148,-8.770,5.389,-0.730,0.013,0.018,22
-3.000,-23.400,71.100,0.060,-8.492,4.978,-0.711,0.013,0.021,22
-2.550,-26.550,68.850,0.113,-8.768,5.061,-0.688,0.008,0.007,22
-2.550,-26.550,68.850,0.146,-8.756,4.772,-0.651,0.013,0.008,23
-4.800,-25.350,66.600,0.124,-8.916,4.939,-0.630,0.027,-0.001,22
-4.800,-25.350,66.600,0.089,-8.885,4.580,-0.610,0.025,0.011,22
-2.400,-26.700,69.000,-0.045,-9.057,4.733,-0.589,0.005,0.011,22
-2.400,-26.700,69.000,0.101,-8.973,4.381,-0.577,0.017,0.012,22
-3.300,-27.750,67.050,0.108,-9.084,4.379,-0.548,0.011,0.008,22
-3.300,-27.750,67.050,0.103,-9.052,4.185,-0.519,0.020,0.006,23
-3.300,-27.750,67.050,0.122,-9.206,4.350,-0.503,0.022,0.004,22
-3.300,-27.750,67.050,0.043,-9.086,4.092,-0.488,0.017,0.000,22
-3.300,-27.750,67.050,0.017,-9.160,4.032,-0.480,0.014,0.002,22
-2.550,-28.500,65.100,0.101,-9.148,3.943,-0.464,0.014,0.003,23
-2.550,-28.500,65.100,0.113,-9.227,3.891,-0.463,0.017,0.002,22
-2.550,-30.900,63.600,0.007,-9.093,3.589,-0.470,0.014,0.010,22
-2.550,-30.900,63.600,0.005,-9.199,3.761,-0.470,0.008,0.003,22
-3.600,-30.300,63.900,0.086,-9.201,3.594,-0.479,0.013,0.005,22
-3.600,-30.300,63.900,0.108,-9.335,3.452,-0.486,0.020,0.002,22
-3.600,-30.300,63.900,0.077,-9.323,3.309,-0.491,0.016,0.005,22
-2.550,-31.650,64.050,-0.062,-9.428,3.431,-0.481,0.017,-0.000,22
-2.550,-31.650,64.050,-0.010,-9.426,3.129,-0.480,0.009,0.006,23
-2.550,-31.650,64.050,0.124,-9.524,2.964,-0.476,0.008,0.003,22
-2.550,-31.650,64.050,0.079,-9.615,3.077,-0.465,0.007,0.006,22
-3.900,-32.550,62.400,0.079,-9.720,3.002,-0.453,0.017,0.004,22
-3.900,-32.550,62.400,0.010,-9.797,2.935,-0.425,0.011,0.001,22
-2.700,-33.450,61.950,-0.045,-9.934,2.978,-0.370,0.004,-0.002,22
-2.700,-33.450,61.950,-0.057,-10.257,3.050,-0.313,0.003,0.003,23
-2.700,-33.450,61.950,-0.060,-10.250,2.849,-0.191,-0.004,-0.007,22
-3.000,-34.800,61.050,0.060,-10.372,2.938,-0.103,-0.012,-0.016,22
-3.000,-34.800,61.050,0.170,-10.199,2.753,-0.026,-0.003,-0.023,22
-2.550,-35.100,60.600,0.309,-9.977,2.715,0.023,0.027,-0.020,22
-2.550,-35.100,60.600,0.330,-9.591,2.684,0.026,0.069,-0.016,22
-3.750,-34.050,60.300,-0.170,-9.519,2.871,0.042,0.025,-0.025,22
-3.750,-34.050,60.300,-0.010,-9.500,2.492,0.025,0.040,-0.025,23
-1.800,-32.850,60.300,-0.254,-9.764,2.787,0.036,0.014,-0.024,22
-1.800,-32.850,60.300,-0.026,-9.471,2.784,0.042,0.016,-0.028,22
-1.800,-32.850,60.300,0.165,-9.464,2.732,0.033,0.035,-0.010,22
-1.800,-32.850,60.300,-0.144,-9.448,2.672,0.045,0.016,-0.010,22
-1.800,-32.850,60.300,-0.227,-9.835,2.789,0.062,0.002,-0.013,22
-2.250,-32.850,61.350,0.034,-9.838,2.954,0.085,-0.010,-0.011,23
-2.250,-32.850,61.350,0.053,-9.618,2.756,0.114,-0.003,-0.011,22
-2.550,-33.150,61.350,0.098,-9.919,3.235,0.186,0.002,-0.007,22
-2.550,-33.150,61.350,0.120,-9.910,3.330,0.217,0.021,-0.020,22
-3.150,-31.800,60.900,-0.029,-9.804,3.065,0.263,0.015,-0.027,22
-3.150,-31.800,60.900,-0.048,-9.881,3.218,0.319,0.010,-0.026,22
-3.150,-31.800,60.900,-0.019,-10.008,3.263,0.405,-0.005,-0.022,23
-1.950,-30.600,62.700,0.124,-9.797,3.302,0.443,0.011,-0.014,22
-1.950,-30.600,62.700,0.201,-9.656,3.397,0.509,0.006,-0.032,22
-1.950,-30.600,62.700,-0.002,-9.704,3.701,0.568,0.005,-0.042,22
-1.950,-30.600,62.700,0.115,-9.455,3.601,0.598,0.012,-0.035,22
-4.050,-30.900,65.100,0.120,-9.443,3.685,0.626,0.005,-0.036,22
-4.050,-30.900,65.100,0.144,-9.412,3.852,0.653,0.009,-0.034,23
-3.300,-30.450,65.550,0.005,-9.254,4.173,0.675,0.013,-0.033,22
-3.300,-30.450,65.550,0.124,-9.043,4.235,0.691,0.015,-0.042,22
-3.300,-30.450,65.550,0.060,-8.988,4.137,0.694,0.004,-0.041,22
-2.250,-28.950,66.300,0.273,-8.701,4.226,0.650,0.019,-0.048,22
-2.250,-28.950,66.300,0.376,-8.274,4.408,0.602,0.047,-0.053,22
-3.600,-27.450,68.700,-0.213,-8.502,4.571,0.569,0.039,-0.046,23
-3.600,-27.450,68.700,-0.098,-8.432,4.738,0.536,0.010,-0.041,22
-3.600,-27.450,68.700,-0.029,-8.373,4.966,0.503,-0.009,-0.027,22
-3.600,-27.450,68.700,0.184,-8.310,4.980,0.475,-0.007,-0.011,22
-3.750,-25.050,70.350,0.311,-8.375,4.894,0.452,0.004,-0.007,22
-3.750,-25.050,70.350,0.093,-8.320,5.318,0.432,0.013,-0.020,22
-3.750,-25.050,70.350,0.010,-8.368,5.289,0.431,0.009,-0.030,23
-3.750,-25.050,70.350,0.038,-8.401,5.452,0.437,0.003,-0.030,22
-3.750,-25.050,70.350,0.067,-8.152,5.504,0.447,-0.001,-0.018,22
-3.150,-22.800,72.000,0.086,-8.198,5.578,0.453,0.006,-0.006,22
-3.150,-22.800,72.000,0.175,-8.054,5.636,0.456,0.002,-0.017,22
-3.900,-23.550,70.500,0.220,-8.052,5.883,0.463,0.003,-0.023,22
-3.900,-23.550,70.500,0.227,-7.944,5.813,0.473,0.008,-0.030,23
-3.300,-19.500,72.150,0.172,-8.001,6.021,0.486,0.001,-0.026,22
-3.300,-19.500,72.150,0.134,-7.848,5.959,0.487,0.004,-0.022,22
-3.300,-18.300,71.850,0.091,-7.750,6.225,0.498,0.006,-0.025,22
-3.300,-18.300,71.850,0.168,-7.568,6.203,0.493,0.007,-0.031,22
-3.300,-18.300,71.850,0.134,-7.551,6.376,0.490,0.008,-0.031,22
-3.300,-18.300,71.850,0.227,-7.417,6.227,0.484,0.010,-0.028,23
-3.300,-18.300,71.850,0.148,-7.453,6.601,0.473,0.011,-0.033,22
-4.800,-18.000,74.400,0.249,-7.338,6.663,0.472,0.005,-0.032,22
-4.800,-18.000,74.400,0.237,-7.096,6.615,0.459,0.007,-0.032,22
-3.600,-16.200,73.500,0.184,-6.993,6.665,0.446,0.010,-0.025,22
-3.600,-16.200,73.500,0.122,-7.214,6.764,0.442,0.001,-0.022,22
-3.600,-16.500,75.750,0.182,-7.140,6.905,0.444,0.000,-0.021,23
-3.600,-16.500,75.750,0.381,-6.938,6.946,0.439,0.001,-0.024,22
-3.600,-16.500,75.750,0.283,-6.910,7.063,0.442,0.011,-0.030,22
-4.650,-15.450,75.000,0.223,-6.850,7.173,0.442,0.015,-0.030,22
-4.650,-15.450,75.000,0.251,-6.783,7.171,0.451,0.006,-0.025,22
-4.650,-15.450,75.000,0.146,-6.732,7.276,0.454,0.001,-0.025,22
-4.650,-15.450,75.000,0.304,-6.493,7.230,0.457,0.007,-0.027,22
-3.300,-13.200,75.600,0.273,-6.467,7.384,0.449,0.011,-0.025,22
-3.300,-13.200,75.600,0.199,-6.381,7.463,0.444,0.017,-0.031,23
-4.050,-12.000,75.900,0.213,-6.227,7.539,0.431,0.009,-0.030,22
-4.050,-12.000,75.900,0.158,-6.048,7.578,0.405,0.010,-0.033,22
-4.050,-12.000,75.900,0.211,-5.768,7.621,0.378,0.009,-0.025,22
-3.600,-10.650,75.750,0.192,-5.748,7.697,0.333,0.010,-0.019,22
-3.600,-10.650,75.750,0.134,-5.746,7.733,0.291,0.006,-0.015,23
-5.400,-10.350,76.500,0.156,-5.617,7.748,0.250,0.001,-0.012,22
-5.400,-10.350,76.500,0.201,-5.502,7.786,0.193,0.007,-0.010,22
-3.600,-10.350,76.200,0.287,-5.373,7.767,0.113,0.008,-0.009,22
-3.600,-10.350,76.200,0.239,-5.284,7.860,0.049,0.004,-0.010,22
-1.950,-8.700,76.950,0.199,-5.250,7.788,-0.012,0.011,-0.005,22
-1.950,-8.700,76.950,0.244,-5.157,7.745,-0.123,0.012,0.012,23
-1.950,-8.700,76.950,0.251,-5.282,7.822,-0.177,0.005,0.016,22
-1.950,-8.700,76.950,0.177,-5.614,7.846,-0.211,0.003,0.012,22
-1.950,-8.700,76.950,0.359,-5.452,7.757,-0.253,0.009,0.007,22
-4.350,-8.700,76.500,0.113,-5.878,7.879,-0.284,0.019,0.002,22
-4.350,-8.700,76.500,0.156,-5.890,7.788,-0.290,0.013,-0.002,22
-1.950,-9.150,76.200,0.158,-5.885,7.731,-0.303,0.007,0.005,23
-1.950,-9.150,76.200,0.287,-6.038,7.776,-0.321,0.011,0.007,22
-4.050,-10.050,75.900,0.417,-5.930,7.618,-0.341,0.015,0.004,22
-4.050,-10.050,75.900,0.278,-5.887,7.693,-0.367,0.015,-0.006,22
-4.050,-10.050,75.900,0.247,-6.041,7.554,-0.403,0.021,-0.004,22
-4.350,-11.100,76.200,0.146,-5.957,7.597,-0.457,0.011,0.005,22
-4.350,-11.100,76.200,0.120,-6.005,7.420,-0.510,0.014,0.010,23
-4.350,-11.100,76.200,0.091,-6.148,7.360,-0.551,0.012,0.017,22
-4.350,-11.100,76.200,0.096,-6.189,7.259,-0.616,0.003,0.014,22
-4.500,-13.200,76.650,0.146,-6.361,7.247,-0.648,0.007,0.022,22
-4.500,-13.200,76.650,0.129,-6.579,7.077,-0.672,0.011,0.023,22
-3.150,-13.800,76.200,0.244,-6.778,7.065,-0.693,0.016,0.022,22
-3.150,-13.800,76.200,0.220,-6.922,7.017,-0.705,0.015,0.015,23
-3.150,-13.800,76.200,0.254,-7.027,6.871,-0.708,0.013,0.015,22
-3.750,-16.800,74.850,0.280,-7.113,6.785,-0.720,0.017,0.021,22
-3.750,-16.800,74.850,0.189,-7.195,6.711,-0.725,0.019,0.019,22
-3.000,-18.000,73.350,0.105,-7.338,6.615,-0.711,0.017,0.012,22
-3.000,-18.000,73.350,0.029,-7.896,6.610,-0.670,0.010,0.019,22
-3.000,-18.750,72.600,0.268,-7.772,6.409,-0.637,0.004,0.017,23
-3.000,-18.750,72.600,0.290,-7.551,6.404,-0.627,0.019,0.017,22
-3.150,-19.350,73.200,0.275,-7.884,6.237,-0.613,0.027,0.004,22
-3.150,-19.350,73.200,0.074,-7.961,6.163,-0.601,0.030,0.002,22
-3.150,-19.350,73.200,0.148,-7.920,5.950,-0.589,0.026,0.003,22
-3.150,-19.350,73.200,0.127,-8.052,5.863,-0.573,0.013,0.003,22
-3.150,-19.350,73.200,0.163,-8.054,5.830,-0.565,0.018,0.015,23
-2.550,-21.450,70.350,0.072,-8.179,5.935,-0.551,0.009,0.012,22
-2.550,-21.450,70.350,0.184,-8.260,5.689,-0.521,0.013,0.018,22
-4.650,-23.250,70.200,0.184,-8.258,5.559,-0.504,0.018,0.005,22
-4.650,-23.250,70.200,0.206,-8.310,5.555,-0.495,0.029,0.000,22
-3.000,-22.650,70.350,0.168,-8.308,5.523,-0.481,0.032,-0.007,22
-3.000,-22.650,70.350,0.002,-8.346,5.401,-0.478,0.022,-0.001,22
-3.600,-25.200,70.500,0.103,-8.523,5.296,-0.469,0.009,0.006,23
-3.600,-25.200,70.500,0.129,-8.590,5.083,-0.449,0.005,0.017,22
-3.600,-25.200,70.500,0.163,-8.578,5.176,-0.440,0.007,0.016,22
-3.600,-25.200,70.500,0.180,-8.564,5.049,-0.438,0.018,0.005,22
-3.600,-25.200,70.500,0.108,-8.566,4.958,-0.432,0.026,-0.006,22
-3.600,-24.450,70.200,0.091,-8.566,4.867,-0.432,0.017,-0.004,22
-3.600,-24.450,70.200,0.010,-8.648,4.817,-0.446,0.016,0.006,23
-3.600,-24.450,70.200,0.055,-8.679,4.808,-0.443,0.016,0.014,22
-3.600,-24.450,70.200,0.117,-8.736,4.808,-0.459,0.010,0.012,22
-2.700,-25.950,67.200,0.146,-8.741,4.609,-0.463,0.012,-0.001,22
-2.700,-25.950,67.200,0.148,-8.748,4.554,-0.462,0.012,0.005,22
-2.700,-25.950,67.200,0.002,-8.961,4.310,-0.464,0.018,0.005,22
-3.000,-27.300,66.300,0.017,-8.914,4.377,-0.463,0.007,0.005,23
-3.000,-27.300,66.300,0.103,-8.988,4.199,-0.463,0.010,0.008,22
-1.500,-28.500,67.800,0.079,-8.969,4.207,-0.462,0.008,0.007,22
-1.500,-28.500,67.800,0.168,-9.048,4.125,-0.457,0.015,0.002,22
-4.050,-29.700,64.350,0.048,-9.067,4.130,-0.460,0.019,0.001,22
-4.050,-29.700,64.350,-0.024,-9.012,3.898,-0.461,0.016,0.001,22
-4.050,-29.700,64.350,0.019,-9.012,3.802,-0.474,0.021,0.007,22
-4.050,-29.700,64.350,0.115,-9.055,3.926,-0.497,0.012,0.008,23
-4.050,-29.700,64.350,0.074,-8.990,3.587,-0.523,0.020,0.004,22
-2.250,-29.700,64.350,0.117,-9.251,3.558,-0.521,0.009,0.000,22
-2.250,-29.700,64.350,0.043,-9.383,3.529,-0.525,0.008,0.011,22
-2.400,-32.550,63.450,0.012,-9.503,3.467,-0.492,-0.001,0.009,22
-2.400,-32.550,63.450,0.105,-9.613,3.366,-0.463,0.004,0.004,23
-2.700,-32.550,63.450,0.038,-9.725,3.244,-0.425,0.004,0.001,22
-2.700,-32.550,63.450,0.079,-9.785,3.259,-0.375,0.015,-0.004,22
-3.000,-31.950,62.850,0.139,-9.778,3.290,-0.332,0.012,0.006,22
-3.000,-31.950,62.850,0.057,-9.809,3.100,-0.290,0.021,-0.001,22
-3.000,-31.950,62.850,0.045,-9.936,3.012,-0.213,0.012,-0.003,22
-3.000,-31.950,62.850,0.002,-10.034,3.227,-0.141,0.008,-0.005,23
-3.000,-31.950,62.850,0.077,-10.084,3.151,-0.080,0.014,-0.008,22
-3.150,-32.550,61.950,0.194,-10.010,2.966,-0.011,0.015,-0.010,22
-3.150,-32.550,61.950,0.287,-9.799,2.957,0.057,0.044,-0.018,22
-2.400,-33.000,62.400,0.048,-9.773,3.072,0.074,0.043,-0.015,22
-2.400,-33.000,62.400,-0.139,-9.483,3.311,0.098,0.029,-0.022,22
-1.800,-33.150,62.100,-0.103,-9.785,3.103,0.127,0.002,-0.031,23
-1.800,-33.150,62.100,0.093,-9.371,3.278,0.125,0.019,-0.026,22
-1.800,-33.150,62.100,-0.057,-9.622,3.440,0.178,0.012,-0.016,22
-3.150,-31.500,61.950,0.098,-9.922,3.189,0.212,-0.010,-0.012,22
-3.150,-31.500,61.950,0.117,-9.407,3.323,0.255,0.013,-0.021,22
-3.000,-31.650,64.350,0.273,-9.503,3.304,0.269,0.010,-0.021,22
-3.000,-31.650,64.350,0.074,-9.555,3.445,0.293,0.012,-0.031,23
-3.600,-31.050,63.900,-0.014,-9.467,3.503,0.322,0.014,-0.033,22
-3.600,-31.050,63.900,0.000,-9.550,3.522,0.350,0.014,-0.023,22
-3.600,-31.050,63.900,0.024,-9.543,3.632,0.385,0.010,-0.027,22
-3.600,-31.050,63.900,0.101,-9.503,3.800,0.396,0.005,-0.028,23
-3.600,-31.050,63.900,0.108,-9.345,3.780,0.436,0.006,-0.026,22
-3.600,-30.300,64.650,0.101,-9.290,3.883,0.461,0.008,-0.028,22
-3.600,-30.300,64.650,0.127,-9.366,4.065,0.479,0.008,-0.031,22
-1.950,-29.100,66.750,0.057,-9.301,4.140,0.516,0.010,-0.037,22
-1.950,-29.100,66.750,0.103,-8.988,4.164,0.540,0.008,-0.026,22
-1.800,-28.050,67.350,0.144,-9.096,4.432,0.551,0.014,-0.030,22
-1.800,-28.050,67.350,0.136,-8.966,4.432,0.565,0.007,-0.024,22
-3.000,-27.300,67.050,0.148,-8.878,4.494,0.574,0.011,-0.033,23
-3.000,-27.300,67.050,0.146,-8.792,4.664,0.570,0.008,-0.040,22
-3.000,-27.300,67.050,0.287,-8.274,4.721,0.536,0.021,-0.046,22
-3.000,-27.300,67.050,0.053,-8.485,5.004,0.515,0.024,-0.036,22
-3.000,-27.300,67.050,-0.108,-8.638,4.855,0.510,0.006,-0.031,22
-3.150,-25.200,69.450,-0.019,-8.327,5.023,0.489,0.004,-0.026,22
-3.150,-25.200,69.450,0.060,-8.262,5.294,0.478,-0.009,-0.025,22
-3.750,-24.600,70.050,0.175,-8.337,5.435,0.449,0.003,-0.015,23
-3.750,-24.600,70.050,0.227,-8.076,5.296,0.436,0.013,-0.024,22
-3.000,-23.400,71.100,0.113,-8.222,5.559,0.426,0.018,-0.032,22
-3.000,-23.400,71.100,0.022,-8.267,5.545,0.417,-0.003,-0.021,22
-3.000,-23.400,71.100,0.038,-8.064,5.638,0.420,-0.004,-0.005,22
-3.600,-22.500,72.000,0.235,-8.085,5.677,0.423,-0.000,-0.011,22
-3.600,-22.500,72.000,0.120,-8.021,5.940,0.429,0.011,-0.013,23
-4.350,-21.300,70.950,0.204,-7.848,5.957,0.426,0.005,-0.030,22
-4.350,-21.300,70.950,0.172,-7.913,5.928,0.430,0.015,-0.029,22
-3.600,-20.400,73.200,0.144,-7.951,6.057,0.441,0.006,-0.026,22
-3.600,-20.400,73.200,0.105,-7.791,6.270,0.448,0.000,-0.020,22
-3.600,-20.400,73.200,0.218,-7.769,6.148,0.462,0.002,-0.025,22
-3.600,-20.400,73.200,0.318,-7.664,6.335,0.468,0.008,-0.030,22
-4.650,-18.450,72.750,0.297,-7.604,6.428,0.469,0.021,-0.041,23
-4.650,-18.450,72.750,0.242,-7.554,6.527,0.483,0.018,-0.042,22
-4.650,-18.450,72.750,0.117,-7.398,6.627,0.496,0.016,-0.039,22
-3.600,-15.750,73.200,0.113,-7.377,6.773,0.511,0.018,-0.025,22
-3.600,-15.750,73.200,0.096,-7.252,6.728,0.515,0.012,-0.029,22
-3.900,-15.450,72.450,0.196,-7.135,6.857,0.513,0.013,-0.030,23
-3.900,-15.450,72.450,0.223,-6.953,6.907,0.515,0.019,-0.038,22
-3.750,-13.950,76.350,0.103,-7.025,7.089,0.529,0.014,-0.036,22
-3.750,-13.950,76.350,0.026,-6.934,7.099,0.546,0.008,-0.031,22
-3.750,-13.950,76.350,0.153,-6.819,7.286,0.557,0.003,-0.027,22
-3.750,-13.950,76.350,0.373,-6.713,7.219,0.571,0.002,-0.024,22
-3.750,-13.950,76.350,0.314,-6.661,7.424,0.590,0.006,-0.033,23
-4.800,-12.450,76.350,0.177,-6.551,7.494,0.608,0.006,-0.031,22
-4.800,-12.450,76.350,0.148,-6.438,7.611,0.627,0.010,-0.035,22
-4.500,-9.750,77.100,0.215,-6.251,7.683,0.642,0.003,-0.032,22
-4.500,-9.750,77.100,0.204,-6.230,7.750,0.656,0.015,-0.032,22
-5.850,-9.150,76.200,0.239,-5.995,7.812,0.660,0.011,-0.037,22
-5.850,-9.150,76.200,0.249,-5.705,7.925,0.666,0.004,-0.039,23
-4.650,-6.450,76.200,0.294,-5.648,8.011,0.659,0.007,-0.035,22
-4.650,-6.450,76.200,0.259,-5.545,8.116,0.655,0.004,-0.032,22
-4.650,-6.450,76.200,0.271,-5.382,8.143,0.637,0.005,-0.030,22
-3.900,-6.450,76.950,0.266,-5.294,8.217,0.627,0.005,-0.033,22
-3.900,-6.450,76.950,0.108,-5.133,8.353,0.610,0.004,-0.034,22
-3.900,-4.800,76.500,0.350,-4.829,8.377,0.593,0.000,-0.021,23
-3.900,-4.800,76.500,0.340,-4.858,8.538,0.568,0.003,-0.006,22
-3.900,-4.800,76.500,0.187,-4.690,8.519,0.548,0.005,-0.019,22
NEW_MEASUREMENTS
3.150,5.250,79.050,0.539,-4.039,8.758,-0.012,0.000,-0.013,38
3.150,5.250,79.050,0.546,-3.996,9.376,-0.042,0.016,-0.011,23
3.150,5.250,79.050,0.364,-3.970,9.282,-0.052,-0.036,-0.022,23
3.150,5.250,79.050,0.907,-3.816,8.511,-0.054,0.009,-0.003,22
3.150,5.250,79.050,0.764,-3.967,9.148,-0.054,0.012,-0.010,22
3.000,3.900,79.650,0.713,-3.962,9.184,-0.081,0.024,-0.001,22
3.000,3.900,79.650,0.596,-3.802,8.837,-0.102,0.028,0.011,22
3.600,3.600,80.250,0.134,-3.742,9.242,-0.121,0.013,-0.009,22
3.600,3.600,80.250,0.563,-3.666,8.902,-0.164,0.010,-0.004,22
3.150,5.250,80.250,0.536,-3.670,8.892,-0.205,0.019,0.001,22
3.150,5.250,80.250,0.632,-3.800,8.940,-0.244,0.024,0.003,22
3.150,5.250,80.250,0.658,-3.589,8.839,-0.304,0.018,-0.001,22
3.150,5.250,81.000,0.457,-3.658,8.885,-0.389,0.019,0.002,22
3.150,5.250,81.000,0.493,-3.668,8.569,-0.437,0.016,0.002,22
3.150,5.250,81.000,0.491,-4.049,8.777,-0.510,0.013,0.010,22
3.150,5.250,81.000,0.493,-3.979,8.849,-0.543,0.006,0.025,22
2.550,2.250,80.400,0.409,-4.106,8.557,-0.596,0.017,0.027,22
2.550,2.250,80.400,0.271,-4.307,8.464,-0.639,0.021,0.017,22
2.700,0.900,81.000,0.522,-4.530,8.552,-0.670,0.010,0.015,22
2.700,0.900,81.000,0.438,-4.743,8.392,-0.697,0.008,0.020,22
2.700,0.900,81.000,0.378,-4.918,8.464,-0.723,0.013,0.023,22
3.150,-0.900,81.000,0.321,-5.004,8.248,-0.735,0.012,0.025,22
3.150,-0.900,81.000,0.350,-5.171,8.401,-0.733,0.006,0.031,22
3.750,-2.250,80.400,0.488,-5.365,8.135,-0.743,0.005,0.027,22
3.750,-2.250,80.400,0.520,-5.449,8.056,-0.754,0.007,0.030,22
4.500,-3.900,80.100,0.474,-5.514,7.863,-0.763,0.005,0.022,22
4.500,-3.900,80.100,0.582,-5.734,7.855,-0.764,0.010,0.025,22
4.050,-4.200,81.600,0.182,-6.086,8.090,-0.714,0.007,0.019,22
4.050,-4.200,81.600,0.642,-5.988,7.898,-0.728,0.025,0.013,23
4.050,-4.200,81.600,0.658,-6.076,7.750,-0.694,0.014,0.009,22
4.050,-4.200,81.600,0.555,-6.340,8.121,-0.715,0.021,0.007,22
4.050,-4.200,81.600,0.536,-6.098,7.353,-0.734,0.031,0.007,22
3.300,-8.100,80.100,0.304,-6.390,7.458,-0.739,0.023,0.011,22
3.300,-8.100,80.100,0.239,-6.558,7.396,-0.739,0.013,0.015,22
4.350,-10.350,80.550,0.393,-6.658,7.343,-0.756,0.013,0.015,23
4.350,-10.350,80.550,0.431,-6.699,6.972,-0.774,0.013,0.019,22
4.500,-11.700,79.350,0.385,-6.778,7.008,-0.779,0.018,0.013,22
4.500,-11.700,79.350,0.388,-6.807,6.802,-0.810,0.023,0.015,22
4.500,-11.700,79.350,0.345,-7.116,6.943,-0.816,0.018,0.014,22
3.600,-13.050,78.750,0.393,-7.207,6.589,-0.819,0.016,0.013,22
3.600,-13.050,78.750,0.309,-7.398,6.407,-0.828,0.024,0.014,23
3.600,-13.050,78.750,0.385,-7.439,6.381,-0.843,0.030,0.017,22
3.600,-13.050,78.750,0.321,-7.611,6.278,-0.835,0.028,0.014,22
2.400,-17.400,78.000,0.194,-7.875,6.239,-0.807,0.019,0.014,22
2.400,-17.400,78.000,0.436,-8.124,6.206,-0.791,0.016,0.016,22
2.250,-19.950,77.850,0.352,-7.968,5.710,-0.749,0.020,0.009,22
2.250,-19.950,77.850,0.357,-8.440,6.055,-0.715,0.022,0.009,23
2.250,-19.950,77.850,0.333,-8.116,5.497,-0.701,0.025,0.011,22
2.700,-18.900,75.450,0.247,-8.432,5.942,-0.657,0.016,0.009,22
2.700,-18.900,75.450,0.393,-8.449,5.564,-0.647,0.020,0.009,22
3.900,-23.250,75.450,0.249,-8.339,5.394,-0.636,0.018,0.011,22
3.900,-23.250,75.450,0.371,-8.416,5.155,-0.633,0.018,0.008,22
3.900,-23.250,75.450,0.405,-8.519,5.217,-0.624,0.019,0.012,23
3.900,-23.250,75.450,0.294,-8.337,4.901,-0.642,0.026,0.015,22
2.550,-23.400,73.650,0.376,-8.689,4.767,-0.631,0.009,0.009,22
2.550,-23.400,73.650,0.175,-8.705,4.875,-0.623,0.011,0.009,22
2.550,-23.400,73.650,0.254,-8.765,4.630,-0.614,0.005,0.013,22
2.550,-23.400,73.650,0.306,-8.983,4.784,-0.588,0.008,0.018,22
2.550,-23.400,73.650,0.316,-8.904,4.554,-0.567,0.011,0.007,23
4.350,-25.950,71.700,0.354,-9.019,4.422,-0.564,0.018,0.008,22
4.350,-25.950,71.700,0.227,-8.969,4.377,-0.558,0.013,0.006,22
4.050,-27.750,71.550,0.192,-8.971,4.271,-0.564,0.020,0.011,22
4.050,-27.750,71.550,0.445,-8.887,4.104,-0.570,0.019,-0.002,22
3.900,-29.100,70.950,0.393,-8.947,4.039,-0.588,0.033,-0.002,22
3.900,-29.100,70.950,0.098,-8.990,3.771,-0.599,0.028,0.005,23
4.800,-29.100,70.950,0.172,-9.189,3.816,-0.618,0.019,0.007,22
4.800,-28.950,70.050,0.175,-9.177,3.553,-0.633,0.010,0.013,22
4.800,-28.950,70.050,0.187,-9.268,3.522,-0.632,0.011,0.005,22
4.800,-28.950,70.050,0.366,-9.347,3.297,-0.630,0.021,0.003,22
4.800,-28.950,70.050,0.192,-9.538,3.227,-0.617,0.028,0.007,22
4.500,-31.950,68.100,0.096,-9.661,3.203,-0.594,0.024,0.005,23
4.500,-31.950,68.100,0.093,-9.787,3.110,-0.565,0.005,0.011,22
3.900,-33.750,66.450,0.156,-9.802,3.077,-0.510,-0.003,0.008,22
3.900,-33.750,66.450,0.285,-9.778,3.103,-0.482,0.005,-0.003,22
3.900,-33.750,66.450,0.134,-10.080,2.931,-0.431,-0.000,-0.000,22
4.800,-31.650,65.550,0.113,-10.264,2.866,-0.367,-0.007,-0.001,22
4.800,-31.650,65.550,0.350,-10.137,3.397,-0.257,-0.022,-0.003,22
4.500,-33.600,63.600,0.345,-10.008,3.110,-0.171,0.005,-0.009,22
4.500,-33.600,63.600,0.491,-10.266,2.430,-0.108,0.011,-0.009,23
4.500,-33.600,63.600,0.364,-10.180,2.674,-0.014,0.028,0.004,22
4.500,-33.600,63.600,0.503,-9.792,2.538,0.034,0.052,0.005,22
5.250,-33.600,63.600,0.206,-9.747,2.962,0.060,0.046,0.001,22
5.250,-33.600,63.600,0.069,-9.618,2.713,0.074,0.039,0.000,22
6.450,-33.150,65.850,-0.014,-10.072,2.789,0.130,-0.001,-0.008,23
6.450,-33.150,65.850,-0.108,-9.821,3.031,0.149,0.004,-0.004,22
6.450,-33.150,65.850,0.206,-10.120,2.337,0.215,-0.012,-0.002,22
4.650,-33.750,66.000,0.302,-10.034,3.139,0.294,-0.018,-0.020,22
4.650,-33.750,66.000,0.340,-9.673,2.801,0.303,0.010,-0.026,22
3.900,-33.000,66.000,0.424,-9.828,3.050,0.356,-0.005,-0.031,22
3.900,-33.000,66.000,0.079,-9.704,3.280,0.366,0.027,-0.028,23
4.050,-32.850,67.800,0.086,-9.677,3.302,0.407,0.006,-0.020,22
4.050,-32.850,67.800,0.093,-9.656,3.287,0.428,0.005,-0.019,22
4.800,-30.900,68.550,0.156,-9.606,3.560,0.476,-0.005,-0.027,22
4.800,-30.900,68.550,0.390,-9.517,3.361,0.510,-0.005,-0.034,22
4.800,-30.900,68.550,0.350,-9.522,3.596,0.550,-0.002,-0.028,22
4.800,-30.900,68.550,0.345,-9.500,3.807,0.579,0.005,-0.030,23
4.800,-30.900,68.550,0.256,-9.448,3.905,0.609,0.010,-0.029,22
4.050,-30.450,71.100,0.206,-9.400,4.063,0.668,0.010,-0.036,22
4.050,-30.450,71.100,0.168,-9.431,4.231,0.715,-0.003,-0.038,22
3.900,-26.700,70.200,0.287,-9.254,4.319,0.737,0.001,-0.031,22
3.900,-26.700,70.200,0.369,-8.464,4.223,0.727,0.007,-0.040,22
2.400,-25.950,73.500,0.208,-8.590,4.810,0.714,0.012,-0.038,22
2.400,-25.950,73.500,0.101,-8.871,4.748,0.724,-0.005,-0.033,23
2.400,-25.950,73.500,0.266,-8.772,4.592,0.718,-0.002,-0.025,22
3.900,-25.200,73.500,0.330,-8.499,4.918,0.745,-0.012,-0.025,22
3.900,-25.200,73.500,0.268,-8.712,5.222,0.746,-0.005,-0.027,22
3.900,-25.200,73.500,0.350,-8.502,5.322,0.766,-0.010,-0.035,22
3.900,-25.200,73.500,0.388,-8.191,5.346,0.774,0.001,-0.034,23
2.700,-21.600,75.450,0.383,-8.226,5.488,0.776,-0.004,-0.035,22
2.700,-21.600,75.450,0.251,-8.054,5.820,0.777,0.015,-0.041,22
2.400,-18.900,75.750,0.213,-7.922,5.930,0.783,0.009,-0.044,22
2.400,-18.900,75.750,0.235,-7.841,5.969,0.785,0.000,-0.035,22
2.400,-18.900,75.750,0.263,-7.764,6.136,0.806,-0.010,-0.032,22
4.050,-18.300,77.850,0.429,-7.736,6.287,0.806,-0.002,-0.031,22
4.050,-18.300,77.850,0.441,-7.515,6.426,0.813,0.004,-0.041,23
3.600,-15.750,78.750,0.453,-7.183,6.596,0.813,0.005,-0.044,22
3.600,-15.750,78.750,0.342,-6.965,6.644,0.796,0.007,-0.048,22
3.600,-15.750,78.750,0.268,-7.137,6.833,0.789,0.008,-0.045,22
3.600,-15.750,78.750,0.218,-7.053,6.941,0.790,-0.005,-0.030,22
2.700,-12.300,79.050,0.417,-6.723,7.195,0.788,-0.002,-0.029,23
2.700,-12.300,79.050,0.407,-6.749,7.180,0.788,-0.003,-0.036,22
2.700,-12.300,79.050,0.448,-6.675,7.444,0.795,-0.002,-0.046,22
2.700,-12.300,79.050,0.414,-6.393,7.393,0.793,0.008,-0.034,22
2.700,-12.300,79.050,0.321,-6.464,7.654,0.818,0.001,-0.031,22
2.700,-7.500,79.800,0.362,-5.964,7.645,0.829,-0.003,-0.038,22
2.700,-7.500,79.800,0.412,-6.096,7.860,0.828,0.002,-0.035,23
2.250,-5.400,78.900,0.402,-5.890,7.896,0.843,-0.004,-0.036,22
2.250,-5.400,78.900,0.424,-5.657,8.006,0.844,0.001,-0.033,22
3.000,-4.200,80.400,0.373,-5.631,8.092,0.855,-0.002,-0.036,22
3.000,-4.200,80.400,0.431,-5.476,8.305,0.859,0.002,-0.034,22
3.000,-4.200,80.400,0.390,-5.164,8.440,0.868,0.003,-0.033,22
3.000,-1.500,81.600,0.350,-4.966,8.490,0.881,-0.006,-0.039,23
3.000,-1.500,81.600,0.383,-4.851,8.408,0.881,-0.002,-0.042,22
3.000,-1.500,81.600,0.371,-4.673,8.581,0.892,-0.001,-0.037,22
3.000,-1.500,81.600,0.450,-4.403,8.703,0.896,-0.003,-0.036,22
2.700,2.100,80.550,0.532,-4.192,8.794,0.904,-0.000,-0.037,22
2.700,2.100,80.550,0.438,-4.046,8.961,0.903,-0.004,-0.035,22
1.200,6.750,80.250,0.520,-3.754,8.875,0.901,0.000,-0.039,22
1.200,6.750,80.250,0.508,-3.709,8.964,0.906,0.010,-0.045,23
1.200,6.750,80.250,0.460,-3.361,9.139,0.899,0.005,-0.041,22
2.400,6.450,78.300,0.426,-3.168,9.179,0.916,0.001,-0.043,22
2.400,6.450,78.300,0.484,-3.060,9.112,0.903,0.007,-0.038,22
2.700,11.100,78.750,0.479,-3.005,9.385,0.918,0.002,-0.035,22
2.700,11.100,78.750,0.529,-2.744,9.287,0.926,-0.006,-0.041,22
2.700,11.100,78.750,0.555,-2.500,9.452,0.926,0.000,-0.035,23
2.700,11.100,78.750,0.424,-2.181,9.304,0.949,0.001,-0.035,22
3.150,14.250,76.500,0.424,-2.025,9.594,0.962,-0.003,-0.032,22
3.150,14.250,76.500,0.548,-1.592,9.383,0.947,-0.008,-0.027,22
2.550,15.150,77.100,0.333,-1.547,9.567,0.945,-0.012,-0.023,22
2.550,15.150,77.100,0.421,-1.089,9.443,0.892,-0.011,-0.012,22
2.550,15.150,77.100,0.742,0.117,9.316,0.850,0.004,-0.003,23
3.300,19.050,74.400,-0.005,-0.283,9.694,0.722,0.009,0.003,22
3.300,19.050,74.400,-0.077,-0.091,9.153,0.597,-0.025,0.018,22
3.000,19.950,75.150,0.369,-0.263,9.955,0.555,-0.056,0.025,22
3.000,19.950,75.150,0.634,0.388,9.105,0.377,-0.048,0.043,22
3.300,20.250,73.650,1.130,2.083,8.229,0.184,-0.016,0.044,22
3.300,20.250,73.650,0.716,1.587,9.045,-0.181,0.049,0.035,23
2.550,20.250,73.350,0.907,0.809,9.376,-0.374,0.058,0.033,22
2.550,20.250,73.350,0.687,-0.508,9.878,-0.369,0.044,0.026,22
2.550,20.250,73.350,0.311,-1.089,10.676,-0.343,-0.004,0.013,22
2.550,20.250,73.350,0.486,-0.634,9.718,-0.406,-0.003,0.021,22
2.550,20.250,73.350,0.443,-0.812,9.821,-0.405,-0.003,0.017,22
3.000,18.750,75.900,0.371,-0.603,9.505,-0.411,0.005,0.027,23
3.000,18.750,75.900,0.362,-0.464,9.606,-0.464,0.012,0.037,22
1.050,18.750,75.900,0.278,-0.927,9.747,-0.487,0.000,0.041,22
1.050,18.750,75.900,0.754,-0.922,9.692,-0.522,0.006,0.039,22
4.050,15.600,75.900,0.644,-1.053,9.732,-0.546,0.019,0.029,22
4.050,15.600,75.900,0.666,-1.348,9.649,-0.554,0.025,0.026,22
4.050,15.600,75.900,0.563,-1.202,9.606,-0.570,0.021,0.026,23
3.000,15.600,75.900,0.362,-1.444,9.663,-0.584,0.013,0.019,22
3.000,15.600,75.900,0.532,-1.654,9.651,-0.604,0.016,0.013,22
3.000,15.600,75.900,0.493,-1.678,9.653,-0.615,0.022,0.011,22
3.000,15.600,75.900,0.426,-1.903,9.606,-0.618,0.019,0.011,22
2.400,13.800,78.300,0.565,-1.982,9.531,-0.630,0.011,0.017,22
2.400,13.800,78.300,0.539,-2.112,9.534,-0.635,0.011,0.012,23
1.650,12.300,79.800,0.577,-2.468,9.488,-0.633,0.012,0.017,22
1.650,12.300,79.800,0.563,-2.533,9.524,-0.628,0.009,0.018,22
1.650,12.300,79.800,0.345,-2.545,9.584,-0.615,0.000,0.022,22
2.700,10.650,79.050,0.318,-2.847,9.155,-0.597,0.010,0.026,22
2.700,10.650,79.050,-0.014,-3.280,8.863,-0.556,-0.047,0.018,22
3.750,9.000,79.650,0.749,-3.081,9.977,-0.543,0.031,0.020,23
3.750,9.000,79.650,0.982,-2.947,9.325,-0.524,0.013,0.011,22
3.750,9.000,79.650,0.575,-3.230,9.610,-0.519,0.007,0.017,22
3.750,9.000,79.650,0.412,-2.954,9.222,-0.524,0.014,0.023,22
3.150,6.450,80.550,0.479,-3.220,9.342,-0.527,0.015,0.020,22
3.150,6.450,80.550,0.510,-3.335,9.187,-0.524,0.005,0.008,22
3.150,6.450,80.550,0.548,-3.462,9.179,-0.540,0.009,0.018,23
3.150,6.450,80.550,0.364,-3.448,8.959,-0.546,0.008,0.016,22
3.150,6.450,80.550,0.342,-3.548,9.194,-0.558,0.009,0.013,22
1.500,5.400,80.100,0.438,-3.567,8.961,-0.578,0.017,0.013,22
1.500,5.400,80.100,0.551,-3.768,8.885,-0.587,0.015,0.012,22
3.600,4.500,80.250,0.500,-3.903,8.940,-0.609,0.013,0.000,22
3.600,4.500,80.250,0.539,-3.929,8.830,-0.633,0.026,0.004,22
3.900,2.400,79.800,0.491,-4.010,8.837,-0.644,0.027,0.008,22
3.900,2.400,79.800,0.464,-4.257,8.832,-0.670,0.015,0.013,23
3.900,2.400,79.800,0.443,-4.508,8.677,-0.669,0.018,0.011,22
2.400,1.650,81.000,0.522,-4.530,8.669,-0.679,0.015,0.012,22
2.400,1.650,81.000,0.484,-4.642,8.638,-0.683,0.020,0.013,22
2.400,1.650,81.000,0.405,-4.786,8.521,-0.689,0.027,0.015,22
2.400,1.650,81.000,0.376,-4.920,8.516,-0.693,0.020,0.009,23
3.300,-1.050,80.400,0.441,-5.253,8.473,-0.686,0.018,0.015,22
3.300,-1.050,80.400,0.479,-5.260,8.325,-0.669,0.017,0.013,22
2.550,-3.000,81.150,0.390,-5.435,8.308,-0.657,0.017,0.011,22
2.550,-3.000,81.150,0.311,-5.449,8.224,-0.646,0.012,0.011,22
2.550,-3.000,81.150,0.390,-5.607,8.246,-0.636,0.014,0.017,22
2.250,-3.900,81.150,0.407,-5.701,7.961,-0.633,0.017,0.013,23
2.250,-3.900,81.150,0.481,-5.741,7.867,-0.632,0.012,0.012,22
3.750,-5.400,80.850,0.443,-5.871,7.922,-0.628,0.021,0.013,22
3.750,-5.400,80.850,0.378,-5.871,7.894,-0.638,0.015,0.018,22
3.750,-5.400,80.850,0.429,-5.959,7.748,-0.642,0.013,0.018,22
3.750,-5.400,80.850,0.431,-6.014,7.623,-0.655,0.021,0.011,22
2.400,-7.500,80.250,0.402,-6.132,7.496,-0.678,0.018,0.010,23
2.400,-7.500,80.250,0.460,-6.141,7.434,-0.709,0.023,0.013,22
2.400,-7.500,80.250,0.460,-6.172,7.300,-0.740,0.027,0.008,22
2.400,-7.500,80.250,0.328,-6.328,7.221,-0.765,0.023,0.008,22
2.400,-7.500,80.250,0.263,-6.529,7.068,-0.803,0.021,0.019,22
2.700,-12.600,78.750,0.338,-6.697,7.044,-0.825,0.009,0.022,22
2.700,-12.600,78.750,0.453,-6.823,6.869,-0.853,0.009,0.025,23
2.700,-15.000,79.050,0.491,-6.965,6.847,-0.865,0.018,0.017,22
2.700,-15.000,79.050,0.402,-7.087,6.627,-0.881,0.021,0.020,22
4.350,-16.500,78.750,0.321,-7.353,6.452,-0.888,0.017,0.020,22
4.350,-16.500,78.750,0.354,-7.527,6.419,-0.892,0.021,0.023,22
2.550,-15.600,77.100,0.302,-7.542,6.208,-0.893,0.016,0.019,22
2.550,-15.600,77.100,0.335,-7.812,6.172,-0.885,0.020,0.021,23
2.550,-15.600,77.100,0.352,-7.860,5.986,-0.886,0.019,0.025,22
2.550,-15.600,77.100,0.350,-8.023,5.775,-0.873,0.018,0.013,22
2.550,-15.600,77.100,0.268,-8.152,5.770,-0.870,0.020,0.017,22
3.900,-20.400,76.950,0.306,-8.215,5.559,-0.861,0.013,0.020,22
3.900,-20.400,76.950,0.275,-8.243,5.397,-0.863,0.017,0.020,22
1.650,-21.600,74.250,0.287,-8.358,5.255,-0.849,0.012,0.025,23
1.650,-21.600,74.250,0.338,-8.538,5.061,-0.837,0.006,0.023,22
2.700,-25.950,75.000,0.347,-8.629,5.116,-0.833,0.013,0.022,22
2.700,-25.950,75.000,0.206,-8.760,4.666,-0.827,0.010,0.025,22
2.700,-25.950,75.000,0.215,-8.792,4.743,-0.812,0.009,0.027,22
3.750,-24.600,74.100,0.335,-8.868,4.683,-0.795,0.009,0.015,22
3.750,-24.600,74.100,0.237,-8.973,4.338,-0.787,0.013,0.020,23
3.750,-24.600,74.100,0.247,-9.019,4.164,-0.781,0.012,0.015,22
3.750,-24.600,74.100,0.273,-9.148,4.214,-0.765,0.011,0.016,22
3.600,-29.850,69.750,0.383,-9.060,4.326,-0.757,0.014,0.014,22
3.600,-29.850,69.750,0.383,-9.131,3.867,-0.752,0.023,0.018,22
2.550,-29.250,68.550,0.225,-9.218,3.666,-0.737,0.021,0.021,22
2.550,-29.250,68.550,0.242,-9.335,3.438,-0.737,0.020,0.020,23
2.550,-29.250,68.550,0.285,-9.380,3.333,-0.740,0.019,0.015,22
3.150,-30.600,67.950,0.103,-9.297,3.129,-0.742,0.023,0.019,22
3.150,-30.600,67.950,0.156,-9.493,3.141,-0.744,0.011,0.013,22
3.900,-32.550,66.000,0.263,-9.598,3.077,-0.735,0.008,0.013,22
3.900,-32.550,66.000,0.235,-9.632,2.739,-0.723,0.013,0.016,22
5.550,-34.800,67.800,0.304,-9.778,2.840,-0.694,0.012,0.015,22
5.550,-34.800,67.800,0.156,-9.974,2.749,-0.667,0.005,0.012,23
5.100,-36.150,66.000,0.132,-10.072,2.591,-0.615,-0.002,0.013,22
5.100,-36.150,66.000,0.227,-10.096,2.600,-0.539,-0.001,0.011,22
5.100,-36.150,66.000,0.172,-10.214,2.327,-0.469,0.000,0.008,22
5.100,-36.150,66.000,0.218,-10.309,2.363,-0.407,0.006,0.010,22
5.100,-36.150,66.000,0.235,-10.326,2.265,-0.289,0.007,0.006,23
4.800,-37.050,62.550,0.163,-10.448,2.344,-0.204,0.003,-0.001,22
4.800,-37.050,62.550,0.134,-10.506,2.327,-0.105,0.007,0.002,22
5.850,-36.150,61.650,0.263,-10.381,2.162,-0.012,0.004,-0.005,22
5.850,-36.150,61.650,0.256,-10.001,1.829,0.052,0.039,-0.008,22
5.100,-36.150,64.200,0.182,-9.862,2.509,0.098,0.018,-0.016,22
5.100,-36.150,64.200,0.057,-9.776,1.997,0.116,-0.008,0.000,22
5.100,-36.150,64.200,0.232,-9.859,2.531,0.145,0.007,-0.004,23
4.800,-34.800,64.050,0.012,-9.979,2.658,0.196,-0.024,-0.018,22
4.800,-34.800,64.050,0.069,-10.092,2.143,0.221,-0.017,-0.003,22
4.800,-34.800,64.050,0.359,-9.929,2.172,0.264,-0.006,-0.007,22
4.800,-34.800,64.050,0.306,-9.977,2.298,0.311,0.003,-0.017,22
4.800,-34.800,65.550,0.175,-9.797,2.454,0.339,0.003,-0.025,22
4.800,-34.800,65.550,0.201,-9.742,2.763,0.345,0.002,-0.021,23
5.550,-33.600,65.550,0.055,-9.730,2.770,0.390,0.003,-0.025,22
5.550,-33.600,65.550,0.158,-9.756,2.725,0.408,-0.001,-0.028,22
5.550,-33.600,65.550,0.199,-9.764,2.871,0.437,-0.005,-0.024,22
5.100,-33.450,66.450,0.242,-9.711,3.019,0.457,0.007,-0.031,22
5.100,-33.450,66.450,0.261,-9.627,3.043,0.502,0.012,-0.030,22
3.750,-33.150,67.050,0.151,-9.692,3.273,0.515,0.011,-0.029,23
3.750,-33.150,67.050,0.194,-9.483,3.211,0.531,0.009,-0.031,22
4.500,-31.200,68.100,0.206,-9.438,3.369,0.554,0.003,-0.032,22
4.500,-31.200,68.100,0.287,-9.452,3.548,0.565,0.018,-0.027,22
4.050,-30.000,68.100,0.354,-9.282,3.716,0.575,0.020,-0.032,22
4.050,-30.000,68.100,0.464,-9.194,3.800,0.568,0.031,-0.046,22
4.050,-30.000,68.100,0.311,-8.607,3.670,0.517,0.044,-0.043,23
4.050,-30.000,68.100,0.129,-8.703,4.147,0.490,0.037,-0.020,22
4.050,-30.000,68.100,0.132,-8.981,4.142,0.487,0.019,-0.010,22
3.600,-27.900,72.000,-0.031,-8.890,4.171,0.462,0.003,-0.006,22
3.600,-27.900,72.000,0.184,-8.830,4.623,0.459,-0.004,-0.013,22
3.600,-27.450,72.000,0.182,-8.727,4.322,0.463,-0.015,-0.030,22
3.600,-27.450,72.000,0.273,-9.021,4.659,0.472,-0.006,-0.033,23
3.300,-26.100,71.850,0.393,-8.712,4.496,0.439,0.005,-0.026,22
3.300,-26.100,71.850,0.285,-8.655,4.547,0.451,0.006,-0.016,22
4.650,-25.950,73.500,0.239,-8.583,4.812,0.444,0.017,-0.019,22
4.650,-25.950,73.500,0.180,-8.595,5.104,0.450,0.006,-0.031,22
4.650,-25.950,73.500,0.335,-8.511,4.951,0.427,0.010,-0.031,22
4.650,-25.950,73.500,0.285,-8.459,5.186,0.432,0.004,-0.029,23
4.650,-25.950,73.500,0.218,-8.413,5.315,0.412,0.016,-0.026,22
2.700,-22.500,73.950,0.311,-8.258,5.231,0.404,0.020,-0.027,22
2.700,-22.500,73.950,0.227,-8.294,5.447,0.400,0.011,-0.027,22
3.600,-20.100,74.700,0.206,-8.229,5.389,0.392,0.009,-0.027,22
3.600,-20.100,74.700,0.249,-8.133,5.389,0.387,0.009,-0.028,22
2.400,-20.850,75.750,0.378,-8.133,5.557,0.396,-0.002,-0.025,23
2.400,-20.850,75.750,0.330,-8.241,5.756,0.389,0.011,-0.022,22
2.400,-20.850,75.750,0.357,-8.124,5.653,0.408,0.004,-0.027,22
2.550,-18.300,75.600,0.177,-8.169,6.017,0.428,0.004,-0.026,22
2.550,-18.300,75.600,0.182,-8.088,5.981,0.445,-0.001,-0.023,22
3.300,-18.300,76.350,0.373,-8.100,6.165,0.463,0.002,-0.027,22
3.300,-18.300,76.350,0.407,-8.023,6.050,0.503,0.011,-0.031,22
3.600,-17.400,78.000,0.342,-7.724,6.349,0.509,0.011,-0.036,23
3.600,-17.400,78.000,0.156,-7.594,6.314,0.527,0.002,-0.033,22
3.600,-17.400,78.000,0.230,-7.728,6.294,0.549,0.003,-0.023,22
3.600,-17.400,78.000,0.445,-7.384,6.460,0.572,-0.000,-0.030,22
3.600,-17.400,78.000,0.424,-7.412,6.742,0.565,0.006,-0.035,22
1.950,-13.800,78.000,0.302,-7.319,6.622,0.585,0.016,-0.035,22
1.950,-13.800,78.000,0.302,-7.192,6.783,0.587,0.011,-0.025,23
1.950,-12.600,78.000,0.397,-7.104,6.831,0.592,0.021,-0.025,22
1.950,-12.600,78.000,0.333,-6.998,6.905,0.603,0.016,-0.029,22
2.250,-12.000,78.900,0.287,-6.807,7.154,0.610,0.011,-0.036,22
2.250,-12.000,78.900,0.208,-6.867,7.207,0.620,0.009,-0.029,22
3.300,-11.250,78.900,0.251,-6.766,7.259,0.626,0.003,-0.029,22
3.300,-11.250,78.900,0.402,-6.644,7.403,0.632,0.005,-0.026,23
3.300,-11.250,78.900,0.373,-6.505,7.566,0.636,0.008,-0.034,22
3.300,-11.250,78.900,0.376,-6.342,7.475,0.644,0.018,-0.037,22
3.300,-11.250,78.900,0.445,-6.244,7.604,0.653,0.019,-0.036,22
3.900,-7.500,79.800,0.460,-6.041,7.724,0.653,0.025,-0.044,22
3.900,-7.500,79.800,0.469,-6.002,7.772,0.654,0.035,-0.038,22
3.150,-4.800,80.250,0.299,-5.681,7.992,0.651,0.030,-0.039,23
3.150,-4.800,80.250,0.362,-5.547,8.047,0.640,0.039,-0.038,22
1.950,-4.500,79.800,0.278,-5.552,8.088,0.633,0.033,-0.041,22
1.950,-4.500,79.800,0.283,-5.298,8.061,0.621,0.025,-0.049,22
1.950,-4.500,79.800,0.271,-5.329,8.229,0.624,0.021,-0.042,22
3.150,-1.350,81.300,0.096,-5.152,8.437,0.622,0.011,-0.028,22
3.150,-1.350,81.300,0.299,-4.951,8.358,0.621,-0.008,-0.017,23
3.150,-1.350,81.300,0.448,-4.992,8.511,0.618,-0.018,-0.013,22
3.150,-1.350,81.300,0.405,-4.731,8.569,0.613,-0.019,-0.007,22
3.000,0.750,80.850,0.333,-4.585,8.578,0.604,-0.011,-0.024,22
3.000,0.750,80.850,0.589,-4.487,8.775,0.610,-0.013,-0.032,22
3.000,0.750,80.850,0.397,-4.367,8.890,0.603,0.007,-0.029,22
3.000,0.750,80.850,0.292,-4.300,8.813,0.601,0.000,-0.020,23
3.000,0.750,80.850,0.177,-4.231,8.945,0.611,-0.010,-0.015,22
3.000,2.250,82.350,0.208,-4.099,8.911,0.616,-0.019,-0.019,22
3.000,2.250,82.350,0.582,-3.900,9.103,0.624,-0.013,-0.030,22
1.800,4.950,78.900,0.675,-3.733,9.019,0.626,-0.008,-0.028,22
1.800,4.950,78.900,0.460,-3.534,9.067,0.629,0.007,-0.029,22
3.000,7.800,81.150,0.488,-3.438,9.048,0.622,0.016,-0.042,23
3.000,7.800,81.150,0.378,-3.383,9.208,0.627,0.007,-0.036,22
3.300,7.800,78.900,0.350,-3.165,9.306,0.636,0.003,-0.039,22
3.300,7.800,78.900,0.376,-3.060,9.299,0.632,0.002,-0.023,22
3.300,7.800,78.900,0.488,-2.919,9.294,0.649,0.000,-0.029,22
3.300,7.800,78.900,0.409,-2.813,9.424,0.654,0.001,-0.037,22
3.300,7.800,78.900,0.443,-2.612,9.352,0.649,0.004,-0.033,23
4.050,11.700,79.350,0.271,-2.289,9.400,0.649,0.005,-0.033,22
4.050,11.700,79.350,0.445,-2.195,9.361,0.642,-0.002,-0.033,22
4.050,13.650,77.100,0.467,-2.052,9.546,0.632,-0.005,-0.026,22
4.050,13.650,77.100,0.496,-1.949,9.531,0.621,0.001,-0.028,22
1.800,14.850,75.600,0.539,-1.772,9.517,0.603,0.005,-0.027,22
1.800,14.850,75.600,0.450,-1.420,9.577,0.569,0.007,-0.027,22
3.900,15.750,76.500,0.390,-1.144,9.471,0.547,0.006,-0.027,23
3.900,15.750,76.500,0.369,-1.128,9.579,0.499,0.000,-0.019,22
3.900,15.750,76.500,0.397,-0.967,9.548,0.426,0.005,-0.013,22
3.900,15.750,76.500,0.512,-0.857,9.658,0.373,0.003,-0.018,22
3.900,15.750,76.500,0.536,-0.728,9.560,0.318,0.006,-0.021,22
3.750,18.300,75.900,0.462,-0.527,9.579,0.218,0.017,-0.038,22
3.750,18.300,75.900,0.381,-0.426,9.541,0.159,0.018,-0.032,23
3.750,18.300,75.900,0.419,-0.383,9.608,0.089,0.014,-0.026,22
3.750,18.300,75.900,0.397,-0.285,9.658,0.025,0.011,-0.009,22
3.600,17.700,76.200,0.369,-0.309,9.594,-0.095,0.007,-0.002,22
3.600,17.700,76.200,0.587,-0.579,9.673,-0.155,0.015,-0.002,22
3.600,17.700,76.200,0.505,-0.618,9.682,-0.191,0.020,-0.006,22
3.150,18.450,74.250,0.441,-0.728,9.697,-0.253,0.018,-0.009,23
3.150,18.450,74.250,0.364,-0.649,9.582,-0.301,0.016,0.004,22
4.500,17.550,76.350,0.283,-0.716,9.661,-0.344,0.003,0.003,22
4.500,17.550,76.350,0.565,-0.852,9.548,-0.389,0.005,0.012,22
2.550,15.600,76.350,0.450,-0.989,9.591,-0.462,0.014,0.016,22
2.550,15.600,76.350,0.625,-0.972,9.594,-0.507,0.015,-0.002,22
2.550,15.600,76.350,0.639,-1.185,9.627,-0.542,0.019,-0.003,23
2.550,15.600,76.350,0.364,-1.439,9.579,-0.591,0.019,0.004,22
2.550,15.600,76.350,0.345,-1.633,9.424,-0.606,0.022,0.010,22
3.150,16.200,77.550,0.601,-1.925,9.586,-0.625,0.006,0.020,22
3.150,16.200,77.550,0.594,-1.642,9.742,-0.636,0.007,0.019,22
1.950,12.600,77.550,0.357,-1.951,9.503,-0.648,0.029,0.013,22
1.950,12.600,77.550,0.330,-2.205,9.433,-0.643,0.018,0.017,23
2.550,13.650,78.150,0.443,-2.231,9.450,-0.655,0.018,0.007,22
2.550,13.650,78.150,0.481,-2.473,9.579,-0.654,0.015,0.012,22
3.150,10.650,78.750,0.390,-2.583,9.448,-0.664,0.013,0.013,22
3.150,10.650,78.750,0.436,-2.538,9.232,-0.678,0.007,0.014,22
3.150,10.650,78.750,0.464,-2.823,9.438,-0.679,0.012,0.018,22
3.150,10.650,78.750,0.721,-3.081,9.242,-0.674,0.001,0.013,23
3.150,10.650,78.750,0.749,-3.474,8.945,-0.661,0.011,0.017,22
3.750,7.350,79.350,0.455,-3.496,9.668,-0.661,0.018,0.016,22
3.750,7.350,79.350,0.268,-3.333,8.906,-0.655,0.012,0.007,22
3.000,6.900,80.100,0.429,-3.338,9.050,-0.640,0.013,0.011,22
3.000,6.900,80.100,0.512,-3.531,9.024,-0.666,0.019,0.010,22
4.050,5.850,79.650,0.479,-3.575,9.009,-0.671,0.015,0.014,23
4.050,5.850,79.650,0.412,-3.812,8.993,-0.689,0.018,0.011,22
4.050,5.850,79.650,0.350,-3.821,8.983,-0.706,0.013,0.011,22
3.000,3.900,81.150,0.345,-3.941,9.002,-0.707,0.019,0.011,22
3.000,3.900,81.150,0.417,-4.286,8.868,-0.708,0.015,0.015,22
3.000,3.900,81.150,0.362,-4.324,8.818,-0.722,0.006,0.019,22
3.000,3.900,81.150,0.395,-4.523,8.739,-0.729,0.016,0.015,23
2.700,0.150,80.550,0.273,-4.640,8.538,-0.727,0.011,0.018,22
2.700,0.150,80.550,0.443,-4.640,8.466,-0.729,0.023,0.013,22
2.700,0.150,80.550,0.429,-4.870,8.377,-0.736,0.019,0.010,22
2.700,0.150,80.550,0.431,-4.997,8.514,-0.748,0.020,0.011,22
2.700,0.150,80.550,0.378,-5.025,8.133,-0.773,0.021,0.013,22
3.300,-2.700,81.900,0.316,-5.229,8.353,-0.781,0.018,0.012,23
3.300,-2.700,81.900,0.357,-5.215,8.049,-0.808,0.021,0.021,22
3.150,-3.600,81.300,0.350,-5.535,8.018,-0.825,0.019,0.015,22
3.150,-3.600,81.300,0.402,-5.559,7.865,-0.853,0.029,0.016,22
3.150,-4.800,80.250,0.304,-5.729,7.834,-0.866,0.023,0.016,22
3.150,-4.800,80.250,0.362,-5.883,7.719,-0.891,0.022,0.017,22
3.300,-7.800,81.600,0.299,-6.009,7.609,-0.923,0.021,0.021,23
3.300,-7.800,81.600,0.376,-6.251,7.353,-0.926,0.018,0.022,22
3.300,-7.800,81.600,0.366,-6.347,7.350,-0.951,0.021,0.013,22
3.300,-7.800,81.600,0.340,-6.483,7.195,-0.969,0.019,0.018,22
3.300,-7.800,81.600,0.299,-6.642,7.130,-0.995,0.023,0.014,22
3.000,-10.050,78.900,0.256,-6.792,6.991,-1.011,0.020,0.025,22
3.000,-10.050,78.900,0.306,-7.080,6.740,-1.022,0.020,0.024,22
4.050,-13.950,78.150,0.352,-7.228,6.642,-1.033,0.022,0.025,23
4.050,-13.950,78.150,0.254,-7.360,6.567,-1.041,0.019,0.028,22
2.250,-17.100,77.850,0.237,-7.434,6.278,-1.042,0.019,0.030,22
2.250,-17.100,77.850,0.283,-7.681,6.220,-1.036,0.009,0.020,22
2.250,-17.100,77.850,0.218,-7.982,5.933,-1.032,0.015,0.028,22
3.000,-19.050,77.400,0.194,-8.049,5.665,-1.026,0.011,0.021,22
3.000,-19.050,77.400,0.251,-8.147,5.624,-1.008,0.013,0.027,23
3.000,-19.050,77.400,0.359,-8.258,5.638,-1.004,0.011,0.019,22
3.000,-19.050,77.400,0.314,-8.265,5.363,-1.001,0.014,0.020,22
4.650,-22.800,75.750,0.306,-8.454,5.064,-0.992,0.015,0.022,22
4.650,-22.800,75.750,0.304,-8.531,4.817,-1.003,0.019,0.018,22
5.250,-25.800,73.650,0.139,-8.638,4.784,-1.002,0.019,0.016,22
5.250,-25.800,73.650,0.251,-8.770,4.762,-1.007,0.021,0.021,23
3.150,-25.500,71.250,0.132,-8.792,4.508,-1.008,0.013,0.020,22
3.150,-25.500,71.250,0.290,-9.005,4.159,-1.011,0.016,0.022,22
3.150,-25.500,71.250,0.218,-9.108,4.005,-1.003,0.007,0.019,22
4.050,-28.500,70.800,0.067,-9.129,3.778,-1.005,0.018,0.017,22
4.050,-28.500,70.800,0.227,-9.392,3.730,-0.991,0.013,0.023,22
4.050,-28.500,70.800,0.259,-9.385,3.680,-0.967,0.016,0.019,23
4.050,-28.500,70.800,0.184,-9.644,3.285,-0.945,0.005,0.019,22
3.300,-31.650,68.550,0.192,-9.697,3.211,-0.929,-0.003,0.011,22
3.300,-31.650,68.550,0.235,-9.692,2.775,-0.881,0.012,0.009,22
3.300,-31.650,68.550,0.259,-9.895,2.837,-0.841,0.018,0.009,22
3.300,-31.650,68.550,0.194,-9.878,2.705,-0.810,0.024,0.014,22
3.300,-31.650,68.550,0.227,-10.010,2.514,-0.747,0.020,0.018,23
5.250,-34.050,64.800,0.192,-10.135,2.543,-0.692,0.019,0.016,22
5.250,-34.050,64.800,0.069,-10.180,2.234,-0.646,0.019,0.006,22
4.050,-35.100,63.300,0.182,-10.187,2.325,-0.583,0.017,0.002,22
4.050,-35.100,63.300,0.096,-10.309,2.241,-0.482,0.010,0.013,22
5.250,-36.750,62.550,0.218,-10.400,2.102,-0.409,0.009,0.009,22
5.250,-36.750,62.550,0.182,-10.460,1.978,-0.332,0.007,0.002,23
4.500,-35.550,61.350,0.175,-10.415,1.963,-0.228,0.017,-0.008,22
4.500,-35.550,61.350,0.160,-10.350,1.942,-0.169,0.017,-0.006,22
4.500,-35.550,61.350,0.196,-10.295,1.863,-0.108,0.013,-0.002,22
4.500,-35.550,61.350,0.206,-10.211,1.899,-0.053,0.019,-0.011,22
4.500,-35.550,61.350,0.187,-10.056,1.738,0.004,0.035,-0.015,22
4.800,-36.000,61.050,0.223,-9.979,1.848,0.024,0.038,-0.012,23
4.800,-36.000,61.050,0.110,-9.957,1.769,0.025,0.021,-0.011,22
4.800,-36.300,59.850,0.139,-9.656,1.772,0.038,0.004,-0.004,22
4.800,-36.300,59.850,0.302,-9.874,1.580,0.067,-0.010,-0.008,22
3.300,-36.750,62.100,0.204,-9.699,2.140,0.057,0.006,-0.018,22
3.300,-36.750,62.100,0.105,-9.819,2.315,0.069,0.017,-0.025,22
3.300,-36.750,62.100,0.043,-9.814,2.023,0.070,0.020,-0.012,23
4.800,-36.750,61.350,0.019,-10.072,1.769,0.105,0.001,-0.008,22
4.800,-36.750,61.350,0.271,-10.013,1.992,0.110,0.002,-0.008,22
4.800,-36.750,61.350,0.196,-10.029,1.990,0.147,0.015,-0.019,22
4.800,-36.750,61.350,0.074,-9.919,2.277,0.172,0.003,-0.024,22
3.600,-36.150,62.400,0.148,-9.900,2.234,0.199,0.011,-0.022,22
3.600,-36.150,62.400,0.335,-9.883,2.172,0.224,0.019,-0.020,23
3.600,-35.400,64.200,0.060,-9.819,2.224,0.255,0.014,-0.018,22
3.600,-35.400,64.200,0.189,-10.017,2.377,0.275,0.006,-0.011,22
3.600,-35.400,64.200,0.079,-9.862,2.279,0.297,0.002,-0.026,22
4.500,-34.800,63.600,0.084,-9.967,2.459,0.335,0.006,-0.027,22
4.500,-34.800,63.600,0.254,-9.874,2.555,0.358,0.012,-0.024,22
4.800,-36.750,63.600,0.148,-9.785,2.717,0.388,0.015,-0.024,23
4.800,-36.750,63.600,0.160,-9.764,2.720,0.412,0.013,-0.024,22
3.300,-34.050,64.800,-0.005,-9.847,2.899,0.461,0.008,-0.023,22
3.300,-34.050,64.800,0.081,-9.773,2.911,0.483,0.003,-0.023,22
3.150,-32.550,66.450,0.227,-9.687,3.089,0.517,0.003,-0.032,22
3.150,-32.550,66.450,0.271,-9.649,3.074,0.551,0.021,-0.036,22
3.150,-32.550,66.450,0.187,-9.548,3.251,0.575,0.017,-0.035,22
3.150,-32.550,66.450,0.239,-9.527,3.297,0.595,0.023,-0.027,23
3.150,-32.550,66.450,0.350,-9.407,3.338,0.603,0.020,-0.035,22
5.400,-29.550,68.700,0.275,-8.851,3.376,0.554,0.031,-0.035,22
5.400,-29.550,68.700,0.069,-8.916,3.831,0.549,0.015,-0.026,22
3.900,-29.550,69.750,0.139,-9.038,3.575,0.534,-0.010,-0.021,22
3.900,-29.550,69.750,0.062,-9.177,4.350,0.540,-0.021,-0.025,22
3.000,-28.500,70.800,0.314,-8.811,3.922,0.526,-0.007,-0.027,23
3.000,-28.500,70.800,0.421,-9.225,4.324,0.539,0.003,-0.031,22
3.000,-28.500,70.800,0.381,-9.017,4.137,0.542,0.014,-0.024,22
3.300,-27.300,71.850,0.218,-8.918,4.561,0.567,0.009,-0.024,22
3.300,-27.300,71.850,0.259,-8.799,4.465,0.553,0.000,-0.026,22
3.300,-27.300,71.850,0.218,-8.744,4.774,0.568,-0.005,-0.038,22
3.300,-27.300,71.850,0.254,-8.696,4.669,0.577,-0.001,-0.034,22
3.150,-25.500,72.750,0.302,-8.612,4.858,0.594,0.005,-0.033,23
3.150,-25.500,72.750,0.074,-8.617,5.169,0.604,0.020,-0.032,22
1.800,-24.600,74.400,0.194,-8.598,5.217,0.617,0.005,-0.031,22
1.800,-24.600,74.400,0.321,-8.559,5.284,0.630,0.005,-0.038,22
3.900,-21.600,75.000,0.350,-8.411,5.353,0.645,0.005,-0.040,22
3.900,-21.600,75.000,0.323,-8.303,5.610,0.651,0.007,-0.033,23
3.900,-21.600,75.000,0.390,-8.124,5.626,0.665,0.017,-0.034,22
3.000,-19.950,75.600,0.366,-8.028,5.801,0.682,0.010,-0.035,22
3.000,-19.950,75.600,0.227,-7.819,5.887,0.666,0.011,-0.043,22
3.000,-19.950,75.600,0.266,-7.592,5.878,0.652,0.017,-0.039,22
3.000,-19.950,75.600,0.189,-7.796,6.225,0.642,0.001,-0.026,22
3.600,-16.950,78.000,0.259,-7.465,6.462,0.628,0.007,-0.027,23
3.600,-16.950,78.000,0.352,-7.305,6.182,0.603,0.006,-0.037,22
3.600,-16.950,78.000,0.330,-7.293,6.479,0.577,0.010,-0.033,22
3.600,-16.950,78.000,0.333,-7.183,6.603,0.557,0.012,-0.031,22
3.600,-16.950,78.000,0.460,-6.926,6.486,0.524,0.017,-0.025,22
2.400,-13.800,78.300,0.134,-6.910,6.692,0.494,0.013,-0.024,22
2.400,-13.800,78.300,0.275,-6.943,7.029,0.491,0.003,-0.026,23
2.550,-13.650,78.900,0.342,-6.869,6.929,0.473,-0.000,-0.026,22
2.550,-13.650,78.900,0.333,-6.867,7.044,0.466,0.002,-0.023,22
2.250,-11.700,78.600,0.366,-6.756,7.125,0.454,0.003,-0.023,22
2.250,-11.700,78.600,0.354,-6.709,7.329,0.444,0.016,-0.025,22
2.400,-9.450,79.050,0.383,-6.563,7.190,0.440,0.014,-0.025,22
2.400,-9.450,79.050,0.405,-6.563,7.429,0.436,0.010,-0.029,23
2.400,-9.450,79.050,0.395,-6.390,7.393,0.420,0.018,-0.029,22
2.400,-9.450,79.050,0.278,-6.419,7.515,0.418,0.014,-0.024,22
2.400,-9.450,79.050,0.251,-6.294,7.566,0.414,0.007,-0.024,22
3.900,-8.700,80.550,0.335,-6.448,7.717,0.428,0.008,-0.027,22
3.900,-8.700,80.550,0.357,-6.254,7.666,0.432,0.008,-0.027,22
3.000,-6.600,81.150,0.328,-6.160,7.822,0.445,0.007,-0.031,23
3.000,-6.600,81.150,0.311,-6.093,7.817,0.454,0.011,-0.026,22
3.000,-5.400,79.350,0.371,-5.969,7.901,0.466,0.010,-0.026,22
3.000,-5.400,79.350,0.338,-5.911,7.968,0.479,0.009,-0.027,22
3.000,-5.400,79.350,0.369,-5.856,8.042,0.485,0.003,-0.030,22
2.700,-3.300,81.000,0.433,-5.660,8.042,0.489,0.009,-0.032,22
2.700,-3.300,81.000,0.450,-5.605,8.167,0.504,0.012,-0.028,23
2.700,-3.300,81.000,0.227,-5.576,8.349,0.521,0.005,-0.028,22
2.700,-3.300,81.000,0.347,-5.490,8.298,0.557,-0.005,-0.025,22
3.300,-1.050,80.850,0.220,-5.435,8.351,0.582,-0.013,-0.025,22
3.300,-1.050,80.850,0.388,-5.303,8.260,0.610,-0.010,-0.025,22
3.300,-1.050,80.850,0.407,-5.248,8.662,0.636,-0.003,-0.020,22
3.300,-1.050,80.850,0.345,-5.028,8.712,0.669,-0.002,-0.014,22
3.300,-1.050,80.850,0.383,-4.851,8.614,0.682,-0.002,-0.025,23
2.700,0.450,79.800,0.419,-4.623,8.667,0.703,-0.001,-0.041,22
2.700,0.450,79.800,0.524,-4.470,8.803,0.722,0.001,-0.035,22
2.250,1.950,81.150,0.445,-4.396,8.641,0.726,0.005,-0.033,22
2.250,1.950,81.150,0.297,-4.137,9.026,0.739,0.002,-0.026,22
2.400,3.600,79.500,0.340,-3.893,8.969,0.750,-0.001,-0.030,22
2.400,3.600,79.500,0.402,-3.864,9.110,0.758,-0.010,-0.029,23
2.550,6.900,80.400,0.409,-3.752,9.043,0.771,-0.004,-0.037,22
2.550,6.900,80.400,0.500,-3.529,9.273,0.776,-0.001,-0.036,22
2.550,6.900,80.400,0.393,-3.089,9.220,0.766,-0.000,-0.033,22
2.550,6.900,80.400,0.362,-2.986,9.129,0.750,-0.000,-0.032,22
2.550,6.900,80.400,0.354,-2.744,9.242,0.738,-0.001,-0.038,22
3.600,10.350,78.750,0.594,-2.763,9.395,0.726,0.002,-0.039,22
3.600,10.350,78.750,0.496,-2.495,9.337,0.701,0.016,-0.036,23
1.650,15.000,77.550,0.323,-2.093,9.354,0.671,0.010,-0.031,22
1.650,15.000,77.550,0.484,-1.949,9.450,0.638,-0.003,-0.028,22
2.550,13.650,78.600,0.541,-1.803,9.467,0.587,0.004,-0.032,22
2.550,13.650,78.600,0.522,-1.817,9.527,0.550,0.014,-0.030,22
3.600,13.650,78.600,0.400,-1.559,9.404,0.510,0.012,-0.030,23
3.600,15.000,77.550,0.354,-1.360,9.515,0.478,0.005,-0.034,22
3.600,15.000,77.550,0.503,-1.240,9.641,0.425,0.008,-0.028,22
3.600,15.000,77.550,0.608,-1.123,9.565,0.369,0.013,-0.026,22
3.600,15.000,77.550,0.417,-1.061,9.553,0.332,0.004,-0.023,22
3.300,16.800,77.400,0.503,-1.022,9.615,0.260,0.007,-0.023,22
3.300,16.800,77.400,0.534,-0.812,9.644,0.196,0.017,-0.028,23
3.750,17.100,75.150,0.505,-0.678,9.615,0.142,0.015,-0.026,22
3.750,17.100,75.150,0.457,-0.692,9.625,0.072,0.015,-0.019,22
3.750,17.100,75.150,0.388,-0.551,9.517,-0.034,0.017,-0.019,22
1.500,16.350,76.350,0.460,-0.491,9.560,-0.108,0.017,-0.012,22
1.500,16.350,76.350,0.493,-0.838,9.625,-0.170,0.012,-0.011,22
2.400,16.950,76.950,0.488,-0.922,9.649,-0.238,0.019,-0.008,23
2.400,16.950,76.950,0.479,-0.871,9.677,-0.290,0.017,-0.005,22
2.400,16.950,76.950,0.441,-0.924,9.622,-0.333,0.018,-0.005,22
2.400,16.950,76.950,0.335,-1.156,9.450,-0.370,0.007,0.009,22
1.650,16.950,76.950,0.362,-1.231,9.524,-0.411,0.005,0.022,22
1.650,16.950,76.950,0.476,-1.264,9.629,-0.446,0.004,0.027,22
1.650,16.950,76.950,0.546,-1.566,9.697,-0.468,-0.007,0.024,23
1.650,16.950,76.950,0.543,-1.544,9.570,-0.508,0.006,0.025,22
1.650,16.950,76.950,0.587,-1.568,9.555,-0.534,0.012,0.014,22
2.550,14.400,77.400,0.407,-1.889,9.194,-0.546,0.016,0.006,22
2.550,14.400,77.400,0.527,-2.114,9.661,-0.566,0.014,0.009,22
3.150,13.500,77.550,0.412,-1.987,9.560,-0.579,0.028,0.013,22
3.150,13.500,77.550,0.467,-2.349,9.675,-0.572,0.011,0.015,23
2.550,10.950,78.600,0.606,-2.380,9.524,-0.590,0.014,0.009,22
2.550,10.950,78.600,0.429,-2.485,9.345,-0.611,0.021,0.018,22
2.550,11.250,79.350,0.371,-2.538,9.400,-0.613,0.016,0.012,22
2.550,11.250,79.350,0.362,-2.708,9.507,-0.621,0.013,0.013,22
2.550,11.250,79.350,0.409,-2.701,9.357,-0.644,0.017,0.012,22
2.550,11.250,79.350,0.445,-2.976,9.306,-0.642,0.013,0.014,23
2.550,11.250,79.350,0.469,-3.108,9.395,-0.646,0.024,0.013,22
3.900,8.400,79.500,0.201,-3.673,8.839,-0.634,0.001,0.015,22
3.900,8.400,79.500,0.599,-3.519,9.428,-0.607,0.004,0.018,22
3.000,6.150,80.100,0.445,-3.903,9.361,-0.580,0.016,0.012,22
3.000,6.150,80.100,0.488,-3.472,8.712,-0.590,0.014,0.005,22
3.000,5.850,81.150,0.378,-3.757,8.942,-0.582,0.023,-0.006,22
3.000,5.850,81.150,0.309,-3.752,9.002,-0.572,0.031,0.005,23
3.000,5.850,81.150,0.347,-3.859,8.971,-0.586,0.022,0.013,22
2.550,4.200,80.850,0.292,-3.895,8.928,-0.587,0.005,0.010,22
2.550,4.200,80.850,0.359,-4.029,8.983,-0.594,0.008,0.006,22
2.550,4.200,80.850,0.426,-4.058,8.765,-0.609,0.015,0.015,22
2.550,4.200,80.850,0.484,-4.269,8.751,-0.610,0.012,0.014,22
2.400,2.850,80.550,0.479,-4.420,8.787,-0.631,0.020,0.009,23
2.400,2.850,80.550,0.453,-4.537,8.674,-0.635,0.013,0.012,22
2.400,2.850,80.550,0.453,-4.650,8.533,-0.638,0.019,0.013,22
2.400,2.850,80.550,0.441,-4.817,8.665,-0.632,0.009,0.014,22
2.400,2.850,80.550,0.352,-5.016,8.521,-0.630,0.016,0.011,22
1.200,-0.900,80.250,0.460,-5.018,8.382,-0.637,0.019,0.010,22
1.200,-0.900,80.250,0.464,-5.131,8.442,-0.636,0.020,0.011,23
4.050,-2.700,80.850,0.390,-5.267,8.317,-0.638,0.017,0.012,22
4.050,-2.700,80.850,0.335,-5.274,8.234,-0.649,0.022,0.010,22
2.700,-2.100,81.000,0.352,-5.361,8.040,-0.656,0.022,0.011,22
2.700,-2.100,81.000,0.441,-5.502,8.126,-0.673,0.020,0.013,22
2.250,-5.850,81.150,0.431,-5.571,7.946,-0.700,0.020,0.015,22
2.250,-5.850,81.150,0.390,-5.648,7.901,-0.721,0.021,0.008,23
2.250,-5.850,81.150,0.306,-5.837,7.738,-0.744,0.023,0.012,22
2.250,-5.850,81.150,0.297,-5.930,7.673,-0.768,0.016,0.015,22
2.250,-5.850,81.150,0.364,-6.045,7.544,-0.786,0.022,0.015,22
0.900,-7.950,80.550,0.424,-6.199,7.479,-0.804,0.016,0.021,22
0.900,-7.950,80.550,0.366,-6.268,7.482,-0.816,0.017,0.017,22
2.250,-9.750,80.400,0.292,-6.653,7.209,-0.823,0.022,0.014,23
2.250,-9.750,80.400,0.340,-6.730,7.137,-0.827,0.017,0.016,22
3.000,-10.950,79.650,0.321,-6.850,7.106,-0.824,0.017,0.017,22
3.000,-10.950,79.650,0.232,-7.049,7.032,-0.817,0.014,0.020,22
3.000,-10.950,79.650,0.201,-7.063,6.773,-0.809,0.011,0.021,22
2.400,-13.050,78.750,0.201,-7.199,6.802,-0.801,-0.002,0.020,22
2.400,-13.050,78.750,0.271,-7.417,6.527,-0.792,-0.007,0.021,23
2.400,-13.050,78.750,0.362,-7.551,6.598,-0.772,-0.008,0.015,22
2.400,-13.050,78.750,0.419,-7.496,6.304,-0.776,-0.000,0.016,22
2.400,-16.950,77.550,0.453,-7.738,6.328,-0.761,0.007,0.013,22
2.400,-16.950,77.550,0.383,-7.719,6.266,-0.746,0.024,0.008,22
3.900,-18.150,77.250,0.321,-8.061,6.175,-0.736,0.022,0.012,22
3.900,-18.150,77.250,0.273,-7.999,5.880,-0.726,0.025,0.009,23
3.000,-18.150,77.250,0.261,-8.097,5.904,-0.702,0.014,0.006,22
3.000,-19.050,75.900,0.290,-8.061,5.741,-0.703,0.014,0.010,22
3.000,-19.050,75.900,0.287,-8.147,5.610,-0.703,0.014,0.010,22
2.250,-21.000,75.900,0.297,-8.248,5.437,-0.694,0.028,0.004,22
2.250,-21.000,75.900,0.170,-8.341,5.329,-0.699,0.028,0.008,22
2.250,-21.000,75.900,0.213,-8.420,5.231,-0.700,0.031,0.007,23
2.250,-21.000,75.900,0.192,-8.483,5.162,-0.698,0.023,0.010,22
4.500,-22.950,73.350,0.165,-8.547,5.066,-0.695,0.016,0.008,22
4.500,-22.950,73.350,0.321,-8.741,4.913,-0.681,0.013,0.013,22
4.500,-22.950,73.350,0.290,-8.823,4.662,-0.675,0.013,0.009,22
4.500,-22.950,73.350,0.256,-8.837,4.748,-0.659,0.026,0.010,22
4.500,-22.950,73.350,0.215,-8.882,4.647,-0.652,0.022,0.011,23
3.600,-25.950,72.000,0.189,-8.863,4.537,-0.640,0.007,0.019,22
3.600,-25.950,72.000,0.206,-9.105,4.302,-0.628,0.013,0.010,22
4.500,-28.050,72.600,0.196,-9.029,4.152,-0.614,0.014,0.009,22
4.500,-28.050,72.600,0.326,-9.093,4.254,-0.597,0.020,0.011,22
3.300,-28.950,71.850,0.199,-9.131,3.979,-0.595,0.021,0.013,22
3.300,-28.950,71.850,0.218,-9.151,4.049,-0.581,0.010,0.006,22
4.800,-30.450,69.300,0.230,-9.278,3.663,-0.575,0.013,0.006,23
4.800,-30.450,69.300,0.227,-9.337,3.579,-0.563,0.015,0.009,22
4.800,-30.450,69.300,0.268,-9.359,3.622,-0.552,0.014,0.009,22
4.800,-30.450,69.300,0.266,-9.424,3.428,-0.532,0.017,0.007,22
4.800,-30.450,69.300,0.256,-9.419,3.397,-0.517,0.019,0.002,22
3.750,-31.950,66.600,0.120,-9.550,3.235,-0.504,0.022,0.007,22
3.750,-31.950,66.600,0.237,-9.448,3.206,-0.484,0.022,0.002,23
5.100,-33.000,66.750,0.235,-9.469,3.175,-0.480,0.020,0.000,22
5.100,-33.000,66.750,0.134,-9.495,3.024,-0.477,0.021,0.002,22
4.350,-34.200,66.000,0.175,-9.558,2.902,-0.472,0.015,0.010,22
4.350,-34.200,66.000,0.141,-9.653,2.842,-0.463,0.007,0.004,22
4.350,-34.200,66.000,0.199,-9.677,2.696,-0.443,0.001,0.001,22
4.800,-33.150,66.300,0.151,-9.773,2.674,-0.430,0.010,0.007,23
4.800,-33.150,66.300,0.201,-9.864,2.576,-0.393,0.014,0.004,22
4.800,-33.150,66.300,0.220,-9.919,2.705,-0.357,0.010,0.003,22
4.800,-33.150,66.300,0.113,-10.003,2.564,-0.326,0.011,-0.001,22
3.300,-36.000,65.550,0.120,-10.084,2.435,-0.284,0.005,-0.001,22
3.300,-36.000,65.550,0.132,-10.180,2.512,-0.189,-0.001,-0.003,22
3.900,-36.150,62.400,0.239,-10.187,2.464,-0.127,0.001,-0.009,23
3.900,-36.150,62.400,0.292,-10.195,2.509,-0.062,0.006,-0.010,22
3.900,-36.150,62.400,0.402,-10.032,2.289,-0.012,0.024,-0.014,22
5.100,-36.150,63.450,0.330,-9.929,2.358,0.035,0.059,-0.013,22
5.100,-36.150,63.450,0.120,-9.754,2.387,0.051,0.045,-0.017,22
4.050,-33.600,64.800,0.000,-9.596,2.662,0.049,0.027,-0.009,22
4.050,-33.600,64.800,-0.192,-9.859,2.365,0.084,-0.015,-0.009,23
3.750,-34.050,64.350,0.376,-9.689,2.425,0.074,0.012,-0.007,23
3.750,-34.050,64.350,0.283,-9.591,2.871,0.116,-0.000,-0.024,22
4.050,-34.800,65.550,0.232,-9.730,2.483,0.127,0.001,-0.019,22
4.050,-34.800,65.550,0.232,-9.797,2.500,0.134,0.025,-0.003,22
4.050,-34.800,65.550,0.101,-9.787,2.638,0.171,0.004,-0.004,22
4.050,-34.800,65.550,0.120,-9.905,2.732,0.178,0.006,-0.009,22
4.050,-34.800,65.550,0.108,-9.864,2.598,0.208,0.003,-0.026,22
3.900,-34.200,66.450,0.165,-9.754,2.780,0.252,0.002,-0.022,22
3.900,-34.200,66.450,0.163,-9.917,3.005,0.288,-0.000,-0.019,22
4.050,-31.950,65.550,0.177,-9.907,2.878,0.333,0.002,-0.015,22
4.050,-31.950,65.550,0.280,-9.835,3.021,0.406,0.012,-0.023,22
4.350,-33.000,66.450,0.168,-9.847,3.227,0.446,0.004,-0.029,23
4.350,-33.000,66.450,0.220,-9.804,3.247,0.492,0.010,-0.025,22
4.350,-33.000,66.450,0.215,-9.699,3.223,0.551,0.009,-0.024,22
5.250,-30.900,68.550,0.242,-9.821,3.529,0.604,0.006,-0.033,22
5.250,-30.900,68.550,0.199,-9.562,3.692,0.624,0.016,-0.035,22
5.250,-30.900,68.550,0.309,-9.457,3.575,0.655,0.014,-0.038,22
5.250,-30.900,68.550,0.206,-9.409,3.768,0.693,0.009,-0.040,23
4.050,-28.050,69.600,0.232,-9.213,3.917,0.698,0.026,-0.026,22
4.050,-28.050,69.600,0.323,-9.117,3.998,0.702,0.022,-0.038,22
4.050,-27.000,70.350,0.093,-8.698,4.427,0.652,0.038,-0.034,22
4.050,-27.000,70.350,0.108,-8.926,4.369,0.661,0.011,-0.025,22
4.050,-27.000,70.350,0.132,-8.758,4.429,0.634,0.007,-0.022,22
4.350,-25.950,72.000,0.108,-8.701,4.664,0.635,-0.009,-0.032,23
4.350,-25.950,72.000,0.266,-8.578,4.685,0.629,0.001,-0.035,22
3.300,-24.150,72.900,0.326,-8.566,4.958,0.637,-0.003,-0.036,22
3.300,-24.150,72.900,0.328,-8.483,5.080,0.640,0.014,-0.030,22
3.300,-24.150,72.900,0.211,-8.547,5.136,0.655,0.005,-0.033,22
3.300,-24.150,72.900,0.278,-8.344,5.258,0.663,0.010,-0.036,22
2.550,-21.450,74.850,0.278,-8.399,5.447,0.687,0.004,-0.041,23
2.550,-21.450,74.850,0.318,-8.274,5.655,0.691,0.011,-0.039,22
2.250,-19.500,75.600,0.340,-8.143,5.741,0.717,0.013,-0.035,22
2.250,-19.500,75.600,0.268,-8.124,5.911,0.730,0.016,-0.031,22
2.250,-19.500,75.600,0.287,-8.066,5.916,0.749,0.010,-0.036,22
2.700,-18.450,75.450,0.273,-7.970,6.117,0.780,0.007,-0.040,22
2.700,-18.450,75.450,0.407,-7.709,6.191,0.790,0.012,-0.037,22
1.500,-15.900,77.850,0.529,-7.262,6.373,0.794,0.010,-0.044,23
1.500,-15.900,77.850,0.345,-7.456,6.768,0.774,0.021,-0.041,22
3.900,-13.050,77.250,0.292,-7.278,6.416,0.771,0.029,-0.032,22
3.900,-13.050,77.250,0.297,-7.135,6.754,0.778,0.015,-0.034,22
3.300,-13.950,78.900,0.273,-6.979,6.778,0.772,0.016,-0.039,22
3.300,-13.950,78.900,0.177,-6.970,7.099,0.765,0.007,-0.038,22
3.300,-13.950,78.900,0.242,-6.716,7.053,0.779,-0.008,-0.035,23
3.300,-13.950,78.900,0.242,-6.709,7.250,0.776,-0.009,-0.029,22
3.300,-13.950,78.900,0.323,-6.565,7.286,0.784,-0.009,-0.024,22
4.650,-9.450,81.000,0.273,-6.376,7.496,0.791,-0.014,-0.029,22
4.650,-9.450,81.000,0.359,-6.230,7.676,0.801,-0.020,-0.027,22
3.150,-6.750,80.250,0.400,-6.084,7.688,0.805,-0.016,-0.024,22
3.150,-6.750,80.250,0.484,-5.911,7.776,0.811,-0.013,-0.039,23
2.400,-4.800,80.550,0.579,-5.878,7.896,0.811,0.004,-0.043,22
2.400,-4.800,80.550,0.529,-5.717,7.970,0.812,0.013,-0.045,22
2.400,-4.800,80.550,0.316,-5.514,8.090,0.826,0.015,-0.047,22
3.300,-1.950,81.150,0.297,-5.397,8.339,0.845,0.008,-0.043,22
3.300,-1.950,81.150,0.321,-5.222,8.315,0.855,0.000,-0.037,22
3.300,-1.950,81.150,0.347,-5.114,8.428,0.875,-0.001,-0.029,23
3.300,-1.950,81.150,0.354,-4.760,8.562,0.884,-0.006,-0.019,22
1.800,1.050,80.400,0.213,-4.427,8.504,0.895,0.008,-0.031,22
1.800,1.050,80.400,0.333,-4.360,8.784,0.895,-0.006,-0.030,22
3.600,3.600,81.000,0.508,-4.080,8.744,0.871,-0.006,-0.033,22
3.600,3.600,81.000,0.512,-4.073,8.899,0.869,0.002,-0.031,22
3.600,3.600,81.000,0.491,-3.699,8.902,0.859,0.007,-0.048,23
1.650,6.000,80.250,0.539,-3.591,9.017,0.841,0.008,-0.052,22
1.650,6.000,80.250,0.496,-3.393,9.036,0.843,0.020,-0.056,22
2.700,8.700,79.050,0.510,-3.299,9.239,0.847,0.016,-0.056,22
2.700,8.700,79.050,0.407,-2.974,9.100,0.840,0.018,-0.051,22
2.700,8.700,79.050,0.292,-2.849,9.163,0.821,0.017,-0.046,22
2.700,8.700,79.050,0.273,-2.502,9.215,0.801,0.018,-0.035,23
1.950,11.400,78.750,0.316,-2.377,9.467,0.788,0.001,-0.030,22
1.950,11.400,78.750,0.436,-2.258,9.385,0.771,-0.014,-0.028,22
1.950,11.400,78.750,0.464,-2.179,9.448,0.751,0.001,-0.028,22
3.600,14.250,77.550,0.460,-1.884,9.409,0.740,-0.005,-0.029,22
3.600,14.250,77.550,0.510,-1.626,9.622,0.708,0.001,-0.030,22
4.800,14.850,75.600,0.594,-1.322,9.395,0.642,0.017,-0.030,23
4.800,14.850,75.600,0.591,-1.214,9.519,0.620,0.006,-0.038,22
2.550,15.600,75.900,0.462,-1.022,9.565,0.555,0.007,-0.042,22
2.550,15.600,75.900,0.445,-0.773,9.369,0.503,0.009,-0.035,22
2.550,15.600,75.900,0.539,-0.469,9.342,0.414,0.012,-0.037,22
2.550,15.600,75.900,0.603,-0.378,9.618,0.326,0.025,-0.039,22
2.550,15.600,75.900,0.611,-0.175,9.421,0.232,0.031,-0.048,23
2.400,18.150,75.000,0.529,-0.122,9.550,0.094,0.047,-0.055,22
2.400,18.150,75.000,0.352,-0.036,9.515,-0.002,0.039,-0.038,22
2.400,18.150,75.000,0.333,-0.134,9.570,-0.115,0.035,-0.023,22
2.400,18.150,75.000,0.314,-0.306,9.677,-0.187,0.015,-0.011,22
3.150,17.700,76.500,0.421,-0.488,9.857,-0.283,0.009,-0.007,22
3.150,17.700,76.500,0.395,-0.385,9.488,-0.357,0.008,0.006,23
2.700,18.150,75.450,0.450,-0.488,9.601,-0.416,0.013,0.005,22
2.700,18.150,75.450,0.474,-0.632,9.541,-0.505,0.020,0.002,22
2.700,18.150,75.450,0.259,-0.754,9.510,-0.578,0.018,0.003,22
3.150,17.400,76.500,0.251,-0.840,9.426,-0.651,0.017,0.017,22
3.150,17.400,76.500,0.378,-1.109,9.517,-0.697,0.007,0.020,22
3.750,15.600,76.350,0.402,-1.082,9.471,-0.797,-0.012,0.037,22
3.750,15.600,76.350,0.077,-1.484,9.608,-0.845,-0.001,0.052,23
3.750,15.600,76.350,0.086,-1.439,8.863,-0.877,-0.001,0.056,22
3.750,15.600,76.350,0.362,-1.867,9.608,-0.941,-0.022,0.047,22
1.650,11.400,76.950,0.503,-2.227,9.172,-0.980,-0.014,0.046,22
1.650,11.400,76.950,0.706,-2.222,9.421,-1.005,0.004,0.032,22
2.400,9.450,78.750,0.615,-2.701,9.282,-1.028,0.013,0.026,22
2.400,9.450,78.750,0.594,-3.235,8.842,-1.028,0.015,0.034,23
2.400,9.450,78.750,0.412,-3.412,9.167,-1.003,0.020,0.033,22
2.250,7.350,80.850,0.479,-3.773,9.649,-0.986,0.028,0.032,22
2.250,7.350,80.850,0.529,-3.522,8.552,-0.963,0.004,0.022,22
1.950,6.450,79.800,0.469,-4.061,8.935,-0.926,0.016,0.025,22
1.950,6.450,79.800,0.503,-4.238,8.930,-0.882,0.019,0.031,22
1.950,6.450,79.800,0.283,-4.494,9.029,-0.861,0.023,0.022,23
1.950,6.450,79.800,0.309,-4.585,8.813,-0.790,0.017,0.017,22
1.950,0.900,81.300,0.342,-4.772,9.005,-0.726,0.014,0.021,22
1.950,0.900,81.300,0.268,-5.009,9.038,-0.690,0.015,0.019,22
1.950,0.900,81.300,0.388,-5.013,8.720,-0.625,0.009,0.014,22
3.000,1.950,80.100,0.464,-5.160,8.801,-0.565,0.001,0.008,22
3.000,1.950,80.100,0.460,-5.119,8.586,-0.545,0.012,0.010,23
1.650,-0.900,81.000,0.510,-5.083,8.480,-0.511,0.019,0.007,22
1.650,-0.900,81.000,0.352,-5.112,8.320,-0.491,0.019,-0.001,22
2.400,-0.900,81.300,0.170,-5.138,8.404,-0.500,0.026,0.002,22
2.400,-0.900,81.300,0.273,-5.021,8.282,-0.510,0.018,0.006,22
2.400,-0.900,81.300,0.460,-5.167,8.339,-0.543,0.017,0.007,22
2.400,-0.900,81.300,0.484,-5.188,8.203,-0.568,0.018,0.003,23
2.400,-0.900,81.300,0.359,-5.353,8.131,-0.597,0.028,0.008,22
2.250,-3.450,81.150,0.153,-5.351,8.016,-0.610,0.024,0.006,22
2.250,-3.450,81.150,0.213,-5.557,8.030,-0.647,0.016,0.013,22
2.250,-3.450,81.150,0.441,-5.643,7.980,-0.664,0.024,0.008,22
2.250,-3.450,81.150,0.500,-5.792,7.884,-0.679,0.028,0.006,22
3.150,-8.400,80.550,0.268,-5.916,7.592,-0.707,0.015,0.005,23
3.150,-8.400,80.550,0.227,-6.009,7.587,-0.724,0.034,0.009,22
2.250,-8.550,80.400,0.263,-6.127,7.494,-0.731,0.022,0.014,22
2.250,-8.550,80.400,0.385,-6.337,7.628,-0.747,0.018,0.011,22
2.250,-8.550,80.400,0.393,-6.287,7.360,-0.763,0.015,0.018,22
3.300,-10.950,80.400,0.321,-6.531,7.204,-0.779,0.017,0.019,22
3.300,-10.950,80.400,0.261,-6.620,7.099,-0.794,0.026,0.009,23
3.900,-11.100,79.500,0.311,-6.816,7.070,-0.805,0.026,0.011,22
3.900,-11.100,79.500,0.287,-6.931,6.967,-0.820,0.027,0.019,22
3.900,-11.100,79.500,0.256,-7.032,6.919,-0.818,0.019,0.020,22
3.900,-11.100,79.500,0.285,-7.331,6.632,-0.822,0.018,0.023,22
3.150,-14.550,78.300,0.385,-7.286,6.507,-0.828,0.021,0.014,22
3.150,-14.550,78.300,0.350,-7.420,6.555,-0.826,0.019,0.017,23
3.150,-14.550,78.300,0.328,-7.482,6.416,-0.831,0.016,0.016,22
1.500,-16.350,77.850,0.220,-7.503,6.208,-0.858,0.017,0.018,22
1.500,-16.350,77.850,0.309,-7.724,5.895,-0.872,0.017,0.013,22
2.400,-18.150,77.250,0.326,-7.839,5.825,-0.890,0.018,0.014,22
2.400,-18.150,77.250,0.306,-7.961,5.729,-0.911,0.026,0.015,22
3.300,-21.000,76.350,0.180,-8.102,5.586,-0.913,0.019,0.019,23
3.300,-21.000,76.350,0.184,-8.198,5.514,-0.919,0.017,0.016,22
3.300,-21.000,76.350,0.328,-8.392,5.274,-0.913,0.013,0.023,22
3.300,-21.000,76.350,0.237,-8.392,4.925,-0.919,0.010,0.020,22
3.300,-21.000,76.350,0.225,-8.552,4.920,-0.925,0.023,0.017,22
3.600,-24.750,74.250,0.290,-8.638,4.822,-0.935,0.015,0.022,22
3.600,-24.750,74.250,0.244,-8.638,4.657,-0.941,0.019,0.017,22
3.600,-25.950,72.450,0.251,-8.993,4.334,-0.922,0.018,0.012,23
3.600,-25.950,72.450,0.273,-9.088,4.216,-0.912,0.025,0.011,22
3.600,-27.150,69.750,0.084,-9.127,4.247,-0.901,0.018,0.016,22
3.600,-27.150,69.750,0.175,-9.117,4.025,-0.882,0.017,0.028,22
4.350,-29.850,70.200,0.192,-9.366,3.876,-0.861,-0.000,0.013,22
4.350,-29.850,70.200,0.388,-9.301,3.680,-0.854,0.015,0.011,22
4.350,-29.850,70.200,0.235,-9.536,3.342,-0.798,0.021,0.009,22
3.900,-29.850,69.450,0.225,-9.787,3.539,-0.763,0.010,0.009,23
3.900,-29.850,69.450,0.151,-9.723,3.352,-0.728,-0.004,0.014,22
3.300,-31.650,67.050,0.218,-9.756,3.151,-0.672,0.004,0.013,22
3.300,-31.650,67.050,0.359,-9.981,3.230,-0.603,0.008,-0.003,22
3.300,-31.650,67.050,0.218,-9.799,2.942,-0.563,0.030,-0.001,22
3.300,-31.650,67.050,0.273,-9.864,2.772,-0.526,0.024,0.008,23
3.600,-33.450,65.400,0.103,-9.713,2.655,-0.493,0.023,0.015,22
3.600,-33.450,65.400,0.000,-9.730,2.686,-0.479,0.008,0.003,22
4.350,-33.450,65.400,0.225,-9.742,2.466,-0.474,0.011,0.000,22
4.350,-35.700,65.400,0.110,-9.778,2.356,-0.461,0.016,-0.002,23
4.350,-35.700,65.400,0.117,-9.804,2.365,-0.442,0.009,0.008,22
4.800,-36.000,62.850,0.081,-9.905,2.387,-0.427,0.012,0.007,22
4.800,-36.000,62.850,0.184,-9.938,2.229,-0.395,0.006,0.008,22
4.350,-35.700,62.400,0.091,-10.025,2.186,-0.343,0.011,-0.005,22
4.350,-35.700,62.400,0.273,-9.948,2.248,-0.315,0.016,-0.003,22
4.350,-35.700,62.400,0.172,-9.826,2.002,-0.283,0.020,-0.000,22
4.350,-35.700,62.400,0.079,-9.941,1.915,-0.275,0.021,0.004,22
5.850,-36.450,62.400,0.048,-9.816,1.887,-0.264,0.011,-0.004,22
5.850,-36.450,62.400,0.148,-9.984,1.915,-0.256,0.010,-0.008,23
5.850,-36.450,62.400,0.182,-10.149,1.724,-0.218,0.008,-0.008,22
4.500,-37.050,61.800,0.134,-10.297,1.906,-0.154,0.014,-0.005,22
4.500,-37.050,61.800,0.172,-10.216,1.867,-0.095,0.014,-0.002,22
4.500,-36.000,60.300,0.153,-10.357,1.949,-0.036,0.011,-0.006,22
4.500,-36.000,60.300,0.268,-9.936,1.733,0.006,0.025,-0.013,23
4.500,-38.250,61.350,0.038,-9.960,1.932,0.034,0.039,-0.017,22
4.500,-38.250,61.350,-0.103,-9.517,1.647,0.035,0.031,-0.017,22
4.500,-38.250,61.350,-0.105,-9.981,2.167,0.024,0.017,0.004,22
4.500,-38.250,61.350,0.089,-9.876,1.908,0.053,0.018,-0.004,22
4.500,-38.250,61.350,0.091,-9.857,1.662,0.062,0.004,-0.017,22
3.900,-34.950,61.650,0.096,-9.778,2.298,0.074,0.001,-0.031,23
3.900,-34.950,61.650,0.072,-10.010,1.753,0.086,0.010,-0.019,22
3.300,-37.500,60.600,0.309,-9.989,1.903,0.129,0.008,-0.014,22
3.300,-37.500,60.600,0.249,-9.979,1.956,0.146,0.021,-0.011,22
4.500,-36.000,62.100,0.158,-9.953,2.054,0.167,0.014,-0.018,22
4.500,-36.000,62.100,0.132,-10.156,2.162,0.222,0.006,-0.017,22
4.650,-34.500,63.450,0.067,-10.020,2.284,0.273,-0.014,-0.027,23
4.650,-34.500,63.450,0.170,-9.972,2.327,0.309,0.006,-0.028,22
4.650,-34.500,63.450,0.249,-10.080,2.356,0.350,0.002,-0.022,22
4.650,-34.500,63.450,0.261,-9.960,2.229,0.393,0.018,-0.027,22
4.650,-34.500,63.450,0.306,-9.946,2.591,0.423,0.018,-0.027,22
5.100,-35.400,63.900,0.223,-9.907,2.658,0.456,0.022,-0.021,22
5.100,-35.400,63.900,0.196,-9.929,2.739,0.520,0.023,-0.027,23
5.100,-35.400,63.900,0.156,-9.905,2.828,0.563,0.026,-0.026,22
5.100,-35.400,63.900,0.141,-9.823,2.856,0.588,0.028,-0.023,22
5.100,-33.450,68.250,0.120,-9.632,3.074,0.617,0.017,-0.029,22
5.100,-33.450,68.250,0.089,-9.637,3.237,0.650,0.011,-0.030,22
5.100,-33.450,68.250,0.000,-9.483,3.261,0.663,0.000,-0.028,22
4.350,-31.800,69.450,0.029,-9.543,3.524,0.682,-0.014,-0.030,23
4.350,-31.800,69.450,-0.010,-8.880,3.673,0.646,-0.015,-0.040,23
3.600,-28.350,69.750,-0.002,-9.208,3.850,0.642,-0.032,-0.039,22
3.600,-28.350,69.750,0.431,-8.985,3.718,0.649,-0.037,-0.033,22
3.000,-27.000,69.600,0.572,-9.002,4.056,0.624,-0.003,-0.019,22
3.000,-27.000,69.600,0.326,-8.961,3.960,0.614,-0.002,-0.026,22
3.000,-27.000,69.600,0.472,-8.906,4.271,0.610,0.025,-0.027,22
3.000,-27.000,69.600,0.113,-8.732,4.266,0.624,0.014,-0.034,22
3.000,-27.000,69.600,0.093,-8.849,4.714,0.620,0.006,-0.033,22
3.600,-26.700,71.700,0.304,-8.705,4.671,0.619,0.001,-0.036,22
3.600,-26.700,71.700,0.383,-8.708,4.791,0.612,0.009,-0.034,22
3.300,-22.950,72.900,0.350,-8.531,4.824,0.611,0.010,-0.036,22
3.300,-22.950,72.900,0.230,-8.696,5.188,0.612,0.011,-0.032,22
2.250,-22.950,74.100,0.158,-8.394,5.219,0.615,0.007,-0.026,23
2.250,-22.950,74.100,0.113,-8.545,5.380,0.635,-0.005,-0.028,22
3.600,-21.600,75.450,0.215,-8.547,5.308,0.663,-0.006,-0.032,22
3.600,-21.600,75.450,0.373,-8.511,5.576,0.698,-0.000,-0.034,22
3.600,-21.600,75.450,0.273,-8.279,5.818,0.716,0.009,-0.036,22
3.600,-21.600,75.450,0.445,-8.121,5.737,0.738,0.017,-0.036,22
3.600,-21.600,75.450,0.407,-7.817,6.033,0.749,0.015,-0.042,23
3.150,-17.700,76.200,0.254,-7.968,6.278,0.768,-0.003,-0.042,22
3.150,-17.700,76.200,0.383,-7.750,5.957,0.762,0.005,-0.032,22
3.750,-17.100,78.600,0.335,-7.374,6.203,0.784,0.003,-0.028,22
3.750,-17.100,78.600,0.299,-7.458,6.630,0.786,0.006,-0.038,22
3.600,-15.000,77.550,0.297,-7.202,6.579,0.775,0.004,-0.042,22
3.600,-15.000,77.550,0.268,-7.226,6.747,0.787,-0.000,-0.031,23
2.550,-15.000,77.550,0.383,-7.159,6.804,0.788,0.003,-0.033,22
2.550,-12.900,78.900,0.402,-6.958,7.207,0.794,0.008,-0.037,22
2.550,-12.900,78.900,0.383,-6.752,6.981,0.804,0.003,-0.042,22
2.550,-12.900,78.900,0.206,-6.644,7.338,0.806,0.002,-0.038,22
2.550,-12.900,78.900,0.208,-6.390,7.197,0.792,-0.005,-0.028,22
2.550,-9.000,79.650,0.259,-6.364,7.463,0.795,-0.014,-0.027,23
2.550,-9.000,79.650,0.687,-6.084,7.865,0.776,-0.009,-0.032,22
3.150,-6.450,81.000,0.666,-5.842,7.551,0.753,-0.019,-0.037,22
3.150,-6.450,81.000,0.151,-5.763,7.762,0.738,-0.017,-0.032,22
3.150,-6.450,81.000,0.010,-5.440,7.647,0.705,-0.004,-0.028,22
3.300,-5.850,80.100,0.294,-5.337,7.932,0.650,0.001,-0.026,22
3.300,-5.850,80.100,0.469,-5.198,7.920,0.634,-0.001,-0.042,23
1.950,-2.850,81.300,0.457,-5.279,8.387,0.608,0.011,-0.035,22
1.950,-2.850,81.300,0.421,-4.975,8.109,0.574,0.008,-0.028,22
2.400,-1.350,81.300,0.271,-5.078,8.562,0.578,-0.006,-0.017,22
2.400,-1.350,81.300,0.354,-4.899,8.346,0.546,-0.001,-0.014,22
1.500,0.300,79.350,0.460,-4.669,8.492,0.530,0.004,-0.012,22
1.500,0.300,79.350,0.369,-4.537,8.547,0.495,-0.007,-0.024,22
1.500,0.300,79.350,0.433,-4.496,8.586,0.477,0.002,-0.016,23
1.500,0.300,79.350,0.455,-4.482,8.641,0.451,0.008,-0.025,22
1.500,0.300,79.350,0.587,-4.518,8.801,0.456,0.010,-0.028,22
3.750,2.250,80.400,0.352,-4.475,8.918,0.468,0.004,-0.031,22
3.750,2.250,80.400,0.227,-4.235,8.758,0.485,-0.003,-0.022,22
2.400,1.650,79.050,0.256,-4.202,8.985,0.488,-0.005,-0.011,23
2.400,1.650,79.050,0.376,-3.962,8.849,0.484,-0.010,-0.012,22
1.950,4.500,80.250,0.481,-3.912,8.868,0.478,-0.006,-0.013,22
1.950,4.500,80.250,0.589,-3.836,9.017,0.480,-0.000,-0.032,22
3.750,5.400,80.100,0.488,-3.771,9.086,0.491,0.010,-0.032,22
3.750,5.400,80.100,0.400,-3.745,9.076,0.502,0.012,-0.030,22
3.750,5.400,80.100,0.314,-3.821,9.139,0.528,0.006,-0.029,23
3.750,5.400,80.100,0.350,-3.610,9.225,0.549,-0.004,-0.025,22
3.750,5.400,80.100,0.524,-3.412,9.311,0.587,0.000,-0.023,22
3.600,7.950,79.500,0.486,-3.256,9.371,0.614,0.001,-0.027,22
3.600,7.950,79.500,0.462,-3.153,9.359,0.637,0.001,-0.026,22
3.600,10.350,80.250,0.316,-3.007,9.400,0.659,0.004,-0.027,22
3.600,10.350,80.250,0.589,-2.971,9.531,0.690,-0.006,-0.028,22
4.050,10.500,78.600,0.357,-2.452,9.388,0.683,0.006,-0.029,23
4.050,10.500,78.600,0.297,-2.210,9.328,0.693,0.004,-0.031,22
4.050,10.500,78.600,0.438,-2.188,9.486,0.672,-0.001,-0.029,22
3.150,12.300,77.550,0.596,-1.805,9.409,0.645,0.007,-0.022,22
3.150,12.300,77.550,0.512,-1.456,9.515,0.596,0.010,-0.027,22
3.150,12.300,77.550,0.424,-1.137,9.412,0.478,0.008,-0.028,22
3.150,12.300,77.550,0.479,-1.063,9.467,0.405,0.011,-0.028,23
3.150,15.750,77.550,0.575,-1.022,9.491,0.346,0.008,-0.035,22
3.150,15.750,77.550,0.493,-1.128,9.713,0.294,0.016,-0.034,22
3.150,16.200,76.200,0.445,-0.828,9.402,0.190,0.015,-0.024,22
3.150,16.200,76.200,0.230,-0.675,9.603,0.111,0.009,-0.007,22
3.150,16.200,76.200,0.515,-0.670,9.486,0.028,0.008,-0.009,22
1.650,16.500,75.750,0.651,-0.723,9.507,-0.088,0.010,-0.008,23
1.650,16.500,75.750,0.575,-0.814,9.474,-0.155,0.016,-0.007,22
1.500,15.900,76.650,0.539,-1.015,9.742,-0.196,0.017,0.001,22
1.500,15.900,76.650,0.496,-0.843,9.550,-0.271,0.011,0.005,22
1.500,15.900,76.650,0.457,-1.030,9.438,-0.363,0.016,0.007,22
1.500,15.900,76.650,0.551,-1.080,9.673,-0.411,0.013,0.015,22
2.550,15.150,77.100,0.424,-1.257,9.567,-0.470,0.007,0.014,23
2.550,15.150,77.100,0.419,-1.259,9.517,-0.537,0.008,0.019,22
2.550,15.150,77.100,0.316,-1.518,9.455,-0.569,0.006,0.027,22
2.550,15.150,77.100,0.462,-1.614,9.474,-0.625,0.002,0.032,22
2.550,15.150,77.100,0.572,-1.664,9.503,-0.669,-0.001,0.033,22
3.000,12.450,77.850,0.445,-1.946,9.069,-0.745,-0.002,0.037,22
3.000,12.450,77.850,0.385,-1.836,9.048,-0.797,0.018,0.026,23
3.300,11.700,77.850,0.534,-2.332,9.263,-0.839,0.011,0.015,22
3.300,11.700,77.850,0.591,-2.614,9.390,-0.896,0.025,0.007,22
3.600,10.350,80.250,0.613,-2.478,9.194,-0.949,0.031,0.014,22
3.600,10.350,80.250,0.417,-2.849,9.091,-0.983,0.019,0.020,22
3.600,10.350,80.250,0.326,-2.813,8.954,-1.045,0.015,0.039,22
1.800,7.800,80.400,0.484,-3.790,9.421,-1.059,-0.006,0.038,23
1.800,7.800,80.400,0.388,-3.692,8.681,-1.062,0.016,0.040,22
1.800,7.800,80.400,0.302,-3.840,8.686,-1.068,0.021,0.032,22
1.800,7.800,80.400,0.524,-4.233,8.775,-1.072,0.020,0.017,22
2.400,4.050,80.550,0.560,-4.408,8.782,-1.059,0.032,0.023,22
2.400,4.050,80.550,0.290,-4.523,8.686,-1.050,0.025,0.026,22
3.000,0.300,81.900,0.373,-5.059,8.636,-1.022,0.012,0.028,23
3.000,0.300,81.900,0.520,-5.013,8.363,-1.016,0.015,0.026,22
3.000,0.300,81.900,0.572,-5.277,8.418,-0.982,0.019,0.019,22
1.950,-2.400,81.000,0.493,-5.562,8.411,-0.964,0.031,0.022,22
1.950,-2.400,81.000,0.395,-5.619,8.298,-0.915,0.026,0.020,22
2.250,-4.200,81.150,0.326,-5.945,8.152,-0.891,0.016,0.022,22
2.250,-4.200,81.150,0.515,-6.007,7.951,-0.859,0.013,0.021,23
2.250,-4.200,81.150,0.584,-5.986,7.908,-0.834,0.029,0.013,22
2.250,-4.200,81.150,0.496,-6.057,7.700,-0.831,0.033,0.006,22
3.150,-7.200,81.300,0.275,-6.144,7.700,-0.825,0.029,0.010,22
3.150,-7.200,81.300,0.302,-6.268,7.518,-0.834,0.021,0.017,22
4.050,-8.550,80.100,0.330,-6.349,7.405,-0.850,0.016,0.017,22
4.050,-8.550,80.100,0.431,-6.419,7.365,-0.860,0.020,0.012,23
4.050,-8.550,80.100,0.383,-6.586,7.230,-0.874,0.027,0.011,22
3.750,-12.450,78.900,0.419,-6.771,7.111,-0.880,0.026,0.018,22
3.750,-12.450,78.900,0.213,-7.046,6.914,-0.875,0.022,0.021,22
1.800,-12.900,79.350,0.316,-7.190,6.855,-0.878,0.012,0.017,22
1.800,-12.900,79.350,0.347,-7.348,6.759,-0.866,0.009,0.021,22
1.800,-12.900,79.350,0.496,-7.350,6.706,-0.856,0.023,0.019,22
1.800,-12.900,79.350,0.390,-7.561,6.519,-0.842,0.025,0.020,23
2.400,-16.500,78.750,0.297,-7.642,6.393,-0.833,0.021,0.018,22
2.400,-16.500,78.750,0.306,-7.700,6.218,-0.828,0.011,0.014,22
2.400,-16.500,78.750,0.402,-7.839,6.098,-0.824,0.014,0.018,22
2.400,-16.500,78.750,0.318,-7.843,5.978,-0.825,0.020,0.013,22
2.400,-16.500,78.750,0.251,-8.033,5.837,-0.816,0.022,0.018,22
2.400,-20.400,76.950,0.268,-8.121,5.672,-0.825,0.026,0.015,23
2.400,-20.400,76.950,0.311,-8.193,5.430,-0.825,0.015,0.011,22
3.600,-22.500,75.450,0.263,-8.296,5.454,-0.824,0.021,0.013,22
3.600,-22.500,75.450,0.266,-8.420,5.195,-0.820,0.019,0.018,22
3.000,-23.850,74.850,0.278,-8.464,5.112,-0.821,0.020,0.017,22
3.000,-23.850,74.850,0.227,-8.583,4.865,-0.818,0.022,0.014,22
3.000,-23.850,74.850,0.232,-8.748,4.913,-0.814,0.021,0.014,23
3.150,-24.750,73.200,0.326,-8.734,4.709,-0.800,0.027,0.014,22
3.150,-24.750,73.200,0.170,-8.945,4.673,-0.786,0.014,0.017,22
3.150,-24.750,73.200,0.144,-8.914,4.238,-0.782,0.011,0.013,22
3.150,-24.750,73.200,0.117,-9.091,4.293,-0.751,0.007,0.019,22
2.550,-28.500,70.350,0.239,-9.141,4.118,-0.722,0.010,0.016,22
2.550,-28.500,70.350,0.397,-9.318,4.113,-0.704,0.018,0.020,23
NEW_MEASUREMENTS
15.750,13.800,79.800,0.570,-2.126,9.354,-0.168,0.011,0.000,22
15.750,13.800,79.800,0.651,-2.172,9.459,-0.190,0.007,-0.005,24
15.750,13.800,79.800,0.661,-2.081,9.646,-0.214,0.007,-0.004,22
15.750,13.800,79.800,0.517,-2.126,9.534,-0.252,0.014,-0.006,22
14.850,13.050,79.500,0.505,-2.143,9.500,-0.284,0.015,0.001,22
14.850,13.050,79.500,0.548,-2.136,9.529,-0.320,0.008,-0.002,22
13.350,13.050,79.500,0.627,-2.263,9.438,-0.363,0.010,-0.001,22
13.350,13.050,79.800,0.481,-2.207,9.206,-0.427,0.014,-0.003,22
13.350,13.050,79.800,0.579,-2.327,9.254,-0.473,0.020,0.004,22
14.550,11.400,80.550,0.527,-2.502,9.189,-0.511,0.014,0.005,22
14.550,11.400,80.550,0.543,-2.576,9.297,-0.555,0.016,0.007,22
14.700,9.300,80.850,0.534,-2.923,9.220,-0.575,0.013,0.016,22
14.700,9.300,80.850,0.615,-2.993,9.230,-0.594,0.014,0.026,23
14.700,9.300,80.850,0.148,-3.472,8.964,-0.595,0.030,0.021,22
14.700,9.300,80.850,0.723,-3.620,9.692,-0.550,0.006,0.018,22
14.700,9.300,80.850,0.591,-3.625,9.627,-0.533,0.008,0.004,22
13.800,6.750,81.300,0.845,-3.812,9.364,-0.525,0.012,0.008,22
13.800,6.750,81.300,0.553,-3.733,9.170,-0.501,0.029,0.006,22
15.300,7.200,82.050,0.558,-3.895,9.297,-0.474,0.013,-0.010,23
15.300,7.200,82.050,0.532,-3.874,9.041,-0.472,0.017,0.004,22
14.400,4.950,81.600,0.378,-3.903,9.091,-0.451,0.008,0.005,22
14.400,4.950,81.600,0.654,-4.003,8.823,-0.444,0.010,0.006,22
13.050,3.300,81.000,0.500,-4.092,9.076,-0.449,0.025,-0.001,22
13.050,3.300,81.000,0.469,-4.017,8.856,-0.450,0.017,-0.004,22
15.150,3.000,83.100,0.517,-4.130,8.911,-0.456,0.013,0.007,23
15.150,3.000,83.100,0.606,-4.199,8.964,-0.468,0.019,0.006,22
15.150,3.000,83.100,0.611,-4.264,8.782,-0.484,0.014,0.005,22
14.700,2.700,81.900,0.508,-4.314,8.643,-0.496,0.010,0.002,22
14.700,2.700,81.900,0.589,-4.470,8.705,-0.530,0.011,0.008,22
14.700,2.700,81.900,0.579,-4.508,8.559,-0.544,0.019,0.007,22
14.700,2.700,81.900,0.599,-4.673,8.643,-0.559,0.016,0.012,23
13.050,-0.900,84.000,0.450,-4.798,8.559,-0.578,0.018,0.008,22
13.050,-0.900,84.000,0.424,-4.822,8.401,-0.591,0.019,0.004,22
13.800,-0.900,83.550,0.467,-4.956,8.392,-0.594,0.014,0.009,22
13.800,-0.900,83.550,0.481,-5.045,8.313,-0.605,0.016,0.013,22
13.800,-0.900,83.550,0.510,-5.136,8.162,-0.621,0.021,0.011,22
14.550,-2.100,83.550,0.498,-5.265,8.152,-0.634,0.017,0.011,23
14.550,-2.100,83.550,0.527,-5.325,8.025,-0.652,0.019,0.007,22
13.350,-4.800,82.500,0.462,-5.456,7.985,-0.682,0.019,0.011,22
13.350,-4.800,82.500,0.496,-5.557,7.980,-0.706,0.020,0.018,22
13.350,-4.800,82.500,0.508,-5.650,7.851,-0.721,0.024,0.005,22
13.350,-4.800,82.500,0.517,-5.796,7.743,-0.756,0.020,0.012,22
13.800,-6.750,82.500,0.417,-5.995,7.707,-0.777,0.021,0.014,23
13.800,-6.750,82.500,0.510,-5.993,7.472,-0.791,0.021,0.017,22
13.800,-6.750,82.500,0.426,-6.223,7.606,-0.805,0.012,0.014,22
15.150,-8.100,82.650,0.453,-6.294,7.408,-0.823,0.020,0.022,22
15.150,-8.100,82.650,0.453,-6.505,7.223,-0.829,0.017,0.019,22
14.550,-10.650,81.000,0.431,-6.697,7.111,-0.844,0.019,0.019,22
14.550,-10.650,81.000,0.405,-6.831,7.032,-0.846,0.018,0.016,22
14.100,-13.500,81.750,0.429,-6.965,6.910,-0.849,0.014,0.014,23
14.100,-13.500,81.750,0.450,-7.104,6.790,-0.849,0.020,0.019,22
13.950,-14.850,81.150,0.362,-7.226,6.689,-0.860,0.020,0.017,22
13.950,-14.850,81.150,0.419,-7.396,6.543,-0.859,0.018,0.016,22
13.950,-14.850,81.150,0.448,-7.475,6.483,-0.860,0.025,0.009,22
13.650,-15.900,78.900,0.417,-7.604,6.325,-0.865,0.019,0.015,22
13.650,-15.900,78.900,0.395,-7.666,6.206,-0.868,0.015,0.019,23
13.650,-15.900,78.900,0.424,-7.784,5.981,-0.877,0.020,0.018,22
13.650,-15.900,78.900,0.359,-7.906,5.741,-0.887,0.024,0.014,22
14.850,-20.400,78.000,0.385,-7.997,5.725,-0.897,0.029,0.015,22
14.850,-20.400,78.000,0.309,-8.016,5.543,-0.905,0.016,0.020,22
14.400,-22.200,75.900,0.390,-8.179,5.555,-0.916,0.022,0.025,22
14.400,-22.200,75.900,0.424,-8.442,5.121,-0.924,0.019,0.020,23
14.400,-22.200,75.900,0.342,-8.602,4.946,-0.924,0.021,0.016,22
13.800,-24.750,75.750,0.445,-8.689,4.992,-0.900,0.026,0.017,22
13.800,-24.750,75.750,0.278,-8.892,4.839,-0.895,0.019,0.017,22
14.100,-26.700,74.250,0.280,-8.923,4.731,-0.865,0.005,0.017,22
14.100,-26.700,74.250,0.453,-9.177,4.453,-0.834,0.011,0.020,22
14.100,-26.700,74.250,0.366,-9.155,4.389,-0.802,0.020,0.016,23
14.100,-26.700,74.250,0.362,-9.249,4.211,-0.779,0.025,0.012,22
14.700,-29.250,71.850,0.340,-9.304,4.106,-0.730,0.024,0.013,22
14.700,-29.250,71.850,0.280,-9.383,3.938,-0.706,0.019,0.012,22
14.700,-29.250,71.850,0.201,-9.409,3.859,-0.674,0.014,0.016,22
14.850,-30.600,70.950,0.278,-9.555,3.797,-0.638,0.014,0.012,22
14.850,-30.600,70.950,0.345,-9.536,3.608,-0.597,0.021,0.009,23
15.450,-31.650,70.050,0.345,-9.603,3.500,-0.552,0.013,0.007,22
15.450,-31.650,70.050,0.318,-9.680,3.445,-0.529,0.025,0.001,22
15.900,-32.400,68.850,0.225,-9.608,3.378,-0.479,0.017,0.001,22
15.900,-32.400,68.850,0.261,-9.515,3.158,-0.458,0.022,0.008,22
15.450,-33.600,67.800,0.275,-9.486,3.129,-0.446,0.013,0.010,22
15.450,-33.600,67.800,0.364,-9.416,3.103,-0.443,0.009,0.008,23
15.900,-33.600,67.800,0.369,-9.500,2.883,-0.444,0.018,0.002,22
15.900,-34.350,68.100,0.390,-9.582,2.875,-0.442,0.026,0.004,22
15.900,-34.350,68.100,0.160,-9.747,2.772,-0.420,0.013,0.005,22
15.900,-34.350,68.100,0.302,-9.802,2.847,-0.393,0.008,-0.001,22
15.900,-34.350,68.100,0.373,-9.917,2.729,-0.357,0.012,-0.002,22
15.750,-36.450,66.750,0.352,-10.001,2.684,-0.304,0.008,0.002,22
15.750,-36.450,66.750,0.263,-10.118,2.682,-0.249,0.017,0.002,23
16.800,-34.950,64.950,0.259,-10.183,2.768,-0.148,0.010,-0.005,22
16.800,-34.950,64.950,0.345,-10.264,2.648,-0.079,0.013,-0.008,22
16.800,-34.950,64.950,0.393,-10.142,2.567,-0.010,0.022,-0.016,22
16.050,-35.700,64.950,0.338,-9.950,2.581,0.041,0.027,-0.016,22
16.050,-35.700,64.950,0.000,-9.431,2.696,0.039,0.025,-0.021,23
15.300,-36.900,65.400,0.211,-9.589,2.715,0.050,0.016,-0.012,22
15.300,-36.900,65.400,0.223,-10.048,2.732,0.053,-0.004,-0.013,22
15.300,-36.900,65.400,0.321,-9.613,2.519,0.083,0.017,-0.009,22
15.300,-36.900,65.400,0.098,-9.799,2.957,0.126,-0.017,-0.018,22
14.700,-36.750,66.300,0.362,-9.787,2.468,0.135,0.021,-0.009,22
14.700,-36.750,66.300,0.124,-9.404,2.459,0.190,-0.000,-0.016,22
16.200,-35.550,67.050,0.256,-9.881,2.682,0.231,0.023,-0.016,23
16.200,-35.550,67.050,0.534,-9.730,3.055,0.240,0.024,-0.023,22
16.200,-35.550,67.050,0.184,-9.567,2.756,0.251,0.007,-0.031,22
16.050,-35.400,66.750,0.297,-9.768,3.232,0.292,0.006,-0.029,22
16.050,-35.400,66.750,0.378,-9.708,3.352,0.296,-0.004,-0.021,22
15.750,-32.550,67.500,0.215,-9.570,3.033,0.331,0.010,-0.028,22
15.750,-32.550,67.500,0.373,-9.620,3.247,0.358,0.007,-0.024,23
15.750,-32.550,67.500,0.309,-9.622,3.333,0.377,0.015,-0.026,22
15.750,-32.550,67.500,0.373,-9.383,3.270,0.391,0.017,-0.020,22
15.300,-32.550,69.450,0.476,-9.421,3.400,0.411,0.002,-0.031,22
15.300,-32.550,69.450,0.261,-9.481,3.579,0.429,0.010,-0.029,22
15.300,-32.550,69.450,0.280,-9.273,3.558,0.450,0.009,-0.023,22
15.300,-32.550,69.450,0.366,-9.395,3.850,0.472,0.004,-0.028,23
15.300,-32.550,69.450,0.340,-9.311,3.862,0.488,0.004,-0.033,22
14.400,-30.000,72.150,0.328,-9.254,4.051,0.511,0.010,-0.030,22
14.400,-30.000,72.150,0.338,-9.122,4.063,0.519,0.005,-0.026,22
14.850,-27.900,72.000,0.352,-9.143,4.274,0.533,0.004,-0.030,22
14.850,-27.900,72.000,0.314,-8.629,4.003,0.486,0.001,-0.039,22
14.700,-27.750,73.350,0.328,-8.492,4.439,0.466,0.000,-0.034,23
14.700,-27.750,73.350,0.359,-8.660,4.235,0.451,0.003,-0.023,22
14.700,-27.750,73.350,0.373,-8.765,4.745,0.427,0.009,-0.009,22
14.550,-25.500,74.250,0.299,-8.497,4.568,0.408,0.003,-0.021,22
14.550,-25.500,74.250,0.247,-8.744,4.738,0.393,-0.002,-0.025,22
14.550,-25.500,74.250,0.402,-8.483,4.745,0.372,0.007,-0.024,22
14.550,-25.500,74.250,0.522,-8.581,4.990,0.375,0.010,-0.028,23
13.350,-25.950,75.000,0.285,-8.595,4.999,0.372,0.016,-0.023,22
13.350,-25.950,75.000,0.328,-8.593,5.258,0.379,0.009,-0.024,22
14.550,-23.250,76.500,0.347,-8.464,5.181,0.398,-0.002,-0.028,22
14.550,-23.250,76.500,0.390,-8.564,5.239,0.409,0.001,-0.025,22
14.550,-23.250,76.500,0.553,-8.420,5.392,0.418,0.011,-0.024,22
13.950,-22.950,76.350,0.338,-8.461,5.507,0.437,0.013,-0.028,23
13.950,-22.950,76.350,0.263,-8.370,5.576,0.451,0.015,-0.030,22
13.950,-21.450,77.100,0.373,-8.337,5.631,0.466,0.011,-0.032,22
13.950,-21.450,77.100,0.402,-8.224,5.674,0.479,0.007,-0.037,22
13.950,-21.450,77.100,0.484,-7.980,5.871,0.501,0.014,-0.029,22
13.950,-21.450,77.100,0.419,-7.946,5.895,0.508,0.012,-0.034,22
13.650,-20.700,77.850,0.390,-7.915,5.914,0.518,0.010,-0.038,23
13.650,-20.700,77.850,0.359,-7.807,6.065,0.522,0.010,-0.032,22
13.650,-20.700,77.850,0.362,-7.738,6.189,0.521,0.001,-0.034,22
15.450,-18.000,79.350,0.479,-7.525,6.285,0.508,0.007,-0.037,22
15.450,-18.000,79.350,0.496,-7.446,6.299,0.503,0.011,-0.027,22
14.700,-17.100,79.650,0.311,-7.238,6.383,0.472,0.001,-0.032,22
14.700,-17.100,79.650,0.433,-7.147,6.512,0.444,0.003,-0.030,23
14.550,-15.450,79.050,0.443,-7.197,6.622,0.433,0.006,-0.027,22
14.550,-15.450,79.050,0.330,-7.017,6.682,0.402,0.004,-0.023,22
13.200,-14.400,80.850,0.297,-7.082,6.831,0.383,-0.005,-0.018,22
13.200,-14.400,80.850,0.424,-7.068,6.845,0.375,-0.001,-0.013,22
13.200,-14.400,80.850,0.438,-7.017,6.859,0.365,-0.001,-0.016,22
15.450,-14.400,81.600,0.548,-6.979,6.979,0.372,0.002,-0.015,23
15.450,-14.400,81.600,0.500,-6.917,6.996,0.366,0.007,-0.014,22
15.450,-14.400,81.600,0.347,-6.950,7.130,0.377,0.001,-0.010,22
15.450,-14.400,81.600,0.445,-6.912,7.154,0.402,0.004,-0.016,22
14.400,-11.700,81.600,0.529,-6.891,7.209,0.419,0.003,-0.018,22
14.400,-11.700,81.600,0.505,-6.838,7.293,0.443,-0.003,-0.020,22
13.350,-11.100,81.750,0.532,-6.685,7.444,0.455,0.003,-0.023,23
13.350,-11.100,81.750,0.527,-6.524,7.427,0.483,0.006,-0.033,22
13.350,-11.100,81.750,0.469,-6.524,7.585,0.498,0.008,-0.029,22
14.400,-9.000,84.150,0.441,-6.393,7.678,0.505,0.010,-0.034,22
14.400,-9.000,84.150,0.555,-6.266,7.609,0.518,0.008,-0.034,22
14.400,-6.900,83.100,0.419,-6.163,7.810,0.527,0.009,-0.034,22
14.400,-6.900,83.100,0.484,-6.007,7.872,0.540,0.003,-0.026,23
14.400,-6.900,83.100,0.366,-5.940,7.954,0.546,0.012,-0.031,22
14.400,-6.900,83.100,0.515,-5.782,7.896,0.558,0.005,-0.028,22
13.200,-5.400,81.900,0.453,-5.741,7.994,0.555,0.010,-0.030,22
13.200,-5.400,81.900,0.373,-5.454,8.195,0.554,0.016,-0.035,22
13.350,-2.400,83.250,0.481,-5.370,8.174,0.563,0.003,-0.025,22
13.350,-2.400,83.250,0.400,-5.449,8.231,0.565,-0.002,-0.016,22
13.350,-2.400,83.250,0.469,-5.294,8.267,0.575,-0.001,-0.017,23
13.800,-1.650,82.800,0.766,-5.083,8.389,0.576,0.004,-0.020,22
13.800,-1.650,82.800,0.570,-4.920,8.523,0.570,0.004,-0.023,22
13.200,-1.050,82.350,0.584,-4.769,8.550,0.566,0.008,-0.030,22
13.200,-1.050,82.350,0.486,-4.575,8.523,0.554,0.006,-0.033,22
13.200,-1.050,82.350,0.467,-4.506,8.657,0.537,0.007,-0.030,22
13.200,-1.050,82.350,0.553,-4.369,8.600,0.510,0.006,-0.025,23
12.900,3.000,82.350,0.429,-4.216,8.732,0.497,0.005,-0.023,22
12.900,3.000,82.350,0.587,-4.192,8.799,0.490,0.006,-0.028,22
12.900,3.000,82.350,0.548,-4.132,8.849,0.470,0.002,-0.026,22
12.900,3.000,82.350,0.496,-3.989,8.899,0.467,0.004,-0.024,22
12.900,3.000,82.350,0.548,-3.996,8.981,0.466,0.005,-0.021,22
12.900,5.400,81.900,0.599,-3.888,9.098,0.480,0.001,-0.023,23
12.900,5.400,81.900,0.553,-3.778,9.067,0.484,0.005,-0.028,22
14.400,6.600,82.350,0.644,-3.740,9.189,0.502,0.007,-0.026,22
14.400,6.600,82.350,0.520,-3.661,9.151,0.514,0.013,-0.026,22
13.950,8.100,83.100,0.620,-3.579,9.206,0.534,0.003,-0.031,22
13.950,8.100,83.100,0.527,-3.292,9.163,0.547,0.007,-0.030,22
13.950,8.100,83.100,0.407,-3.160,9.244,0.562,0.012,-0.027,23
13.050,10.350,79.800,0.486,-3.079,9.325,0.573,-0.001,-0.024,22
13.050,10.350,79.800,0.615,-3.062,9.505,0.582,0.005,-0.035,22
13.050,10.350,79.800,0.668,-2.830,9.407,0.587,0.003,-0.035,22
13.050,10.350,79.800,0.666,-2.689,9.536,0.588,0.015,-0.037,22
13.650,12.900,79.650,0.572,-2.507,9.515,0.600,0.003,-0.032,22
13.650,12.900,79.650,0.579,-2.389,9.467,0.594,0.008,-0.033,23
14.100,15.000,80.250,0.697,-2.315,9.548,0.601,0.001,-0.030,22
14.100,15.000,80.250,0.634,-2.181,9.428,0.611,0.002,-0.030,22
14.100,15.000,80.250,0.596,-2.097,9.507,0.621,0.008,-0.033,22
14.550,14.550,78.000,0.601,-1.700,9.531,0.621,0.008,-0.035,22
14.550,14.550,78.000,0.611,-1.633,9.555,0.614,0.002,-0.035,22
14.100,18.150,78.300,0.630,-1.338,9.668,0.595,0.007,-0.027,23
14.100,18.150,78.300,0.603,-1.290,9.661,0.582,0.008,-0.028,22
14.100,18.150,78.300,0.601,-1.221,9.744,0.571,0.010,-0.027,22
14.100,18.150,78.300,0.594,-0.953,9.699,0.556,0.007,-0.026,22
12.600,18.900,77.250,0.534,-0.754,9.742,0.538,0.007,-0.039,22
12.600,18.900,77.250,0.625,-0.515,9.555,0.520,0.008,-0.035,22
12.600,18.900,77.250,0.618,-0.606,9.579,0.481,0.002,-0.024,23
14.550,21.600,76.500,0.522,-0.127,9.586,0.432,0.009,-0.022,22
14.550,21.600,76.500,0.682,0.223,9.438,0.381,-0.001,-0.021,22
13.200,21.900,75.150,0.601,0.213,9.692,0.296,0.002,-0.016,22
13.200,21.900,75.150,0.618,0.891,9.565,0.114,0.010,-0.009,22
14.700,22.200,73.650,0.632,1.607,9.222,-0.091,-0.002,-0.000,22
14.700,22.200,73.650,0.965,-0.002,9.802,-0.249,0.030,0.002,23
14.700,22.200,73.650,0.474,-0.218,10.092,-0.309,0.046,-0.007,22
14.700,22.200,73.650,0.170,-0.062,9.699,-0.344,0.009,0.002,22
14.700,22.200,73.650,0.476,-0.113,9.601,-0.393,0.002,0.014,22
13.650,20.700,74.850,0.809,-0.318,9.869,-0.413,0.005,0.017,22
13.650,20.700,74.850,0.860,-0.400,9.366,-0.464,0.025,0.004,22
13.650,20.700,74.850,0.498,-0.577,9.582,-0.503,0.023,0.006,22
13.650,20.700,74.850,0.500,-0.639,9.740,-0.512,0.008,0.001,23
15.150,20.250,75.600,0.577,-0.704,9.565,-0.558,0.017,0.014,22
15.150,20.250,75.600,0.546,-0.809,9.780,-0.591,0.019,0.016,22
14.550,17.400,77.550,0.579,-1.046,9.680,-0.607,0.022,0.011,22
14.550,17.400,77.550,0.481,-1.269,9.685,-0.622,0.015,0.003,22
14.550,17.400,77.550,0.534,-1.322,9.512,-0.643,0.016,0.014,22
13.350,16.200,77.550,0.637,-1.528,9.713,-0.650,0.021,0.012,23
13.350,16.200,77.550,0.579,-1.618,9.543,-0.658,0.016,0.012,22
15.150,15.900,78.150,0.663,-1.614,9.598,-0.686,0.021,0.013,22
15.150,15.900,78.150,0.670,-1.805,9.522,-0.701,0.020,0.005,22
15.150,15.900,78.150,0.603,-1.891,9.512,-0.729,0.024,0.002,22
15.150,15.900,78.150,0.572,-1.942,9.328,-0.766,0.025,0.010,22
13.950,13.200,79.350,0.565,-2.136,9.527,-0.802,0.014,0.017,23
13.950,13.200,79.350,0.510,-2.325,9.199,-0.815,-0.006,0.029,22
13.950,10.950,80.400,0.467,-3.060,9.306,-0.808,0.011,0.045,22
13.950,10.950,80.400,0.565,-3.074,9.467,-0.771,0.002,0.023,22
13.950,10.950,80.400,0.850,-3.194,9.436,-0.779,0.010,0.011,22
13.950,9.750,80.850,0.654,-3.225,9.134,-0.766,0.019,0.021,22
13.950,9.750,80.850,0.548,-3.601,9.483,-0.727,0.021,0.006,23
14.100,7.950,82.050,0.431,-3.771,9.330,-0.702,0.014,-0.000,22
14.100,7.950,82.050,0.342,-3.723,8.995,-0.706,0.010,0.015,22
14.100,7.950,82.050,0.587,-3.840,8.995,-0.671,0.007,0.019,22
14.100,7.950,82.050,0.630,-3.950,9.041,-0.654,0.015,0.020,22
12.900,6.600,83.400,0.493,-4.080,8.839,-0.656,0.015,0.020,22
12.900,6.600,83.400,0.565,-4.238,8.890,-0.633,0.008,0.015,23
12.900,6.600,83.400,0.582,-4.468,8.930,-0.621,0.014,0.016,22
14.100,3.300,81.000,0.649,-4.436,8.952,-0.600,0.026,0.002,22
14.100,3.300,81.000,0.613,-4.441,8.736,-0.597,0.035,0.003,22
13.800,2.100,85.050,0.515,-4.604,8.777,-0.594,0.018,0.001,22
13.800,2.100,85.050,0.421,-4.654,8.547,-0.605,0.015,0.009,22
14.550,0.150,82.500,0.424,-4.688,8.550,-0.606,0.016,0.013,23
14.550,0.150,82.500,0.529,-4.829,8.464,-0.604,0.012,0.013,22
14.550,0.150,82.500,0.496,-4.879,8.502,-0.617,0.018,0.008,22
14.550,0.150,82.500,0.541,-4.985,8.432,-0.633,0.014,0.008,22
14.550,0.150,82.500,0.563,-5.128,8.203,-0.636,0.019,0.009,22
13.200,-2.700,82.650,0.524,-5.241,8.303,-0.651,0.023,0.009,22
13.200,-2.700,82.650,0.438,-5.368,8.128,-0.661,0.019,0.008,23
13.200,-2.700,82.650,0.472,-5.485,8.164,-0.666,0.011,0.007,22
13.200,-2.700,82.650,0.510,-5.507,8.061,-0.679,0.018,0.015,22
13.800,-6.750,82.500,0.462,-5.638,7.934,-0.699,0.015,0.011,22
13.800,-6.750,82.500,0.527,-5.684,7.764,-0.724,0.024,0.008,22
13.950,-7.350,81.900,0.448,-5.799,7.647,-0.744,0.026,0.000,22
13.950,-7.350,81.900,0.330,-5.914,7.714,-0.765,0.021,0.014,23
13.950,-7.350,81.900,0.409,-6.081,7.539,-0.803,0.018,0.019,22
15.150,-9.750,81.600,0.491,-6.220,7.309,-0.819,0.012,0.019,22
15.150,-9.750,81.600,0.479,-6.292,7.369,-0.844,0.020,0.018,22
14.400,-10.950,81.150,0.503,-6.469,7.166,-0.866,0.020,0.015,22
14.400,-10.950,81.150,0.441,-6.567,7.135,-0.908,0.023,0.019,22
14.400,-10.950,81.150,0.388,-6.668,6.910,-0.928,0.019,0.024,23
14.400,-10.950,81.150,0.359,-6.998,6.615,-0.957,0.022,0.028,22
13.800,-14.250,80.550,0.424,-7.106,6.584,-0.984,0.018,0.022,22
13.800,-14.250,80.550,0.429,-7.314,6.481,-1.001,0.019,0.027,22
13.800,-14.250,80.550,0.488,-7.448,6.318,-1.008,0.023,0.025,22
13.350,-16.200,79.800,0.381,-7.544,6.194,-1.018,0.028,0.019,22
13.350,-16.200,79.800,0.443,-7.815,5.959,-1.019,0.021,0.020,23
14.550,-20.100,79.050,0.393,-7.975,5.926,-1.015,0.022,0.021,22
14.550,-20.100,79.050,0.306,-8.013,5.602,-1.018,0.030,0.023,22
13.950,-22.200,78.150,0.373,-8.126,5.715,-1.005,0.012,0.031,22
13.950,-22.200,78.150,0.450,-8.308,5.404,-1.008,0.021,0.022,22
13.950,-22.200,78.150,0.397,-8.394,5.054,-0.998,0.025,0.017,22
13.950,-22.200,78.150,0.283,-8.583,4.966,-1.001,0.023,0.019,23
13.950,-22.200,78.150,0.297,-8.617,4.750,-1.002,0.021,0.026,22
14.550,-24.450,75.450,0.244,-8.758,4.642,-0.990,0.005,0.027,22
14.550,-24.450,75.450,0.359,-8.789,4.503,-0.994,0.003,0.024,22
13.200,-28.500,72.600,0.472,-9.055,4.374,-0.977,0.020,0.019,22
13.200,-28.500,72.600,0.218,-9.179,4.164,-0.966,0.021,0.023,22
15.450,-28.050,71.550,0.204,-9.340,3.931,-0.936,0.015,0.026,22
15.450,-28.050,71.550,0.244,-9.438,3.836,-0.881,0.002,0.027,23
14.850,-30.600,70.200,0.421,-9.541,3.646,-0.853,0.010,0.029,22
14.850,-30.600,70.200,0.237,-9.661,3.440,-0.816,0.006,0.029,22
14.850,-30.600,70.200,0.239,-9.732,3.428,-0.770,0.000,0.026,22
14.700,-32.850,70.050,0.213,-9.811,3.254,-0.699,-0.004,0.022,22
14.700,-32.850,70.050,0.163,-9.814,3.215,-0.656,-0.013,0.014,22
15.750,-35.400,67.200,0.383,-9.761,3.043,-0.629,0.001,0.007,23
15.750,-35.400,67.200,0.438,-9.596,2.820,-0.612,0.012,0.012,22
15.750,-35.400,67.200,0.256,-9.764,2.715,-0.594,0.010,0.006,22
15.750,-35.400,67.200,0.249,-9.833,2.617,-0.576,0.014,0.005,22
15.150,-36.750,66.600,0.213,-9.929,2.540,-0.539,0.016,0.009,22
15.150,-36.750,66.600,0.280,-9.919,2.653,-0.470,0.004,0.002,22
15.750,-37.350,63.450,0.278,-10.075,2.416,-0.430,0.015,0.000,23
15.750,-37.350,63.450,0.218,-10.180,2.342,-0.372,0.016,0.001,22
15.750,-37.350,63.450,0.318,-10.238,2.368,-0.288,0.014,-0.001,22
14.700,-37.950,62.550,0.259,-10.156,2.327,-0.231,0.013,-0.005,22
14.700,-37.950,62.550,0.223,-10.211,2.198,-0.171,0.018,-0.004,22
15.150,-39.000,64.800,0.268,-10.171,2.224,-0.114,0.017,-0.011,22
15.150,-39.000,64.800,0.263,-10.118,2.260,-0.042,0.013,-0.013,23
15.150,-39.000,64.800,0.247,-10.092,2.140,0.001,0.015,-0.008,22
15.150,-39.000,64.800,0.175,-9.989,2.246,0.023,0.017,-0.011,22
16.050,-38.100,63.900,0.055,-9.756,2.037,0.040,-0.005,-0.016,22
16.050,-38.100,63.900,0.129,-9.953,2.629,0.094,-0.018,-0.006,22
16.050,-38.100,63.900,0.251,-9.785,2.028,0.136,-0.001,-0.003,22
15.450,-37.050,62.850,0.055,-9.828,2.521,0.132,0.013,0.008,23
15.450,-37.050,62.850,0.529,-10.032,2.725,0.215,-0.001,-0.003,22
14.850,-36.450,66.750,0.275,-10.048,2.064,0.249,-0.008,-0.012,22
14.850,-36.450,66.750,0.338,-9.785,2.449,0.261,-0.001,-0.016,22
14.850,-36.450,65.400,0.235,-9.761,2.363,0.292,-0.003,-0.029,22
14.850,-36.450,65.400,0.168,-9.807,2.545,0.324,0.001,-0.025,22
14.850,-36.450,65.400,0.302,-9.718,2.734,0.341,-0.004,-0.020,23
14.850,-36.450,65.400,0.385,-9.752,2.772,0.360,-0.006,-0.013,22
14.850,-36.450,65.400,0.330,-9.787,2.732,0.398,0.006,-0.024,22
14.850,-35.400,66.000,0.378,-9.764,3.007,0.421,0.006,-0.027,22
14.850,-35.400,66.000,0.340,-9.646,2.954,0.446,0.015,-0.038,22
14.850,-35.400,66.000,0.259,-9.603,3.225,0.473,0.017,-0.032,22
14.850,-35.400,66.000,0.335,-9.577,3.244,0.489,0.018,-0.037,23
15.300,-33.450,67.500,0.223,-9.531,3.452,0.511,0.015,-0.032,22
15.300,-33.450,67.500,0.335,-9.416,3.491,0.538,0.003,-0.035,22
14.550,-31.050,70.500,0.316,-9.546,3.584,0.574,0.001,-0.027,22
14.550,-31.050,70.500,0.251,-9.383,3.601,0.589,-0.000,-0.033,22
14.550,-31.050,70.500,0.364,-9.352,3.773,0.606,0.001,-0.032,22
14.100,-30.300,72.000,0.285,-8.993,3.795,0.567,-0.001,-0.041,22
14.100,-30.300,72.000,0.321,-8.983,4.185,0.555,0.004,-0.039,23
13.800,-29.100,73.200,0.371,-8.866,3.826,0.538,0.002,-0.026,22
13.800,-29.100,73.200,0.419,-9.000,4.532,0.519,0.015,-0.018,22
13.800,-29.100,73.200,0.192,-8.669,4.228,0.506,0.006,-0.032,22
13.800,-29.100,73.200,0.364,-8.950,4.475,0.510,0.005,-0.036,22
14.100,-28.350,75.000,0.352,-8.564,4.523,0.512,0.005,-0.039,22
14.100,-28.350,75.000,0.455,-8.758,4.913,0.502,0.006,-0.025,23
14.100,-28.350,75.000,0.476,-8.595,4.626,0.490,0.021,-0.015,22
13.800,-27.450,74.700,0.314,-8.626,4.987,0.486,0.004,-0.021,22
13.800,-27.450,74.700,0.271,-8.408,4.877,0.478,0.003,-0.026,22
13.050,-25.950,76.950,0.426,-8.449,5.234,0.469,0.002,-0.028,22
13.050,-25.950,76.950,0.395,-8.243,5.167,0.468,-0.001,-0.021,22
14.850,-24.750,76.200,0.378,-8.430,5.411,0.462,0.003,-0.022,23
14.850,-24.750,76.200,0.373,-8.265,5.315,0.458,0.013,-0.029,22
14.850,-24.750,76.200,0.354,-8.267,5.624,0.467,0.003,-0.034,22
14.850,-24.750,76.200,0.395,-8.164,5.593,0.467,0.009,-0.026,22
14.850,-24.750,76.200,0.357,-8.147,5.775,0.484,0.009,-0.028,22
13.650,-22.650,78.150,0.448,-8.045,5.758,0.490,0.005,-0.027,22
13.650,-22.650,78.150,0.362,-8.100,5.966,0.503,0.007,-0.031,23
13.950,-20.700,78.600,0.419,-7.934,5.947,0.511,0.004,-0.027,22
13.950,-20.700,78.600,0.479,-7.922,5.959,0.515,0.018,-0.035,22
13.950,-18.300,79.350,0.476,-7.427,6.318,0.517,0.007,-0.038,22
13.950,-18.300,79.350,0.503,-7.769,6.457,0.517,0.013,-0.026,22
14.700,-16.350,78.900,0.373,-7.640,6.050,0.533,0.009,-0.023,22
14.700,-16.350,78.900,0.309,-7.616,6.670,0.558,0.002,-0.025,23
14.700,-16.350,78.900,0.457,-7.582,6.697,0.553,0.008,-0.034,22
14.700,-16.350,78.900,0.429,-7.369,6.694,0.575,0.011,-0.034,22
14.700,-16.350,78.900,0.400,-7.207,6.788,0.586,0.009,-0.032,22
13.650,-13.650,81.150,0.388,-7.142,6.996,0.598,0.003,-0.029,22
13.650,-13.650,81.150,0.373,-6.998,6.823,0.586,0.009,-0.027,22
13.650,-13.650,81.150,0.517,-6.768,6.907,0.590,0.004,-0.033,23
13.650,-13.650,81.150,0.500,-6.881,7.216,0.599,0.003,-0.030,22
13.650,-9.750,82.650,0.553,-6.778,7.190,0.602,0.012,-0.025,22
13.650,-9.750,82.650,0.352,-6.613,7.391,0.612,-0.002,-0.026,22
13.650,-9.750,82.650,0.393,-6.630,7.333,0.638,0.002,-0.027,22
12.900,-10.950,81.900,0.560,-6.388,7.693,0.649,0.002,-0.037,22
12.900,-10.950,81.900,0.603,-6.261,7.606,0.656,0.009,-0.038,23
14.100,-8.400,81.750,0.419,-6.287,7.774,0.675,0.010,-0.039,22
14.100,-8.400,81.750,0.373,-6.029,7.724,0.687,0.009,-0.036,22
13.350,-5.550,82.800,0.421,-5.962,7.767,0.700,0.000,-0.038,22
13.350,-5.550,82.800,0.551,-5.816,7.894,0.717,0.006,-0.040,22
13.350,-5.550,82.800,0.508,-5.713,8.145,0.741,0.010,-0.036,22
13.350,-5.550,82.800,0.429,-5.713,8.150,0.763,0.003,-0.030,23
12.600,-2.100,83.250,0.527,-5.444,8.349,0.783,0.001,-0.022,22
12.600,-2.100,83.250,0.620,-5.164,8.464,0.800,-0.003,-0.028,22
12.600,-2.100,83.250,0.553,-4.992,8.487,0.810,0.002,-0.039,22
13.950,-1.950,81.900,0.517,-4.690,8.485,0.810,0.004,-0.038,22
13.950,-1.950,81.900,0.505,-4.573,8.645,0.798,0.005,-0.037,22
13.050,1.650,82.500,0.536,-4.470,8.705,0.788,-0.003,-0.033,23
13.050,1.650,82.500,0.505,-4.281,8.641,0.778,0.002,-0.030,22
13.350,4.050,82.500,0.589,-3.953,8.813,0.773,-0.002,-0.035,22
13.350,4.050,82.500,0.524,-3.895,8.904,0.753,0.004,-0.030,22
13.350,4.050,82.500,0.551,-3.692,8.973,0.744,0.005,-0.036,22
13.350,4.050,82.500,0.450,-3.601,8.969,0.735,-0.001,-0.035,22
13.350,4.050,82.500,0.481,-3.428,9.148,0.733,0.000,-0.026,23
13.950,8.550,81.150,0.498,-3.172,9.213,0.721,-0.010,-0.020,22
13.950,8.550,81.150,0.599,-3.017,9.306,0.715,-0.007,-0.021,22
13.200,9.300,80.400,0.606,-2.945,9.335,0.706,-0.000,-0.019,22
13.200,9.300,80.400,0.690,-2.789,9.239,0.690,0.004,-0.022,22
13.200,10.950,80.850,0.491,-2.569,9.357,0.666,0.011,-0.024,22
13.200,10.950,80.850,0.500,-2.320,9.376,0.642,0.006,-0.014,23
14.400,12.000,80.100,0.429,-2.009,9.287,0.621,-0.007,-0.015,22
14.400,12.000,80.100,0.563,-1.975,9.529,0.568,-0.003,-0.013,22
14.400,12.000,80.100,0.687,-1.731,9.304,0.510,-0.003,-0.009,22
14.400,12.000,80.100,0.651,-1.681,9.577,0.473,0.004,-0.012,22
14.400,12.000,80.100,0.656,-1.343,9.524,0.389,0.010,-0.020,22
13.650,17.100,78.150,0.560,-1.322,9.646,0.324,0.009,-0.025,22
13.650,17.100,78.150,0.543,-1.142,9.436,0.263,-0.000,-0.024,23
13.650,17.100,78.150,0.651,-1.101,9.591,0.189,0.009,-0.024,22
13.650,17.100,78.150,0.594,-0.907,9.459,0.078,0.017,-0.016,22
13.800,16.500,79.050,0.462,-0.955,9.390,0.013,0.015,-0.016,22
13.800,16.500,79.050,0.546,-1.018,9.459,-0.058,0.012,-0.011,22
13.800,16.500,79.050,0.603,-1.183,9.474,-0.136,0.011,0.001,22
14.850,16.500,78.750,0.634,-1.458,9.687,-0.160,0.019,0.001,23
14.850,16.500,78.750,0.591,-1.427,9.680,-0.179,0.015,0.003,22
14.100,17.400,78.300,0.718,-1.516,9.708,-0.201,0.006,-0.006,22
14.100,17.400,78.300,0.630,-1.456,9.740,-0.220,0.011,0.007,22
13.650,15.600,78.600,0.594,-1.525,9.656,-0.240,0.011,0.007,22
13.650,15.600,78.600,0.443,-1.621,9.606,-0.258,0.016,0.003,22
13.650,15.600,78.600,0.620,-1.755,9.639,-0.277,0.013,-0.006,23
13.650,15.600,78.600,0.505,-1.829,9.555,-0.291,0.015,0.002,22
13.650,15.600,78.600,0.481,-1.810,9.467,-0.303,0.016,0.002,22
13.650,14.850,79.350,0.524,-1.791,9.515,-0.321,0.017,0.000,22
13.650,14.850,79.350,0.505,-1.839,9.510,-0.355,0.018,0.005,22
14.100,13.500,78.000,0.618,-1.875,9.579,-0.375,0.018,-0.001,22
14.100,13.500,78.000,0.539,-1.884,9.493,-0.400,0.015,0.008,23
13.200,14.400,78.600,0.579,-1.911,9.495,-0.460,0.016,0.005,22
13.200,14.400,78.600,0.587,-1.930,9.476,-0.509,0.015,0.001,22
13.950,12.900,80.100,0.548,-2.195,9.541,-0.541,0.008,0.011,22
13.950,12.900,80.100,0.498,-2.150,9.495,-0.581,0.026,0.018,22
13.950,12.900,80.100,0.565,-2.454,9.390,-0.639,0.021,0.009,22
13.950,12.900,80.100,0.555,-2.672,9.287,-0.661,0.017,0.001,23
13.950,12.900,80.100,0.520,-2.737,9.196,-0.699,0.029,0.010,22
11.700,10.500,81.150,0.436,-2.866,9.222,-0.726,0.017,0.018,22
11.700,10.500,81.150,0.381,-2.935,9.096,-0.764,0.022,0.022,22
15.450,8.100,82.650,0.615,-3.122,9.131,-0.789,0.007,0.021,22
15.450,8.100,82.650,0.433,-3.340,9.333,-0.822,0.007,0.019,22
13.200,5.850,82.650,0.642,-3.687,8.921,-0.840,0.006,0.026,23
13.200,5.850,82.650,0.151,-3.831,8.648,-0.831,0.011,0.022,22
13.200,5.850,82.650,0.280,-4.034,9.041,-0.830,0.013,0.010,22
13.950,3.900,82.650,0.532,-3.984,8.691,-0.846,0.008,0.015,22
13.950,3.900,82.650,0.618,-4.238,8.665,-0.849,0.026,0.031,22
13.950,3.900,82.650,0.520,-4.451,8.684,-0.835,0.021,0.020,22
13.950,3.900,82.650,0.462,-4.748,8.710,-0.837,0.012,0.013,23
12.900,0.750,83.100,0.479,-4.829,8.531,-0.840,0.022,0.017,22
12.900,0.750,83.100,0.443,-4.903,8.566,-0.819,0.019,0.022,22
12.900,0.750,83.100,0.524,-5.337,8.490,-0.823,0.027,0.021,22
12.900,0.750,83.100,0.512,-5.296,8.174,-0.809,0.022,0.021,22
12.600,-2.850,83.250,0.414,-5.514,8.442,-0.783,0.017,0.008,22
12.600,-2.850,83.250,0.620,-5.545,8.047,-0.784,0.031,0.010,23
12.600,-2.850,83.250,0.464,-5.739,7.982,-0.770,0.023,0.011,22
14.400,-4.950,84.150,0.486,-5.854,7.925,-0.747,0.022,0.012,22
14.400,-4.950,84.150,0.476,-5.988,7.865,-0.746,0.024,0.015,22
15.900,-5.850,81.900,0.409,-6.036,7.748,-0.737,0.018,0.015,22
15.900,-5.850,81.900,0.548,-6.227,7.776,-0.721,0.029,0.009,22
12.900,-7.800,81.600,0.445,-6.239,7.563,-0.715,0.024,0.010,22
12.900,-7.800,81.600,0.479,-6.282,7.506,-0.722,0.021,0.017,23
12.900,-7.800,81.600,0.469,-6.309,7.365,-0.737,0.019,0.014,22
12.900,-7.800,81.600,0.390,-6.407,7.281,-0.758,0.017,0.020,22
12.900,-7.800,81.600,0.359,-6.548,7.178,-0.778,0.012,0.022,22
13.200,-12.450,80.850,0.395,-6.658,7.065,-0.799,0.013,0.023,22
13.200,-12.450,80.850,0.472,-6.823,6.883,-0.831,0.015,0.017,22
13.350,-13.800,82.050,0.520,-7.015,6.900,-0.845,0.018,0.017,23
13.350,-13.800,82.050,0.397,-7.104,6.668,-0.849,0.024,0.013,22
15.150,-15.900,80.100,0.345,-7.178,6.598,-0.866,0.020,0.016,22
15.150,-15.900,80.100,0.357,-7.250,6.450,-0.888,0.016,0.021,22
13.800,-17.700,78.750,0.366,-7.436,6.208,-0.894,0.017,0.028,22
13.800,-17.700,78.750,0.378,-7.585,6.184,-0.914,0.017,0.023,22
13.800,-17.700,78.750,0.421,-7.640,5.986,-0.947,0.022,0.033,23
13.800,-17.700,78.750,0.347,-7.819,5.897,-0.949,0.017,0.033,22
13.800,-17.700,78.750,0.376,-7.891,5.732,-0.959,0.010,0.038,22
15.300,-20.400,77.550,0.316,-8.191,5.617,-0.960,0.016,0.037,22
15.300,-20.400,77.550,0.311,-8.294,5.274,-0.958,0.017,0.025,22
14.700,-24.150,76.350,0.342,-8.418,5.174,-0.956,0.027,0.021,22
14.700,-24.150,76.350,0.330,-8.550,4.961,-0.957,0.015,0.025,23
14.400,-25.800,75.150,0.304,-8.662,4.951,-0.942,0.014,0.022,22
14.400,-25.800,75.150,0.493,-8.861,4.664,-0.927,0.000,0.022,22
14.400,-25.800,75.150,0.338,-8.952,4.520,-0.915,0.020,0.020,22
13.800,-25.950,74.700,0.347,-9.064,4.350,-0.886,0.018,0.021,22
13.800,-25.950,74.700,0.268,-9.285,4.384,-0.849,0.021,0.017,22
13.800,-25.950,74.700,0.278,-9.371,4.137,-0.816,0.017,0.017,22
13.800,-25.950,74.700,0.309,-9.515,4.073,-0.772,0.009,0.018,23
14.850,-29.100,72.000,0.340,-9.529,3.898,-0.701,0.009,0.017,22
14.850,-29.100,72.000,0.311,-9.495,3.788,-0.667,0.011,0.011,22
14.550,-31.800,71.250,0.283,-9.433,3.608,-0.636,0.008,0.011,22
14.550,-31.800,71.250,0.297,-9.527,3.658,-0.602,0.014,0.012,22
14.550,-31.800,71.250,0.271,-9.565,3.395,-0.581,0.016,0.019,22
14.850,-32.250,69.450,0.352,-9.570,3.299,-0.557,0.012,0.020,23
14.850,-32.250,69.450,0.278,-9.601,3.153,-0.523,0.005,0.020,22
13.800,-33.750,68.700,0.232,-9.677,3.100,-0.498,0.010,0.006,22
13.800,-33.750,68.700,0.354,-9.675,3.086,-0.471,0.016,0.009,22
14.850,-34.200,68.250,0.144,-9.969,3.072,-0.418,-0.002,0.011,22
14.850,-34.200,68.250,0.311,-10.051,2.945,-0.332,-0.003,0.002,22
14.400,-34.350,66.300,0.402,-9.787,2.756,-0.286,0.015,-0.006,23
14.400,-34.350,66.300,0.407,-9.675,2.863,-0.266,0.027,-0.016,22
14.400,-34.350,66.300,0.237,-9.503,2.655,-0.263,0.026,-0.009,22
14.400,-34.350,66.300,0.053,-9.668,2.617,-0.264,0.022,-0.009,22
14.400,-34.350,66.300,-0.057,-9.790,2.705,-0.251,0.019,-0.005,22
15.450,-35.100,65.850,0.189,-9.876,2.749,-0.217,0.000,-0.004,22
15.450,-35.100,65.850,0.385,-10.003,2.658,-0.146,0.002,-0.003,23
15.150,-36.750,65.550,0.402,-10.036,2.593,-0.094,0.013,-0.003,22
15.150,-36.750,65.550,0.230,-10.233,2.631,-0.037,0.015,-0.006,22
15.150,-36.300,66.600,0.208,-9.979,2.397,0.028,0.015,-0.007,22
15.150,-36.300,66.600,0.165,-9.857,2.679,0.070,0.006,-0.019,22
15.150,-36.300,66.600,0.089,-9.548,2.751,0.078,-0.012,-0.016,22
15.900,-36.300,65.100,0.038,-9.957,2.255,0.095,-0.013,-0.021,23
15.900,-36.300,65.100,0.261,-9.701,2.768,0.119,0.005,-0.006,22
15.900,-36.300,65.100,0.309,-9.840,3.163,0.185,-0.017,-0.007,22
15.900,-36.300,65.100,0.259,-9.850,2.545,0.197,-0.001,-0.005,22
15.300,-34.950,66.450,0.326,-9.857,3.206,0.232,0.002,-0.004,22
15.300,-34.950,66.450,0.065,-9.804,2.856,0.293,-0.010,-0.022,22
15.150,-34.050,67.050,0.326,-9.902,3.053,0.324,-0.002,-0.026,23
15.150,-34.050,67.050,0.268,-9.618,2.868,0.356,0.001,-0.028,22
15.150,-34.050,67.050,0.323,-9.759,3.247,0.407,-0.004,-0.020,22
13.050,-33.750,68.700,0.256,-9.629,3.100,0.421,0.006,-0.010,22
13.050,-33.750,68.700,0.227,-9.548,3.282,0.443,-0.008,-0.021,22
13.350,-33.750,67.200,0.227,-9.462,3.373,0.470,-0.013,-0.020,22
13.350,-33.750,67.200,0.318,-9.493,3.608,0.499,-0.018,-0.017,23
13.350,-33.750,67.200,0.266,-9.445,3.572,0.511,-0.017,-0.024,22
13.350,-33.750,67.200,0.364,-9.395,3.730,0.529,-0.013,-0.017,22
13.050,-31.500,71.700,0.302,-9.294,3.857,0.555,-0.019,-0.024,22
13.050,-31.500,71.700,0.302,-9.311,3.977,0.567,-0.012,-0.015,22
13.050,-31.500,71.700,0.323,-9.084,3.979,0.579,-0.016,-0.020,22
13.050,-31.500,71.700,0.328,-9.033,4.147,0.582,-0.012,-0.014,23
13.050,-31.500,71.700,0.201,-8.535,4.073,0.534,-0.008,-0.005,22
13.800,-26.400,72.750,0.110,-8.531,4.482,0.513,-0.024,-0.005,22
13.800,-26.400,72.750,0.333,-8.734,4.374,0.494,-0.024,0.001,22
13.800,-27.450,73.200,0.230,-8.720,4.860,0.476,-0.015,-0.008,22
13.800,-27.450,73.200,0.268,-8.617,4.673,0.484,-0.026,-0.004,22
13.650,-25.800,74.400,0.445,-8.756,4.879,0.475,-0.024,-0.002,22
13.650,-25.800,74.400,0.287,-8.550,4.913,0.474,-0.023,0.021,23
14.700,-23.850,75.150,0.232,-8.475,5.191,0.472,-0.038,0.027,22
14.700,-23.850,75.150,0.242,-8.380,5.042,0.464,-0.042,0.025,22
14.700,-23.850,75.150,0.091,-8.442,5.203,0.458,-0.052,0.025,22
14.700,-23.850,75.150,0.218,-8.229,5.286,0.444,-0.065,0.017,22
14.700,-23.850,75.150,0.199,-8.349,5.495,0.452,-0.074,0.010,22
13.800,-22.500,75.750,0.340,-8.394,5.590,0.469,-0.066,0.011,23
13.800,-22.500,75.750,0.342,-8.320,5.612,0.505,-0.068,0.020,22
14.400,-21.450,77.850,0.309,-8.181,5.715,0.522,-0.068,0.030,22
14.400,-21.450,77.850,0.472,-8.021,5.748,0.512,-0.068,0.034,22
12.900,-19.050,78.900,0.304,-7.946,5.921,0.527,-0.075,0.035,22
12.900,-19.050,78.900,0.385,-8.088,6.100,0.566,-0.073,0.048,22
12.900,-19.050,78.900,0.383,-8.133,6.201,0.598,-0.071,0.044,23
13.200,-18.000,78.600,0.448,-7.968,6.251,0.634,-0.064,0.035,22
13.200,-18.000,78.600,0.481,-7.901,6.325,0.674,-0.064,0.025,22
13.200,-18.000,78.600,0.546,-7.714,6.419,0.683,-0.055,0.020,22
13.200,-18.000,78.600,0.560,-7.300,6.395,0.674,-0.041,0.012,22
12.300,-13.800,81.000,0.350,-7.290,6.555,0.693,-0.038,-0.003,22
12.300,-13.800,81.000,0.395,-7.219,6.888,0.683,-0.031,0.015,23
13.350,-14.550,80.250,0.383,-6.864,6.711,0.684,-0.029,0.006,22
13.350,-14.550,80.250,0.345,-7.032,7.015,0.697,-0.024,0.003,22
13.350,-14.550,80.250,0.431,-6.991,7.013,0.710,-0.027,-0.001,22
12.900,-12.000,82.350,0.448,-6.847,7.259,0.725,-0.024,0.001,22
12.900,-12.000,82.350,0.476,-6.780,7.173,0.751,-0.019,-0.002,22
13.350,-8.400,81.300,0.414,-6.627,7.544,0.763,-0.014,-0.011,23
13.350,-8.400,81.300,0.524,-6.464,7.434,0.784,-0.017,-0.023,22
13.650,-7.350,82.350,0.579,-6.352,7.649,0.797,-0.005,-0.034,22
13.650,-7.350,82.350,0.467,-6.024,7.776,0.813,-0.003,-0.043,22
13.050,-6.000,81.300,0.414,-5.945,8.028,0.824,0.004,-0.051,22
13.050,-6.000,81.300,0.412,-5.775,7.956,0.838,-0.001,-0.046,22
13.050,-6.000,81.300,0.397,-5.662,8.171,0.854,-0.003,-0.043,23
13.050,-6.000,81.300,0.419,-5.262,8.224,0.851,-0.000,-0.037,22
13.050,-6.000,81.300,0.532,-5.162,8.255,0.852,-0.005,-0.033,22
13.350,-0.150,82.050,0.488,-4.915,8.322,0.841,-0.003,-0.036,22
13.350,-0.150,82.050,0.484,-4.815,8.475,0.836,-0.002,-0.035,22
12.450,1.950,81.600,0.400,-4.673,8.440,0.832,-0.000,-0.040,22
12.450,1.950,81.600,0.448,-4.295,8.578,0.818,0.001,-0.035,23
12.600,2.850,83.250,0.546,-4.089,8.787,0.811,0.000,-0.034,22
12.600,2.850,83.250,0.579,-3.941,8.787,0.791,-0.004,-0.036,22
12.600,2.850,83.250,0.512,-3.776,8.871,0.744,-0.002,-0.039,22
11.850,5.250,82.800,0.567,-3.555,9.005,0.713,0.005,-0.042,22
11.850,5.250,82.800,0.400,-3.543,9.021,0.694,0.001,-0.042,22
11.850,5.250,82.800,0.402,-3.438,9.153,0.676,0.000,-0.031,23
11.850,5.250,82.800,0.486,-3.270,9.141,0.670,0.001,-0.026,22
12.300,8.400,80.550,0.472,-3.086,9.103,0.661,0.000,-0.029,22
12.300,8.400,80.550,0.424,-3.067,9.222,0.650,0.002,-0.028,22
11.700,10.050,80.850,0.496,-2.789,9.136,0.624,0.003,-0.025,22
11.700,10.050,80.850,0.510,-2.502,9.242,0.593,0.000,-0.022,22
13.200,12.000,80.850,0.500,-2.349,9.371,0.572,0.001,-0.028,23
13.200,12.000,79.650,0.591,-2.155,9.357,0.512,0.005,-0.033,22
13.200,12.000,79.650,0.534,-2.057,9.443,0.479,0.010,-0.025,22
11.850,13.500,79.500,0.450,-2.042,9.522,0.452,0.008,-0.018,22
11.850,13.500,79.500,0.496,-1.858,9.448,0.406,0.002,-0.019,22
11.850,13.500,79.500,0.467,-1.841,9.481,0.357,0.001,-0.017,22
11.850,13.500,79.500,0.529,-1.765,9.505,0.330,0.002,-0.020,23
13.050,15.750,78.300,0.481,-1.702,9.438,0.303,0.006,-0.019,22
13.050,15.750,78.300,0.541,-1.688,9.503,0.261,0.005,-0.024,22
14.700,15.900,77.850,0.524,-1.599,9.625,0.242,0.013,-0.025,22
14.700,15.900,77.850,0.503,-1.530,9.711,0.220,0.007,-0.015,22
14.700,15.900,77.850,0.486,-1.487,9.685,0.214,0.008,-0.016,22
13.350,16.950,78.300,0.486,-1.401,9.735,0.181,0.009,-0.010,22
13.350,16.950,78.300,0.505,-1.295,9.603,0.148,0.007,-0.011,23
13.200,17.100,77.100,0.510,-1.123,9.601,0.112,0.010,-0.004,22
13.200,17.100,77.100,0.539,-1.013,9.512,0.039,0.009,-0.009,22
13.350,18.150,78.000,0.467,-0.852,9.445,-0.022,0.013,-0.018,22
13.350,18.150,78.000,0.488,-0.869,9.471,-0.094,0.012,-0.023,22
13.200,16.800,78.150,0.570,-1.041,9.498,-0.162,0.023,-0.010,22
13.200,16.800,78.150,0.539,-1.183,9.529,-0.200,0.013,-0.018,23
13.200,16.800,78.150,0.453,-1.144,9.692,-0.250,0.015,-0.006,22
13.200,16.800,78.150,0.496,-1.156,9.493,-0.296,0.006,-0.001,22
13.200,16.800,78.150,0.488,-1.290,9.843,-0.351,0.013,-0.003,22
13.050,16.500,78.000,0.496,-1.238,9.538,-0.403,0.014,-0.009,22
13.050,16.500,78.000,0.474,-1.331,9.661,-0.457,0.022,-0.002,22
11.550,15.450,78.750,0.419,-1.508,9.507,-0.532,0.017,0.000,23
11.550,15.450,78.750,0.448,-1.501,9.455,-0.578,0.016,0.002,22
12.450,13.200,78.150,0.472,-1.602,9.270,-0.640,0.014,0.005,22
12.450,13.200,78.150,0.508,-1.791,9.412,-0.688,0.016,0.010,22
12.450,13.200,78.150,0.479,-2.330,9.395,-0.750,0.032,0.014,22
12.450,11.250,79.350,0.532,-2.239,9.280,-0.790,0.027,0.022,22
12.450,11.250,79.350,0.661,-2.629,9.483,-0.809,0.013,0.024,23
12.450,11.250,79.350,0.570,-2.978,9.457,-0.802,0.016,0.027,22
12.450,11.250,79.350,0.553,-2.971,9.210,-0.814,0.023,0.026,22
12.600,9.450,81.300,0.472,-3.407,8.973,-0.797,0.013,0.025,22
12.600,9.450,81.300,0.553,-3.500,9.438,-0.812,0.021,0.024,22
12.900,6.150,82.350,0.417,-3.589,8.734,-0.774,0.013,0.035,22
12.900,6.150,82.350,0.819,-4.089,9.814,-0.690,0.004,0.033,23
12.900,6.150,82.350,0.168,-4.053,8.787,-0.670,0.000,0.025,22
12.450,4.950,80.100,0.584,-4.168,9.153,-0.612,0.022,0.012,22
12.450,4.950,80.100,0.615,-4.262,8.923,-0.549,0.017,0.001,22
12.600,5.250,82.050,0.486,-4.243,9.153,-0.547,0.023,-0.004,22
12.600,5.250,82.050,0.431,-4.135,8.559,-0.528,0.026,0.006,22
12.600,5.250,82.050,0.407,-4.480,9.076,-0.505,0.029,-0.005,23
12.600,5.250,82.050,0.354,-4.568,8.983,-0.504,0.025,-0.004,22
13.950,2.250,83.100,0.591,-4.602,8.760,-0.493,0.012,-0.003,22
13.950,2.250,83.100,0.508,-4.568,8.703,-0.486,0.025,-0.003,22
13.950,2.250,83.100,0.364,-4.571,8.823,-0.479,0.013,0.004,22
12.150,0.750,83.100,0.409,-4.599,8.466,-0.499,0.017,0.018,22
12.150,0.750,83.100,0.467,-4.654,8.485,-0.485,0.007,0.018,23
12.150,0.000,83.100,0.553,-4.915,8.607,-0.504,0.011,0.015,22
12.150,0.000,83.100,0.553,-4.891,8.516,-0.519,0.025,0.011,22
12.450,-1.050,80.850,0.395,-4.872,8.430,-0.523,0.017,0.017,22
12.450,-1.050,80.850,0.347,-5.028,8.440,-0.538,0.014,0.011,22
13.950,-2.250,83.100,0.505,-5.181,8.370,-0.553,0.019,0.011,22
13.950,-2.250,83.100,0.548,-5.183,8.253,-0.568,0.013,-0.002,23
13.950,-2.250,83.100,0.433,-5.320,8.162,-0.577,0.020,-0.008,22
13.050,-5.250,81.750,0.297,-5.337,7.994,-0.609,0.018,0.013,22
13.050,-5.250,81.750,0.249,-5.452,8.016,-0.637,0.013,0.008,22
13.050,-5.250,81.750,0.445,-5.622,7.697,-0.646,0.010,0.006,22
13.050,-5.250,81.750,0.450,-5.830,7.927,-0.673,0.018,0.016,22
11.850,-6.000,81.300,0.393,-5.782,7.762,-0.699,0.023,0.015,23
11.850,-6.000,81.300,0.347,-5.902,7.764,-0.704,0.015,0.015,22
12.450,-9.000,82.650,0.340,-6.098,7.705,-0.723,0.011,0.013,22
12.450,-9.000,82.650,0.445,-6.302,7.566,-0.742,0.017,0.012,22
12.450,-9.000,82.650,0.460,-6.409,7.420,-0.744,0.021,0.015,22
12.450,-10.050,82.350,0.407,-6.517,7.424,-0.751,0.022,0.010,22
12.450,-10.050,82.350,0.321,-6.721,7.226,-0.745,0.013,0.010,22
13.800,-11.400,81.300,0.400,-6.924,7.144,-0.730,0.015,0.016,23
13.800,-11.400,81.300,0.385,-6.922,6.958,-0.712,0.015,0.016,22
13.800,-11.400,81.300,0.350,-7.022,6.986,-0.711,0.020,0.014,22
13.800,-11.400,81.300,0.297,-7.010,6.874,-0.712,0.013,0.017,22
12.900,-14.850,80.400,0.297,-7.101,6.711,-0.714,0.018,0.017,22
12.900,-14.850,80.400,0.359,-7.398,6.687,-0.706,0.014,0.010,22
12.600,-16.500,80.550,0.472,-7.501,6.668,-0.683,0.017,0.007,23
12.600,-16.500,80.550,0.405,-7.558,6.414,-0.673,0.026,0.010,22
12.600,-16.500,80.550,0.192,-7.566,6.342,-0.675,0.027,0.007,22
13.200,-16.800,80.100,0.148,-7.659,6.290,-0.669,0.020,0.009,22
13.200,-16.800,80.100,0.292,-7.733,6.115,-0.665,0.014,-0.001,22
13.350,-20.100,78.750,0.393,-7.817,6.033,-0.669,0.023,-0.002,22
13.350,-20.100,78.750,0.388,-7.958,5.981,-0.670,0.030,0.004,23
13.350,-20.100,78.750,0.230,-8.083,5.827,-0.663,0.025,0.010,22
13.350,-20.100,78.750,0.208,-8.191,5.748,-0.647,0.007,0.009,22
11.850,-21.600,76.950,0.419,-8.210,5.622,-0.637,0.019,0.004,22
11.850,-21.600,76.950,0.405,-8.246,5.624,-0.632,0.014,0.005,22
11.850,-21.600,76.950,0.369,-8.262,5.406,-0.636,0.024,0.006,22
11.850,-21.600,76.950,0.170,-8.305,5.303,-0.648,0.017,-0.001,23
11.850,-21.600,76.950,0.206,-8.475,5.152,-0.640,0.008,0.009,22
13.650,-25.800,75.900,0.302,-8.622,5.169,-0.637,0.006,0.016,22
13.650,-25.800,75.900,0.362,-8.499,5.100,-0.634,0.019,0.018,22
14.700,-23.850,75.600,0.297,-8.796,4.829,-0.617,0.017,0.012,22
14.700,-23.850,75.600,0.184,-8.720,4.812,-0.597,0.017,0.017,22
12.900,-25.800,74.100,0.251,-8.794,4.618,-0.590,0.016,0.009,23
12.900,-25.800,74.100,0.328,-8.914,4.638,-0.584,0.023,0.005,22
12.900,-25.800,74.100,0.244,-8.935,4.506,-0.578,0.019,0.007,22
12.150,-28.950,72.900,0.266,-8.945,4.298,-0.570,0.013,0.007,22
12.150,-28.950,72.900,0.314,-9.098,4.233,-0.565,0.018,0.004,22
12.150,-28.950,72.900,0.175,-8.926,4.108,-0.570,0.021,0.007,22
12.150,-28.950,72.900,0.254,-9.024,4.070,-0.568,0.009,0.013,23
12.900,-30.900,72.150,0.283,-9.112,3.828,-0.572,0.012,0.011,22
12.900,-30.900,72.150,0.278,-9.120,3.785,-0.576,0.012,0.011,22
13.350,-31.800,72.450,0.268,-9.187,3.618,-0.579,0.014,0.010,22
13.350,-31.800,72.450,0.256,-9.210,3.598,-0.580,0.012,0.011,22
13.350,-31.800,72.450,0.275,-9.232,3.656,-0.582,0.018,0.009,22
13.800,-33.000,70.950,0.278,-9.337,3.508,-0.573,0.012,0.012,22
13.800,-33.000,70.950,0.199,-9.498,3.218,-0.551,0.010,0.009,23
14.100,-34.200,69.450,0.266,-9.426,3.247,-0.544,0.015,0.005,22
14.100,-34.200,69.450,0.251,-9.570,3.146,-0.524,0.017,0.005,22
14.100,-34.200,69.450,0.244,-9.562,2.940,-0.521,0.019,0.005,22
14.100,-34.200,69.450,0.105,-9.716,2.950,-0.493,0.012,-0.000,22
13.800,-34.200,66.750,0.294,-9.756,2.959,-0.465,0.015,-0.006,22
13.800,-34.200,66.750,0.287,-9.742,2.725,-0.446,0.020,-0.008,22
13.800,-34.200,66.750,0.247,-9.864,2.684,-0.401,0.014,-0.005,23
15.150,-35.550,65.850,0.201,-9.821,2.674,-0.382,0.017,-0.003,22
15.150,-35.550,65.850,0.187,-9.855,2.641,-0.356,0.016,0.001,22
13.800,-35.700,65.700,0.247,-10.001,2.504,-0.313,0.016,-0.001,22
13.800,-35.700,65.700,0.249,-10.142,2.552,-0.251,0.015,-0.009,22
14.100,-36.900,64.650,0.275,-10.175,2.480,-0.197,0.013,-0.001,23
14.100,-36.900,64.650,0.249,-10.262,2.636,-0.130,0.010,-0.000,22
14.100,-36.900,64.650,0.225,-10.218,2.485,-0.026,0.013,-0.007,22
14.100,-36.900,64.650,0.237,-10.051,2.253,0.031,0.026,-0.008,22
14.100,-36.900,64.650,0.156,-9.969,2.521,0.061,0.013,-0.018,22
13.050,-35.400,66.000,0.043,-9.799,2.777,0.074,-0.005,-0.006,22
13.050,-35.400,66.000,0.227,-10.180,2.435,0.151,-0.003,-0.017,23
13.050,-35.400,66.000,0.735,-9.649,2.253,0.139,0.031,-0.015,22
13.050,-35.400,66.000,0.077,-10.001,2.370,0.197,0.005,-0.028,22
13.950,-34.800,65.100,0.350,-9.957,2.413,0.241,0.027,-0.011,22
13.950,-34.800,65.100,0.268,-10.068,2.947,0.293,0.011,-0.021,22
13.800,-36.450,65.700,0.115,-9.610,2.579,0.322,0.002,-0.029,22
13.800,-36.450,65.700,0.227,-10.025,2.998,0.362,0.009,-0.025,23
13.800,-36.450,65.700,0.182,-9.742,2.957,0.392,0.004,-0.015,22
13.800,-34.500,66.450,0.175,-9.895,3.014,0.450,0.006,-0.024,22
13.800,-34.500,66.450,0.225,-9.804,3.196,0.464,0.010,-0.016,22
13.050,-32.550,69.450,0.211,-9.754,3.328,0.534,0.000,-0.023,22
13.050,-32.550,69.450,0.232,-9.594,3.170,0.561,0.009,-0.028,22
13.050,-32.550,69.450,0.201,-9.577,3.565,0.610,0.001,-0.033,22
13.050,-32.550,69.450,0.230,-9.625,3.692,0.634,0.008,-0.037,23
13.350,-31.500,72.000,0.381,-9.330,3.651,0.679,0.015,-0.031,22
13.350,-31.500,72.000,0.316,-9.158,3.838,0.686,0.013,-0.027,22
13.350,-31.500,72.000,0.148,-9.048,3.833,0.676,0.008,-0.025,22
13.800,-29.550,72.000,0.019,-8.396,4.041,0.619,-0.008,-0.025,22
13.800,-29.550,72.000,0.208,-8.741,4.396,0.590,-0.013,-0.028,23
11.550,-29.100,72.750,0.493,-8.926,4.161,0.585,-0.010,-0.026,22
11.550,-29.100,72.750,0.443,-8.763,4.391,0.551,0.012,-0.028,22
12.900,-27.000,72.900,0.333,-8.624,4.690,0.543,0.011,-0.023,22
12.900,-27.000,72.900,0.225,-8.780,4.745,0.545,-0.002,-0.018,22
12.900,-27.000,72.900,0.208,-8.531,4.930,0.535,-0.006,-0.019,22
12.900,-27.000,72.900,0.321,-8.624,4.982,0.543,-0.010,-0.016,23
12.900,-23.850,77.400,0.333,-8.598,5.088,0.553,-0.007,-0.016,22
12.900,-23.850,77.400,0.285,-8.516,5.148,0.553,-0.007,-0.018,22
12.900,-23.850,77.400,0.268,-8.329,5.313,0.556,-0.004,-0.017,22
12.600,-22.500,76.950,0.266,-8.277,5.399,0.549,-0.011,-0.013,22
12.600,-22.500,76.950,0.314,-8.282,5.555,0.550,-0.016,-0.020,22
12.450,-21.000,76.650,0.328,-8.126,5.535,0.546,-0.014,-0.015,23
12.450,-21.000,76.650,0.323,-8.188,5.768,0.561,-0.015,-0.016,22
12.150,-20.700,79.650,0.148,-8.107,6.026,0.576,-0.017,-0.014,22
12.150,-20.700,79.650,0.263,-8.033,5.988,0.591,-0.023,-0.014,22
12.150,-20.700,79.650,0.326,-7.961,5.990,0.610,-0.023,-0.012,22
12.150,-20.700,79.650,0.321,-7.863,6.208,0.645,-0.027,-0.003,22
12.150,-20.700,79.650,0.376,-7.702,6.261,0.637,-0.018,-0.008,22
12.900,-17.100,79.350,0.381,-7.252,6.306,0.633,-0.029,-0.010,23
12.900,-17.100,79.350,0.342,-7.468,6.548,0.618,-0.021,-0.001,22
12.900,-17.100,79.350,0.335,-7.245,6.565,0.605,-0.023,-0.003,22
12.900,-17.100,79.350,0.268,-7.276,6.776,0.615,-0.026,0.003,22
12.600,-14.550,80.250,0.299,-7.080,6.764,0.609,-0.023,0.003,22
12.600,-14.550,80.250,0.244,-7.039,7.013,0.619,-0.021,0.005,22
11.100,-12.300,81.000,0.369,-6.883,6.993,0.634,-0.025,0.005,23
11.100,-12.300,81.000,0.443,-6.855,7.223,0.634,-0.030,0.002,22
11.100,-12.300,81.000,0.481,-6.685,7.137,0.629,-0.024,-0.003,22
11.100,-10.650,81.750,0.445,-6.596,7.360,0.642,-0.021,0.000,22
11.100,-10.650,81.750,0.484,-6.469,7.470,0.640,-0.019,0.006,22
11.850,-8.700,82.050,0.412,-6.457,7.566,0.659,-0.014,-0.000,22
11.850,-8.700,82.050,0.462,-6.316,7.580,0.663,-0.013,0.001,23
11.850,-8.700,82.050,0.371,-6.208,7.760,0.670,-0.015,-0.003,22
11.850,-8.700,82.050,0.388,-6.167,7.877,0.686,-0.013,-0.001,22
11.550,-4.500,82.050,0.390,-5.974,8.047,0.721,-0.009,-0.005,22
11.550,-4.500,82.050,0.364,-5.851,8.030,0.751,-0.011,-0.008,22
11.550,-4.500,82.050,0.409,-5.844,8.109,0.774,-0.007,-0.018,22
11.700,-3.900,81.900,0.412,-5.710,8.222,0.809,-0.001,-0.029,23
11.700,-3.900,81.900,0.510,-5.504,8.248,0.833,-0.011,-0.036,22
11.700,-0.750,82.350,0.512,-5.222,8.401,0.853,-0.001,-0.040,22
11.700,-0.750,82.350,0.496,-4.968,8.411,0.879,-0.003,-0.038,22
12.600,2.850,81.750,0.414,-4.870,8.602,0.906,-0.005,-0.040,22
12.600,2.850,81.750,0.421,-4.685,8.629,0.922,-0.004,-0.042,22
12.600,2.850,81.750,0.383,-4.463,8.691,0.938,-0.009,-0.046,23
12.600,2.850,81.750,0.505,-4.190,9.005,0.953,0.005,-0.054,22
12.600,2.850,81.750,0.510,-3.934,8.957,0.957,-0.002,-0.054,22
12.300,7.200,81.750,0.417,-3.740,8.887,0.965,-0.003,-0.057,22
12.300,7.200,81.750,0.385,-3.560,9.045,0.973,-0.004,-0.060,22
12.300,7.200,81.750,0.534,-3.385,9.129,0.971,-0.003,-0.052,22
12.300,7.200,81.750,0.421,-3.026,9.105,0.967,0.001,-0.045,23
11.850,12.300,80.250,0.419,-2.758,9.213,0.970,0.005,-0.036,22
11.850,12.300,80.250,0.395,-2.562,9.246,0.951,-0.004,-0.031,22
11.100,13.050,79.500,0.639,-2.198,9.227,0.923,0.000,-0.035,22
11.100,13.050,79.500,0.603,-1.958,9.471,0.889,0.004,-0.031,22
11.100,13.050,79.500,0.373,-1.683,9.531,0.846,0.007,-0.035,22
13.050,14.250,77.550,0.453,-1.312,9.488,0.771,0.001,-0.044,23
13.050,14.250,77.550,0.464,-1.097,9.345,0.713,-0.003,-0.042,22
12.150,17.550,77.400,0.395,-0.905,9.524,0.639,-0.001,-0.049,22
12.150,17.550,77.400,0.534,-0.764,9.373,0.515,0.015,-0.029,22
12.150,17.550,77.400,0.397,-0.658,9.476,0.435,-0.002,-0.016,22
12.150,17.550,77.400,0.539,-0.453,9.452,0.340,0.007,-0.013,22
13.050,20.400,77.550,0.567,-0.199,9.500,0.245,0.003,-0.013,23
13.050,20.400,77.550,0.558,-0.105,9.469,0.091,0.015,-0.009,22
13.050,20.400,77.550,0.606,-0.081,9.531,-0.015,0.016,-0.002,22
12.300,20.100,76.500,0.503,-0.074,9.603,-0.119,0.019,-0.001,22
12.300,20.100,76.500,0.649,-0.371,9.668,-0.237,0.025,0.001,22
10.950,18.750,77.850,0.520,-0.338,9.474,-0.329,0.021,-0.007,22
10.950,18.750,77.850,0.407,-0.294,9.457,-0.420,0.016,-0.013,22
13.050,19.650,77.250,0.524,-0.543,9.517,-0.504,0.017,-0.013,23
13.050,19.650,77.250,0.364,-0.725,9.512,-0.615,0.012,0.004,22
13.050,19.650,77.250,0.448,-0.984,9.388,-0.687,0.020,0.021,22
13.050,19.650,77.250,0.496,-1.176,9.395,-0.754,0.022,0.016,22
11.550,15.450,76.950,0.450,-1.446,9.421,-0.820,0.020,0.017,22
11.550,15.450,76.950,0.426,-1.535,9.208,-0.860,0.019,0.025,23
11.550,15.450,76.950,0.136,-1.705,9.419,-0.898,0.025,0.026,22
13.350,13.500,79.800,0.498,-1.954,9.313,-0.952,0.017,0.026,22
13.350,13.500,79.800,0.505,-2.392,9.426,-1.001,0.020,0.027,22
12.600,12.300,79.800,0.548,-2.430,9.148,-1.034,0.023,0.031,22
12.600,12.300,79.800,0.539,-2.907,9.244,-1.032,0.003,0.025,22
13.350,8.400,82.050,0.251,-3.745,9.278,-1.034,0.051,0.031,23
13.350,8.400,82.050,0.034,-3.620,8.971,-0.964,0.032,0.025,22
13.350,8.400,82.050,0.338,-3.828,9.199,-0.945,0.033,0.025,22
13.350,8.400,82.050,0.436,-3.881,8.918,-0.918,0.013,0.024,22
13.350,8.400,82.050,0.524,-4.190,9.213,-0.869,0.011,0.032,22
12.900,5.400,82.350,0.658,-4.154,8.722,-0.847,0.034,0.027,22
12.900,5.400,82.350,0.476,-4.413,8.904,-0.823,0.026,0.014,22
12.900,5.400,82.350,0.393,-4.408,8.701,-0.810,0.017,0.014,23
12.900,5.400,82.350,0.383,-4.662,8.906,-0.784,0.013,0.010,22
10.950,1.950,81.600,0.378,-4.731,8.612,-0.768,0.016,0.014,22
10.950,1.950,81.600,0.409,-4.887,8.653,-0.737,0.013,0.011,22
12.600,0.150,81.300,0.594,-5.102,8.540,-0.707,0.029,0.010,22
12.600,0.150,81.300,0.481,-5.188,8.420,-0.690,0.024,0.016,22
12.600,0.150,81.300,0.402,-5.217,8.380,-0.671,0.015,0.012,23
11.700,-2.250,81.150,0.438,-5.468,8.430,-0.637,0.019,0.010,22
11.700,-2.250,81.150,0.378,-5.394,8.317,-0.624,0.020,0.010,22
10.500,-3.000,84.450,0.335,-5.550,8.195,-0.613,0.017,0.011,22
10.500,-3.000,84.450,0.476,-5.571,8.193,-0.604,0.020,0.005,22
10.500,-3.000,84.450,0.354,-5.559,8.131,-0.613,0.015,0.009,22
10.500,-3.000,84.450,0.493,-5.698,7.970,-0.613,0.015,0.005,23
12.600,-5.550,82.500,0.376,-5.739,7.908,-0.622,0.014,0.013,22
12.600,-5.550,82.500,0.570,-5.887,7.803,-0.640,0.023,0.009,22
12.600,-5.550,82.500,0.467,-5.909,7.570,-0.653,0.020,0.016,22
12.600,-6.450,81.300,0.323,-6.067,7.748,-0.669,0.016,0.017,22
12.600,-6.450,81.300,0.318,-6.098,7.458,-0.686,0.017,0.017,22
12.150,-8.100,81.900,0.345,-6.299,7.501,-0.697,0.019,0.015,23
12.150,-8.100,81.900,0.462,-6.582,7.477,-0.699,0.011,0.018,22
11.850,-8.700,81.750,0.328,-6.677,7.369,-0.685,0.013,0.024,22
11.850,-8.700,81.750,0.352,-6.677,7.214,-0.688,0.017,0.023,22
11.850,-8.700,81.750,0.354,-6.692,7.209,-0.688,0.015,0.027,22
11.850,-8.700,81.750,0.328,-6.689,6.984,-0.710,0.019,0.021,22
11.850,-8.700,81.750,0.323,-6.989,6.826,-0.719,0.022,0.020,23
12.300,-14.550,81.300,0.371,-7.128,6.859,-0.711,0.007,0.008,22
12.300,-14.550,81.300,0.330,-7.202,6.615,-0.733,0.012,0.013,22
12.300,-14.550,81.300,0.333,-7.278,6.493,-0.729,0.017,0.012,22
12.300,-14.550,81.300,0.378,-7.336,6.565,-0.735,0.020,0.010,22
13.050,-17.400,79.800,0.330,-7.609,6.402,-0.745,0.017,0.012,22
13.050,-17.400,79.800,0.311,-7.623,6.263,-0.739,0.015,0.009,23
13.800,-17.700,79.800,0.273,-7.755,6.244,-0.733,0.016,0.014,22
13.800,-17.700,79.800,0.390,-7.870,6.076,-0.729,0.021,0.014,22
13.800,-17.700,79.800,0.395,-7.937,5.945,-0.727,0.024,0.010,22
11.850,-19.350,76.950,0.314,-8.049,5.734,-0.723,0.019,0.011,22
11.850,-19.350,76.950,0.271,-8.121,5.648,-0.721,0.013,0.017,22
12.150,-21.450,77.400,0.362,-8.164,5.507,-0.714,0.016,0.015,23
12.150,-21.450,77.400,0.342,-8.286,5.459,-0.714,0.019,0.010,22
12.150,-21.450,77.400,0.227,-8.327,5.353,-0.717,0.019,0.016,22
12.150,-21.450,77.400,0.235,-8.509,5.167,-0.709,0.015,0.015,22
12.450,-23.850,75.900,0.268,-8.578,5.030,-0.707,0.006,0.017,22
12.450,-23.850,75.900,0.242,-8.643,4.906,-0.689,0.014,0.012,22
13.050,-23.850,75.900,0.381,-8.712,4.839,-0.686,0.016,0.013,23
13.050,-25.200,75.450,0.409,-8.787,4.860,-0.676,0.026,0.011,22
13.050,-25.200,75.450,0.194,-8.976,4.606,-0.655,0.026,0.014,22
12.300,-25.950,74.250,0.299,-9.002,4.503,-0.628,0.016,0.011,22
12.300,-25.950,74.250,0.254,-8.993,4.369,-0.622,0.014,0.011,22
13.950,-29.250,74.100,0.273,-8.969,4.326,-0.612,0.012,0.014,22
13.950,-29.250,74.100,0.283,-9.086,4.271,-0.604,0.023,0.013,22
13.950,-29.250,74.100,0.160,-9.151,4.135,-0.586,0.013,0.009,23
13.950,-29.250,74.100,0.311,-9.208,3.859,-0.587,0.013,0.017,22
13.950,-29.250,74.100,0.251,-9.191,3.824,-0.572,0.011,0.007,22
13.200,-31.650,71.850,0.280,-9.237,3.697,-0.562,0.013,0.013,22
13.200,-31.650,71.850,0.230,-9.172,3.709,-0.573,0.018,0.011,22
11.850,-30.300,71.250,0.204,-9.321,3.469,-0.565,0.008,0.009,22
11.850,-30.300,71.250,0.242,-9.359,3.488,-0.565,0.009,0.009,23
12.900,-31.950,69.300,0.220,-9.570,3.361,-0.539,0.010,0.009,22
12.900,-31.950,69.300,0.215,-9.507,3.256,-0.529,0.008,0.000,22
13.200,-34.050,70.050,0.290,-9.548,3.230,-0.511,0.016,0.008,22
13.200,-34.050,70.050,0.134,-9.622,3.129,-0.485,0.007,0.011,22
13.650,-34.800,67.350,0.172,-9.615,2.904,-0.467,0.006,0.006,22
13.650,-34.800,67.350,0.220,-9.646,2.952,-0.456,0.012,-0.006,23
13.650,-34.800,67.350,0.283,-9.663,2.830,-0.446,0.017,-0.000,22
14.100,-33.450,66.750,0.189,-9.644,2.799,-0.417,0.018,0.010,22
14.100,-33.450,66.750,0.199,-9.752,2.741,-0.397,0.009,0.001,22
14.100,-33.450,66.750,0.259,-9.737,2.619,-0.387,0.014,0.003,22
14.100,-33.450,66.750,0.165,-9.799,2.523,-0.357,0.015,-0.003,22
13.200,-36.300,64.800,0.156,-9.869,2.444,-0.333,0.010,0.004,23
13.200,-36.300,64.800,0.144,-9.852,2.435,-0.316,0.014,0.006,22
13.800,-36.900,64.950,0.204,-9.888,2.258,-0.290,0.008,-0.003,22
13.800,-36.900,64.950,0.232,-9.771,2.387,-0.261,0.017,-0.005,22
13.800,-36.900,64.950,0.208,-9.761,2.241,-0.269,0.027,-0.007,22
13.350,-36.900,64.950,0.132,-9.816,2.251,-0.249,0.008,-0.005,22
13.350,-36.900,64.950,0.215,-9.708,2.160,-0.244,0.008,-0.008,23
13.950,-37.950,64.350,0.170,-9.771,2.100,-0.245,0.015,-0.010,22
13.950,-37.950,64.350,0.170,-9.888,2.016,-0.237,0.019,-0.004,22
13.950,-37.950,64.350,0.187,-9.864,2.057,-0.222,0.008,0.005,22
13.950,-37.950,64.350,0.259,-9.785,1.999,-0.214,0.015,-0.011,22
15.150,-37.050,62.850,0.175,-9.740,1.987,-0.215,0.020,-0.006,22
15.150,-37.050,62.850,0.132,-9.706,1.839,-0.216,0.014,-0.000,23
15.150,-37.050,62.850,0.055,-9.819,1.973,-0.219,0.008,-0.006,22
12.900,-38.250,63.300,0.117,-9.713,1.899,-0.224,0.009,-0.002,22
12.900,-38.250,63.300,0.213,-9.859,1.844,-0.223,0.006,-0.001,22
12.600,-37.650,62.700,0.201,-9.857,1.755,-0.223,0.016,-0.003,22
12.600,-37.650,62.700,0.124,-9.924,1.829,-0.208,0.009,0.004,22
12.900,-38.700,62.850,0.230,-9.972,1.702,-0.183,0.014,-0.002,23
12.900,-38.700,62.850,0.108,-10.013,1.702,-0.169,0.011,-0.003,22
12.900,-38.700,62.850,0.096,-10.015,1.650,-0.137,0.009,-0.003,22
12.900,-38.700,62.850,0.172,-10.125,1.822,-0.090,-0.002,0.000,22
12.900,-38.700,62.850,0.211,-10.185,1.731,-0.053,0.013,-0.010,22
13.200,-37.950,61.350,0.175,-10.036,1.736,-0.014,0.017,-0.005,22
13.200,-37.950,61.350,0.096,-9.946,1.559,0.007,0.022,0.001,23
13.350,-38.850,60.450,0.057,-10.178,1.913,0.039,-0.004,-0.014,22
13.350,-38.850,60.450,0.036,-9.409,1.504,0.023,-0.002,-0.005,22
12.300,-37.350,62.400,0.342,-10.338,1.963,0.088,-0.002,-0.009,22
12.300,-37.350,62.400,-0.065,-9.888,1.614,0.092,-0.009,-0.007,22
13.050,-36.450,61.650,0.010,-10.101,1.939,0.121,-0.025,-0.015,22
13.050,-36.450,61.650,0.180,-10.048,1.281,0.146,-0.016,-0.001,23
13.050,-36.450,61.650,0.189,-10.101,1.944,0.183,-0.015,-0.007,22
12.150,-38.700,64.050,0.194,-9.912,2.128,0.205,-0.027,-0.004,22
12.150,-38.700,64.050,0.275,-9.910,2.176,0.229,-0.017,-0.006,22
13.050,-39.300,62.400,0.117,-9.893,2.030,0.265,-0.025,-0.011,22
13.050,-39.300,62.400,0.084,-9.993,2.136,0.297,-0.027,-0.016,22
13.050,-39.300,62.400,0.148,-9.936,2.162,0.317,-0.022,-0.019,23
13.050,-39.300,62.400,0.251,-9.943,2.289,0.366,-0.024,-0.010,22
13.650,-36.750,65.550,0.165,-10.017,2.442,0.403,-0.024,-0.011,22
13.650,-36.750,65.550,0.038,-10.001,2.622,0.442,-0.024,-0.013,22
13.650,-36.750,65.550,0.244,-9.886,2.562,0.481,-0.032,-0.016,22
12.900,-36.000,67.350,0.285,-9.869,2.727,0.523,-0.019,-0.022,22
12.900,-36.000,67.350,0.244,-9.737,2.904,0.542,-0.012,-0.023,23
12.450,-34.800,65.850,0.208,-9.675,2.921,0.572,-0.014,-0.027,22
12.450,-34.800,65.850,0.170,-9.620,3.127,0.589,-0.008,-0.024,22
12.450,-33.600,69.300,0.285,-9.503,3.096,0.598,-0.011,-0.024,22
12.450,-33.600,69.300,0.251,-9.495,3.280,0.621,-0.011,-0.028,22
12.450,-33.600,69.300,0.194,-9.342,3.237,0.589,0.007,-0.026,22
12.450,-33.600,69.300,0.211,-9.160,3.812,0.543,-0.022,-0.026,22
13.350,-33.600,69.300,0.175,-9.220,3.390,0.544,-0.032,-0.016,23
13.350,-30.600,71.250,0.103,-9.141,3.701,0.515,-0.024,-0.006,22
13.350,-30.600,71.250,0.148,-9.084,3.881,0.523,-0.031,0.002,22
12.150,-30.000,72.150,0.122,-9.062,4.053,0.526,-0.030,-0.000,22
12.150,-30.000,72.150,0.182,-9.088,4.065,0.554,-0.026,-0.011,22
12.150,-28.950,73.350,0.283,-8.981,4.429,0.548,-0.041,-0.014,22
12.150,-28.950,73.350,0.278,-8.815,4.329,0.557,-0.031,-0.013,23
13.050,-27.150,73.500,0.311,-8.835,4.410,0.550,-0.021,-0.002,22
13.050,-27.150,73.500,0.184,-8.906,4.599,0.557,-0.031,-0.013,22
13.050,-27.150,73.500,0.263,-8.662,4.757,0.559,-0.026,-0.004,22
13.050,-27.150,73.500,0.283,-8.607,4.858,0.561,-0.021,-0.012,22
13.050,-27.150,73.500,0.385,-8.622,5.018,0.555,-0.022,-0.012,22
12.300,-24.000,76.200,0.218,-8.554,5.057,0.562,-0.025,-0.012,23
12.300,-24.000,76.200,0.223,-8.617,5.140,0.571,-0.022,-0.012,22
12.300,-24.000,76.200,0.256,-8.483,5.420,0.589,-0.023,-0.015,22
12.300,-24.000,76.200,0.259,-8.404,5.413,0.604,-0.029,-0.010,22
10.950,-22.650,76.350,0.247,-8.341,5.519,0.629,-0.023,-0.009,22
10.950,-22.650,76.350,0.318,-8.205,5.667,0.641,-0.022,-0.015,22
11.700,-20.250,78.600,0.421,-8.080,5.760,0.639,-0.017,-0.017,23
11.700,-20.250,78.600,0.342,-7.918,5.966,0.635,-0.015,-0.019,22
11.700,-20.250,78.600,0.273,-7.898,5.873,0.647,-0.016,-0.018,22
10.800,-18.900,78.750,0.297,-7.889,6.256,0.659,-0.009,-0.024,22
10.800,-18.900,78.750,0.268,-7.671,6.136,0.661,-0.010,-0.027,22
11.700,-16.800,78.600,0.335,-7.645,6.328,0.663,-0.008,-0.023,22
11.700,-16.800,78.600,0.292,-7.460,6.531,0.655,-0.003,-0.030,23
11.700,-16.800,78.600,0.304,-7.391,6.685,0.666,-0.004,-0.030,22
11.700,-16.800,78.600,0.326,-7.266,6.673,0.673,-0.005,-0.025,22
11.850,-12.600,80.550,0.371,-7.168,6.843,0.681,-0.003,-0.037,22
11.850,-12.600,80.550,0.397,-7.041,6.814,0.684,0.007,-0.031,22
11.850,-12.600,80.550,0.283,-6.929,7.116,0.693,-0.001,-0.032,22
11.850,-11.400,82.050,0.345,-6.771,7.140,0.699,0.007,-0.040,23
11.850,-11.400,82.050,0.280,-6.677,7.281,0.699,0.000,-0.042,22
12.600,-9.900,81.750,0.311,-6.565,7.362,0.701,0.002,-0.038,22
12.600,-9.900,81.750,0.335,-6.519,7.479,0.702,0.001,-0.042,22
10.950,-7.800,82.650,0.373,-6.196,7.606,0.694,0.008,-0.039,22
10.950,-7.800,82.650,0.376,-6.060,7.738,0.685,0.005,-0.033,22
10.950,-7.800,82.650,0.285,-5.983,7.762,0.685,0.004,-0.032,23
10.950,-7.800,82.650,0.383,-5.880,7.843,0.681,-0.007,-0.024,22
10.950,-7.800,82.650,0.426,-5.693,7.889,0.668,-0.003,-0.020,22
10.950,-3.900,83.100,0.419,-5.543,8.013,0.669,-0.002,-0.026,22
10.950,-3.900,83.100,0.395,-5.435,8.212,0.662,0.005,-0.027,22
12.600,-1.650,81.750,0.381,-5.291,8.176,0.653,0.005,-0.027,22
12.600,-1.650,81.750,0.316,-5.289,8.229,0.659,0.003,-0.032,23
10.350,-1.650,82.500,0.426,-5.095,8.289,0.643,0.003,-0.039,22
10.350,-1.650,82.500,0.369,-4.903,8.516,0.639,0.003,-0.038,22
11.100,0.150,82.050,0.445,-4.702,8.588,0.636,0.004,-0.040,22
11.100,0.150,82.050,0.436,-4.736,8.588,0.633,0.002,-0.038,22
11.100,0.150,82.050,0.345,-4.544,8.689,0.637,0.004,-0.033,22
11.700,1.950,81.900,0.433,-4.446,8.851,0.643,0.002,-0.032,23
11.700,1.950,81.900,0.390,-4.288,8.897,0.636,0.005,-0.036,22
11.250,3.450,82.650,0.579,-4.116,8.835,0.646,0.000,-0.039,22
11.250,3.450,82.650,0.426,-3.996,8.997,0.640,-0.002,-0.035,22
11.250,3.450,82.650,0.479,-3.845,8.952,0.629,0.006,-0.035,22
11.250,3.450,82.650,0.448,-3.575,8.940,0.614,0.007,-0.029,22
10.950,8.100,80.850,0.412,-3.299,9.081,0.586,0.004,-0.037,22
10.950,8.100,80.850,0.496,-3.175,9.172,0.564,-0.006,-0.028,23
10.950,8.100,80.850,0.484,-2.988,9.069,0.516,0.007,-0.033,22
10.800,9.450,79.800,0.409,-2.856,9.151,0.485,0.007,-0.029,22
10.800,9.450,79.800,0.464,-2.856,9.306,0.438,-0.005,-0.020,22
11.700,10.050,81.600,0.563,-2.696,9.397,0.398,-0.003,-0.013,22
11.700,10.050,81.600,0.553,-2.622,9.208,0.368,0.009,-0.017,22
11.700,10.050,80.850,0.455,-2.622,9.275,0.328,0.012,-0.025,23
11.700,10.050,80.850,0.402,-2.485,9.328,0.291,0.009,-0.023,22
11.700,10.050,80.850,0.373,-2.576,9.373,0.280,0.005,-0.028,22
11.700,10.050,80.850,0.510,-2.454,9.290,0.274,0.003,-0.025,22
11.700,10.050,80.850,0.476,-2.552,9.582,0.261,0.011,-0.023,22
10.800,11.850,79.050,0.481,-2.473,9.505,0.251,0.012,-0.029,22
10.800,11.850,79.050,0.448,-2.607,9.661,0.269,0.006,-0.030,23
10.800,12.600,79.800,0.510,-2.480,9.579,0.297,0.005,-0.028,22
10.800,12.600,79.800,0.520,-2.253,9.550,0.307,0.012,-0.026,22
10.200,12.900,78.600,0.390,-2.138,9.529,0.308,0.013,-0.024,22
10.200,12.900,78.600,0.402,-2.083,9.498,0.290,0.013,-0.028,22
10.950,15.900,78.600,0.371,-1.896,9.481,0.280,0.004,-0.032,22
10.950,15.900,78.600,0.496,-1.817,9.426,0.262,0.006,-0.023,23
10.950,15.900,78.600,0.438,-1.882,9.720,0.249,0.007,-0.022,22
11.100,15.750,79.800,0.481,-1.779,9.522,0.242,0.011,-0.021,22
11.100,15.750,79.800,0.453,-1.822,9.725,0.243,0.008,-0.019,22
11.250,15.600,78.600,0.524,-1.717,9.730,0.239,0.007,-0.019,22
11.250,15.600,78.600,0.512,-1.700,9.790,0.252,0.007,-0.020,22
11.250,15.600,78.600,0.445,-1.496,9.716,0.241,0.010,-0.014,23
11.250,15.600,78.600,0.532,-1.453,9.594,0.233,0.013,-0.024,22
11.100,17.700,77.250,0.457,-1.437,9.637,0.233,0.010,-0.014,22
11.100,17.700,77.250,0.510,-1.511,9.756,0.237,0.006,-0.015,22
11.700,18.000,77.850,0.488,-1.329,9.558,0.233,0.010,-0.016,22
11.700,18.000,77.850,0.484,-1.207,9.706,0.229,0.010,-0.008,22
11.700,18.000,77.850,0.472,-1.097,9.682,0.231,0.009,-0.018,23
11.250,19.500,77.400,0.565,-1.116,9.867,0.227,0.010,-0.021,22
11.250,19.500,77.400,0.565,-1.008,9.737,0.211,0.013,-0.019,22
13.050,18.900,77.250,0.553,-0.982,9.752,0.205,0.010,-0.020,22
13.050,18.900,77.250,0.654,-0.915,9.790,0.198,0.011,-0.023,22
13.050,18.900,77.250,0.421,-0.910,9.766,0.174,0.009,-0.014,22
13.050,18.900,77.250,0.464,-0.706,9.553,0.171,0.003,-0.017,23
10.950,20.700,75.900,0.469,-0.773,9.728,0.155,0.001,-0.016,22
10.950,20.700,75.900,0.474,-0.572,9.558,0.136,0.016,-0.016,22
10.950,20.700,75.900,0.438,-0.749,9.759,0.130,0.013,-0.019,22
NEW_MEASUREMENTS
21.450,22.050,75.450,0.462,0.151,8.638,-0.100,0.019,-0.001,38
21.450,20.100,73.200,0.860,-0.515,8.679,-0.084,0.014,-0.013,23
21.450,20.100,73.200,0.256,0.242,10.250,-0.001,-0.020,-0.024,23
21.450,20.100,73.200,0.584,0.007,9.538,-0.093,0.056,0.008,22
21.450,20.100,73.200,0.393,0.393,9.328,-0.087,0.007,0.004,22
21.450,20.100,73.200,0.797,-0.469,10.676,-0.033,-0.012,-0.021,22
21.000,19.350,75.450,1.633,0.081,9.333,-0.079,0.028,0.006,22
21.000,19.350,75.450,0.603,0.031,9.304,-0.036,0.017,-0.014,22
21.750,21.600,74.700,0.579,-0.050,9.644,-0.041,-0.012,-0.027,22
21.750,21.600,74.700,0.785,0.077,9.632,-0.063,0.008,-0.014,22
21.750,20.100,75.000,0.620,0.017,9.783,-0.046,0.007,-0.010,23
21.750,20.100,75.000,0.876,0.065,9.744,-0.054,0.004,-0.005,22
20.400,19.950,75.600,0.606,-0.062,9.888,-0.058,0.006,-0.004,22
20.400,19.950,75.600,0.721,0.031,9.596,-0.056,0.007,0.002,22
20.400,19.950,75.600,0.888,-0.005,9.562,-0.042,0.018,-0.001,22
20.400,19.950,75.600,0.852,-0.089,9.895,-0.049,0.007,0.000,22
20.400,19.950,75.600,0.948,-0.141,9.936,-0.057,0.012,-0.003,23
22.200,20.100,74.250,0.718,0.010,9.692,-0.045,0.016,-0.002,22
22.200,20.100,74.250,0.658,-0.089,9.785,-0.048,0.009,0.000,22
20.850,21.000,75.900,0.766,-0.002,9.632,-0.061,0.008,-0.011,22
20.850,21.000,75.900,0.802,-0.139,9.795,-0.050,0.011,-0.015,22
21.750,19.650,75.000,0.860,-0.108,9.768,-0.045,0.008,-0.011,22
21.750,19.650,75.000,0.903,-0.115,9.823,-0.059,0.009,-0.006,23
21.750,19.650,75.000,0.646,0.050,9.665,-0.058,0.010,-0.011,22
21.900,19.500,74.850,0.733,-0.065,9.893,-0.064,0.013,-0.011,22
21.900,19.500,74.850,0.802,-0.005,9.754,-0.068,0.013,-0.010,22
21.150,21.900,75.600,0.838,-0.077,9.802,-0.067,0.012,-0.005,22
21.150,21.900,75.600,1.022,0.534,9.270,-0.042,-0.001,-0.007,22
21.750,19.650,75.000,0.900,-0.153,10.092,-0.093,0.014,-0.016,23
21.750,19.650,75.000,0.680,0.369,8.959,-0.177,0.020,0.005,22
21.750,19.650,75.000,0.824,-0.357,9.991,-0.118,0.002,-0.015,22
21.750,19.650,75.000,0.936,-0.208,9.644,-0.133,0.017,-0.018,22
21.750,19.650,75.000,0.673,-0.381,10.017,-0.098,0.018,-0.029,22
21.150,21.000,76.350,0.405,-0.122,9.371,-0.055,-0.007,-0.023,22
21.150,21.000,76.350,0.632,-0.385,10.120,-0.038,0.012,-0.009,23
22.200,20.400,74.250,0.886,0.014,9.661,-0.050,0.013,0.001,22
22.200,20.400,74.250,0.982,0.146,9.883,-0.083,0.008,-0.005,22
21.000,19.350,74.700,0.769,0.110,9.673,-0.120,0.003,-0.017,22
21.000,19.350,74.700,0.816,0.208,9.579,-0.168,-0.002,-0.020,22
19.350,20.700,75.600,0.773,0.110,9.598,-0.220,0.004,-0.009,22
19.350,20.700,75.600,0.843,0.065,9.773,-0.254,0.018,-0.010,23
19.350,20.700,75.600,0.804,0.261,9.584,-0.308,0.010,-0.015,22
19.350,20.700,75.600,0.723,0.062,9.728,-0.414,0.015,-0.006,22
19.350,20.700,75.600,0.831,-0.045,9.639,-0.461,0.015,0.008,22
20.400,19.050,77.100,0.881,-0.230,9.615,-0.499,0.015,0.017,22
20.400,19.050,77.100,0.802,-0.273,9.641,-0.538,0.029,0.021,22
21.150,16.350,77.400,0.661,-0.503,9.661,-0.591,0.016,0.012,23
21.150,16.350,77.400,0.826,-0.855,9.732,-0.617,0.003,0.026,22
19.800,15.750,78.000,0.850,-0.773,9.728,-0.636,0.018,0.031,22
19.800,15.750,78.000,0.800,-0.934,9.512,-0.662,0.016,0.025,22
20.550,15.450,78.750,0.752,-1.053,9.553,-0.691,0.020,0.019,22
20.550,15.450,78.750,0.919,-1.171,9.634,-0.707,0.023,0.012,22
20.550,15.450,78.750,0.790,-1.288,9.469,-0.741,0.022,0.010,23
20.550,15.450,78.750,0.706,-1.523,9.469,-0.787,0.019,0.012,22
20.550,15.450,78.750,0.661,-1.542,9.538,-0.817,0.012,0.013,22
20.400,13.200,80.100,0.690,-1.817,9.515,-0.842,0.018,0.021,22
20.400,13.200,80.100,0.759,-1.927,9.507,-0.863,0.034,0.032,22
20.400,13.200,80.100,0.941,-2.478,9.534,-0.845,0.019,0.034,22
20.400,13.200,80.100,0.747,-2.715,9.471,-0.833,0.005,0.031,22
21.750,9.450,81.000,0.860,-2.689,9.254,-0.863,0.020,0.027,23
21.750,9.450,81.000,0.912,-2.734,9.330,-0.863,0.020,0.024,22
21.750,9.450,81.000,0.845,-3.065,9.213,-0.850,0.026,0.028,22
21.150,5.400,81.150,0.690,-3.287,9.201,-0.872,0.016,0.024,22
21.150,5.400,81.150,0.819,-3.354,8.969,-0.875,0.024,0.017,22
20.550,4.050,81.300,0.711,-3.402,8.983,-0.878,0.021,0.013,22
20.550,4.050,81.300,0.532,-3.644,9.062,-0.883,0.019,0.012,23
21.600,2.700,82.350,0.690,-3.764,8.825,-0.895,0.013,0.018,22
21.600,2.700,82.350,0.730,-4.051,8.717,-0.894,0.021,0.027,22
21.600,2.700,82.350,0.807,-4.379,8.902,-0.885,0.015,0.031,22
21.600,2.700,82.350,0.840,-4.429,8.645,-0.883,0.018,0.022,22
21.600,2.700,82.350,0.721,-4.621,8.672,-0.871,0.018,0.011,22
21.150,-0.300,82.650,0.771,-4.717,8.574,-0.855,0.025,0.013,23
21.150,-0.300,82.650,0.618,-5.033,8.499,-0.858,0.020,0.023,22
21.600,-3.900,83.100,0.804,-5.114,8.389,-0.845,0.011,0.026,22
21.600,-3.900,83.100,0.716,-5.289,8.399,-0.840,0.024,0.021,22
20.850,-4.950,81.600,0.713,-5.315,8.255,-0.836,0.027,0.023,22
20.850,-4.950,81.600,0.570,-5.423,8.186,-0.833,0.019,0.026,22
19.800,-7.200,82.050,0.752,-5.614,8.009,-0.827,0.016,0.033,23
19.800,-7.200,82.050,0.773,-5.679,7.884,-0.839,0.020,0.029,22
19.800,-7.200,82.050,0.694,-5.863,7.819,-0.843,0.022,0.015,22
19.800,-7.200,82.050,0.637,-5.954,7.681,-0.847,0.017,0.011,22
19.800,-7.200,82.050,0.663,-6.155,7.582,-0.856,0.015,0.007,22
20.850,-9.750,82.650,0.666,-6.309,7.403,-0.866,0.025,0.005,22
20.850,-9.750,82.650,0.654,-6.445,7.321,-0.866,0.022,0.015,23
19.650,-13.650,82.350,0.608,-6.500,7.312,-0.881,0.015,0.019,22
19.650,-13.650,82.350,0.675,-6.601,7.101,-0.893,0.021,0.030,22
20.550,-14.250,79.500,0.663,-6.778,7.104,-0.904,0.023,0.028,22
20.550,-14.250,79.500,0.572,-6.986,6.828,-0.918,0.016,0.021,22
20.550,-14.250,79.500,0.630,-7.080,6.656,-0.936,0.019,0.028,22
20.250,-16.200,79.050,0.634,-7.226,6.594,-0.940,0.019,0.015,23
20.250,-16.200,79.050,0.608,-7.424,6.469,-0.941,0.022,0.023,22
20.250,-16.200,79.050,0.582,-7.487,6.299,-0.942,0.017,0.024,22
20.250,-16.200,79.050,0.548,-7.743,6.117,-0.941,0.019,0.031,22
21.000,-21.300,78.000,0.517,-7.755,6.072,-0.938,0.009,0.030,22
21.000,-21.300,78.000,0.560,-7.922,5.899,-0.930,0.007,0.033,22
20.850,-24.150,77.850,0.603,-8.078,5.794,-0.927,0.004,0.033,23
20.850,-24.150,77.850,0.450,-8.138,5.665,-0.920,-0.005,0.033,22
20.850,-24.150,77.850,0.539,-8.322,5.255,-0.913,-0.007,0.042,22
21.600,-25.050,76.350,0.474,-8.473,5.164,-0.917,-0.008,0.035,22
21.600,-25.050,76.350,0.476,-8.547,5.217,-0.903,-0.022,0.037,22
20.550,-25.950,72.450,0.594,-8.744,4.958,-0.881,-0.001,0.037,22
20.550,-25.950,72.450,0.402,-8.799,4.851,-0.849,-0.029,0.041,23
20.550,-25.950,72.450,0.572,-8.988,4.745,-0.836,-0.021,0.054,22
20.550,-25.950,72.450,0.479,-8.904,4.482,-0.823,-0.037,0.048,22
21.000,-31.050,71.700,0.527,-9.069,4.410,-0.805,-0.033,0.050,22
21.000,-31.050,71.700,0.594,-9.098,4.168,-0.781,-0.025,0.042,22
22.200,-31.050,70.200,0.582,-9.091,4.070,-0.768,-0.014,0.030,22
22.200,-31.050,70.200,0.426,-9.357,3.745,-0.744,-0.023,0.023,23
22.200,-31.050,70.200,0.529,-9.390,3.936,-0.707,-0.020,0.033,22
21.000,-33.450,69.450,0.577,-9.342,3.567,-0.699,-0.022,0.030,22
21.000,-33.450,69.450,0.606,-9.464,3.613,-0.668,-0.017,0.024,22
19.650,-35.550,66.600,0.512,-9.689,3.493,-0.635,-0.011,0.021,22
19.650,-35.550,66.600,0.373,-9.855,3.426,-0.561,-0.020,0.019,22
21.000,-34.950,66.450,0.572,-9.792,3.227,-0.497,-0.023,0.009,23
21.000,-34.950,66.450,0.591,-9.886,3.311,-0.451,-0.016,0.011,22
19.500,-33.750,64.650,0.546,-9.811,3.168,-0.380,-0.004,0.011,22
19.500,-33.750,64.650,0.668,-9.797,3.239,-0.328,0.002,0.012,22
19.500,-33.750,64.650,0.582,-9.855,3.139,-0.284,-0.000,0.010,22
19.500,-33.750,64.650,0.436,-9.981,3.024,-0.241,0.005,0.010,22
19.500,-33.750,64.650,0.512,-10.108,2.993,-0.143,-0.001,-0.001,22
21.600,-35.550,64.050,0.555,-10.118,3.103,-0.070,0.003,-0.005,23
21.600,-35.550,64.050,0.524,-10.106,2.957,-0.002,0.013,-0.005,22
21.750,-36.900,64.950,0.345,-10.029,2.931,0.065,0.001,0.001,22
21.750,-36.900,64.950,0.419,-9.440,2.995,0.092,-0.012,-0.013,22
20.400,-36.750,64.800,0.577,-9.773,3.467,0.099,0.005,-0.014,22
20.400,-36.750,64.800,0.429,-9.474,2.653,0.134,0.011,0.004,22
20.400,-36.750,64.800,0.127,-10.080,4.166,0.217,-0.041,-0.002,23
22.200,-35.400,65.400,0.397,-10.156,3.280,0.249,-0.029,0.018,22
22.200,-35.400,65.400,0.448,-9.941,3.146,0.311,-0.044,0.011,22
22.200,-35.400,65.400,0.366,-9.893,3.314,0.406,-0.052,0.003,22
22.200,-35.400,65.400,0.632,-9.723,3.369,0.445,-0.037,-0.005,22
22.200,-35.400,67.500,0.601,-9.507,3.369,0.469,-0.031,-0.015,22
22.200,-35.400,67.500,0.567,-9.565,3.579,0.507,-0.028,-0.030,23
20.550,-33.000,69.450,0.587,-9.632,3.687,0.570,-0.016,-0.040,22
20.550,-33.000,69.450,0.632,-9.615,3.855,0.614,-0.009,-0.037,22
20.550,-33.000,69.450,0.644,-9.459,3.881,0.656,0.012,-0.034,22
19.350,-31.650,68.850,0.532,-9.392,4.264,0.721,0.001,-0.039,22
19.350,-31.650,68.850,0.555,-9.184,4.041,0.751,0.007,-0.043,22
21.150,-30.000,70.800,0.615,-9.014,4.384,0.764,0.005,-0.041,23
21.150,-30.000,70.800,0.476,-8.985,4.432,0.780,0.008,-0.042,22
21.150,-30.000,70.800,0.290,-8.356,4.484,0.748,0.003,-0.037,22
21.150,-30.000,70.800,0.543,-8.399,4.796,0.726,-0.013,-0.034,22
21.900,-26.550,73.650,0.747,-8.665,4.810,0.725,0.005,-0.031,22
21.900,-26.550,73.650,0.668,-8.511,5.341,0.732,0.002,-0.033,22
21.900,-26.550,73.650,0.474,-8.420,5.229,0.736,0.002,-0.024,23
18.600,-23.400,74.100,0.500,-8.327,5.279,0.741,-0.008,-0.018,22
18.600,-23.400,74.100,0.575,-8.195,5.571,0.755,0.003,-0.027,22
20.250,-24.000,75.750,0.572,-8.052,5.624,0.746,-0.006,-0.036,22
20.250,-24.000,75.750,0.644,-7.985,5.677,0.747,0.007,-0.038,22
20.550,-20.850,77.250,0.505,-7.987,5.995,0.760,0.005,-0.047,22
20.550,-20.850,77.250,0.596,-7.989,6.146,0.781,-0.000,-0.039,23
20.550,-20.850,77.250,0.527,-7.877,6.215,0.810,0.007,-0.041,22
20.550,-20.850,77.250,0.565,-7.879,6.407,0.843,0.003,-0.033,22
20.550,-20.850,77.250,0.555,-7.587,6.534,0.872,-0.001,-0.033,22
20.850,-19.500,78.150,0.718,-7.494,6.558,0.913,0.002,-0.027,22
20.850,-19.500,78.150,0.426,-7.118,6.706,0.924,-0.010,-0.034,22
20.850,-19.500,78.150,0.642,-6.991,6.835,0.919,-0.004,-0.033,23
20.850,-19.500,78.150,0.469,-7.123,7.041,0.947,-0.005,-0.022,22
20.850,-13.200,81.150,0.646,-6.792,7.441,0.982,-0.014,-0.018,22
20.850,-13.200,81.150,0.634,-6.677,7.415,1.003,-0.013,-0.016,22
19.500,-10.350,80.550,0.666,-6.421,7.491,1.026,-0.019,-0.020,22
19.500,-10.350,80.550,0.682,-6.302,7.580,1.045,-0.011,-0.022,22
20.100,-10.350,80.550,0.697,-6.026,7.616,1.048,-0.018,-0.016,23
20.100,-6.600,82.350,0.651,-5.674,7.836,1.056,-0.016,-0.018,22
20.100,-6.600,82.350,0.596,-5.456,7.989,1.055,-0.015,-0.033,22
19.350,-5.850,83.100,0.713,-5.375,8.191,1.058,-0.011,-0.038,22
19.350,-5.850,83.100,0.769,-5.207,8.291,1.058,-0.012,-0.040,22
19.350,-5.850,83.100,0.668,-4.863,8.327,1.042,-0.001,-0.047,22
19.350,-5.850,83.100,0.637,-4.513,8.576,1.031,-0.004,-0.060,23
20.850,0.750,81.900,0.735,-4.362,8.689,1.015,0.001,-0.054,22
20.850,0.750,81.900,0.706,-4.073,8.653,0.991,-0.006,-0.047,22
20.250,2.400,82.050,0.742,-3.826,8.724,0.954,-0.002,-0.043,22
20.250,2.400,82.050,0.711,-3.685,8.830,0.928,-0.001,-0.044,22
20.250,2.400,82.050,0.718,-3.292,8.926,0.894,0.008,-0.043,22
19.800,4.800,81.750,0.711,-3.251,9.005,0.853,0.003,-0.037,23
19.800,4.800,81.750,0.730,-3.096,9.108,0.830,0.000,-0.032,22
21.150,6.600,81.900,0.627,-2.909,9.189,0.799,-0.001,-0.023,22
21.150,6.600,81.900,0.625,-2.914,9.294,0.793,-0.005,-0.025,22
21.150,6.600,81.900,0.929,-2.725,9.373,0.800,0.002,-0.021,22
21.150,6.600,81.900,0.888,-2.574,9.390,0.801,0.011,-0.026,22
19.350,11.250,80.400,0.692,-2.421,9.371,0.808,0.005,-0.034,23
19.350,11.250,80.400,0.553,-2.375,9.498,0.823,-0.006,-0.035,22
19.350,11.250,80.400,0.773,-1.958,9.244,0.806,0.004,-0.035,22
20.250,13.050,80.550,0.709,-1.583,9.400,0.790,-0.001,-0.034,22
20.250,13.050,80.550,0.692,-1.398,9.488,0.765,0.003,-0.034,22
21.000,15.450,78.000,0.661,-1.092,9.510,0.710,-0.002,-0.031,22
21.000,15.450,78.000,0.742,-0.939,9.536,0.662,0.005,-0.025,22
21.000,17.400,77.550,0.807,-0.802,9.634,0.614,0.007,-0.031,23
21.000,17.400,77.550,0.673,-0.584,9.658,0.537,0.004,-0.024,22
21.000,17.400,77.550,0.723,-0.496,9.639,0.487,0.003,-0.011,22
21.000,17.400,77.550,0.759,-0.488,9.613,0.463,0.004,-0.003,22
21.000,17.400,77.550,0.749,-0.488,9.589,0.433,0.006,0.004,22
18.300,19.350,76.950,0.716,-0.460,9.627,0.410,0.008,0.017,22
18.300,19.350,76.950,0.728,-0.232,9.653,0.399,0.009,0.024,23
21.000,20.100,75.450,0.761,-0.256,9.804,0.387,0.009,0.032,22
21.000,20.100,75.450,0.828,-0.182,9.771,0.370,0.008,0.021,22
21.150,21.900,74.850,0.795,0.074,9.936,0.354,0.005,0.021,22
21.150,21.900,74.850,0.532,0.946,8.930,0.205,0.018,0.042,22
20.250,22.050,73.950,0.833,1.719,8.332,0.065,-0.022,0.036,22
20.250,22.050,73.950,0.764,0.840,9.711,-0.153,-0.011,0.041,23
20.250,22.050,73.950,1.535,0.333,9.512,-0.213,0.001,0.033,22
20.250,22.050,73.950,1.154,-0.184,10.139,-0.245,0.059,0.046,22
20.250,22.050,73.950,0.740,-0.357,9.527,-0.193,0.060,0.068,22
19.350,20.700,74.400,0.508,-0.776,9.910,-0.102,0.045,0.083,22
19.350,20.700,74.400,0.388,-0.606,9.821,-0.064,0.046,0.080,22
19.350,20.700,74.400,0.654,-0.323,9.852,-0.012,0.014,0.064,23
19.350,20.700,74.400,1.003,-0.239,9.888,-0.018,-0.007,0.024,22
21.000,22.050,74.250,1.178,0.038,9.692,-0.050,0.010,-0.008,22
21.000,22.050,74.250,0.934,0.225,9.512,-0.083,0.015,-0.025,22
21.000,22.050,74.250,0.761,-0.005,10.027,-0.137,0.017,-0.022,22
20.550,21.600,75.450,0.587,0.292,9.498,-0.194,0.019,-0.019,22
20.550,21.600,75.450,0.520,0.184,9.708,-0.237,0.005,-0.003,23
20.850,21.900,75.600,0.778,0.136,9.512,-0.298,0.014,-0.003,22
20.850,21.900,75.600,0.706,0.086,9.471,-0.361,0.009,-0.002,22
20.400,17.550,75.600,0.785,-0.065,9.677,-0.398,0.008,-0.002,22
20.400,17.550,75.600,0.862,-0.065,9.639,-0.462,0.011,0.003,22
20.400,17.550,75.600,0.706,0.072,9.562,-0.564,0.024,0.024,22
20.400,17.550,75.600,0.733,-0.175,9.675,-0.619,0.022,0.025,23
20.400,17.550,75.600,0.735,-0.460,9.601,-0.680,0.021,0.028,22
19.650,17.100,76.650,0.857,-0.670,9.574,-0.733,0.024,0.030,22
19.650,17.100,76.650,0.864,-0.991,9.606,-0.784,0.023,0.031,22
18.600,17.100,78.150,0.939,-0.905,9.629,-0.833,0.031,0.041,22
18.600,17.100,78.150,0.759,-1.080,9.428,-0.869,0.024,0.040,22
19.650,13.950,78.900,0.575,-1.425,9.328,-0.923,0.027,0.042,23
19.650,13.950,78.900,0.687,-1.563,9.285,-0.970,0.024,0.044,22
19.050,12.600,80.250,0.725,-1.810,9.469,-1.003,0.013,0.047,22
19.050,12.600,80.250,0.603,-2.023,9.507,-1.048,0.018,0.047,22
19.050,12.600,80.250,0.783,-2.112,9.759,-1.042,0.002,0.047,22
19.050,12.600,80.250,0.704,-2.890,9.369,-1.047,-0.002,0.067,22
19.050,12.600,80.250,0.826,-3.010,9.349,-1.022,0.002,0.060,23
19.800,7.200,81.300,0.943,-3.376,9.287,-1.004,0.005,0.078,22
19.800,7.200,81.300,0.651,-3.318,8.930,-1.006,0.009,0.087,22
19.500,5.550,81.750,0.498,-3.522,9.177,-0.978,-0.002,0.084,22
19.500,5.550,81.750,0.572,-3.649,8.830,-0.978,-0.004,0.091,22
19.050,3.300,82.800,0.670,-4.118,8.959,-0.966,-0.008,0.089,22
19.050,3.300,82.800,0.797,-4.183,8.724,-0.935,-0.007,0.084,23
19.800,2.400,82.500,0.812,-4.396,8.801,-0.928,0.000,0.079,22
19.800,2.400,82.500,0.594,-4.410,8.717,-0.912,0.008,0.083,22
19.800,2.400,82.500,0.615,-4.609,8.665,-0.900,0.001,0.080,22
19.800,2.400,82.500,0.591,-4.899,8.528,-0.897,-0.000,0.076,22
19.800,2.400,82.500,0.608,-4.973,8.478,-0.889,-0.003,0.078,22
18.750,-4.050,81.000,0.644,-5.092,8.373,-0.881,-0.012,0.068,22
18.750,-4.050,81.000,0.785,-5.203,8.305,-0.881,-0.004,0.061,23
18.750,-5.250,83.250,0.699,-5.449,8.131,-0.881,-0.006,0.058,22
18.750,-5.250,83.250,0.685,-5.533,8.028,-0.881,-0.002,0.052,22
19.650,-7.800,83.400,0.536,-5.593,7.817,-0.895,-0.007,0.049,22
19.650,-7.800,83.400,0.522,-5.782,7.836,-0.893,-0.007,0.049,22
19.650,-7.800,83.400,0.560,-5.947,7.807,-0.900,-0.005,0.052,22
19.500,-8.700,82.500,0.589,-6.153,7.618,-0.915,-0.009,0.058,23
19.500,-8.700,82.500,0.637,-6.251,7.448,-0.919,-0.006,0.056,22
18.300,-10.350,82.500,0.579,-6.431,7.444,-0.924,-0.004,0.051,22
18.300,-10.350,82.500,0.553,-6.570,7.281,-0.931,-0.009,0.056,22
19.500,-13.500,80.550,0.606,-6.649,7.147,-0.931,-0.003,0.058,22
19.500,-13.500,80.550,0.706,-6.771,7.106,-0.934,-0.007,0.061,22
19.500,-13.500,80.550,0.642,-6.946,6.831,-0.959,0.009,0.048,23
19.500,-13.500,80.550,0.520,-7.037,6.756,-0.980,0.014,0.040,22
19.500,-13.500,80.550,0.481,-7.159,6.512,-0.987,0.006,0.044,22
18.900,-15.600,80.100,0.417,-7.384,6.483,-1.001,-0.005,0.049,22
18.900,-15.600,80.100,0.426,-7.460,6.175,-1.008,-0.007,0.048,22
17.250,-19.350,77.550,0.548,-7.860,6.134,-0.993,-0.008,0.043,22
17.250,-19.350,77.550,0.505,-8.009,5.868,-0.976,-0.008,0.048,23
18.750,-20.850,78.300,0.603,-8.116,5.933,-0.944,-0.002,0.037,22
18.750,-20.850,78.300,0.479,-8.200,5.648,-0.931,-0.013,0.042,22
20.400,-22.950,76.650,0.433,-8.368,5.629,-0.899,-0.021,0.037,22
20.400,-22.950,76.650,0.591,-8.593,5.361,-0.882,-0.019,0.045,22
20.400,-22.950,76.650,0.611,-8.643,5.308,-0.840,-0.003,0.026,22
20.400,-22.950,76.650,0.591,-8.808,5.162,-0.804,-0.002,0.020,23
20.400,-22.950,76.650,0.551,-8.811,5.001,-0.769,-0.001,0.020,22
18.900,-29.250,74.850,0.474,-8.854,4.860,-0.739,0.011,0.018,22
18.900,-29.250,74.850,0.515,-8.859,4.709,-0.718,0.005,0.011,22
20.100,-29.250,72.600,0.429,-8.959,4.606,-0.707,0.006,0.014,22
20.100,-29.250,72.600,0.390,-8.971,4.496,-0.691,0.004,0.016,22
19.650,-30.000,72.600,0.450,-8.978,4.353,-0.667,0.003,0.022,23
19.650,-30.000,72.600,0.491,-9.033,4.362,-0.667,0.002,0.017,22
19.650,-30.000,72.600,0.443,-9.064,4.017,-0.671,0.008,0.026,22
19.650,-29.700,71.550,0.345,-9.151,3.924,-0.663,-0.005,0.023,22
19.650,-29.700,71.550,0.426,-9.215,3.759,-0.660,-0.000,0.027,22
19.650,-29.700,71.550,0.297,-9.230,3.764,-0.651,-0.002,0.031,22
19.650,-29.700,71.550,0.400,-9.234,3.699,-0.648,-0.010,0.030,22
19.800,-33.450,69.000,0.438,-9.309,3.397,-0.637,-0.012,0.028,23
19.800,-33.450,69.000,0.417,-9.294,3.282,-0.632,-0.014,0.020,22
19.800,-33.450,69.000,0.460,-9.409,3.165,-0.633,-0.003,0.012,22
19.800,-33.450,69.000,0.536,-9.443,3.124,-0.640,0.002,0.013,22
19.800,-33.450,69.000,0.412,-9.440,3.002,-0.641,0.001,0.017,22
19.800,-37.350,65.700,0.402,-9.620,2.854,-0.641,0.001,0.016,23
19.800,-37.350,65.700,0.412,-9.601,2.715,-0.638,-0.003,0.012,22
18.750,-37.650,64.950,0.385,-9.637,2.614,-0.625,-0.002,0.015,22
18.750,-37.650,64.950,0.395,-9.656,2.502,-0.624,-0.004,0.015,22
20.100,-38.700,63.600,0.283,-9.665,2.382,-0.616,-0.001,0.013,22
20.100,-38.700,63.600,0.326,-9.799,2.286,-0.616,-0.003,0.017,22
19.650,-38.700,62.850,0.371,-9.747,2.088,-0.609,-0.007,0.014,22
19.650,-38.700,62.850,0.421,-9.790,2.040,-0.603,-0.001,0.008,23
19.650,-38.700,62.850,0.378,-9.723,1.851,-0.605,-0.000,0.008,22
19.650,-38.700,62.850,0.441,-9.795,1.820,-0.606,0.001,0.011,22
19.650,-38.700,62.850,0.414,-9.768,1.489,-0.595,0.003,0.014,22
19.650,-39.900,58.500,0.412,-9.809,1.599,-0.601,0.005,0.017,22
19.650,-39.900,58.500,0.441,-9.960,1.448,-0.590,0.009,0.006,23
20.100,-42.150,59.850,0.395,-10.056,1.331,-0.565,0.010,0.006,22
20.100,-42.150,59.850,0.347,-10.082,1.384,-0.540,0.013,0.001,22
20.100,-42.600,56.550,0.330,-10.187,1.132,-0.509,0.013,0.006,22
20.100,-42.600,56.550,0.364,-10.161,1.027,-0.458,0.008,-0.006,22
20.100,-42.600,56.550,0.376,-10.156,0.939,-0.432,0.013,0.002,22
20.100,-42.600,56.550,0.362,-10.113,0.967,-0.410,0.005,0.007,23
20.100,-42.600,56.550,0.407,-10.156,0.879,-0.370,0.008,0.003,22
20.100,-42.600,56.550,0.340,-10.269,0.785,-0.332,0.006,-0.004,22
20.100,-42.600,56.550,0.290,-10.391,0.709,-0.288,-0.002,-0.001,22
20.100,-43.350,53.550,0.338,-10.417,0.788,-0.228,0.007,-0.004,22
20.100,-43.350,53.550,0.364,-10.520,0.776,-0.127,-0.001,-0.004,22
20.100,-43.350,53.550,0.362,-10.623,0.759,-0.055,0.001,-0.004,22
20.100,-43.350,53.550,0.316,-10.250,0.606,0.016,0.006,0.000,22
20.850,-44.100,53.550,0.395,-10.137,0.409,0.042,0.005,-0.014,23
20.850,-44.100,53.550,0.278,-9.625,0.790,0.053,-0.005,-0.024,22
20.850,-44.100,53.550,0.189,-10.187,1.010,0.073,-0.022,-0.005,22
19.800,-42.750,54.150,0.254,-10.123,0.158,0.095,-0.035,0.004,22
19.800,-42.750,54.150,0.409,-10.175,0.735,0.135,-0.064,0.008,22
20.400,-40.950,54.300,0.273,-10.295,0.979,0.175,-0.044,0.005,23
20.400,-40.950,54.300,0.438,-10.070,0.685,0.203,-0.055,-0.004,22
19.800,-42.450,55.200,0.443,-10.223,1.305,0.243,-0.031,-0.009,22
19.800,-42.450,55.200,0.192,-10.206,1.075,0.285,-0.046,-0.015,22
19.800,-42.450,55.200,0.417,-10.266,1.156,0.301,-0.042,-0.010,22
19.800,-42.450,55.200,0.364,-9.998,1.010,0.337,-0.024,-0.017,22
19.800,-42.450,55.200,0.448,-10.151,1.152,0.369,-0.033,-0.022,23
20.250,-41.550,56.400,0.326,-10.137,1.360,0.382,-0.022,-0.022,22
20.250,-41.550,56.400,0.429,-10.010,1.386,0.421,-0.019,-0.019,22
20.400,-40.650,58.800,0.476,-9.804,1.298,0.445,-0.011,-0.025,22
20.400,-40.650,58.800,0.378,-10.070,1.781,0.454,0.007,-0.024,22
20.250,-40.050,60.900,0.476,-9.900,1.561,0.472,0.006,-0.028,22
20.250,-40.050,60.900,0.266,-10.163,1.839,0.520,0.004,-0.038,23
19.800,-38.550,62.700,0.285,-10.127,1.822,0.563,-0.003,-0.044,22
19.800,-38.550,62.700,0.448,-9.950,2.054,0.596,-0.010,-0.027,22
19.800,-38.550,62.700,0.469,-9.914,2.109,0.627,-0.001,-0.022,22
19.800,-38.550,62.700,0.302,-9.483,2.107,0.603,0.007,-0.034,22
19.800,-38.550,62.700,0.256,-9.275,2.555,0.586,-0.025,-0.041,22
19.500,-36.450,64.200,0.366,-9.828,2.813,0.610,-0.016,-0.033,23
19.500,-36.450,64.200,0.558,-9.819,2.911,0.618,-0.024,-0.011,22
17.700,-36.000,65.100,0.235,-9.426,2.895,0.634,-0.015,-0.006,22
17.700,-36.000,65.100,0.318,-9.529,2.964,0.643,-0.022,-0.019,22
19.050,-37.350,66.450,0.584,-9.692,3.081,0.649,-0.013,-0.024,22
19.050,-37.350,66.450,0.347,-9.416,3.254,0.669,-0.015,-0.022,22
19.050,-37.350,66.450,0.467,-9.419,3.393,0.689,-0.012,-0.030,23
18.900,-34.050,69.300,0.436,-9.359,3.740,0.694,-0.008,-0.032,22
18.900,-34.050,69.300,0.472,-9.189,3.723,0.704,-0.005,-0.033,22
18.900,-34.050,69.300,0.412,-9.170,3.776,0.709,-0.006,-0.031,22
18.900,-34.050,69.300,0.543,-9.254,4.080,0.727,-0.002,-0.045,22
18.150,-29.250,71.850,0.476,-9.036,4.302,0.731,0.005,-0.049,22
18.150,-29.250,71.850,0.532,-9.019,4.293,0.754,0.006,-0.044,23
18.150,-29.250,71.850,0.385,-8.918,4.448,0.762,0.002,-0.048,22
18.150,-29.250,71.850,0.469,-8.842,4.590,0.766,0.001,-0.042,22
18.150,-29.250,71.850,0.409,-8.581,4.824,0.770,0.002,-0.045,22
18.150,-28.050,74.400,0.488,-8.710,4.999,0.783,0.007,-0.038,22
18.150,-28.050,74.400,0.543,-8.576,5.148,0.784,0.003,-0.036,22
18.900,-26.100,74.850,0.469,-8.394,5.286,0.803,-0.000,-0.040,23
18.900,-26.100,74.850,0.481,-8.361,5.346,0.813,0.003,-0.029,22
18.600,-21.900,76.350,0.479,-8.368,5.567,0.839,-0.004,-0.029,22
18.600,-21.900,76.350,0.565,-8.167,5.564,0.848,0.004,-0.035,22
18.900,-20.250,76.350,0.486,-7.870,5.799,0.863,0.005,-0.038,22
18.900,-20.250,76.350,0.448,-7.853,6.115,0.879,0.003,-0.037,22
18.900,-20.250,76.350,0.543,-7.714,5.966,0.869,0.006,-0.042,23
18.900,-20.250,76.350,0.508,-7.690,6.330,0.891,-0.005,-0.048,22
18.900,-20.250,76.350,0.572,-7.499,6.342,0.901,0.001,-0.046,22
17.700,-17.550,78.600,0.539,-7.314,6.699,0.900,0.015,-0.045,22
17.700,-17.550,78.600,0.508,-7.142,6.742,0.930,-0.008,-0.050,22
17.700,-13.650,80.850,0.637,-7.204,7.034,0.953,-0.003,-0.050,22
17.700,-13.650,80.850,0.570,-6.883,6.864,0.956,0.007,-0.047,23
18.900,-13.200,81.150,0.498,-6.572,7.080,0.974,0.003,-0.050,22
18.900,-13.200,81.150,0.342,-6.539,7.410,0.977,0.006,-0.043,22
18.900,-13.200,81.150,0.611,-6.340,7.594,0.993,-0.000,-0.039,22
18.150,-9.300,83.400,0.673,-6.091,7.362,0.994,-0.004,-0.042,22
18.150,-9.300,83.400,0.634,-5.988,7.791,0.998,0.007,-0.042,22
18.150,-9.300,83.400,0.500,-5.684,8.004,0.990,0.001,-0.049,23
18.150,-9.300,83.400,0.599,-5.351,8.064,0.973,-0.001,-0.048,22
18.150,-3.000,83.100,0.431,-5.155,8.133,0.958,-0.001,-0.047,22
18.150,-3.000,83.100,0.395,-5.243,8.375,0.936,-0.003,-0.032,22
16.800,-0.450,82.050,0.613,-4.729,8.068,0.920,-0.001,-0.030,22
16.800,-0.450,82.050,0.658,-4.887,8.614,0.927,-0.003,-0.029,22
18.750,0.450,83.250,0.697,-4.496,8.578,0.905,0.002,-0.029,22
18.750,0.450,83.250,0.711,-4.228,8.638,0.878,-0.001,-0.035,23
18.750,0.450,83.250,0.666,-3.948,8.562,0.853,-0.003,-0.039,22
18.750,1.650,82.800,0.594,-3.843,8.813,0.820,-0.004,-0.030,22
18.750,1.650,82.800,0.551,-3.625,8.744,0.779,0.003,-0.026,22
18.750,1.650,82.800,0.618,-3.428,9.062,0.747,-0.006,-0.034,22
18.750,1.650,82.800,0.685,-3.211,9.045,0.723,0.001,-0.029,22
18.000,6.750,81.750,0.697,-3.093,9.117,0.682,0.002,-0.039,23
18.000,6.750,81.750,0.735,-2.983,9.134,0.628,0.005,-0.044,22
18.000,6.750,81.750,0.747,-2.919,9.175,0.597,0.002,-0.041,22
18.000,6.750,81.750,0.749,-2.770,9.270,0.571,0.006,-0.043,22
18.000,6.750,81.750,0.673,-2.636,9.278,0.557,0.006,-0.045,22
18.300,11.100,79.050,0.615,-2.552,9.306,0.530,0.005,-0.044,22
18.300,11.100,79.050,0.570,-2.480,9.306,0.511,-0.003,-0.044,23
18.300,13.050,79.050,0.532,-2.267,9.500,0.485,0.002,-0.031,22
18.300,13.050,79.050,0.668,-1.985,9.424,0.450,0.007,-0.011,22
18.150,12.900,79.650,0.694,-1.923,9.469,0.415,0.015,-0.010,22
18.150,12.900,79.650,0.644,-1.812,9.471,0.377,0.010,-0.017,22
16.650,13.200,78.900,0.711,-1.810,9.500,0.323,0.005,-0.018,22
16.650,13.200,78.900,0.740,-1.618,9.436,0.287,0.005,-0.016,23
16.650,13.200,78.900,0.740,-1.597,9.412,0.247,0.015,-0.015,22
16.650,13.200,78.900,0.649,-1.583,9.586,0.214,0.014,-0.009,22
16.650,13.200,78.900,0.596,-1.489,9.493,0.158,0.015,-0.007,22
17.550,15.000,78.750,0.682,-1.448,9.618,0.125,0.014,-0.002,22
17.550,15.000,78.750,0.711,-1.350,9.582,0.080,0.016,-0.004,22
18.150,14.850,78.600,0.663,-1.271,9.632,0.009,0.013,-0.009,23
18.150,14.850,78.600,0.687,-1.228,9.546,-0.035,0.012,-0.014,22
17.700,14.850,78.900,0.692,-1.188,9.512,-0.086,0.011,-0.014,22
17.700,14.850,78.900,0.790,-1.271,9.519,-0.132,0.017,-0.005,22
17.700,14.850,78.900,0.745,-1.396,9.596,-0.199,0.017,0.005,22
18.750,15.000,81.000,0.668,-1.307,9.550,-0.253,0.013,0.007,22
18.750,15.000,81.000,0.634,-1.319,9.378,-0.311,0.016,0.002,23
18.750,15.000,81.000,0.761,-1.403,9.589,-0.391,0.013,0.002,22
18.750,15.000,81.000,0.716,-1.492,9.388,-0.457,0.018,0.004,22
18.150,12.000,79.650,0.682,-1.599,9.512,-0.491,0.015,0.009,22
18.150,12.000,79.650,0.704,-1.769,9.402,-0.525,0.013,0.011,22
18.750,13.800,81.000,0.769,-1.872,9.467,-0.592,0.022,0.010,22
18.750,13.800,81.000,0.649,-1.975,9.445,-0.630,0.018,0.009,23
18.750,13.800,81.000,0.615,-2.085,9.378,-0.678,0.013,0.005,22
18.900,11.250,79.350,0.551,-2.255,8.875,-0.733,0.027,0.016,22
18.900,11.250,79.350,0.414,-2.507,9.177,-0.767,0.030,0.013,22
18.900,9.750,80.100,0.673,-2.725,9.129,-0.797,0.022,0.013,22
18.900,9.750,80.100,0.697,-2.959,9.335,-0.826,0.016,0.016,22
18.900,9.750,80.100,0.749,-3.017,9.134,-0.856,0.018,0.021,23
18.900,9.750,80.100,0.723,-3.369,9.218,-0.852,0.011,0.019,22
18.300,5.250,82.050,0.453,-3.768,8.837,-0.860,0.018,0.028,22
18.300,5.250,82.050,0.615,-3.701,8.997,-0.834,0.000,0.026,22
18.300,5.250,82.050,0.735,-4.276,9.017,-0.778,0.021,0.027,22
18.300,5.250,82.050,0.785,-4.211,9.131,-0.760,0.016,0.013,22
18.300,5.250,82.050,0.769,-4.075,8.811,-0.757,0.019,0.003,23
17.250,2.400,83.250,0.790,-4.228,8.674,-0.755,0.025,0.000,22
17.250,2.400,83.250,0.721,-4.458,8.827,-0.759,0.020,-0.001,22
19.500,-0.450,83.250,0.596,-4.496,8.660,-0.780,0.014,0.008,22
19.500,-0.450,83.250,0.668,-4.690,8.545,-0.786,0.019,0.002,22
18.600,-1.950,82.650,0.711,-4.793,8.406,-0.790,0.014,0.005,22
18.600,-1.950,82.650,0.591,-5.076,8.413,-0.808,0.027,0.004,23
18.150,-1.950,82.650,0.575,-5.069,8.210,-0.813,0.029,0.021,22
18.150,-3.000,82.350,0.634,-5.298,8.183,-0.821,0.015,0.038,22
18.150,-3.000,82.350,0.644,-5.418,8.200,-0.829,0.019,0.038,22
18.150,-3.000,82.350,0.644,-5.499,8.059,-0.834,0.027,0.034,22
18.150,-3.000,82.350,0.508,-5.751,7.889,-0.836,0.018,0.032,22
17.250,-6.750,82.800,0.618,-5.873,7.798,-0.837,0.021,0.035,22
17.250,-6.750,82.800,0.788,-5.964,7.717,-0.843,0.018,0.024,23
16.950,-9.000,82.350,0.702,-5.986,7.554,-0.856,0.025,0.011,22
16.950,-9.000,82.350,0.611,-6.065,7.448,-0.901,0.020,0.003,22
16.950,-9.000,82.350,0.376,-6.275,7.286,-0.918,0.023,-0.002,22
17.550,-11.100,81.000,0.512,-6.596,7.245,-0.938,0.018,0.004,22
17.550,-11.100,81.000,0.543,-6.761,7.197,-0.943,0.020,0.020,22
18.150,-13.650,83.100,0.498,-6.936,7.058,-0.935,0.016,0.026,23
18.150,-13.650,83.100,0.522,-7.104,6.941,-0.923,0.015,0.035,22
18.150,-13.650,83.100,0.567,-7.331,6.711,-0.918,0.014,0.048,22
18.150,-13.650,83.100,0.546,-7.408,6.541,-0.903,0.018,0.052,22
18.900,-17.100,80.400,0.474,-7.463,6.512,-0.890,0.017,0.052,22
18.900,-17.100,80.400,0.474,-7.542,6.328,-0.883,0.016,0.045,22
18.750,-19.650,79.800,0.426,-7.606,6.225,-0.891,0.011,0.030,23
18.750,-19.650,79.800,0.438,-7.788,6.014,-0.894,0.014,0.031,22
18.750,-19.650,79.800,0.414,-7.918,5.789,-0.904,0.016,0.027,22
19.500,-21.300,76.950,0.517,-8.061,5.777,-0.904,0.005,0.023,22
19.500,-21.300,76.950,0.508,-8.097,5.629,-0.911,0.016,0.011,22
17.700,-24.600,77.400,0.587,-8.226,5.499,-0.892,0.024,0.001,22
17.700,-24.600,77.400,0.414,-8.483,5.277,-0.871,0.029,0.005,23
17.700,-24.600,75.900,0.278,-8.509,5.210,-0.857,0.019,0.014,22
17.700,-24.600,75.900,0.395,-8.595,4.843,-0.848,0.005,0.023,22
19.350,-27.300,74.850,0.500,-8.669,4.875,-0.842,0.008,0.020,22
19.350,-27.300,74.850,0.630,-8.622,4.726,-0.844,0.023,0.012,22
19.350,-27.300,74.850,0.299,-8.863,4.525,-0.861,0.028,0.001,22
19.350,-27.300,74.850,0.309,-8.890,4.446,-0.854,0.011,0.016,23
19.350,-27.300,74.850,0.493,-8.988,4.175,-0.852,0.011,0.026,22
18.750,-29.850,72.450,0.503,-9.026,4.245,-0.845,0.019,0.017,22
18.750,-29.850,72.450,0.460,-9.052,3.826,-0.852,0.020,0.030,22
17.400,-31.950,71.100,0.357,-9.201,3.869,-0.852,0.022,0.029,22
17.400,-31.950,71.100,0.328,-9.359,3.436,-0.831,0.006,0.027,22
18.750,-33.450,69.000,0.472,-9.448,3.486,-0.812,0.011,0.031,23
18.750,-33.450,69.000,0.491,-9.424,3.366,-0.799,0.019,0.026,22
18.750,-33.450,69.000,0.419,-9.515,3.249,-0.782,0.019,0.017,22
20.100,-33.150,66.600,0.350,-9.596,3.012,-0.751,0.015,0.020,22
20.100,-33.150,66.600,0.385,-9.613,2.782,-0.742,0.010,0.011,22
20.100,-33.150,66.600,0.345,-9.594,2.768,-0.729,0.009,0.015,22
20.100,-33.150,66.600,0.426,-9.744,2.801,-0.707,0.015,0.019,23
17.700,-37.950,65.550,0.414,-9.771,2.454,-0.686,0.010,0.010,22
17.700,-37.950,65.550,0.342,-9.867,2.380,-0.664,0.007,0.014,22
18.300,-37.350,61.200,0.371,-9.752,2.258,-0.641,0.019,0.003,22
18.300,-37.350,61.200,0.373,-9.845,2.128,-0.620,0.014,0.001,22
18.300,-37.350,61.200,0.294,-9.835,1.930,-0.612,0.018,0.002,22
19.650,-38.700,61.350,0.259,-9.991,1.896,-0.586,0.013,0.000,23
19.650,-38.700,61.350,0.278,-10.082,1.769,-0.555,0.008,0.007,22
19.500,-39.300,61.200,0.304,-10.183,1.626,-0.522,0.015,0.001,23
19.500,-39.300,61.200,0.433,-10.195,1.583,-0.478,0.013,-0.007,22
19.500,-39.300,61.200,0.373,-10.185,1.640,-0.438,0.019,-0.001,22
19.500,-39.300,61.200,0.256,-10.168,1.475,-0.387,0.012,0.004,22
18.900,-40.200,58.500,0.321,-10.324,1.492,-0.335,0.003,0.006,22
18.900,-40.200,58.500,0.448,-10.393,1.355,-0.286,0.006,0.001,22
18.900,-40.200,58.500,0.318,-10.441,1.346,-0.184,0.008,-0.007,22
19.650,-40.950,58.050,0.390,-10.520,1.405,-0.111,0.013,-0.006,22
19.650,-40.950,58.050,0.371,-10.616,1.396,-0.026,0.013,-0.015,22
19.800,-42.000,57.900,0.402,-10.427,1.188,0.034,0.024,-0.017,22
19.800,-42.000,57.900,0.421,-9.766,0.955,0.066,0.041,-0.023,23
19.350,-42.150,57.750,0.287,-10.374,1.879,0.092,-0.007,-0.029,22
19.350,-42.150,57.750,0.208,-9.732,0.694,0.093,0.010,-0.012,22
19.800,-40.800,59.400,0.124,-10.216,1.484,0.131,-0.005,-0.004,22
19.800,-40.800,59.400,0.321,-10.178,1.381,0.195,-0.016,-0.006,22
19.800,-40.800,59.400,0.407,-10.331,1.571,0.207,-0.003,0.009,22
19.650,-40.950,58.050,0.419,-10.156,1.571,0.273,-0.014,0.002,22
19.650,-40.950,58.050,0.304,-10.238,1.697,0.329,-0.009,-0.015,23
19.650,-40.950,58.050,0.314,-10.159,1.425,0.355,-0.010,-0.017,22
19.650,-40.950,58.050,0.362,-10.013,1.920,0.391,-0.001,-0.024,22
20.400,-41.400,60.300,0.376,-9.931,1.848,0.419,-0.006,-0.017,22
20.400,-41.400,60.300,0.287,-9.924,2.042,0.437,-0.010,-0.013,22
19.350,-39.000,61.350,0.290,-9.950,2.102,0.457,-0.017,-0.017,22
19.350,-39.000,61.350,0.328,-10.118,2.243,0.510,-0.014,-0.027,23
19.350,-39.000,61.350,0.438,-9.996,2.219,0.563,-0.011,-0.030,22
20.250,-38.100,64.650,0.393,-9.737,2.310,0.575,-0.013,-0.020,22
20.250,-38.100,64.650,0.378,-9.606,2.507,0.588,-0.015,-0.006,22
18.600,-36.000,65.550,0.256,-9.665,2.746,0.596,-0.017,-0.020,22
18.600,-36.000,65.550,0.328,-9.570,2.650,0.592,-0.019,-0.025,22
18.600,-36.000,65.550,0.443,-9.699,2.636,0.588,-0.007,-0.031,23
18.600,-36.000,65.550,0.208,-9.175,3.268,0.560,-0.028,-0.027,22
18.150,-34.350,66.600,0.464,-9.467,3.306,0.568,-0.044,-0.020,22
18.150,-34.350,66.600,0.309,-9.354,3.017,0.557,-0.033,0.001,22
18.000,-34.950,68.250,0.407,-9.397,3.472,0.553,-0.044,-0.002,22
18.000,-34.950,68.250,0.335,-9.285,3.510,0.563,-0.052,-0.017,22
18.000,-34.950,68.250,0.393,-9.498,3.812,0.566,-0.046,-0.023,23
18.600,-33.150,70.050,0.338,-9.337,3.742,0.602,-0.051,-0.028,22
18.600,-33.150,70.050,0.457,-9.390,3.929,0.624,-0.047,-0.019,22
18.150,-30.450,71.550,0.493,-9.436,4.113,0.668,-0.044,-0.009,22
18.150,-30.450,71.550,0.543,-9.199,4.116,0.697,-0.033,-0.012,22
18.150,-30.450,71.550,0.577,-8.914,4.334,0.712,-0.026,-0.020,22
18.150,-30.450,71.550,0.551,-8.940,4.568,0.723,-0.017,-0.030,23
18.900,-27.750,74.100,0.491,-8.839,4.609,0.737,-0.017,-0.030,22
18.900,-27.750,74.100,0.522,-8.890,4.822,0.757,-0.007,-0.027,22
18.900,-27.750,74.100,0.505,-8.787,4.913,0.780,-0.002,-0.035,22
18.900,-27.750,74.100,0.563,-8.645,5.112,0.820,0.003,-0.031,22
18.900,-27.750,74.100,0.575,-8.452,5.164,0.825,0.015,-0.029,22
16.650,-23.850,75.900,0.450,-8.133,5.294,0.824,0.000,-0.041,23
16.650,-23.850,75.900,0.381,-8.349,5.588,0.838,-0.002,-0.042,22
17.550,-21.300,76.950,0.417,-8.157,5.361,0.840,0.005,-0.036,23
17.550,-21.300,76.950,0.405,-8.018,5.715,0.858,0.002,-0.068,22
16.950,-20.250,78.900,0.280,-8.112,6.065,0.877,0.007,-0.062,22
16.950,-20.250,78.900,0.539,-8.021,6.325,0.925,0.005,-0.044,22
16.950,-20.250,78.900,0.417,-7.695,6.144,0.926,-0.001,-0.038,22
16.650,-17.100,80.400,0.615,-7.520,6.488,0.949,0.008,-0.039,22
16.650,-17.100,80.400,0.453,-7.116,6.570,0.961,-0.001,-0.056,22
16.650,-17.100,80.400,0.500,-7.202,6.953,0.955,-0.001,-0.055,22
16.650,-17.100,80.400,0.687,-6.972,6.850,0.956,0.006,-0.049,22
18.300,-11.850,81.000,0.584,-6.950,7.094,0.974,0.003,-0.046,22
18.300,-11.850,81.000,0.534,-6.716,7.128,0.983,0.005,-0.044,23
17.250,-10.650,81.750,0.536,-6.364,7.408,0.984,0.008,-0.042,22
17.250,-10.650,81.750,0.579,-6.179,7.446,0.982,0.000,-0.042,22
17.250,-10.650,81.750,0.522,-6.086,7.590,0.971,-0.006,-0.034,22
18.750,-8.700,81.300,0.613,-5.921,7.788,0.971,-0.000,-0.030,22
18.750,-8.700,81.300,0.567,-5.674,7.898,0.961,-0.006,-0.026,22
17.250,-4.800,82.800,0.666,-5.241,8.006,0.947,0.003,-0.026,22
17.250,-4.800,82.800,0.543,-5.157,8.116,0.929,0.004,-0.032,23
17.250,-4.800,82.800,0.553,-4.987,8.236,0.907,0.001,-0.032,22
17.250,-4.800,82.800,0.570,-4.681,8.315,0.882,-0.002,-0.036,22
17.550,0.150,82.500,0.539,-4.702,8.384,0.844,-0.006,-0.026,22
17.550,0.150,82.500,0.711,-4.326,8.610,0.819,-0.000,-0.027,22
17.550,0.150,82.500,0.658,-4.247,8.629,0.791,0.005,-0.035,23
16.950,1.500,83.100,0.460,-4.092,8.657,0.750,0.009,-0.036,22
16.950,1.500,83.100,0.431,-3.974,8.844,0.729,-0.002,-0.029,22
16.050,4.500,81.300,0.599,-3.886,8.897,0.720,-0.002,-0.029,22
16.050,4.500,81.300,0.697,-3.768,8.952,0.713,0.003,-0.023,22
17.400,6.150,82.350,0.713,-3.639,9.007,0.702,0.011,-0.038,22
17.400,6.150,82.350,0.577,-3.440,9.064,0.699,0.009,-0.047,22
17.400,6.150,82.350,0.582,-3.314,9.048,0.681,0.005,-0.041,23
17.400,6.150,82.350,0.721,-3.110,9.062,0.649,0.008,-0.032,22
17.400,6.150,82.350,0.529,-2.787,9.261,0.620,0.012,-0.029,22
17.250,6.750,81.000,0.637,-2.746,9.309,0.604,0.003,-0.027,22
17.250,6.750,81.000,0.725,-2.638,9.414,0.589,-0.000,-0.024,22
17.250,6.750,81.000,0.800,-2.555,9.342,0.564,0.016,-0.032,22
17.250,6.750,81.000,0.680,-2.421,9.445,0.544,0.009,-0.039,22
18.150,11.700,79.650,0.663,-2.121,9.443,0.517,0.008,-0.041,23
18.150,11.700,79.650,0.575,-2.073,9.369,0.479,0.002,-0.033,22
16.650,13.650,80.100,0.642,-1.939,9.510,0.454,0.002,-0.027,22
16.650,13.650,80.100,0.778,-1.829,9.364,0.419,0.008,-0.011,22
16.650,13.650,80.100,0.788,-1.659,9.402,0.388,0.012,-0.017,22
18.000,14.550,80.250,0.543,-1.439,9.550,0.326,0.007,-0.031,23
18.000,14.550,80.250,0.613,-1.238,9.479,0.267,0.005,-0.026,22
17.400,14.850,78.600,0.644,-1.125,9.534,0.205,0.006,-0.020,22
17.400,14.850,78.600,0.670,-1.190,9.620,0.121,0.009,-0.014,22
17.400,14.850,78.600,0.613,-1.168,9.584,0.068,0.003,-0.022,22
17.400,14.850,78.600,0.747,-0.881,9.409,-0.017,0.008,-0.021,22
18.150,15.600,79.650,0.730,-0.709,9.292,-0.103,0.011,-0.022,23
18.150,15.600,79.650,0.666,-1.020,9.553,-0.234,0.015,-0.012,22
18.300,14.550,78.000,0.752,-0.907,9.318,-0.326,0.023,0.010,22
18.300,14.550,78.000,0.654,-0.946,9.388,-0.408,0.008,0.014,22
18.300,14.550,78.000,0.733,-1.022,9.242,-0.565,0.022,0.018,22
17.250,14.250,78.750,0.527,-1.252,9.337,-0.650,0.018,0.011,22
17.250,14.250,78.750,0.613,-1.422,9.369,-0.739,0.010,0.020,23
16.500,13.500,80.250,0.769,-1.693,9.409,-0.812,0.018,0.015,22
16.500,13.500,80.250,0.697,-1.784,9.189,-0.922,0.025,0.027,22
16.500,13.500,80.250,0.522,-2.164,9.646,-0.970,0.035,0.033,22
16.500,13.500,80.250,0.345,-2.270,8.935,-1.039,0.029,0.035,22
18.000,7.950,81.750,0.690,-2.562,9.002,-1.141,0.023,0.031,22
18.000,7.950,81.750,0.682,-3.081,9.170,-1.156,0.019,0.027,23
18.000,7.950,81.750,0.697,-3.170,8.729,-1.219,0.025,0.037,22
18.750,6.750,81.300,0.565,-3.644,8.574,-1.196,0.016,0.046,22
18.750,6.750,81.300,0.666,-4.209,8.487,-1.143,0.004,0.047,22
18.150,3.450,83.400,0.680,-4.219,8.732,-1.162,0.032,0.037,22
18.150,3.450,83.400,0.553,-4.338,8.782,-1.144,0.030,0.016,22
17.250,0.900,82.800,0.311,-4.786,8.492,-1.136,0.013,0.025,23
17.250,0.900,82.800,0.496,-5.054,8.272,-1.117,0.016,0.026,22
17.250,0.900,82.800,1.022,-5.344,8.442,-1.100,0.018,0.033,22
17.250,0.900,82.800,0.836,-5.430,8.052,-1.075,0.029,0.016,22
17.250,0.900,82.800,0.694,-5.547,8.116,-1.057,0.039,0.000,22
17.250,-4.800,81.750,0.548,-5.686,8.056,-1.055,0.027,-0.002,22
17.250,-4.800,81.750,0.488,-5.856,7.843,-1.048,0.018,0.007,22
17.700,-6.600,83.100,0.637,-5.950,7.573,-1.029,0.024,0.013,23
17.700,-6.600,83.100,0.579,-6.177,7.714,-1.019,0.028,0.015,22
18.000,-9.450,81.000,0.481,-6.208,7.386,-1.025,0.025,0.022,22
18.000,-9.450,81.000,0.383,-6.448,7.379,-1.035,0.018,0.025,22
17.700,-12.000,80.400,0.539,-6.503,7.233,-1.041,0.017,0.022,22
17.700,-12.000,80.400,0.654,-6.941,7.051,-1.045,0.021,0.033,23
17.700,-12.000,80.400,0.630,-6.998,6.871,-1.040,0.015,0.031,22
17.400,-15.150,81.150,0.637,-7.123,6.809,-1.037,0.020,0.032,22
17.400,-15.150,81.150,0.551,-7.197,6.574,-1.040,0.020,0.033,22
18.750,-18.150,79.500,0.484,-7.300,6.479,-1.045,0.022,0.031,22
18.750,-18.150,79.500,0.443,-7.724,6.227,-1.034,0.017,0.042,22
18.750,-18.150,79.500,0.515,-7.829,6.187,-1.023,0.016,0.038,23
18.750,-18.150,79.500,0.565,-7.915,6.012,-1.026,0.018,0.033,22
16.800,-20.850,76.500,0.539,-8.042,5.827,-1.007,0.024,0.030,22
16.800,-20.850,76.500,0.536,-8.076,5.674,-1.004,0.020,0.023,22
16.800,-20.850,76.500,0.476,-8.351,5.440,-0.996,0.022,0.016,22
18.750,-23.250,77.250,0.493,-8.478,5.375,-0.980,0.018,0.015,22
18.750,-23.250,77.250,0.520,-8.511,5.028,-0.959,0.028,0.012,22
17.400,-25.800,76.350,0.515,-8.586,4.963,-0.954,0.035,0.014,23
17.400,-25.800,76.350,0.333,-8.605,4.774,-0.954,0.024,0.017,22
19.050,-26.700,73.950,0.357,-8.741,4.602,-0.963,0.018,0.019,22
19.050,-26.700,73.950,0.421,-8.947,4.484,-0.955,0.013,0.029,22
19.050,-26.700,73.950,0.400,-9.000,4.247,-0.954,0.012,0.032,22
19.050,-26.700,73.950,0.424,-9.091,4.125,-0.943,0.014,0.029,22
19.050,-26.700,73.950,0.421,-9.120,3.950,-0.918,0.007,0.028,23
18.300,-31.500,71.250,0.414,-9.436,3.747,-0.908,0.008,0.021,22
18.300,-31.500,71.250,0.517,-9.345,3.531,-0.881,0.012,0.020,22
18.000,-32.550,70.200,0.441,-9.572,3.508,-0.863,0.025,0.023,22
18.000,-32.550,70.200,0.402,-9.570,3.342,-0.831,0.015,0.014,22
18.150,-34.800,67.050,0.357,-9.673,3.203,-0.793,0.019,0.013,22
18.150,-34.800,67.050,0.390,-9.699,2.942,-0.763,0.021,0.013,23
18.600,-36.000,67.050,0.366,-9.752,2.919,-0.725,0.017,0.005,22
18.600,-36.000,67.050,0.311,-9.776,2.761,-0.697,0.011,0.009,22
18.600,-36.000,67.050,0.388,-9.768,2.583,-0.680,0.019,0.004,22
18.600,-36.000,67.050,0.323,-9.845,2.507,-0.661,0.013,0.008,22
18.600,-36.000,67.050,0.395,-9.859,2.294,-0.629,0.019,0.008,22
19.350,-37.050,64.050,0.453,-9.744,2.145,-0.606,0.022,-0.001,23
19.350,-37.050,64.050,0.429,-9.809,2.097,-0.603,0.019,-0.005,22
18.750,-38.100,61.650,0.333,-9.725,1.860,-0.609,0.022,0.000,22
18.750,-38.100,61.650,0.345,-9.783,1.918,-0.608,0.022,-0.005,22
20.250,-40.800,59.700,0.405,-9.941,1.666,-0.595,0.019,-0.003,22
20.250,-40.800,59.700,0.259,-9.972,1.748,-0.590,0.017,-0.000,22
18.600,-40.200,59.550,0.316,-9.919,1.410,-0.571,0.015,0.004,23
18.600,-40.200,59.550,0.316,-9.981,1.528,-0.558,0.017,0.008,22
18.600,-40.200,59.550,0.280,-9.826,1.286,-0.546,0.013,0.005,22
18.600,-40.200,59.550,0.333,-9.979,1.188,-0.547,0.012,0.010,22
18.600,-40.200,59.550,0.378,-10.010,1.018,-0.542,0.008,0.010,22
19.650,-41.850,55.500,0.316,-10.001,1.053,-0.519,0.009,0.014,22
19.650,-41.850,55.500,0.259,-10.216,0.965,-0.489,0.005,0.015,23
19.650,-41.850,55.500,0.306,-10.185,0.749,-0.457,0.003,0.016,22
19.650,-41.850,55.500,0.373,-10.070,0.637,-0.437,-0.002,0.014,22
20.100,-43.350,54.750,0.359,-10.202,0.692,-0.420,0.011,0.003,22
20.100,-43.350,54.750,0.402,-10.144,0.520,-0.381,0.021,-0.002,22
20.100,-43.350,54.750,0.285,-10.214,0.527,-0.360,0.015,-0.003,22
18.300,-43.500,55.200,0.311,-10.101,0.460,-0.345,0.020,-0.000,23
18.300,-43.500,55.200,0.294,-10.125,0.266,-0.324,0.016,0.002,22
19.350,-44.100,53.250,0.311,-10.211,0.280,-0.289,0.017,-0.004,22
19.350,-44.100,53.250,0.359,-10.175,0.297,-0.276,0.028,-0.009,22
20.250,-44.700,53.400,0.285,-10.168,0.318,-0.244,0.021,-0.006,22
20.250,-44.700,53.400,0.244,-10.293,0.244,-0.191,0.007,-0.012,22
20.250,-44.700,53.400,0.335,-10.434,0.352,-0.150,0.005,-0.002,23
20.250,-44.700,53.400,0.340,-10.420,0.206,-0.094,0.008,-0.002,22
20.250,-44.700,53.400,0.232,-10.429,0.194,-0.035,0.013,-0.007,22
20.550,-43.950,53.400,0.311,-10.259,0.160,0.022,0.018,-0.016,22
20.550,-43.950,53.400,0.362,-9.941,0.141,0.029,0.040,-0.014,22
18.750,-45.150,51.900,-0.057,-10.245,0.498,0.018,0.018,-0.019,22
18.750,-45.150,51.900,0.213,-10.022,0.129,0.054,0.004,-0.005,23
18.900,-44.100,52.050,0.287,-10.453,0.134,0.096,-0.016,-0.014,22
18.900,-44.100,52.050,0.010,-9.946,0.369,0.089,-0.009,0.008,22
19.050,-44.700,53.400,0.251,-10.307,0.508,0.141,-0.039,-0.006,22
19.050,-44.700,53.400,0.172,-10.434,-0.017,0.199,-0.007,-0.003,22
19.050,-44.700,53.400,0.474,-10.295,0.807,0.252,-0.020,-0.015,22
19.050,-44.700,53.400,0.201,-10.326,0.244,0.298,-0.012,-0.010,23
19.050,-44.700,53.400,0.481,-10.266,0.632,0.347,0.002,-0.016,22
18.600,-41.400,56.250,0.414,-10.192,0.685,0.386,0.000,-0.032,22
18.600,-41.400,56.250,0.345,-10.266,0.776,0.403,0.014,-0.031,22
19.800,-43.200,56.400,0.220,-10.168,0.876,0.435,0.011,-0.031,22
19.800,-43.200,56.400,0.263,-10.218,1.010,0.489,0.009,-0.035,22
20.100,-41.400,56.250,0.350,-10.317,1.051,0.527,-0.004,-0.030,23
20.100,-41.400,56.250,0.333,-10.245,1.132,0.560,0.004,-0.036,22
20.100,-41.400,56.250,0.421,-10.039,1.314,0.599,0.012,-0.038,22
19.350,-40.650,59.250,0.323,-9.929,1.516,0.622,0.009,-0.039,22
19.350,-40.650,59.250,0.278,-9.828,1.437,0.627,0.007,-0.039,22
19.350,-40.650,59.250,0.352,-9.883,1.717,0.625,0.005,-0.032,22
19.350,-40.650,59.250,0.417,-9.445,1.417,0.567,0.013,-0.032,22
19.050,-37.350,61.650,0.424,-9.723,2.385,0.531,-0.002,-0.039,23
19.050,-37.350,61.650,0.385,-9.555,1.760,0.527,-0.004,-0.039,22
19.050,-37.350,61.650,0.407,-9.835,2.203,0.510,0.006,-0.026,22
19.050,-37.350,61.650,0.242,-9.440,2.387,0.510,0.003,-0.020,22
19.050,-37.350,61.650,0.383,-9.723,2.464,0.511,0.000,-0.013,22
19.500,-36.900,64.650,0.508,-9.761,2.435,0.512,0.010,-0.023,22
19.500,-36.900,64.650,0.498,-9.603,2.823,0.521,0.011,-0.025,22
17.550,-35.700,64.950,0.414,-9.577,2.902,0.521,0.007,-0.027,23
17.550,-35.700,64.950,0.378,-9.436,2.837,0.516,0.003,-0.026,22
18.750,-34.500,67.950,0.376,-9.495,3.021,0.522,0.003,-0.028,22
18.750,-34.500,67.950,0.481,-9.512,3.208,0.535,0.011,-0.032,22
17.400,-34.050,67.800,0.364,-9.471,3.268,0.553,0.003,-0.028,22
17.400,-34.050,67.800,0.441,-9.682,3.558,0.599,0.002,-0.033,23
17.400,-34.050,67.800,0.455,-9.493,3.582,0.615,0.006,-0.035,22
17.400,-34.050,67.800,0.441,-9.519,3.747,0.651,0.001,-0.030,22
17.400,-34.050,67.800,0.488,-9.481,3.768,0.689,0.008,-0.037,22
16.500,-30.600,71.700,0.218,-9.383,3.989,0.754,0.015,-0.050,22
16.500,-30.600,71.700,0.532,-9.428,4.022,0.791,0.007,-0.041,22
18.600,-29.700,72.600,0.124,-9.076,4.475,0.794,0.005,-0.032,23
18.600,-29.700,72.600,0.417,-8.744,4.116,0.783,0.009,-0.047,22
17.550,-26.700,73.500,0.658,-9.067,4.877,0.808,0.010,-0.053,22
17.550,-26.700,73.500,0.256,-8.873,5.205,0.795,0.016,-0.054,22
17.550,-26.700,73.500,0.599,-8.511,4.745,0.800,0.007,-0.051,22
18.000,-27.150,75.000,0.457,-8.739,5.152,0.835,0.001,-0.051,22
18.000,-27.150,75.000,0.414,-8.468,5.155,0.842,0.007,-0.052,23
18.000,-27.150,75.000,0.520,-8.444,5.648,0.859,0.008,-0.054,22
18.000,-27.150,75.000,0.409,-8.207,5.559,0.884,-0.002,-0.046,22
18.300,-20.850,77.550,0.479,-8.207,5.818,0.913,-0.002,-0.045,22
18.300,-20.850,77.550,0.565,-8.143,5.959,0.927,-0.006,-0.048,22
18.150,-19.500,79.650,0.582,-8.042,6.060,0.965,0.003,-0.050,22
18.150,-19.500,79.650,0.522,-7.803,6.395,1.009,0.007,-0.051,23
17.700,-15.900,79.650,0.493,-7.573,6.404,1.039,0.007,-0.046,22
17.700,-15.900,79.650,0.488,-7.429,6.665,1.061,0.007,-0.053,22
17.700,-15.900,79.650,0.594,-7.209,6.632,1.067,0.003,-0.045,22
17.700,-15.150,79.650,0.599,-7.070,6.792,1.075,0.006,-0.054,22
17.700,-15.150,79.650,0.591,-6.826,6.859,1.066,0.002,-0.045,22
16.500,-11.100,80.550,0.515,-6.548,7.233,1.081,0.000,-0.046,23
16.500,-11.100,80.550,0.570,-6.309,7.305,1.070,-0.003,-0.031,22
16.200,-8.550,80.100,0.819,-6.160,7.391,1.058,0.007,-0.037,22
16.200,-8.550,80.100,0.584,-5.947,7.728,1.043,0.004,-0.044,22
16.200,-8.550,80.100,0.522,-5.787,7.772,1.027,-0.001,-0.046,22
16.200,-8.550,80.100,0.622,-5.466,7.942,1.010,0.003,-0.036,22
16.200,-8.550,80.100,0.723,-5.207,7.906,0.988,0.002,-0.035,23
17.550,-3.300,82.800,0.706,-5.028,8.109,0.955,0.003,-0.037,22
17.550,-3.300,82.800,0.522,-4.927,8.260,0.918,0.000,-0.041,22
17.400,-2.250,83.100,0.524,-4.602,8.215,0.871,-0.004,-0.038,22
17.400,-2.250,83.100,0.613,-4.053,8.454,0.825,0.000,-0.041,23
18.000,0.450,82.500,0.601,-4.027,8.566,0.732,0.008,-0.036,22
18.000,0.450,82.500,0.615,-3.759,8.669,0.656,0.005,-0.034,22
17.400,3.000,82.650,0.472,-3.661,8.600,0.597,0.002,-0.016,22
17.400,3.000,82.650,0.431,-3.826,8.950,0.553,-0.009,-0.013,22
17.400,3.000,82.650,0.723,-3.663,8.947,0.497,0.005,-0.008,22
17.400,3.000,82.650,0.690,-3.644,8.904,0.468,0.017,-0.008,22
17.400,3.000,82.650,0.649,-3.637,8.966,0.460,0.017,-0.013,22
18.750,5.250,81.300,0.589,-3.579,9.112,0.436,0.007,-0.012,23
18.750,5.250,81.300,0.649,-3.505,9.050,0.426,0.007,-0.015,22
16.800,6.450,80.550,0.675,-3.431,9.160,0.416,0.006,-0.021,22
16.800,6.450,80.550,0.608,-3.452,9.189,0.425,0.009,-0.035,22
18.000,7.200,80.250,0.644,-3.297,9.290,0.442,0.002,-0.036,22
18.000,7.200,80.250,0.625,-3.172,9.278,0.439,0.010,-0.033,22
18.000,7.200,80.250,0.654,-3.105,9.359,0.452,0.005,-0.028,22
17.400,9.750,81.600,0.658,-2.966,9.412,0.463,0.006,-0.023,23
17.400,9.750,81.600,0.711,-2.926,9.419,0.470,0.009,-0.028,22
17.400,9.750,81.600,0.747,-2.835,9.400,0.482,0.004,-0.038,22
17.400,9.750,81.600,0.749,-2.720,9.354,0.494,0.012,-0.043,22
16.050,12.300,78.750,0.680,-2.550,9.402,0.492,0.008,-0.046,22
16.050,12.300,78.750,0.563,-2.246,9.498,0.483,0.007,-0.039,22
16.050,12.300,78.750,0.709,-2.093,9.464,0.466,0.003,-0.036,23
16.050,12.300,78.750,0.678,-1.915,9.491,0.430,0.005,-0.030,22
16.050,12.300,78.750,0.702,-1.721,9.462,0.391,0.013,-0.029,22
18.000,14.250,78.750,0.627,-1.623,9.536,0.343,0.012,-0.031,22
18.000,14.250,78.750,0.634,-1.298,9.414,0.280,0.011,-0.027,22
18.000,13.800,79.500,0.649,-1.207,9.448,0.173,0.010,-0.013,22
18.000,13.800,79.500,0.713,-1.154,9.412,0.101,0.014,-0.003,23
18.150,13.650,77.850,0.668,-1.173,9.450,0.027,0.010,0.001,22
18.150,13.650,77.850,0.699,-1.144,9.419,-0.096,0.009,-0.006,22
19.350,15.600,79.350,0.646,-1.463,9.565,-0.149,0.014,0.002,22
19.350,15.600,79.350,0.579,-1.607,9.582,-0.186,0.013,0.013,22
19.350,15.600,79.350,0.634,-1.465,9.538,-0.239,0.007,0.005,22
19.350,15.600,79.350,0.816,-1.549,9.560,-0.271,0.018,0.004,23
19.350,15.600,79.350,0.673,-1.635,9.493,-0.298,0.022,0.003,22
18.300,13.800,78.750,0.543,-1.688,9.529,-0.339,0.015,0.007,22
18.300,13.800,78.750,0.654,-1.657,9.474,-0.404,0.013,0.019,22
17.700,13.650,78.600,0.742,-1.750,9.471,-0.436,0.023,0.013,22
17.700,13.650,78.600,0.658,-1.820,9.409,-0.487,0.025,0.006,22
15.750,12.600,81.000,0.565,-1.901,9.421,-0.544,0.016,0.010,23
15.750,12.600,81.000,0.682,-2.133,9.323,-0.579,0.013,0.005,22
15.750,12.600,81.000,0.742,-2.239,9.246,-0.621,0.014,0.004,22
18.000,11.100,79.800,0.560,-2.500,9.139,-0.655,0.024,0.006,22
18.000,11.100,79.800,0.663,-2.677,9.392,-0.692,0.011,0.016,22
18.000,11.100,79.800,0.646,-2.500,9.179,-0.725,0.008,0.013,22
18.000,11.100,79.800,0.754,-2.938,9.371,-0.764,0.016,0.014,23
16.950,8.100,81.150,0.625,-2.828,8.921,-0.821,0.016,0.014,22
16.950,8.100,81.150,0.541,-3.124,9.268,-0.848,0.016,0.016,22
16.200,6.900,81.150,0.601,-3.153,8.842,-0.899,0.020,0.012,22
16.200,6.900,81.150,0.618,-3.431,8.878,-0.926,0.019,0.018,22
18.300,5.250,83.250,1.039,-4.204,9.443,-0.923,-0.001,0.029,22
18.300,5.250,83.250,0.759,-4.140,8.519,-0.940,0.019,0.034,23
18.300,5.250,83.250,0.515,-3.972,8.808,-0.935,0.014,0.022,22
17.550,2.850,82.500,0.472,-4.492,8.813,-0.941,0.015,0.028,22
17.550,2.850,82.500,0.534,-4.532,8.396,-0.955,0.025,0.039,22
16.650,0.750,83.700,0.611,-4.884,8.420,-0.943,0.020,0.036,22
16.650,0.750,83.700,0.567,-5.234,8.466,-0.933,0.024,0.031,22
17.400,-3.450,82.350,0.596,-5.234,8.258,-0.909,0.027,0.019,23
17.400,-3.450,82.350,0.654,-5.349,8.241,-0.889,0.021,0.020,22
17.400,-3.450,82.350,0.713,-5.483,8.236,-0.881,0.030,0.014,22
17.400,-3.450,82.350,0.582,-5.523,7.982,-0.893,0.027,0.015,22
17.400,-3.450,82.350,0.541,-5.617,7.817,-0.909,0.021,0.016,22
16.650,-6.900,81.150,0.481,-5.660,7.673,-0.931,0.020,0.016,22
16.650,-6.900,81.150,0.464,-5.787,7.681,-0.965,0.018,0.015,23
16.800,-9.150,82.050,0.515,-6.096,7.535,-0.990,0.025,0.008,22
16.800,-9.150,82.050,0.663,-6.357,7.283,-0.997,0.021,0.003,22
18.150,-11.250,81.900,0.515,-6.507,7.353,-1.004,0.023,0.012,22
18.150,-11.250,81.900,0.464,-6.594,7.087,-1.025,0.022,0.028,22
18.000,-13.800,81.750,0.424,-6.737,6.917,-1.032,0.010,0.030,22
18.000,-13.800,81.750,0.584,-6.886,6.886,-1.039,0.014,0.035,23
18.000,-13.800,81.750,0.687,-7.235,6.627,-1.035,0.020,0.031,22
18.000,-13.800,81.750,0.565,-7.353,6.424,-1.043,0.030,0.029,22
18.000,-13.800,81.750,0.402,-7.479,6.404,-1.048,0.026,0.027,22
17.250,-18.900,80.250,0.445,-7.618,6.177,-1.047,0.019,0.021,22
17.250,-18.900,80.250,0.510,-7.846,6.184,-1.028,0.023,0.020,22
17.550,-19.650,78.750,0.527,-8.124,5.899,-1.013,0.035,0.016,22
17.550,-19.650,78.750,0.321,-8.176,5.710,-0.990,0.028,0.009,23
17.250,-23.250,78.000,0.364,-8.401,5.725,-0.971,0.018,0.015,22
17.250,-23.250,78.000,0.510,-8.456,5.454,-0.933,0.016,0.026,22
17.250,-23.250,78.000,0.570,-8.531,5.349,-0.909,0.015,0.009,22
17.400,-25.350,75.150,0.632,-8.442,5.121,-0.892,0.037,0.013,22
17.400,-25.350,75.150,0.397,-8.679,4.973,-0.861,0.021,0.022,22
17.400,-25.350,75.150,0.412,-8.753,4.863,-0.848,0.003,0.022,23
17.400,-25.350,75.150,0.584,-8.823,4.673,-0.835,0.026,0.014,22
17.250,-28.650,73.500,0.551,-8.827,4.688,-0.821,0.020,0.016,22
17.250,-28.650,73.500,0.362,-8.780,4.429,-0.824,0.018,0.015,22
17.550,-29.100,73.200,0.352,-8.978,4.223,-0.837,0.020,0.013,22
17.550,-29.100,73.200,0.496,-8.933,4.017,-0.825,0.004,0.011,22
17.550,-29.100,73.200,0.522,-9.143,3.850,-0.834,0.016,0.021,23
19.350,-31.200,69.300,0.441,-9.165,3.680,-0.840,0.025,0.019,22
19.350,-31.200,69.300,0.321,-9.323,3.785,-0.820,0.013,0.009,22
18.750,-33.750,69.000,0.441,-9.431,3.436,-0.820,0.019,0.010,22
18.750,-33.750,69.000,0.467,-9.404,3.218,-0.815,0.027,0.018,22
18.750,-35.400,68.700,0.259,-9.586,3.218,-0.796,0.016,0.016,22
18.750,-35.400,68.700,0.357,-9.491,3.031,-0.788,0.022,0.017,23
19.350,-36.000,66.600,0.323,-9.615,2.820,-0.784,0.025,0.007,22
19.350,-36.000,66.600,0.345,-9.718,2.646,-0.764,0.015,0.006,22
19.350,-36.000,66.600,0.273,-9.689,2.523,-0.758,0.013,0.016,22
19.350,-36.000,66.600,0.352,-9.766,2.356,-0.736,0.014,0.023,22
19.350,-36.000,66.600,0.388,-9.878,2.361,-0.707,0.010,0.021,22
18.150,-38.250,62.850,0.273,-10.089,2.303,-0.715,0.016,0.026,23
18.150,-38.250,62.850,0.376,-9.902,1.808,-0.665,0.001,0.017,22
18.300,-37.350,61.200,0.445,-10.036,1.954,-0.624,0.006,0.007,22
18.300,-37.350,61.200,0.543,-9.998,1.817,-0.608,0.030,0.001,22
19.050,-40.500,59.700,0.342,-9.972,1.683,-0.574,0.018,0.003,22
19.050,-40.500,59.700,0.256,-10.087,1.566,-0.519,0.004,0.003,22
19.050,-40.500,59.700,0.417,-9.991,1.405,-0.512,0.018,0.005,23
19.050,-40.800,60.150,0.381,-10.123,1.221,-0.486,0.011,-0.001,22
19.050,-40.800,60.150,0.204,-10.058,1.408,-0.468,0.019,0.003,22
19.050,-40.800,60.150,0.297,-10.171,1.286,-0.424,0.017,0.005,22
19.050,-40.800,60.150,0.357,-10.319,1.267,-0.378,0.012,0.004,22
20.400,-43.050,58.050,0.342,-10.338,1.257,-0.344,0.022,-0.000,22
20.400,-43.050,58.050,0.345,-10.398,1.039,-0.255,0.026,-0.000,23
18.300,-41.550,57.150,0.239,-10.448,1.116,-0.186,0.008,0.002,22
18.300,-41.550,57.150,0.235,-10.475,1.109,-0.124,0.004,-0.002,22
18.300,-41.550,57.150,0.424,-10.439,0.977,-0.056,0.012,-0.012,22
19.350,-42.600,57.300,0.362,-10.087,0.836,0.007,0.027,-0.008,22
19.350,-42.600,57.300,0.321,-10.044,0.680,-0.010,0.065,0.006,22
20.250,-42.450,56.400,0.457,-9.898,1.192,0.040,0.015,-0.028,23
20.250,-42.450,56.400,0.010,-9.685,0.733,0.024,-0.023,-0.022,22
20.250,-42.450,56.400,0.338,-10.238,1.030,-0.001,0.010,-0.006,22
20.250,-42.450,56.400,0.694,-10.025,1.089,0.049,-0.018,-0.021,22
19.350,-42.150,57.300,0.256,-10.202,1.240,0.045,0.038,-0.014,22
19.350,-42.150,57.300,0.429,-9.900,0.534,0.062,0.014,-0.010,22
19.500,-42.000,57.450,0.347,-10.412,1.745,0.139,0.006,-0.021,23
19.500,-42.000,57.450,0.192,-10.053,0.474,0.135,0.018,-0.013,22
19.500,-42.000,57.450,0.323,-10.199,1.358,0.177,0.003,-0.017,22
19.050,-41.250,57.150,0.345,-9.967,0.900,0.210,-0.004,-0.017,22
19.050,-41.250,57.150,0.340,-10.159,1.511,0.240,0.007,-0.014,22
18.600,-39.900,57.750,0.306,-9.953,1.307,0.259,0.014,-0.017,22
18.600,-39.900,57.750,0.402,-10.230,1.523,0.301,0.010,-0.024,23
19.500,-40.800,58.950,0.273,-10.008,1.647,0.322,0.008,-0.026,22
19.500,-40.800,58.950,0.405,-9.993,1.592,0.351,-0.009,-0.022,22
17.550,-40.050,61.650,0.347,-9.979,1.592,0.389,-0.003,-0.023,22
17.550,-40.050,61.650,0.237,-10.044,1.700,0.406,0.004,-0.029,22
17.550,-40.050,61.650,0.338,-9.922,1.875,0.427,0.007,-0.023,22
17.550,-40.050,61.650,0.328,-9.831,1.901,0.448,0.001,-0.026,22
17.550,-40.050,61.650,0.357,-9.938,2.069,0.467,0.005,-0.029,23
17.700,-39.000,63.600,0.464,-9.871,2.088,0.496,0.011,-0.028,22
17.700,-39.000,63.600,0.390,-9.843,2.308,0.495,0.005,-0.027,22
18.000,-36.450,62.400,0.433,-9.728,2.291,0.514,0.009,-0.030,22
18.000,-36.450,62.400,0.393,-9.807,2.394,0.530,0.004,-0.031,22
19.350,-36.000,64.350,0.215,-9.321,2.385,0.515,0.020,-0.034,22
19.350,-36.000,64.350,0.177,-9.139,2.693,0.477,-0.003,-0.034,23
19.350,-36.000,64.350,0.453,-9.510,2.885,0.463,-0.004,-0.027,22
18.300,-36.150,64.950,0.400,-9.479,2.660,0.455,-0.003,-0.016,22
18.300,-36.150,64.950,0.414,-9.419,3.208,0.473,-0.002,-0.015,22
18.300,-36.150,64.950,0.350,-9.421,3.074,0.473,0.006,-0.021,22
18.300,-36.150,64.950,0.407,-9.464,3.352,0.492,0.003,-0.022,22
18.750,-33.450,68.250,0.283,-9.292,3.426,0.486,0.007,-0.026,23
18.750,-33.450,68.250,0.431,-9.342,3.464,0.493,0.000,-0.026,22
18.600,-32.400,69.300,0.512,-9.208,3.634,0.487,0.001,-0.021,22
18.600,-32.400,69.300,0.431,-9.268,3.812,0.493,0.002,-0.023,23
18.600,-32.400,69.300,0.395,-9.175,3.637,0.501,-0.001,-0.019,22
16.500,-33.000,71.700,0.486,-9.165,4.015,0.499,0.006,-0.025,22
16.500,-33.000,71.700,0.455,-9.024,3.989,0.500,0.007,-0.021,22
16.950,-31.200,70.800,0.414,-9.019,4.257,0.506,0.006,-0.027,22
16.950,-31.200,70.800,0.445,-9.009,4.161,0.506,0.003,-0.030,22
16.950,-31.200,70.800,0.421,-9.069,4.551,0.526,0.001,-0.036,22
16.950,-31.200,70.800,0.352,-8.921,4.300,0.528,-0.005,-0.028,22
18.150,-26.550,74.400,0.658,-9.014,4.630,0.560,0.014,-0.020,22
18.150,-26.550,74.400,0.498,-8.645,4.523,0.579,0.003,-0.023,23
18.150,-26.550,74.400,0.553,-8.772,5.059,0.571,0.013,-0.030,22
18.150,-26.550,74.400,0.453,-8.447,4.748,0.568,-0.002,-0.024,22
18.150,-26.550,74.400,0.335,-8.569,5.054,0.570,-0.001,-0.036,22
17.400,-25.350,76.350,0.397,-8.296,5.064,0.557,0.003,-0.038,22
17.400,-25.350,76.350,0.603,-8.291,5.164,0.570,0.002,-0.030,22
17.250,-24.000,75.750,0.409,-8.203,5.519,0.560,0.014,-0.029,23
17.250,-24.000,75.750,0.342,-8.133,5.564,0.554,0.009,-0.033,22
17.400,-23.400,75.600,0.433,-8.265,5.473,0.553,0.006,-0.031,22
17.400,-23.400,75.600,0.637,-8.203,5.818,0.563,0.007,-0.037,22
17.400,-23.400,75.600,0.587,-8.076,5.875,0.567,0.002,-0.036,22
17.700,-21.900,77.100,0.524,-7.843,5.957,0.579,0.015,-0.036,22
17.700,-21.900,77.100,0.326,-7.812,6.019,0.578,0.013,-0.038,23
17.700,-21.900,77.100,0.381,-7.659,6.208,0.581,0.008,-0.043,22
17.700,-21.900,77.100,0.491,-7.611,6.182,0.563,0.003,-0.039,22
16.950,-18.750,79.650,0.488,-7.412,6.428,0.550,0.011,-0.039,22
16.950,-18.750,79.650,0.467,-7.400,6.426,0.542,0.006,-0.040,22
17.700,-17.550,80.100,0.460,-7.372,6.601,0.522,0.009,-0.029,22
17.700,-17.550,80.100,0.488,-7.230,6.570,0.519,0.010,-0.031,23
18.300,-17.550,80.100,0.527,-7.238,6.761,0.522,-0.001,-0.024,22
18.300,-16.500,79.800,0.539,-7.065,6.826,0.517,0.004,-0.018,22
18.300,-16.500,79.800,0.532,-7.015,6.876,0.521,0.011,-0.022,22
16.950,-13.200,81.900,0.469,-6.943,7.058,0.525,0.006,-0.018,22
16.950,-13.200,81.900,0.591,-6.704,6.948,0.502,0.004,-0.029,22
16.950,-13.200,81.900,0.649,-6.400,7.065,0.442,0.002,-0.033,23
16.950,-13.200,81.900,0.498,-6.452,7.209,0.430,0.001,-0.029,22
16.650,-11.250,80.850,0.565,-6.548,7.436,0.421,0.006,-0.036,22
16.650,-11.250,80.850,0.553,-6.541,7.415,0.407,0.015,-0.037,22
18.000,-10.350,81.300,0.539,-6.371,7.494,0.415,0.008,-0.034,22
18.000,-10.350,81.300,0.508,-6.479,7.573,0.431,0.001,-0.008,22
18.000,-10.350,81.300,0.646,-6.505,7.805,0.414,-0.002,-0.017,23
16.050,-9.150,81.000,0.421,-6.100,7.630,0.426,0.014,-0.024,22
16.050,-9.150,81.000,0.874,-6.220,7.736,0.483,0.022,-0.027,22
16.800,-7.500,81.750,0.263,-6.285,8.195,0.471,-0.010,-0.009,22
16.800,-7.500,81.750,0.637,-5.660,7.427,0.457,0.027,0.004,22
16.800,-7.500,81.750,0.790,-5.377,7.362,0.474,-0.005,-0.018,22
16.800,-7.500,81.750,0.606,-5.983,8.569,0.472,0.003,-0.027,23
17.550,-6.450,82.050,0.555,-5.315,7.659,0.434,0.017,-0.036,22
17.550,-6.450,82.050,0.400,-5.646,8.317,0.459,0.002,-0.039,22
17.550,-6.450,82.050,0.694,-5.459,8.217,0.468,-0.002,-0.034,22
17.550,-6.450,82.050,0.508,-5.459,8.140,0.452,0.015,-0.027,22
17.550,-6.450,82.050,0.567,-5.207,8.083,0.491,-0.001,-0.032,22
18.750,-3.300,84.300,0.455,-5.279,8.442,0.485,0.007,-0.036,22
18.750,-3.300,84.300,0.560,-5.021,8.234,0.476,0.009,-0.026,22
16.500,-1.650,82.800,0.584,-5.025,8.447,0.483,-0.003,-0.033,23
16.500,-1.650,82.800,0.704,-4.894,8.521,0.489,0.007,-0.028,22
18.000,-0.150,81.000,0.603,-4.652,8.681,0.490,0.008,-0.029,22
18.000,-0.150,81.000,0.615,-4.422,8.540,0.474,0.010,-0.026,22
18.000,-0.150,81.000,0.565,-4.381,8.633,0.448,0.009,-0.029,22
18.000,-0.450,81.000,0.462,-4.372,8.753,0.420,0.001,-0.022,23
18.000,-0.450,81.000,0.682,-4.331,8.744,0.415,-0.001,-0.025,22
18.000,-0.450,81.000,0.733,-4.314,8.760,0.409,0.004,-0.025,22
18.000,-0.450,81.000,0.539,-4.099,8.780,0.410,0.010,-0.030,22
17.700,3.450,81.900,0.651,-4.001,8.940,0.393,0.005,-0.025,22
17.700,3.450,81.900,0.642,-3.929,8.909,0.382,0.005,-0.024,22
16.800,4.800,81.750,0.675,-3.721,9.038,0.360,0.013,-0.029,23
16.800,4.800,81.750,0.524,-3.701,9.096,0.335,0.010,-0.032,22
16.800,4.800,81.750,0.591,-3.742,9.172,0.335,0.005,-0.026,22
16.650,5.400,82.350,0.704,-3.644,9.136,0.328,0.005,-0.021,22
16.650,5.400,82.350,0.702,-3.630,9.155,0.336,0.011,-0.018,22
15.300,6.000,82.050,0.718,-3.553,9.141,0.344,0.008,-0.020,22
15.300,6.000,82.050,0.716,-3.560,9.163,0.359,0.008,-0.019,23
15.300,6.000,82.050,0.620,-3.500,9.254,0.381,0.005,-0.024,22
15.300,6.000,82.050,0.749,-3.388,9.232,0.401,0.007,-0.025,22
18.750,6.750,81.000,0.608,-3.354,9.361,0.424,0.006,-0.027,22
18.750,6.750,81.000,0.632,-3.282,9.414,0.435,0.010,-0.028,22
18.750,6.750,81.000,0.630,-2.983,9.412,0.456,0.008,-0.030,22
18.150,10.050,80.850,0.613,-2.832,9.433,0.453,0.004,-0.026,23
18.150,10.050,80.850,0.591,-2.569,9.352,0.445,0.002,-0.030,22
16.950,12.450,80.100,0.754,-2.449,9.385,0.420,0.003,-0.030,22
16.950,12.450,80.100,0.675,-2.356,9.342,0.373,0.007,-0.041,22
17.550,12.300,78.750,0.656,-2.145,9.349,0.333,0.007,-0.037,22
17.550,12.300,78.750,0.644,-2.109,9.404,0.293,0.006,-0.030,22
17.550,12.300,78.750,0.613,-2.121,9.462,0.257,0.004,-0.024,23
17.550,12.300,78.750,0.651,-2.052,9.428,0.235,0.006,-0.016,22
17.550,12.300,78.750,0.675,-2.042,9.503,0.216,0.013,-0.017,22
17.400,12.000,79.650,0.587,-1.887,9.584,0.188,0.014,-0.015,22
17.400,12.000,79.650,0.620,-1.884,9.543,0.150,0.013,-0.010,22
17.400,12.000,79.650,0.685,-1.911,9.601,0.128,0.008,-0.015,22
17.400,12.000,79.650,0.666,-1.951,9.589,0.123,0.008,-0.013,23
17.400,13.950,79.350,0.654,-1.999,9.608,0.125,0.002,-0.004,22
17.400,13.950,79.350,0.785,-1.930,9.510,0.128,0.009,-0.005,22
17.550,13.050,79.800,0.706,-1.820,9.512,0.130,0.011,-0.010,22
17.550,13.050,79.800,0.642,-1.776,9.639,0.119,0.010,-0.021,22
17.550,13.050,79.800,0.606,-1.774,9.615,0.107,0.008,-0.015,22
18.900,14.850,78.900,0.577,-1.776,9.644,0.106,0.005,-0.012,23
18.900,14.850,78.900,0.721,-1.630,9.708,0.111,0.008,-0.007,22
18.300,15.750,78.300,0.718,-1.611,9.716,0.104,0.009,-0.012,22
18.300,15.750,78.300,0.721,-1.607,9.661,0.095,0.009,-0.020,22
18.300,15.750,78.300,0.692,-1.592,9.591,0.083,0.007,-0.014,22
18.300,15.750,78.300,0.690,-1.585,9.584,0.082,0.012,-0.015,22
17.700,16.350,78.900,0.649,-1.578,9.735,0.081,0.011,-0.016,23
17.700,16.350,78.900,0.713,-1.633,9.682,0.086,0.007,-0.016,22
18.150,15.150,78.600,0.752,-1.563,9.618,0.086,0.006,-0.016,22
18.150,15.150,78.600,0.718,-1.496,9.713,0.083,0.011,-0.024,22
18.150,15.150,78.600,0.642,-1.401,9.658,0.076,0.008,-0.026,22
18.000,16.200,78.000,0.637,-1.448,9.706,0.071,0.006,-0.017,22
18.000,16.200,78.000,0.666,-1.405,9.744,0.072,0.003,-0.028,23
17.550,16.200,77.250,0.711,-1.329,9.752,0.068,0.005,-0.023,22
17.550,16.200,77.250,0.661,-1.338,9.740,0.073,0.005,-0.023,22
17.550,16.200,77.250,0.656,-1.326,9.627,0.066,0.008,-0.018,22
17.550,16.200,77.250,0.790,-1.238,9.637,0.066,0.008,-0.023,22
18.300,16.950,77.550,0.687,-1.216,9.685,0.054,0.013,-0.015,22
18.300,16.950,77.550,0.690,-1.293,9.677,0.052,0.008,-0.015,22
18.300,16.950,77.550,0.601,-1.295,9.713,0.060,0.007,-0.014,23
18.300,17.400,77.550,0.797,-1.250,9.742,0.069,0.009,-0.019,22
NEW_MEASUREMENTS
29.550,15.150,74.400,0.249,-0.895,10.264,-0.088,-0.007,0.035,38
29.550,15.150,74.400,0.706,1.053,8.531,-0.019,-0.034,0.023,23
29.550,15.150,74.400,1.087,-0.101,10.187,0.008,-0.035,0.030,23
29.700,14.250,74.250,0.950,0.589,9.227,-0.079,0.031,0.046,22
29.700,14.250,74.250,0.927,0.098,10.573,-0.048,0.037,0.038,22
30.300,15.900,75.150,0.436,0.393,9.665,-0.049,0.043,0.048,22
30.300,15.900,75.150,0.371,0.048,9.756,-0.084,0.007,0.053,22
28.350,14.850,75.150,0.826,0.419,9.242,-0.059,0.015,0.038,22
28.350,14.850,75.150,1.006,-0.170,10.113,-0.024,0.021,0.049,22
28.350,14.850,75.150,1.037,0.302,9.653,-0.044,0.004,0.057,22
28.800,14.850,75.900,0.898,0.472,9.603,-0.056,0.003,0.049,22
28.800,14.850,75.900,0.606,0.292,9.799,-0.044,0.011,0.050,22
28.800,14.850,76.350,0.797,0.278,9.538,-0.070,0.023,0.048,22
28.800,14.850,76.350,0.845,0.321,9.673,-0.068,0.017,0.053,22
28.200,15.750,76.200,0.917,0.043,10.001,-0.038,0.011,0.046,22
28.200,15.750,76.200,0.761,0.110,9.931,-0.049,0.020,0.054,22
28.200,15.750,76.200,0.668,0.357,9.536,-0.038,0.015,0.046,22
28.200,15.750,76.200,0.874,0.165,9.656,-0.043,0.005,0.044,22
28.200,15.750,76.200,0.991,0.225,9.665,-0.055,0.024,0.047,22
28.200,15.750,75.750,1.010,0.187,9.809,-0.053,0.017,0.051,22
28.200,15.750,75.750,0.919,0.158,9.859,-0.048,0.012,0.050,22
28.950,14.250,75.750,0.661,0.148,9.914,-0.056,0.018,0.048,22
28.950,14.250,75.750,0.747,0.271,9.694,-0.044,0.014,0.050,22
27.900,16.200,73.950,0.881,0.156,9.843,-0.040,0.016,0.044,22
27.900,16.200,73.950,0.915,0.220,9.694,-0.051,0.009,0.038,22
27.900,16.200,73.950,0.922,0.199,9.747,-0.052,0.016,0.040,22
29.700,17.700,74.700,0.821,0.251,9.697,-0.050,0.021,0.039,22
29.700,17.700,74.700,0.843,0.189,9.787,-0.062,0.019,0.039,22
29.700,17.700,74.700,0.881,0.227,9.677,-0.058,0.021,0.032,22
29.700,17.700,74.700,0.855,0.074,9.883,-0.046,0.016,0.032,22
27.300,14.850,74.100,0.857,0.223,9.732,-0.046,0.015,0.030,22
27.300,14.850,74.100,0.855,0.247,9.680,-0.038,0.004,0.032,22
28.650,14.250,75.750,0.831,0.292,9.771,-0.048,0.009,0.030,22
28.650,14.250,75.750,0.934,0.259,9.802,-0.051,0.011,0.025,22
28.650,14.250,75.750,0.888,0.237,9.759,-0.050,0.009,0.017,22
29.400,15.450,74.250,0.891,0.165,9.845,-0.047,0.007,0.011,22
29.400,15.450,74.250,0.876,0.201,9.613,-0.054,0.012,0.007,22
27.900,15.750,75.000,0.838,0.259,9.811,-0.049,0.012,0.006,22
27.900,15.750,75.000,0.874,0.127,9.718,-0.053,0.010,0.000,23
27.900,15.750,75.000,0.840,0.175,9.701,-0.051,0.013,-0.005,22
27.900,15.750,75.000,0.819,0.237,9.711,-0.054,0.014,-0.011,22
28.800,14.850,74.850,0.903,0.220,9.787,-0.053,0.014,-0.013,22
28.800,14.850,74.850,0.812,0.189,9.776,-0.056,0.016,-0.004,22
28.800,14.850,74.850,0.850,0.194,9.699,-0.055,0.013,-0.004,22
28.200,14.550,75.450,0.840,0.204,9.847,-0.054,0.016,-0.009,23
28.200,14.550,75.450,0.862,0.266,9.764,-0.059,0.017,-0.003,22
28.950,16.500,76.200,0.874,0.199,9.735,-0.052,0.010,-0.009,22
28.950,16.500,76.200,0.795,0.199,9.658,-0.048,0.009,-0.001,22
29.400,15.450,75.450,0.891,0.199,9.852,-0.052,0.012,-0.004,22
29.400,15.450,75.450,0.915,0.251,9.735,-0.049,0.008,-0.004,22
28.650,15.450,73.950,0.836,0.189,9.809,-0.048,0.010,-0.005,23
28.650,15.450,73.950,0.809,0.211,9.766,-0.054,0.009,-0.007,22
28.650,15.450,73.950,0.831,0.204,9.780,-0.052,0.014,-0.004,22
26.550,15.150,75.900,0.843,0.261,9.747,-0.059,0.012,-0.001,22
26.550,15.150,75.900,0.826,0.285,9.740,-0.064,0.017,0.000,22
26.550,15.150,75.900,0.752,0.148,9.799,-0.066,0.013,-0.002,22
26.550,15.150,75.900,0.783,0.192,9.835,-0.060,0.014,-0.005,22
28.050,14.850,74.850,0.783,0.115,9.814,-0.051,0.015,-0.004,23
28.050,14.850,74.850,0.812,0.124,9.692,-0.046,0.009,-0.005,22
29.100,15.600,74.850,0.795,0.237,9.694,-0.044,0.015,-0.001,22
29.100,15.600,74.850,0.948,0.256,9.706,-0.049,0.015,0.009,22
29.100,15.600,74.850,0.740,0.204,9.871,-0.050,0.015,0.013,22
29.100,16.800,74.850,0.773,0.244,9.706,-0.053,0.011,0.011,22
29.100,16.800,74.850,0.867,0.318,9.783,-0.069,0.012,0.010,23
28.350,15.900,76.650,0.879,0.297,9.814,-0.080,0.013,0.015,22
28.350,15.900,76.650,0.802,0.311,9.692,-0.094,0.012,0.010,22
28.350,15.900,76.650,0.895,0.328,9.754,-0.119,0.011,0.016,22
28.350,15.900,76.650,0.879,0.220,9.742,-0.141,0.015,0.008,22
29.400,15.450,75.000,0.881,0.347,9.692,-0.153,0.015,0.004,22
29.400,15.450,75.000,0.759,0.350,9.931,-0.189,0.019,0.003,23
28.950,16.500,75.000,0.603,0.855,9.383,-0.288,0.005,-0.017,22
28.950,16.500,75.000,0.905,0.385,9.708,-0.339,0.015,-0.027,22
28.950,16.500,75.000,0.955,0.330,9.747,-0.386,0.023,-0.014,22
28.050,15.150,76.650,0.965,0.136,9.708,-0.455,0.048,-0.002,22
28.050,15.150,76.650,0.747,0.180,9.706,-0.511,0.030,0.018,22
29.100,12.900,75.900,0.812,-0.101,9.720,-0.555,0.029,0.031,23
29.100,12.900,75.900,0.728,-0.043,9.618,-0.603,0.026,0.032,22
29.100,12.900,75.900,0.867,-0.220,9.373,-0.648,0.013,0.033,22
29.100,12.900,75.900,0.860,-0.563,9.718,-0.678,0.021,0.032,22
28.350,12.450,78.900,0.800,-0.591,9.493,-0.718,0.029,0.036,22
28.350,12.450,78.900,0.797,-0.860,9.694,-0.748,0.015,0.026,22
28.350,12.450,78.900,0.871,-0.982,9.507,-0.759,0.009,0.014,23
28.350,12.450,78.900,0.800,-1.221,9.536,-0.782,0.017,0.011,22
28.350,12.450,78.900,0.776,-1.381,9.596,-0.784,0.017,0.009,22
28.950,9.150,77.250,0.836,-1.566,9.713,-0.800,0.023,0.010,22
28.950,9.150,77.250,0.663,-1.542,9.517,-0.819,0.023,0.004,22
28.350,4.950,78.150,0.754,-1.848,9.459,-0.809,0.000,0.004,22
28.350,4.950,78.150,1.008,-2.191,10.147,-0.798,0.058,0.025,23
28.800,6.150,81.150,1.678,-2.014,9.225,-0.764,0.056,0.026,22
28.800,6.150,81.150,1.006,-2.394,9.577,-0.814,0.078,0.024,22
28.800,6.150,81.150,0.795,-2.418,9.450,-0.768,0.048,-0.010,22
28.200,4.800,79.500,0.776,-2.909,9.677,-0.755,0.043,-0.043,22
28.200,4.800,79.500,0.941,-3.220,9.409,-0.837,0.089,-0.035,22
28.200,4.800,79.500,0.594,-2.813,8.686,-0.817,0.083,-0.040,23
28.200,4.800,79.500,0.232,-3.558,9.043,-0.810,0.057,-0.029,22
28.950,0.150,79.500,0.539,-3.294,8.866,-0.835,0.046,-0.017,22
28.950,0.150,79.500,0.565,-3.644,9.311,-0.827,0.040,-0.028,22
28.050,-3.000,78.900,1.037,-3.651,9.064,-0.814,0.021,-0.027,22
28.050,-3.000,78.900,0.503,-4.221,9.402,-0.807,0.039,-0.013,22
28.050,-3.000,78.900,0.745,-3.780,8.404,-0.799,0.068,-0.001,23
28.650,-4.500,79.050,0.864,-4.638,9.448,-0.735,0.075,0.007,22
28.650,-4.500,79.050,0.189,-4.271,8.523,-0.712,0.032,-0.019,22
27.900,-5.250,81.000,0.649,-4.240,8.830,-0.768,0.013,-0.031,22
27.900,-5.250,81.000,0.546,-4.252,8.286,-0.696,0.007,-0.048,22
27.900,-5.250,81.000,0.057,-5.121,9.038,-0.786,0.037,-0.014,22
27.900,-5.250,81.000,0.838,-4.288,7.693,-0.786,0.040,-0.006,23
29.700,-7.950,81.000,0.860,-5.205,9.354,-0.710,0.017,-0.016,22
29.700,-7.950,81.000,0.555,-5.301,8.894,-0.796,0.045,0.019,22
29.700,-7.950,81.000,0.599,-4.894,7.896,-0.817,0.034,0.031,22
29.700,-10.650,78.750,0.436,-5.337,8.255,-0.798,0.028,0.021,22
29.700,-10.650,78.750,0.488,-5.516,8.059,-0.807,0.023,0.009,22
28.350,-10.950,78.150,0.582,-5.669,8.100,-0.807,0.020,0.016,23
28.350,-10.950,78.150,0.579,-5.801,7.882,-0.834,0.017,0.027,22
29.100,-12.450,77.100,0.591,-5.784,7.621,-0.822,0.016,0.040,22
29.100,-12.450,77.100,0.560,-6.129,7.908,-0.834,0.024,0.042,22
28.950,-14.550,78.000,0.512,-6.067,7.513,-0.838,0.026,0.031,22
28.950,-14.550,78.000,0.402,-6.397,7.717,-0.829,0.007,0.012,22
28.800,-14.550,78.000,0.558,-6.385,7.207,-0.817,0.023,0.011,23
28.800,-17.100,75.900,0.567,-6.852,7.453,-0.816,0.026,0.007,22
28.800,-17.100,75.900,0.505,-6.936,7.099,-0.786,0.024,0.010,22
28.800,-17.100,75.900,0.520,-6.986,7.149,-0.755,0.023,0.015,22
28.800,-17.100,75.900,0.510,-7.099,7.187,-0.738,0.019,0.022,22
27.600,-20.250,75.150,0.611,-7.343,6.970,-0.705,0.017,0.017,22
27.600,-20.250,75.150,0.536,-7.420,6.797,-0.671,0.024,0.015,22
28.050,-22.650,73.350,0.469,-7.549,6.756,-0.638,0.024,0.007,23
28.050,-22.650,73.350,0.493,-7.707,6.869,-0.599,0.017,0.001,22
28.050,-22.650,73.350,0.603,-7.458,6.582,-0.568,0.020,-0.010,22
29.850,-23.850,74.100,0.536,-7.587,6.349,-0.566,0.024,-0.001,22
29.850,-23.850,74.100,0.486,-7.487,6.282,-0.552,0.024,0.005,22
28.200,-23.250,72.750,0.500,-7.618,6.376,-0.560,0.013,0.017,22
28.200,-23.250,72.750,0.512,-7.638,6.112,-0.568,0.014,0.021,23
28.200,-23.250,72.750,0.582,-7.673,6.074,-0.576,0.016,0.016,22
28.200,-23.250,72.750,0.474,-7.906,5.933,-0.579,0.025,0.007,22
28.800,-27.000,72.600,0.407,-7.982,6.053,-0.580,0.022,-0.016,22
28.800,-27.000,72.600,0.436,-7.884,5.801,-0.587,0.017,-0.018,22
29.100,-27.300,70.800,0.467,-8.021,5.820,-0.585,0.016,-0.007,22
29.100,-27.300,70.800,0.522,-7.999,5.686,-0.594,0.014,0.019,23
29.100,-27.300,70.800,0.529,-8.131,5.540,-0.606,0.007,0.022,22
28.950,-27.900,70.200,0.484,-8.128,5.370,-0.612,0.012,0.021,22
28.950,-27.900,70.200,0.618,-8.188,5.222,-0.627,0.017,0.011,22
28.650,-31.500,70.200,0.534,-8.270,5.210,-0.654,0.022,-0.008,22
28.650,-31.500,70.200,0.536,-8.313,5.069,-0.662,0.030,-0.003,22
28.650,-31.500,70.200,0.464,-8.468,4.774,-0.660,0.018,-0.008,23
28.650,-31.500,70.200,0.429,-8.703,5.033,-0.660,0.023,0.025,22
29.100,-31.650,65.850,0.546,-8.689,4.760,-0.655,0.029,0.028,22
29.100,-31.650,65.850,0.721,-8.818,4.726,-0.642,0.047,0.024,22
29.100,-31.650,65.850,0.309,-8.990,4.721,-0.637,0.035,0.020,22
27.900,-32.550,65.700,0.196,-9.239,4.662,-0.611,0.013,0.010,22
27.900,-32.550,65.700,0.417,-9.124,4.278,-0.571,-0.001,0.007,23
29.400,-34.950,64.950,0.558,-9.227,4.386,-0.530,0.013,0.008,22
29.400,-34.950,64.950,0.438,-9.172,4.211,-0.499,0.008,0.022,22
29.400,-34.200,62.700,0.395,-9.108,4.077,-0.497,0.010,0.014,22
29.400,-34.200,62.700,0.244,-9.177,4.108,-0.482,-0.002,0.015,22
29.400,-34.200,62.700,0.390,-9.359,3.950,-0.438,-0.010,0.009,22
29.400,-34.200,62.700,0.366,-9.340,3.735,-0.421,-0.011,0.001,23
29.400,-34.200,62.700,0.460,-9.290,3.711,-0.407,-0.003,-0.001,22
29.400,-36.150,63.150,0.460,-9.426,3.821,-0.374,-0.003,0.006,22
29.400,-36.150,63.150,0.462,-9.414,3.759,-0.336,0.000,0.003,22
29.400,-36.150,63.150,0.438,-9.651,3.666,-0.297,-0.002,-0.007,22
29.400,-36.150,63.150,0.441,-9.761,3.608,-0.242,0.006,-0.012,22
28.200,-38.100,59.700,0.448,-9.685,3.622,-0.164,0.008,0.006,23
28.200,-38.100,59.700,0.448,-9.828,3.694,-0.104,0.003,0.013,22
28.200,-36.450,60.150,0.388,-9.862,3.560,-0.037,0.004,0.005,22
28.200,-36.450,60.150,0.436,-9.637,3.409,0.017,0.014,-0.006,22
28.200,-36.450,60.150,0.436,-9.467,3.689,0.061,0.007,-0.031,22
29.100,-37.500,61.050,0.244,-9.084,3.601,0.049,-0.005,-0.021,22
29.100,-37.500,61.050,0.409,-9.354,3.618,0.060,-0.001,-0.015,23
28.800,-36.000,59.850,0.757,-9.105,3.206,0.069,-0.002,-0.011,22
28.800,-36.000,59.850,0.266,-9.450,3.910,0.070,0.015,-0.025,22
28.800,-36.000,59.850,0.359,-9.570,3.445,0.102,0.013,-0.021,22
28.800,-36.000,59.850,0.345,-9.565,3.606,0.153,0.005,-0.014,22
28.800,-37.050,60.300,0.376,-9.467,3.795,0.189,0.005,-0.013,22
28.800,-37.050,60.300,0.532,-9.471,3.800,0.238,-0.002,-0.010,23
28.800,-37.050,60.300,0.347,-9.452,3.910,0.257,0.004,-0.010,22
30.150,-35.400,62.400,0.402,-9.237,3.843,0.309,0.000,-0.005,22
30.150,-35.400,62.400,0.352,-9.471,4.073,0.346,-0.007,-0.001,22
28.350,-36.000,61.800,0.359,-9.407,4.061,0.378,-0.001,-0.008,22
28.350,-36.000,61.800,0.402,-9.412,4.190,0.438,-0.017,-0.005,22
28.650,-34.200,62.700,0.412,-9.342,4.322,0.500,-0.009,-0.001,23
28.650,-34.200,62.700,0.484,-9.148,4.456,0.532,-0.009,-0.013,22
28.650,-34.200,62.700,0.493,-9.199,4.345,0.566,-0.004,-0.021,22
28.650,-34.200,62.700,0.417,-9.103,4.592,0.617,-0.005,-0.031,22
28.650,-34.200,62.700,0.493,-9.179,4.566,0.657,-0.002,-0.021,22
28.200,-31.500,65.700,0.335,-8.847,4.846,0.697,-0.003,-0.019,22
28.200,-31.500,65.700,0.414,-8.803,4.990,0.720,-0.004,-0.026,23
28.650,-31.800,67.500,0.517,-8.605,5.006,0.737,0.001,-0.043,22
28.650,-31.800,67.500,0.373,-8.301,5.148,0.734,-0.010,-0.037,22
28.650,-29.850,69.450,0.560,-8.128,5.353,0.724,-0.000,-0.046,22
28.650,-29.850,69.450,0.500,-8.217,5.485,0.703,-0.001,-0.026,22
29.100,-27.300,71.100,0.481,-7.927,5.569,0.717,-0.001,-0.026,22
29.100,-27.300,71.100,0.486,-7.882,5.825,0.690,-0.003,-0.031,22
28.200,-27.300,71.100,0.608,-7.908,5.708,0.679,-0.001,-0.032,23
28.200,-25.500,72.000,0.467,-7.898,5.993,0.684,0.000,-0.039,22
28.200,-25.500,72.000,0.453,-7.628,6.163,0.685,0.015,-0.045,22
29.100,-24.600,71.850,0.493,-7.513,6.287,0.657,0.005,-0.051,22
29.100,-24.600,71.850,0.546,-7.377,6.397,0.635,0.021,-0.055,22
29.100,-24.600,71.850,0.508,-7.319,6.560,0.631,0.000,-0.039,22
29.100,-24.600,71.850,0.505,-7.367,6.723,0.636,0.009,-0.035,23
28.950,-22.800,73.950,0.529,-7.254,6.809,0.635,0.006,-0.030,22
28.950,-22.800,73.950,0.594,-6.998,6.665,0.654,0.001,-0.031,22
27.600,-19.500,76.350,0.481,-7.008,7.003,0.648,0.006,-0.029,22
27.600,-19.500,76.350,0.517,-6.893,6.960,0.645,-0.002,-0.029,22
27.600,-19.500,76.350,0.484,-6.917,7.185,0.677,-0.003,-0.016,22
27.000,-18.450,76.500,0.388,-6.694,7.190,0.676,-0.001,-0.006,23
27.000,-18.450,76.500,0.587,-6.687,7.429,0.700,0.003,-0.014,22
28.800,-16.800,77.850,0.539,-6.515,7.429,0.719,0.004,-0.016,22
28.800,-16.800,77.850,0.637,-6.498,7.676,0.744,-0.004,-0.027,22
28.800,-16.800,77.850,0.539,-6.175,7.501,0.743,0.001,-0.023,22
28.800,-16.800,77.850,0.520,-6.206,7.894,0.769,-0.004,-0.019,22
28.800,-13.650,78.900,0.508,-6.081,7.934,0.807,-0.005,-0.011,22
28.800,-13.650,78.900,0.453,-5.959,8.037,0.846,-0.006,-0.011,23
28.800,-13.650,78.900,0.493,-5.818,8.040,0.867,-0.002,-0.016,22
27.900,-11.100,78.000,0.627,-5.538,8.052,0.882,-0.015,-0.020,22
27.900,-11.100,78.000,0.520,-5.092,8.265,0.880,-0.014,-0.018,22
28.200,-7.500,78.750,0.577,-4.966,8.413,0.870,-0.008,-0.012,22
28.200,-7.500,78.750,0.508,-4.820,8.392,0.881,-0.011,-0.017,23
28.350,-5.850,79.350,0.551,-4.884,8.679,0.906,-0.013,-0.012,22
28.350,-5.850,79.350,0.555,-4.642,8.622,0.914,-0.009,-0.016,22
28.350,-5.850,79.350,0.680,-4.322,8.739,0.925,-0.012,-0.018,22
28.350,-5.850,79.350,0.625,-4.113,8.856,0.933,-0.003,-0.024,22
28.350,-5.850,79.350,0.608,-3.905,8.926,0.941,-0.010,-0.036,22
28.650,-1.350,78.750,0.654,-3.733,8.978,0.933,-0.010,-0.049,23
28.650,-1.350,78.750,0.761,-3.524,8.997,0.932,-0.002,-0.054,22
28.650,-1.350,78.750,0.615,-3.206,9.158,0.934,0.001,-0.049,22
28.650,-1.350,78.750,0.613,-3.050,9.194,0.931,0.005,-0.038,22
29.100,2.250,79.650,0.644,-2.832,9.220,0.934,-0.005,-0.030,22
29.100,2.250,79.650,0.668,-2.701,9.266,0.932,0.005,-0.030,22
28.650,4.500,79.050,0.642,-2.442,9.318,0.920,0.006,-0.029,23
28.650,4.500,79.050,0.579,-2.002,9.357,0.908,-0.002,-0.033,22
28.650,4.500,79.050,0.697,-1.824,9.373,0.894,-0.005,-0.038,22
28.950,4.800,78.750,0.718,-1.726,9.407,0.861,-0.002,-0.040,22
28.950,4.800,78.750,0.661,-1.413,9.522,0.835,-0.003,-0.040,22
27.300,9.300,77.850,0.630,-1.305,9.459,0.816,0.003,-0.036,22
27.300,9.300,77.850,0.651,-1.113,9.524,0.792,-0.003,-0.047,23
27.300,9.300,77.850,0.661,-0.953,9.629,0.779,-0.003,-0.044,22
27.300,9.300,77.850,0.675,-0.680,9.651,0.768,-0.004,-0.039,22
28.650,13.050,75.450,0.632,-0.445,9.577,0.738,0.003,-0.030,22
28.650,13.050,75.450,0.680,-0.294,9.586,0.687,0.006,-0.028,22
28.650,13.050,75.450,0.692,0.225,9.536,0.626,0.009,-0.031,22
30.450,14.250,75.450,0.692,0.280,9.570,0.566,0.006,-0.027,23
30.450,14.250,75.450,0.931,0.345,9.615,0.459,-0.000,-0.023,22
28.950,15.450,75.750,0.551,1.425,9.433,0.274,0.029,0.007,22
28.950,15.450,75.750,1.101,1.951,9.946,0.007,0.051,0.007,22
29.100,15.600,75.150,0.601,0.989,8.298,-0.108,0.039,0.035,22
29.100,15.600,75.150,0.941,0.845,9.649,-0.302,0.040,0.064,22
29.100,15.600,75.150,0.060,0.634,9.579,-0.360,0.036,0.068,23
29.100,15.600,75.150,0.414,0.287,9.134,-0.422,0.046,0.062,22
29.100,15.600,75.150,0.989,-0.330,10.669,-0.400,0.002,0.050,22
29.850,14.400,75.150,0.783,-0.311,9.895,-0.351,-0.028,0.052,22
29.850,14.400,75.150,0.857,-0.383,9.536,-0.359,-0.020,0.026,22
29.850,14.400,75.150,0.709,-0.429,9.776,-0.338,0.017,0.036,22
29.850,14.400,75.150,1.032,-0.024,9.407,-0.389,0.031,0.068,22
29.100,13.650,75.600,0.666,-0.050,9.661,-0.439,0.036,0.062,23
29.100,13.650,75.600,0.673,-0.412,9.864,-0.515,0.044,0.063,22
28.650,12.300,75.750,0.527,-0.309,9.318,-0.576,0.018,0.024,22
28.650,12.300,75.750,0.606,-0.845,9.768,-0.582,-0.010,-0.003,22
28.650,12.300,75.750,0.915,-0.618,9.500,-0.629,0.017,-0.002,22
29.550,12.450,76.650,0.716,-0.824,9.618,-0.629,0.009,0.001,22
29.550,12.450,76.650,0.651,-1.010,9.620,-0.687,0.022,0.028,23
28.950,10.650,76.500,0.491,-0.962,9.426,-0.746,0.032,0.035,22
28.950,10.650,76.500,0.429,-1.025,9.383,-0.781,0.018,0.023,22
28.950,10.650,76.500,0.678,-1.223,9.505,-0.861,0.013,0.025,22
28.950,10.650,76.500,0.642,-1.434,9.452,-0.901,0.005,0.037,22
27.900,5.550,78.000,0.625,-1.973,9.122,-0.935,0.018,0.036,22
27.900,5.550,78.000,0.759,-2.172,9.783,-0.926,0.011,0.039,23
29.700,4.050,81.000,0.797,-2.868,9.764,-0.909,0.025,0.034,22
29.700,4.050,81.000,0.807,-2.176,9.148,-0.943,0.013,0.027,22
29.700,4.050,81.000,0.390,-2.921,9.404,-0.914,0.019,0.029,22
29.850,2.250,78.600,0.421,-2.859,9.404,-0.899,0.015,0.020,22
29.850,2.250,78.600,0.603,-3.182,9.203,-0.921,0.023,0.018,22
28.800,0.000,79.350,0.570,-3.402,9.246,-0.889,0.015,0.021,23
28.800,0.000,79.350,0.814,-3.713,9.172,-0.894,0.026,0.026,22
28.800,0.000,79.350,0.603,-3.587,9.033,-0.871,0.010,0.018,23
28.800,0.000,79.350,0.522,-3.948,9.029,-0.868,0.027,0.018,23
29.100,-1.950,80.850,0.615,-4.082,8.772,-0.837,0.016,0.027,23
29.100,-1.950,80.850,0.481,-4.286,8.964,-0.833,0.016,0.027,22
29.100,-1.950,80.850,0.687,-4.322,8.569,-0.825,0.024,0.026,22
29.100,-1.950,80.850,0.634,-4.738,9.100,-0.782,0.014,0.022,22
29.100,-1.950,80.850,0.565,-4.903,8.811,-0.763,0.018,0.015,22
28.800,-4.950,79.350,0.546,-4.855,8.538,-0.758,0.018,0.012,22
28.800,-4.950,79.350,0.567,-5.001,8.557,-0.732,0.015,0.005,22
29.100,-8.550,79.350,0.661,-5.088,8.531,-0.725,0.023,0.015,22
29.100,-8.550,79.350,0.570,-5.104,8.365,-0.725,0.017,0.012,22
28.800,-9.300,78.600,0.584,-5.284,8.298,-0.728,0.019,0.015,22
28.800,-9.300,78.600,0.541,-5.435,8.181,-0.726,0.020,0.013,22
28.800,-9.300,78.600,0.551,-5.480,8.224,-0.729,0.019,0.018,22
28.350,-12.900,78.600,0.476,-5.519,7.915,-0.749,0.019,0.017,22
28.350,-12.900,78.600,0.570,-5.617,7.982,-0.758,0.014,0.011,22
28.350,-12.900,78.600,0.508,-5.820,7.819,-0.774,0.023,0.007,22
28.350,-12.900,78.600,0.510,-5.926,7.764,-0.803,0.021,0.004,22
28.350,-14.400,78.150,0.532,-6.129,7.661,-0.804,0.019,0.005,22
28.350,-14.400,78.150,0.493,-6.244,7.539,-0.814,0.020,0.013,22
28.200,-15.750,76.950,0.534,-6.290,7.489,-0.815,0.020,0.016,22
28.200,-15.750,76.950,0.548,-6.529,7.367,-0.820,0.014,0.018,22
28.200,-15.750,76.950,0.474,-6.706,7.197,-0.818,0.020,0.022,23
28.350,-17.550,76.350,0.402,-6.857,7.075,-0.814,0.018,0.025,22
28.350,-17.550,76.350,0.517,-6.931,7.017,-0.806,0.015,0.028,22
27.000,-19.650,76.200,0.488,-7.068,6.962,-0.805,0.017,0.030,22
27.000,-19.650,76.200,0.536,-7.135,6.761,-0.798,0.018,0.027,22
27.000,-19.650,76.200,0.491,-7.314,6.586,-0.784,0.010,0.014,22
27.000,-19.650,76.200,0.534,-7.539,6.584,-0.771,0.026,0.009,23
28.650,-22.800,73.950,0.505,-7.479,6.433,-0.770,0.021,0.004,22
28.650,-22.800,73.950,0.510,-7.690,6.244,-0.761,0.020,0.000,22
28.650,-22.800,73.950,0.472,-7.642,6.201,-0.759,0.025,0.002,22
28.650,-22.800,73.950,0.551,-7.860,6.148,-0.759,0.016,0.006,22
28.650,-22.800,73.950,0.414,-7.963,5.914,-0.757,0.019,0.013,22
28.800,-26.550,71.850,0.345,-7.942,5.794,-0.753,0.015,0.011,23
28.800,-26.550,71.850,0.383,-8.009,5.739,-0.748,0.005,0.007,22
29.850,-26.550,71.550,0.455,-8.159,5.715,-0.737,0.013,0.014,22
29.850,-26.550,71.550,0.294,-8.241,5.401,-0.728,0.020,0.011,22
28.650,-29.550,70.950,0.460,-8.399,5.375,-0.721,0.014,0.017,22
28.650,-29.550,70.950,0.508,-8.449,5.145,-0.717,0.022,0.037,22
28.650,-29.550,70.950,0.256,-8.509,5.040,-0.713,0.002,0.028,22
28.350,-30.450,68.550,0.429,-8.614,4.973,-0.693,0.012,0.004,23
28.350,-30.450,68.550,0.395,-8.715,4.743,-0.669,0.013,-0.004,22
28.350,-30.450,68.550,0.280,-8.823,4.922,-0.661,0.021,0.011,22
28.350,-30.450,68.550,0.543,-8.782,4.472,-0.637,0.020,0.022,22
29.100,-32.400,66.600,0.242,-9.088,4.990,-0.601,0.013,0.016,22
29.100,-32.400,66.600,0.536,-8.923,4.539,-0.584,0.013,0.001,22
28.650,-33.450,65.400,0.627,-9.098,4.451,-0.559,0.009,0.001,23
28.650,-33.450,65.400,0.397,-9.033,4.159,-0.544,0.026,-0.005,22
28.650,-33.450,65.400,0.297,-9.033,4.142,-0.523,0.011,-0.001,22
28.050,-34.350,64.350,0.376,-9.215,4.219,-0.514,0.018,0.009,22
28.050,-34.350,64.350,0.464,-9.079,3.958,-0.509,0.012,0.001,22
28.350,-34.800,64.350,0.467,-9.165,3.754,-0.509,0.023,-0.006,22
28.350,-34.800,64.350,0.397,-9.225,3.685,-0.505,0.019,-0.015,22
28.350,-34.800,64.350,0.429,-9.220,3.682,-0.505,0.019,-0.010,23
28.350,-34.800,64.350,0.328,-9.246,3.601,-0.501,0.015,0.006,22
29.550,-37.050,62.850,0.352,-9.323,3.575,-0.489,0.013,0.000,22
29.550,-37.050,62.850,0.419,-9.419,3.323,-0.488,0.017,-0.012,22
28.050,-36.750,61.050,0.443,-9.352,3.371,-0.486,0.022,0.002,23
28.050,-36.750,61.050,0.158,-9.610,3.263,-0.469,0.014,-0.002,22
28.050,-36.750,61.050,0.409,-9.589,3.213,-0.445,0.012,0.002,22
29.550,-38.700,59.550,0.294,-9.675,3.050,-0.407,0.003,0.009,22
29.550,-38.700,59.550,0.500,-9.962,3.134,-0.337,0.012,0.015,22
28.800,-39.000,58.050,0.350,-10.075,3.153,-0.263,0.002,0.013,22
28.800,-39.000,58.050,0.244,-10.199,3.213,-0.185,0.004,0.017,22
28.800,-39.000,58.050,0.508,-10.156,3.091,-0.107,-0.002,0.017,23
28.800,-39.000,58.050,0.378,-10.159,3.019,0.007,0.011,0.011,22
29.550,-39.900,58.500,0.431,-9.792,2.959,0.058,0.004,0.003,22
29.550,-39.900,58.500,0.328,-9.697,3.215,0.068,-0.002,-0.009,22
29.550,-39.900,58.500,0.354,-9.934,3.136,0.150,0.003,-0.015,22
29.550,-39.900,58.500,0.354,-9.893,2.801,0.159,0.020,-0.012,22
29.550,-39.900,58.500,0.127,-9.924,3.330,0.231,-0.022,-0.018,23
28.200,-37.650,59.400,0.409,-10.005,3.598,0.247,-0.018,0.001,22
28.200,-37.650,59.400,0.328,-9.527,2.945,0.311,-0.023,0.003,22
27.900,-37.650,60.450,0.172,-9.744,3.668,0.371,-0.037,-0.005,22
27.900,-37.650,60.450,0.591,-9.416,3.194,0.373,-0.007,-0.019,22
29.700,-36.900,61.200,0.402,-9.570,3.551,0.403,-0.021,-0.011,22
29.700,-36.900,61.200,0.342,-9.483,3.639,0.419,-0.013,-0.015,23
29.700,-36.900,61.200,0.467,-9.385,3.551,0.439,-0.022,-0.023,22
29.100,-37.050,62.100,0.407,-9.361,3.843,0.446,-0.010,-0.020,22
29.100,-37.050,62.100,0.443,-9.201,3.642,0.466,-0.002,-0.032,22
29.100,-37.050,62.100,0.522,-9.371,4.032,0.498,0.008,-0.034,22
29.100,-37.050,62.100,0.431,-9.167,4.044,0.517,0.012,-0.043,22
27.600,-34.350,64.800,0.378,-9.134,4.254,0.540,0.019,-0.036,23
27.600,-34.350,64.800,0.326,-9.213,4.350,0.564,0.011,-0.030,22
26.850,-32.850,65.550,0.352,-9.165,4.460,0.596,-0.000,-0.020,22
26.850,-32.850,65.550,0.299,-9.007,4.571,0.608,-0.013,-0.008,22
26.850,-32.850,65.550,0.397,-8.578,4.575,0.606,-0.007,-0.009,22
28.350,-31.650,65.850,0.484,-8.636,4.913,0.605,-0.020,-0.017,22
28.350,-31.650,65.850,0.350,-8.768,4.812,0.612,0.003,-0.002,23
26.850,-30.900,68.850,0.371,-8.988,5.095,0.662,-0.028,0.022,22
26.850,-30.900,68.850,0.275,-8.744,5.059,0.687,-0.028,0.023,22
26.850,-30.900,68.850,0.431,-8.392,5.262,0.695,-0.032,0.011,22
26.850,-30.900,68.850,0.457,-8.313,5.392,0.689,-0.035,-0.004,22
28.800,-26.550,72.600,0.524,-8.183,5.521,0.701,-0.021,-0.028,22
28.800,-26.550,72.600,0.426,-8.181,5.550,0.706,-0.018,-0.025,23
28.800,-26.550,72.600,0.424,-8.207,5.808,0.722,-0.018,-0.022,22
27.900,-25.950,72.450,0.548,-7.994,6.012,0.759,-0.017,-0.018,22
27.900,-25.950,72.450,0.548,-7.944,6.129,0.777,-0.015,-0.021,22
27.450,-23.550,73.200,0.457,-7.843,6.223,0.790,-0.016,-0.024,22
27.450,-23.550,73.200,0.488,-7.760,6.383,0.827,-0.010,-0.021,22
28.650,-22.500,75.450,0.453,-7.585,6.431,0.842,-0.017,-0.034,23
28.650,-22.500,75.450,0.453,-7.283,6.610,0.843,-0.011,-0.038,22
28.050,-20.250,74.100,0.436,-6.977,6.632,0.847,-0.008,-0.037,22
28.050,-20.250,74.100,0.486,-6.991,7.068,0.837,-0.019,-0.037,22
28.050,-20.250,74.100,0.644,-6.768,6.931,0.829,-0.003,-0.043,22
27.000,-16.950,76.200,0.589,-6.713,7.099,0.820,-0.003,-0.046,22
27.000,-16.950,76.200,0.524,-6.246,7.166,0.784,0.004,-0.048,22
27.000,-16.950,76.200,0.572,-6.172,7.547,0.757,0.004,-0.046,23
27.000,-16.950,76.200,0.342,-6.019,7.314,0.721,0.001,-0.047,22
28.200,-15.000,77.250,0.371,-6.045,7.573,0.702,-0.010,-0.044,22
28.200,-15.000,77.250,0.436,-5.804,7.638,0.663,-0.001,-0.036,22
27.450,-11.400,78.000,0.543,-5.662,7.568,0.631,0.005,-0.030,22
27.450,-11.400,78.000,0.522,-5.665,7.827,0.606,0.005,-0.021,22
27.450,-11.400,78.000,0.457,-5.818,8.145,0.618,0.002,-0.011,23
28.650,-11.400,79.500,0.481,-5.677,8.066,0.632,-0.001,-0.007,22
28.650,-11.400,79.500,0.639,-5.600,8.236,0.641,-0.000,-0.011,22
28.200,-8.700,79.050,0.608,-5.382,8.181,0.652,0.013,-0.017,22
28.200,-8.700,79.050,0.522,-5.418,8.384,0.687,0.003,-0.020,22
28.200,-8.700,79.050,0.512,-5.262,8.538,0.713,-0.002,-0.020,22
28.200,-8.700,79.050,0.582,-5.145,8.497,0.744,-0.008,-0.030,23
28.350,-5.400,78.150,0.615,-5.047,8.538,0.798,0.001,-0.043,22
28.350,-5.400,78.150,0.654,-4.659,8.734,0.814,-0.002,-0.045,22
28.350,-5.400,78.150,0.644,-4.341,8.768,0.830,-0.001,-0.056,22
28.200,-4.800,78.750,0.474,-4.312,8.878,0.840,-0.001,-0.054,22
28.200,-4.800,78.750,0.508,-4.070,8.780,0.851,-0.003,-0.055,22
27.300,-2.700,79.650,0.539,-3.879,8.976,0.854,-0.004,-0.059,22
27.300,-2.700,79.650,0.579,-3.529,9.050,0.847,-0.005,-0.058,23
27.600,0.000,79.650,0.675,-3.335,9.072,0.832,-0.007,-0.067,22
27.600,0.000,79.650,0.733,-3.172,9.165,0.833,-0.007,-0.064,22
27.600,0.000,79.650,0.644,-2.895,9.124,0.801,-0.006,-0.056,23
27.600,0.000,79.650,0.656,-2.677,9.143,0.758,0.006,-0.045,23
27.000,5.250,80.550,0.532,-2.377,9.232,0.728,0.005,-0.033,23
27.000,5.250,80.550,0.541,-2.174,9.325,0.687,0.008,-0.024,22
27.000,5.250,80.550,0.649,-1.939,9.270,0.609,0.007,-0.008,22
27.000,5.250,80.550,0.675,-1.932,9.431,0.577,0.012,-0.003,22
27.000,5.250,80.550,0.613,-1.915,9.433,0.541,0.021,0.010,22
27.900,5.250,76.500,0.622,-1.788,9.577,0.515,0.022,0.006,22
27.900,5.250,76.500,0.618,-1.733,9.455,0.481,0.015,0.005,22
28.950,9.450,78.300,0.457,-1.769,9.615,0.476,0.014,-0.006,22
28.950,9.450,78.300,0.565,-1.614,9.629,0.462,0.007,-0.015,22
28.050,9.750,78.600,0.694,-1.312,9.560,0.444,0.005,-0.031,22
28.050,9.750,78.600,0.687,-1.204,9.589,0.369,0.005,-0.031,22
28.050,9.750,78.600,0.553,-1.080,9.579,0.338,-0.003,-0.026,22
28.050,10.500,76.650,0.625,-1.137,9.720,0.309,0.001,-0.025,22
28.050,10.500,76.650,0.704,-0.915,9.574,0.297,-0.006,-0.027,22
28.050,10.500,76.650,0.704,-0.991,9.768,0.261,0.007,-0.024,22
28.050,10.500,76.650,0.673,-0.848,9.608,0.234,0.012,-0.014,22
28.800,12.000,76.350,0.723,-0.819,9.730,0.215,0.010,-0.010,22
28.800,12.000,76.350,0.776,-0.627,9.706,0.171,0.016,-0.006,22
28.800,13.200,76.650,0.680,-0.409,9.560,0.118,0.020,0.001,23
28.800,13.200,76.650,0.668,-0.254,9.586,0.038,0.024,0.001,22
28.800,13.200,76.650,0.634,-0.022,9.488,-0.063,0.022,-0.001,22
28.800,11.700,78.150,0.606,-0.182,9.632,-0.216,0.014,-0.007,22
28.800,11.700,78.150,0.608,-0.330,9.519,-0.293,0.012,-0.001,22
28.950,12.600,78.000,0.611,-0.259,9.550,-0.379,0.007,-0.004,22
28.950,12.600,78.000,0.634,-0.311,9.443,-0.501,0.010,0.007,23
28.950,12.600,78.000,0.733,-0.510,9.618,-0.559,0.017,0.019,22
28.950,12.600,78.000,0.536,-0.764,9.558,-0.657,0.018,0.022,22
29.550,9.300,77.400,0.723,-0.838,9.531,-0.728,0.011,0.018,22
29.550,9.300,77.400,0.694,-1.116,9.383,-0.820,0.019,0.020,22
29.550,9.300,77.400,0.666,-1.446,9.421,-0.861,0.022,0.020,22
27.300,7.350,78.150,0.627,-1.664,9.380,-0.903,0.003,0.018,23
27.300,7.350,78.150,0.900,-2.081,8.916,-0.923,0.032,0.016,22
28.050,5.400,78.900,0.611,-2.282,9.692,-0.935,0.012,0.015,22
28.050,5.400,78.900,0.637,-2.509,9.160,-0.943,0.014,0.028,22
27.600,3.000,80.100,0.299,-2.854,9.309,-0.931,0.010,0.035,22
27.600,3.000,80.100,0.496,-2.799,9.153,-0.911,0.004,0.033,22
27.600,1.500,79.350,0.931,-3.555,9.179,-0.881,-0.023,0.028,22
27.600,1.500,79.350,0.759,-3.421,9.201,-0.852,0.017,0.026,23
27.600,1.500,79.350,0.603,-3.376,9.038,-0.843,0.028,0.043,22
26.850,-0.300,79.650,0.445,-3.505,9.139,-0.850,0.031,0.041,22
26.850,-0.300,79.650,0.541,-3.572,8.938,-0.858,0.021,0.042,22
26.850,-0.300,79.650,0.503,-3.766,8.787,-0.879,0.019,0.027,22
26.850,-0.300,79.650,0.649,-4.027,8.655,-0.913,0.013,0.023,22
28.050,-4.200,80.400,0.692,-4.187,8.763,-0.923,0.018,0.019,23
28.050,-4.200,80.400,0.414,-4.403,8.689,-0.928,0.020,0.016,22
28.950,-5.250,80.250,0.546,-4.630,8.686,-0.908,0.011,0.028,22
28.950,-5.250,80.250,0.639,-5.006,8.578,-0.882,0.006,0.026,22
28.950,-5.250,80.250,0.656,-5.195,8.504,-0.864,0.012,0.017,22
30.150,-7.500,79.800,0.687,-5.246,8.394,-0.823,0.022,0.028,22
30.150,-7.500,79.800,0.536,-5.401,8.373,-0.798,0.026,0.028,23
28.950,-9.450,79.800,0.457,-5.428,8.296,-0.778,0.014,0.018,22
28.950,-9.450,79.800,0.579,-5.583,8.107,-0.773,0.012,0.016,22
28.950,-9.450,79.800,0.627,-5.672,8.004,-0.766,0.016,0.010,22
28.950,-9.450,79.800,0.579,-5.780,7.951,-0.759,0.018,0.014,22
29.850,-12.000,79.350,0.546,-5.830,7.872,-0.760,0.016,-0.000,22
29.850,-12.000,79.350,0.503,-5.945,7.788,-0.762,0.017,0.006,23
29.850,-12.000,79.350,0.484,-6.122,7.709,-0.769,0.022,0.016,22
27.900,-14.250,78.750,0.455,-6.246,7.614,-0.764,0.022,0.017,22
27.900,-14.250,78.750,0.510,-6.369,7.508,-0.762,0.012,0.022,22
28.200,-17.700,78.300,0.627,-6.452,7.417,-0.772,0.018,0.021,22
28.200,-17.700,78.300,0.520,-6.519,7.324,-0.771,0.022,0.018,22
27.450,-16.950,77.550,0.383,-6.852,7.144,-0.765,0.019,0.028,23
27.450,-16.950,77.550,0.362,-6.955,7.087,-0.747,0.016,0.029,22
27.450,-16.950,77.550,0.529,-6.946,6.989,-0.741,0.011,0.030,22
27.450,-16.950,77.550,0.515,-7.130,7.003,-0.724,0.015,0.027,22
27.450,-16.950,77.550,0.524,-7.147,6.835,-0.728,0.015,0.025,22
27.900,-19.650,75.000,0.419,-7.288,6.653,-0.716,0.014,0.022,22
27.900,-19.650,75.000,0.393,-7.389,6.577,-0.730,0.004,0.021,23
28.200,-20.400,74.250,0.496,-7.403,6.416,-0.725,0.002,0.023,22
28.200,-20.400,74.250,0.539,-7.453,6.328,-0.737,0.009,0.002,22
28.350,-24.150,73.650,0.450,-7.537,6.196,-0.741,0.007,0.008,22
28.350,-24.150,73.650,0.474,-7.621,6.100,-0.752,0.015,0.012,22
27.900,-24.750,74.250,0.484,-7.681,5.883,-0.769,0.009,0.014,22
27.900,-24.750,74.250,0.462,-7.896,5.820,-0.785,0.007,0.021,23
28.800,-27.300,71.100,0.443,-7.875,5.569,-0.810,0.005,0.035,22
28.800,-27.300,71.100,0.376,-7.776,5.717,-0.838,0.015,0.044,22
28.800,-27.300,71.100,0.460,-8.200,5.203,-0.846,-0.003,0.037,22
28.800,-28.500,69.600,0.326,-8.334,5.250,-0.862,0.005,0.026,22
28.800,-28.500,69.600,0.551,-8.629,5.155,-0.841,0.002,0.003,22
28.800,-28.500,69.600,0.575,-8.629,5.203,-0.833,0.009,0.015,23
28.800,-28.500,69.600,0.397,-8.667,4.870,-0.818,0.021,0.031,22
28.050,-32.400,66.600,0.431,-8.736,4.630,-0.804,0.020,0.027,22
28.050,-32.400,66.600,0.390,-8.765,4.322,-0.801,0.009,0.009,22
29.400,-32.550,65.700,0.417,-8.921,4.539,-0.810,0.023,0.002,22
29.400,-32.550,65.700,0.515,-8.775,4.041,-0.826,0.025,0.003,22
29.400,-32.550,65.700,0.383,-9.242,4.432,-0.797,0.017,0.003,23
28.350,-34.350,65.550,0.421,-9.249,3.977,-0.794,0.022,0.009,22
28.350,-34.350,65.550,0.429,-9.249,3.838,-0.763,0.014,0.012,22
28.200,-35.700,62.400,0.340,-9.292,3.697,-0.753,0.006,0.012,22
28.200,-35.700,62.400,0.462,-9.380,3.577,-0.739,0.025,0.015,22
28.200,-35.700,62.400,0.357,-9.462,3.414,-0.709,0.019,0.007,22
28.200,-35.700,62.400,0.359,-9.582,3.249,-0.689,0.018,0.011,23
27.600,-36.300,60.600,0.342,-9.646,3.136,-0.655,0.006,0.007,22
27.600,-36.300,60.600,0.285,-9.752,3.134,-0.634,0.016,0.006,22
27.600,-36.300,60.600,0.522,-9.759,3.000,-0.596,0.019,0.005,22
28.800,-37.950,58.500,0.364,-9.845,3.031,-0.550,0.014,0.004,22
28.800,-37.950,58.500,0.340,-9.747,2.737,-0.537,0.027,0.005,22
29.700,-40.050,58.200,0.290,-9.665,2.571,-0.496,0.015,-0.001,22
29.700,-40.050,58.200,0.323,-9.883,2.717,-0.478,0.009,-0.003,23
28.800,-40.200,58.050,0.350,-9.792,2.449,-0.448,0.016,-0.000,22
28.800,-40.200,58.050,0.395,-9.974,2.468,-0.423,0.023,-0.007,22
28.800,-40.200,58.050,0.330,-9.962,2.392,-0.366,0.021,-0.015,22
28.800,-40.200,58.050,0.299,-10.118,2.330,-0.320,0.018,-0.017,22
28.800,-40.200,58.050,0.309,-10.163,2.325,-0.264,0.019,-0.009,22
28.200,-40.500,56.700,0.285,-10.329,2.418,-0.155,0.006,0.003,23
28.200,-40.500,56.700,0.237,-10.264,2.272,-0.091,0.004,0.008,22
28.200,-40.500,56.700,0.302,-10.388,2.464,-0.006,0.008,0.001,22
28.200,-40.500,56.700,0.213,-10.108,2.160,0.033,0.019,0.004,22
29.550,-42.600,55.500,0.201,-9.663,2.318,0.068,0.009,-0.006,22
29.550,-42.600,55.500,0.433,-10.113,2.540,0.135,-0.004,-0.017,22
29.400,-41.250,55.950,0.543,-9.735,2.112,0.164,-0.007,-0.005,23
29.400,-41.250,55.950,0.522,-10.094,2.725,0.221,-0.014,-0.012,22
29.400,-41.250,55.950,0.146,-10.211,2.176,0.255,0.007,-0.004,22
27.300,-40.200,56.550,0.330,-10.187,2.219,0.331,-0.014,-0.007,22
27.300,-40.200,56.550,0.407,-9.886,2.626,0.354,0.004,-0.017,22
28.200,-39.300,58.200,0.294,-9.888,2.571,0.408,-0.000,-0.014,22
28.200,-39.300,58.200,0.407,-9.598,2.966,0.434,-0.001,-0.021,23
28.200,-39.300,58.200,0.421,-9.488,2.940,0.449,0.004,-0.035,22
28.200,-39.300,58.200,0.429,-9.594,2.892,0.451,0.012,-0.036,22
28.650,-38.850,60.150,0.342,-9.467,2.873,0.457,0.009,-0.026,22
28.650,-38.850,60.150,0.299,-9.498,3.213,0.470,0.003,-0.019,22
28.650,-38.850,60.150,0.318,-9.558,3.194,0.484,-0.002,-0.031,22
28.650,-36.450,60.900,0.335,-9.402,3.318,0.493,0.015,-0.027,23
28.650,-36.450,60.900,0.369,-9.347,3.385,0.502,0.010,-0.018,22
27.600,-36.750,62.100,0.340,-9.450,3.670,0.507,0.002,-0.018,22
27.600,-36.750,62.100,0.235,-9.165,3.539,0.519,0.001,-0.034,22
27.600,-34.050,62.550,0.594,-9.359,3.836,0.530,0.009,-0.039,22
27.600,-34.050,62.550,0.242,-8.720,3.845,0.509,0.025,-0.042,22
27.600,-34.050,62.550,0.268,-8.701,4.286,0.478,0.006,-0.040,23
27.600,-34.050,62.550,0.340,-8.916,4.022,0.457,0.008,-0.023,22
27.600,-34.050,62.550,0.294,-8.988,4.128,0.450,-0.005,-0.011,22
27.900,-34.200,65.700,0.529,-8.847,4.310,0.441,0.004,-0.022,22
27.900,-34.200,65.700,0.529,-8.880,4.451,0.428,0.014,-0.027,22
28.050,-33.600,65.850,0.266,-8.703,4.436,0.423,0.006,-0.024,22
28.050,-33.600,65.850,0.302,-8.815,4.542,0.425,0.002,-0.017,23
27.600,-31.950,67.800,0.328,-8.839,4.681,0.430,0.000,-0.009,22
27.600,-31.950,67.800,0.412,-8.710,4.824,0.442,-0.004,0.000,22
27.600,-30.450,68.100,0.383,-8.734,4.918,0.454,0.004,-0.001,22
27.600,-30.450,68.100,0.431,-8.712,5.042,0.476,-0.010,-0.002,22
27.000,-29.100,69.450,0.314,-8.650,5.282,0.491,-0.007,-0.014,22
27.000,-29.100,69.450,0.345,-8.593,5.205,0.510,-0.001,-0.010,23
27.000,-29.100,69.450,0.472,-8.425,5.234,0.528,-0.004,-0.004,22
26.850,-29.700,69.300,0.359,-8.416,5.473,0.548,-0.010,-0.006,22
26.850,-29.700,69.300,0.385,-8.361,5.555,0.561,-0.014,-0.008,22
26.850,-29.700,69.300,0.369,-8.243,5.564,0.572,-0.014,-0.005,22
26.850,-29.700,69.300,0.345,-8.215,5.636,0.586,-0.016,-0.017,22
28.200,-25.200,72.750,0.467,-8.116,5.801,0.599,-0.011,-0.025,23
28.200,-25.200,72.750,0.481,-7.908,5.966,0.610,-0.008,-0.030,22
28.950,-24.750,71.250,0.464,-7.906,6.086,0.616,-0.003,-0.029,22
28.950,-24.750,71.250,0.429,-7.843,6.120,0.639,0.002,-0.025,22
28.950,-24.750,71.250,0.362,-7.657,6.280,0.643,-0.005,-0.033,22
26.250,-23.550,75.000,0.524,-7.511,6.297,0.644,0.000,-0.043,22
26.250,-23.550,75.000,0.546,-7.393,6.519,0.646,-0.006,-0.042,23
28.650,-21.300,76.200,0.460,-7.293,6.579,0.643,0.010,-0.033,22
28.650,-21.300,76.200,0.462,-7.242,6.771,0.650,0.002,-0.025,22
28.650,-21.300,76.200,0.570,-7.092,6.709,0.643,0.001,-0.027,22
28.650,-21.300,76.200,0.455,-6.907,6.859,0.628,0.008,-0.028,22
28.200,-18.150,76.950,0.426,-6.919,7.154,0.633,0.001,-0.020,22
28.200,-18.150,76.950,0.496,-6.840,7.125,0.631,0.003,-0.013,23
28.200,-18.150,76.950,0.421,-6.713,7.211,0.641,0.000,0.000,22
27.600,-17.100,75.900,0.472,-6.481,7.360,0.645,-0.001,0.005,22
27.600,-17.100,75.900,0.469,-6.397,7.331,0.644,-0.001,0.005,22
27.450,-15.750,76.950,0.402,-6.325,7.685,0.634,-0.005,0.005,22
27.450,-15.750,76.950,0.371,-6.196,7.496,0.634,0.000,-0.008,22
26.850,-13.650,78.600,0.455,-6.158,7.736,0.649,-0.016,-0.021,22
26.850,-13.650,78.600,0.565,-5.964,7.815,0.642,-0.012,-0.019,22
26.850,-13.650,78.600,0.488,-5.916,7.877,0.642,-0.015,-0.025,23
26.850,-13.650,78.600,0.505,-5.665,7.989,0.657,-0.006,-0.026,22
26.850,-13.650,78.600,0.448,-5.624,8.150,0.661,-0.009,-0.022,22
28.050,-10.500,79.350,0.613,-5.499,8.119,0.669,-0.004,-0.030,22
28.050,-10.500,79.350,0.520,-5.279,8.231,0.668,-0.000,-0.026,22
28.050,-10.500,79.350,0.481,-5.325,8.361,0.676,-0.002,-0.017,23
28.050,-10.500,79.350,0.476,-5.104,8.511,0.674,-0.002,-0.008,22
26.850,-6.150,78.150,0.479,-4.798,8.373,0.690,-0.002,-0.006,22
26.850,-6.150,78.150,0.577,-4.654,8.514,0.670,-0.012,-0.007,22
28.800,-4.950,79.650,0.500,-4.405,8.423,0.630,-0.007,0.001,22
28.800,-4.950,79.650,0.448,-4.530,8.677,0.640,-0.011,0.004,22
28.800,-4.950,79.650,0.613,-4.386,8.794,0.660,-0.020,-0.002,22
28.350,-3.000,79.650,0.546,-4.140,8.768,0.661,-0.015,-0.010,23
28.350,-3.000,79.650,0.570,-4.070,8.878,0.657,-0.023,-0.027,22
28.200,-1.650,79.800,0.438,-4.025,9.031,0.653,-0.019,-0.034,22
28.200,-1.650,79.800,0.682,-3.888,9.033,0.656,-0.018,-0.032,22
28.200,-1.650,79.800,0.620,-3.591,9.110,0.650,-0.005,-0.026,22
28.200,-1.650,79.800,0.599,-3.383,9.052,0.653,-0.005,-0.023,23
27.000,0.150,80.550,0.649,-3.165,9.134,0.616,0.005,-0.015,22
27.000,0.150,80.550,0.661,-2.911,9.179,0.582,0.004,-0.023,22
27.000,0.150,80.550,0.520,-2.801,9.105,0.551,0.003,-0.037,22
28.350,2.700,78.600,0.560,-2.871,9.383,0.531,-0.003,-0.031,22
28.350,2.700,78.600,0.551,-2.691,9.313,0.528,0.001,-0.038,22
28.050,5.850,78.900,0.670,-2.564,9.369,0.503,0.003,-0.035,23
28.050,5.850,78.900,0.565,-2.514,9.373,0.491,0.006,-0.027,22
28.050,4.650,80.850,0.591,-2.478,9.476,0.480,0.006,-0.028,22
28.050,4.650,80.850,0.630,-2.298,9.486,0.476,0.006,-0.032,22
28.050,4.650,80.850,0.591,-2.327,9.498,0.466,0.009,-0.023,22
28.050,4.650,80.850,0.577,-2.088,9.515,0.470,0.007,-0.023,22
27.000,4.650,80.850,0.668,-2.150,9.462,0.474,0.011,-0.017,23
27.000,8.400,79.050,0.632,-1.836,9.495,0.456,0.007,-0.023,22
27.000,8.400,79.050,0.536,-1.506,9.476,0.444,0.002,-0.041,22
28.050,7.800,79.650,0.541,-1.346,9.586,0.398,-0.013,-0.062,22
28.050,7.800,79.650,0.587,-1.116,9.428,0.325,-0.000,-0.056,22
28.050,9.000,78.600,0.560,-1.173,9.546,0.291,-0.014,-0.054,22
28.050,9.000,78.600,0.591,-1.032,9.500,0.205,-0.003,-0.038,22
26.850,9.300,77.400,0.649,-0.690,9.448,0.118,0.012,-0.020,23
26.850,9.300,77.400,0.627,-0.709,9.651,0.040,0.020,-0.005,22
26.850,9.300,77.400,0.709,-0.603,9.491,-0.056,0.018,0.005,22
26.850,9.300,77.400,0.625,-0.608,9.316,-0.184,0.025,0.012,22
26.850,9.300,77.400,0.737,-1.097,9.869,-0.214,0.019,-0.002,22
27.900,12.300,77.250,0.613,-0.955,9.682,-0.322,0.021,0.013,23
27.900,12.300,77.250,0.644,-0.742,9.263,-0.443,0.019,0.012,22
28.050,9.000,77.850,0.663,-1.008,9.505,-0.497,0.009,0.004,22
28.050,9.000,77.850,0.570,-1.144,9.455,-0.587,0.012,0.008,22
27.900,7.950,78.300,0.654,-1.235,9.337,-0.640,0.023,0.015,22
27.900,7.950,78.300,0.654,-1.657,9.309,-0.705,0.016,0.026,22
28.350,8.100,79.650,0.658,-2.021,9.601,-0.753,0.016,0.023,23
28.350,8.100,79.650,0.694,-1.879,9.179,-0.791,0.021,0.023,22
28.350,8.100,79.650,0.728,-2.375,9.778,-0.846,-0.001,0.017,22
27.300,5.400,79.650,0.737,-2.346,9.110,-0.884,0.011,0.025,22
27.300,5.400,79.650,0.831,-2.492,9.139,-0.918,0.010,0.026,22
26.100,2.250,80.400,0.417,-3.007,9.182,-0.926,0.031,0.032,22
26.100,2.250,80.400,0.546,-3.292,9.347,-0.916,0.017,0.039,23
26.100,2.250,80.400,0.488,-3.385,9.163,-0.921,0.027,0.035,22
26.100,2.250,80.400,0.335,-3.780,8.918,-0.905,0.011,0.028,22
27.900,-0.450,81.300,1.001,-3.757,9.242,-0.879,0.013,0.041,22
27.900,-0.450,81.300,0.716,-3.941,9.057,-0.873,0.027,0.042,22
27.900,-0.450,81.300,0.608,-4.068,8.784,-0.875,0.023,0.024,22
27.900,-3.600,80.250,0.587,-4.460,8.904,-0.865,0.016,0.024,22
27.900,-3.600,80.250,0.467,-4.408,8.751,-0.831,0.024,0.016,23
27.900,-2.850,80.250,0.390,-4.705,8.741,-0.807,0.030,0.014,22
27.900,-2.850,80.250,0.371,-4.719,8.511,-0.779,0.029,0.022,22
27.900,-4.800,80.250,0.522,-4.736,8.610,-0.776,0.006,-0.003,22
27.900,-4.800,80.250,0.591,-4.939,8.452,-0.781,0.018,-0.002,22
27.900,-4.800,80.250,0.646,-5.133,8.418,-0.772,0.026,0.006,22
27.900,-4.800,80.250,0.457,-5.306,8.238,-0.774,0.024,0.015,23
27.900,-4.800,80.250,0.524,-5.535,8.339,-0.754,0.014,0.016,22
28.650,-7.950,80.550,0.505,-5.476,8.028,-0.744,0.012,0.012,22
28.650,-7.950,80.550,0.555,-5.624,8.186,-0.730,0.021,0.012,22
27.450,-11.400,79.800,0.390,-5.729,7.958,-0.717,0.012,0.003,22
27.450,-11.400,79.800,0.496,-5.775,8.052,-0.727,0.010,0.003,22
28.200,-11.850,79.800,0.627,-5.938,7.757,-0.724,0.016,0.005,23
28.200,-11.850,79.800,0.570,-6.029,7.772,-0.724,0.021,0.006,22
28.050,-13.200,78.900,0.405,-6.148,7.590,-0.732,0.015,0.010,22
28.050,-13.200,78.900,0.429,-6.191,7.501,-0.742,0.017,0.013,22
28.050,-13.200,78.900,0.522,-6.330,7.558,-0.749,0.022,0.005,22
28.050,-13.200,78.900,0.517,-6.541,7.348,-0.759,0.020,0.007,22
28.050,-13.200,78.900,0.498,-6.567,7.125,-0.767,0.021,0.004,23
27.600,-17.100,76.650,0.419,-6.677,7.123,-0.775,0.017,0.007,22
27.600,-17.100,76.650,0.455,-6.754,7.015,-0.788,0.019,0.001,22
27.600,-17.100,76.650,0.378,-6.929,6.926,-0.797,0.016,0.024,22
27.600,-17.100,76.650,0.570,-7.135,6.735,-0.808,0.020,0.036,22
27.000,-21.600,75.450,0.491,-7.286,6.670,-0.813,0.020,0.033,22
27.000,-21.600,75.450,0.424,-7.365,6.577,-0.802,0.023,0.035,23
27.000,-21.600,75.450,0.397,-7.403,6.400,-0.815,0.017,0.031,22
27.300,-22.950,74.850,0.426,-7.403,6.304,-0.827,0.019,0.013,22
27.300,-22.950,74.850,0.431,-7.685,6.115,-0.846,0.021,0.021,22
26.850,-25.800,73.350,0.421,-7.786,6.012,-0.845,0.013,0.020,22
26.850,-25.800,73.350,0.412,-7.915,5.899,-0.844,0.023,0.017,22
28.200,-26.400,72.450,0.385,-8.033,5.667,-0.840,0.021,0.013,23
28.200,-26.400,72.450,0.395,-8.138,5.756,-0.839,0.022,0.011,22
28.200,-26.400,72.450,0.390,-8.437,5.466,-0.832,0.019,0.021,22
28.200,-26.400,72.450,0.407,-8.497,5.152,-0.822,0.015,0.021,22
28.200,-26.400,72.450,0.283,-8.526,5.176,-0.814,0.009,0.024,22
26.850,-29.250,70.350,0.397,-8.590,5.148,-0.778,0.012,0.026,22
26.850,-29.250,70.350,0.450,-8.657,5.128,-0.760,0.014,0.027,23
28.050,-30.900,68.550,0.294,-8.847,4.805,-0.751,0.008,0.027,22
28.050,-30.900,68.550,0.431,-8.954,4.465,-0.728,0.011,0.013,22
27.600,-31.200,68.850,0.397,-8.950,4.645,-0.704,0.006,0.012,22
27.600,-31.200,68.850,0.333,-8.995,4.408,-0.683,0.008,0.014,22
27.300,-34.800,66.600,0.350,-9.074,4.393,-0.660,0.010,0.010,22
27.300,-34.800,66.600,0.338,-9.074,4.190,-0.635,0.004,0.009,23
27.300,-34.800,66.600,0.429,-9.153,4.152,-0.623,0.004,0.005,22
27.300,-34.800,66.600,0.419,-9.261,3.869,-0.604,0.005,0.007,22
27.300,-34.800,66.600,0.395,-9.136,3.922,-0.600,0.016,-0.002,22
30.150,-35.400,63.900,0.429,-9.182,3.814,-0.596,0.015,-0.003,22
30.150,-35.400,63.900,0.378,-9.227,3.486,-0.609,0.022,-0.006,22
28.800,-36.750,63.300,0.359,-9.232,3.486,-0.619,0.025,-0.010,23
28.800,-36.750,63.300,0.350,-9.225,3.366,-0.621,0.023,-0.006,22
28.050,-37.500,60.600,0.328,-9.364,3.347,-0.627,0.022,-0.001,22
28.050,-37.500,60.600,0.292,-9.321,3.120,-0.637,0.019,0.001,22
29.100,-38.250,59.850,0.330,-9.553,3.038,-0.638,0.012,0.016,22
29.100,-38.250,59.850,0.244,-9.577,2.947,-0.630,0.007,0.019,22
29.100,-38.250,59.850,0.376,-9.515,2.875,-0.619,0.006,0.021,23
28.950,-39.600,60.900,0.405,-9.713,2.725,-0.602,0.005,0.015,22
28.950,-39.600,60.900,0.476,-9.663,2.569,-0.604,0.024,0.015,22
26.250,-40.500,58.200,0.314,-9.529,2.389,-0.605,0.029,0.001,22
26.250,-40.500,58.200,0.256,-9.680,2.253,-0.623,0.027,-0.002,22
26.250,-40.500,58.200,0.302,-9.792,2.212,-0.617,0.019,-0.012,22
26.250,-40.500,58.200,0.316,-9.855,2.148,-0.592,0.019,-0.006,22
27.900,-40.800,55.950,0.333,-9.900,1.930,-0.581,0.021,-0.002,23
27.900,-40.800,55.950,0.201,-9.914,1.932,-0.555,0.012,0.009,22
27.900,-40.800,55.950,0.189,-10.029,1.781,-0.532,-0.003,0.010,22
29.700,-40.050,52.650,0.395,-9.950,1.652,-0.506,0.006,0.027,22
29.700,-40.050,52.650,0.290,-10.132,1.776,-0.489,-0.000,0.021,22
28.950,-43.500,52.350,0.292,-9.998,1.559,-0.446,0.008,0.014,22
28.950,-43.500,52.350,0.405,-10.293,1.532,-0.408,0.002,0.012,22
29.700,-42.450,53.400,0.266,-10.324,1.422,-0.357,0.010,0.002,23
29.700,-42.450,53.400,0.385,-10.467,1.652,-0.255,0.007,0.007,22
29.700,-42.450,53.400,0.333,-10.463,1.372,-0.186,0.013,-0.004,22
29.700,-42.450,53.400,0.352,-10.570,1.477,-0.099,0.008,0.005,22
29.700,-42.450,53.400,0.266,-10.161,1.118,-0.023,-0.005,0.005,22
28.650,-43.950,50.100,0.522,-10.142,1.377,0.017,0.028,-0.005,23
28.650,-43.950,50.100,0.393,-9.926,1.283,0.049,0.015,-0.031,22
27.900,-42.450,51.900,-0.022,-9.792,1.283,0.017,0.028,-0.033,22
27.900,-42.450,51.900,0.350,-10.166,1.757,0.051,0.025,-0.028,22
28.800,-42.150,51.000,0.223,-10.051,1.537,0.088,-0.006,-0.029,22
28.800,-42.150,51.000,0.254,-9.883,1.705,0.075,0.029,-0.014,22
29.100,-44.100,51.300,0.443,-10.274,1.429,0.129,-0.026,-0.017,23
29.100,-44.100,51.300,0.007,-10.293,1.532,0.183,-0.010,-0.012,22
29.100,-44.100,51.300,0.486,-10.020,1.523,0.213,0.001,-0.003,22
29.100,-44.100,51.300,0.215,-10.060,1.712,0.238,0.006,0.001,22
29.100,-44.100,51.300,0.117,-9.902,1.595,0.268,-0.001,0.004,22
28.650,-42.450,53.400,0.292,-9.912,1.836,0.307,-0.007,-0.007,22
28.650,-42.450,53.400,0.287,-10.056,1.705,0.306,0.008,-0.003,23
27.300,-42.150,54.300,0.299,-9.862,1.755,0.338,-0.005,-0.027,22
27.300,-42.150,54.300,0.189,-9.981,2.006,0.361,-0.009,-0.027,22
28.950,-41.250,54.450,0.388,-9.821,2.040,0.371,0.004,-0.016,22
28.950,-41.250,54.450,0.378,-9.862,2.246,0.400,-0.004,-0.029,22
28.950,-41.250,54.450,0.340,-9.907,2.136,0.419,0.006,-0.034,22
27.300,-41.850,55.050,0.381,-9.874,2.325,0.437,0.011,-0.027,23
27.300,-41.850,55.050,0.156,-10.022,2.682,0.449,0.005,-0.018,22
27.300,-41.850,55.050,0.316,-9.761,2.442,0.496,-0.001,-0.029,22
27.300,-41.850,55.050,0.345,-9.847,2.725,0.520,-0.002,-0.016,22
28.200,-38.550,58.650,0.172,-9.687,2.617,0.536,0.000,-0.011,22
28.200,-38.550,58.650,0.235,-9.742,2.866,0.556,-0.016,-0.009,22
28.200,-38.550,58.650,0.172,-9.179,2.914,0.527,-0.011,-0.017,23
28.200,-38.550,58.650,0.457,-9.548,3.498,0.532,-0.027,-0.016,22
28.200,-38.550,58.650,0.383,-9.354,2.820,0.551,-0.004,-0.012,22
27.000,-36.450,63.150,0.364,-9.572,3.395,0.557,-0.023,-0.011,22
27.000,-36.450,63.150,0.436,-9.160,3.201,0.535,0.001,-0.026,22
28.350,-36.000,61.350,0.244,-9.218,3.541,0.542,0.003,-0.023,22
28.350,-36.000,61.350,0.259,-9.129,3.709,0.530,0.003,-0.029,23
27.900,-34.200,65.400,0.453,-8.957,3.826,0.506,0.003,-0.040,22
27.900,-34.200,65.400,0.256,-8.971,3.938,0.493,0.002,-0.038,22
27.000,-34.500,65.700,0.448,-8.959,3.931,0.471,0.006,-0.042,22
27.000,-34.500,65.700,0.304,-9.048,4.209,0.475,0.001,-0.032,22
27.000,-34.500,65.700,0.405,-9.033,4.396,0.488,-0.000,-0.019,22
27.000,-34.500,65.700,0.311,-9.033,4.372,0.500,-0.005,-0.013,22
27.000,-34.500,65.700,0.287,-9.060,4.513,0.526,-0.002,-0.002,22
28.200,-32.250,66.750,0.345,-8.976,4.700,0.556,-0.004,0.001,23
28.200,-32.250,66.750,0.357,-8.863,4.743,0.566,-0.008,-0.007,22
27.900,-30.300,69.000,0.342,-8.835,4.877,0.588,-0.013,-0.004,22
27.900,-30.300,69.000,0.333,-8.760,4.987,0.615,-0.009,-0.011,22
27.450,-29.850,70.200,0.347,-8.724,5.152,0.641,-0.014,-0.021,23
27.450,-29.850,70.200,0.405,-8.650,5.157,0.668,-0.013,-0.019,22
27.000,-28.650,70.500,0.441,-8.550,5.356,0.705,-0.015,-0.032,22
27.000,-28.650,70.500,0.393,-8.260,5.523,0.722,-0.014,-0.038,22
27.000,-28.650,70.500,0.524,-8.191,5.638,0.734,-0.002,-0.055,22
27.000,-28.650,70.500,0.450,-8.150,5.660,0.748,0.000,-0.059,22
27.000,-28.650,70.500,0.462,-8.109,5.818,0.757,0.013,-0.068,23
26.250,-25.200,74.250,0.517,-7.829,6.112,0.763,0.009,-0.072,23
26.250,-25.200,74.250,0.345,-7.683,6.086,0.758,0.011,-0.078,22
27.450,-23.250,73.950,0.407,-7.642,6.230,0.760,0.005,-0.078,22
27.450,-23.250,73.950,0.419,-7.417,6.436,0.746,0.007,-0.066,22
27.450,-22.050,76.950,0.472,-7.290,6.424,0.730,0.014,-0.059,22
27.450,-22.050,76.950,0.467,-7.185,6.677,0.723,0.006,-0.062,22
27.450,-22.050,76.950,0.510,-7.096,6.754,0.717,0.006,-0.040,22
26.850,-20.250,77.400,0.472,-6.943,7.025,0.724,0.009,-0.025,22
26.850,-20.250,77.400,0.417,-6.780,6.888,0.703,0.001,-0.009,22
26.850,-20.250,77.400,0.472,-6.713,7.099,0.699,-0.001,-0.003,22
26.850,-20.250,77.400,0.512,-6.780,7.166,0.709,-0.005,0.013,22
27.450,-16.200,78.000,0.543,-6.479,7.341,0.711,0.009,0.018,22
27.450,-16.200,78.000,0.397,-6.534,7.511,0.717,-0.003,0.005,23
27.450,-16.200,78.000,0.414,-6.409,7.597,0.734,-0.001,0.000,22
27.450,-16.200,78.000,0.474,-6.268,7.752,0.753,-0.008,-0.009,22
27.450,-16.200,78.000,0.613,-6.105,7.898,0.772,0.003,-0.014,23
26.700,-12.300,79.050,0.479,-5.873,7.865,0.790,0.001,-0.025,22
26.700,-12.300,79.050,0.567,-5.976,8.037,0.822,-0.002,-0.044,22
27.450,-10.350,79.500,0.543,-5.890,8.102,0.856,-0.007,-0.053,22
27.450,-10.350,79.500,0.543,-5.684,8.135,0.883,0.001,-0.069,22
25.950,-6.750,79.050,0.625,-5.444,8.270,0.924,0.003,-0.062,22
25.950,-6.750,79.050,0.359,-5.258,8.483,0.960,0.006,-0.031,22
28.350,-5.400,79.650,0.275,-5.181,8.689,1.001,-0.016,-0.033,22
28.350,-5.400,79.650,0.742,-4.724,8.528,1.033,-0.013,-0.047,22
28.350,-5.400,79.650,0.678,-4.439,8.605,1.030,0.002,-0.078,23
28.350,-5.400,79.650,0.512,-3.984,8.622,0.993,-0.005,-0.100,22
28.350,-5.400,79.650,0.551,-3.649,8.792,0.969,-0.021,-0.099,22
26.250,-0.150,80.550,0.663,-3.534,8.964,0.928,-0.012,-0.094,22
26.250,-0.150,80.550,0.785,-3.311,8.911,0.889,-0.008,-0.083,22
27.450,1.350,78.300,0.728,-2.959,8.878,0.841,0.002,-0.079,22
27.450,1.350,78.300,0.510,-2.945,8.993,0.788,-0.001,-0.052,23
27.000,3.600,79.500,0.814,-2.519,9.191,0.710,0.017,-0.021,22
27.000,3.600,79.500,0.608,-2.267,9.064,0.668,0.015,-0.010,22
27.000,3.600,79.500,0.441,-2.203,9.290,0.597,0.018,-0.003,22
25.950,4.500,79.800,0.520,-1.963,9.210,0.507,0.014,0.009,22
25.950,4.500,79.800,0.587,-2.066,9.390,0.454,0.018,0.013,22
25.950,4.500,79.800,0.673,-2.009,9.445,0.408,0.018,0.015,23
25.950,4.500,79.800,0.508,-2.114,9.555,0.380,0.020,0.009,22
27.450,7.200,78.000,0.596,-2.078,9.383,0.355,0.002,-0.011,22
27.450,7.200,78.000,0.678,-2.116,9.668,0.352,0.009,-0.013,22
27.600,6.600,75.600,0.656,-1.980,9.455,0.336,0.009,-0.012,22
27.600,6.600,75.600,0.687,-1.731,9.515,0.324,0.012,-0.010,22
27.600,6.600,75.600,0.627,-1.547,9.493,0.307,0.014,-0.012,23
26.850,9.750,77.850,0.558,-1.568,9.606,0.276,0.015,-0.004,22
26.850,9.750,77.850,0.613,-1.267,9.498,0.250,0.016,-0.008,22
28.050,10.050,75.900,0.649,-1.336,9.697,0.189,0.015,-0.007,22
28.050,10.050,75.900,0.498,-0.924,9.548,0.110,0.017,-0.009,22
28.050,10.050,75.900,0.527,-0.589,9.309,0.009,0.005,-0.020,22
28.050,10.050,75.900,0.682,-0.771,9.433,-0.122,0.011,-0.022,23
28.350,10.950,77.850,0.670,-0.857,9.558,-0.207,0.015,-0.017,22
28.350,10.950,77.850,0.649,-0.855,9.426,-0.296,0.011,-0.020,22
28.350,10.950,77.850,0.596,-0.869,9.237,-0.373,-0.001,-0.021,22
28.350,10.950,77.850,0.661,-1.259,9.651,-0.487,0.008,-0.005,22
28.350,10.950,77.850,0.453,-1.314,9.562,-0.562,0.016,0.013,22
28.800,8.100,78.150,0.625,-1.544,9.421,-0.604,0.024,0.016,23
28.800,8.100,78.150,0.718,-1.647,9.373,-0.687,0.019,0.023,22
27.300,7.350,80.850,0.656,-1.781,9.361,-0.760,0.024,0.025,22
27.300,7.350,80.850,0.606,-1.824,9.167,-0.811,0.026,0.018,22
26.850,4.650,79.650,0.831,-2.239,9.215,-0.892,0.019,0.032,22
26.850,4.650,79.650,0.943,-2.097,9.570,-0.982,0.029,0.022,22
27.600,3.450,79.350,0.654,-2.349,8.940,-1.054,0.017,0.017,23
27.600,3.450,79.350,0.373,-3.031,8.851,-1.082,0.027,0.013,22
27.600,3.450,79.350,0.599,-3.335,9.153,-1.102,0.001,0.011,22
27.600,3.450,79.350,0.251,-3.778,9.292,-1.087,0.019,0.026,22
27.600,3.450,79.350,0.692,-4.678,9.026,-1.044,0.018,0.024,22
27.450,-1.350,81.000,0.737,-4.223,8.648,-1.025,0.026,0.034,22
27.450,-1.350,81.000,0.632,-4.487,8.703,-0.987,0.027,0.043,22
26.850,-3.000,80.400,0.551,-4.542,8.586,-0.975,0.033,0.056,23
26.850,-3.000,80.400,0.500,-4.571,8.720,-0.963,0.025,0.057,22
27.900,-6.450,79.050,0.364,-4.853,8.538,-0.951,0.023,0.055,22
27.900,-6.450,79.050,0.520,-4.949,8.387,-0.954,0.019,0.053,22
27.900,-6.450,79.050,0.464,-5.265,8.270,-0.931,0.001,0.036,22
27.600,-7.800,80.400,0.584,-5.590,8.483,-0.900,0.011,0.034,22
27.600,-7.800,80.400,0.596,-5.617,8.131,-0.877,0.018,0.052,23
27.600,-7.800,80.400,0.460,-5.698,8.200,-0.848,0.009,0.049,22
27.600,-7.800,80.400,0.532,-5.772,8.056,-0.835,0.008,0.041,22
27.300,-10.500,78.900,0.515,-5.976,7.958,-0.826,0.016,0.031,22
27.300,-10.500,78.900,0.601,-6.014,7.678,-0.812,0.020,0.021,22
26.250,-13.500,78.750,0.532,-6.196,7.614,-0.809,0.024,0.014,22
26.250,-13.500,78.750,0.474,-6.323,7.633,-0.805,0.021,0.017,23
26.250,-13.500,78.750,0.436,-6.414,7.508,-0.801,0.011,0.020,22
27.300,-15.900,77.400,0.469,-6.634,7.331,-0.783,0.011,0.016,22
27.300,-15.900,77.400,0.524,-6.823,7.283,-0.768,0.010,0.018,22
28.800,-17.100,77.400,0.421,-6.919,7.245,-0.738,0.013,0.009,22
28.800,-17.100,77.400,0.515,-6.962,7.187,-0.724,0.015,0.006,22
28.800,-17.100,77.400,0.450,-7.049,7.075,-0.694,0.016,0.007,23
28.800,-17.100,77.400,0.493,-7.144,6.905,-0.681,0.018,0.003,22
25.350,-19.500,77.100,0.469,-7.187,6.869,-0.679,0.018,0.001,22
25.350,-19.500,77.100,0.433,-7.254,6.642,-0.675,0.020,0.003,22
25.350,-19.500,77.100,0.402,-7.367,6.574,-0.671,0.017,0.005,22
25.350,-19.500,77.100,0.433,-7.420,6.579,-0.668,0.022,0.007,22
25.350,-19.500,77.100,0.508,-7.558,6.366,-0.668,0.024,0.006,23
28.050,-22.650,75.600,0.419,-7.649,6.325,-0.659,0.019,0.003,22
28.050,-22.650,75.600,0.378,-7.618,6.124,-0.667,0.016,0.001,22
27.900,-24.750,75.000,0.409,-7.719,6.038,-0.677,0.015,-0.002,22
27.900,-24.750,75.000,0.443,-7.807,6.029,-0.683,0.022,0.005,22
27.300,-24.600,73.650,0.352,-7.882,5.813,-0.697,0.021,0.006,22
27.300,-24.600,73.650,0.306,-7.982,5.717,-0.714,0.013,0.017,23
27.300,-24.600,73.650,0.414,-8.157,5.581,-0.724,0.013,0.023,22
26.700,-27.150,72.000,0.472,-8.147,5.540,-0.724,0.013,0.021,22
26.700,-27.150,72.000,0.508,-8.198,5.353,-0.740,0.017,0.024,22
26.700,-27.150,72.000,0.407,-8.291,5.272,-0.749,0.020,0.021,22
26.700,-27.150,72.000,0.352,-8.440,5.088,-0.750,0.020,0.019,22
26.100,-29.700,69.600,0.417,-8.435,5.016,-0.760,0.005,0.016,23
26.100,-29.700,69.600,0.366,-8.526,4.743,-0.782,0.010,0.018,22
28.200,-31.500,67.500,0.383,-8.605,4.645,-0.787,0.015,0.019,22
28.200,-31.500,67.500,0.469,-8.701,4.690,-0.796,0.022,0.015,22
28.200,-31.500,67.500,0.328,-8.751,4.362,-0.816,0.017,0.012,22
27.600,-30.900,65.850,0.345,-8.799,4.180,-0.837,0.023,0.014,22
27.600,-30.900,65.850,0.321,-8.806,3.941,-0.869,0.012,0.021,23
26.100,-33.150,64.350,0.294,-8.930,3.917,-0.884,0.013,0.024,22
26.100,-33.150,64.350,0.335,-9.120,3.879,-0.893,0.018,0.030,22
26.100,-33.150,64.350,0.385,-9.263,3.548,-0.883,0.025,0.023,22
26.100,-33.150,64.350,0.352,-9.366,3.306,-0.873,0.024,0.011,22
27.900,-36.900,61.200,0.201,-9.493,3.206,-0.862,0.012,0.016,22
27.900,-36.900,61.200,0.342,-9.493,3.206,-0.856,0.021,0.016,23
27.900,-36.900,61.200,0.314,-9.579,2.713,-0.844,0.015,0.017,22
27.900,-36.900,61.200,0.347,-9.730,2.816,-0.839,0.018,0.017,22
27.900,-36.900,61.200,0.362,-9.661,2.418,-0.822,0.028,0.013,22
26.550,-39.900,59.250,0.371,-9.728,2.569,-0.817,0.024,-0.005,22
26.550,-39.900,59.250,0.314,-9.706,2.231,-0.814,0.030,-0.006,22
26.700,-40.500,55.200,0.177,-9.969,2.212,-0.812,0.017,0.011,23
26.700,-40.500,55.200,0.127,-9.819,1.867,-0.789,0.011,0.018,22
28.050,-41.850,53.250,0.225,-10.032,1.738,-0.765,0.001,0.017,22
28.050,-41.850,53.250,0.247,-9.998,1.800,-0.745,0.000,0.019,22
28.050,-41.850,53.250,0.311,-10.123,1.484,-0.702,0.020,0.009,22
29.550,-42.150,52.050,0.263,-10.154,1.231,-0.662,0.021,0.002,23
29.550,-42.150,52.050,0.218,-10.247,1.324,-0.618,0.019,0.002,22
29.550,-42.150,52.050,0.215,-10.302,1.307,-0.548,0.003,-0.002,22
29.550,-42.150,52.050,0.285,-10.096,0.974,-0.521,0.017,0.002,22
28.350,-43.800,49.050,0.239,-10.221,1.183,-0.480,0.012,-0.001,22
28.350,-43.800,49.050,0.237,-10.120,0.876,-0.464,0.020,-0.001,22
27.600,-44.550,48.000,0.254,-10.123,0.874,-0.428,0.012,-0.009,22
27.600,-44.550,48.000,0.175,-10.135,0.783,-0.402,0.017,-0.008,22
29.400,-45.900,48.150,0.280,-10.135,0.699,-0.373,0.007,-0.005,23
29.400,-45.900,48.150,0.292,-10.250,0.694,-0.331,0.000,-0.003,22
29.400,-45.900,48.150,0.285,-10.051,0.448,-0.318,0.011,0.002,22
26.550,-44.550,47.250,0.613,-11.253,1.621,-0.198,-0.014,-0.022,22
26.550,-44.550,47.250,0.680,-11.248,0.340,-0.036,0.026,-0.049,22
26.550,-44.550,47.250,-0.457,-10.075,0.359,-0.011,-0.009,-0.003,22
26.550,-44.550,47.250,0.469,-8.657,-0.163,-0.101,0.036,0.030,23
27.300,-45.300,46.500,0.673,-10.333,1.561,-0.044,0.017,0.027,22
27.300,-45.300,46.500,0.041,-10.544,1.097,-0.034,0.096,-0.007,22
26.250,-45.150,46.650,0.081,-9.768,0.151,-0.071,0.052,0.006,22
26.250,-45.150,46.650,-0.067,-10.159,0.520,-0.048,-0.001,-0.001,22
26.250,-45.150,46.650,0.084,-10.199,0.670,-0.017,0.000,0.017,22
28.350,-44.550,46.200,0.165,-10.108,0.227,0.002,-0.018,0.010,23
28.350,-44.550,46.200,0.007,-9.886,0.007,0.036,-0.007,0.012,22
28.650,-43.950,46.350,-0.053,-10.314,0.929,0.034,-0.031,0.003,22
28.650,-43.950,46.350,0.381,-10.336,0.395,0.088,-0.009,-0.007,22
28.650,-43.950,46.350,0.201,-10.230,0.479,0.121,-0.034,-0.007,22
28.650,-43.950,46.350,0.031,-9.986,0.656,0.129,-0.033,-0.018,22
28.650,-44.700,46.650,0.113,-10.022,1.001,0.188,-0.031,-0.016,23
28.650,-44.700,46.650,0.134,-10.250,0.871,0.231,-0.052,-0.010,22
28.650,-44.700,46.650,0.407,-10.147,0.469,0.250,-0.027,-0.011,22
28.650,-44.700,46.650,0.309,-10.305,0.749,0.273,-0.048,-0.024,22
28.650,-44.700,46.650,0.136,-10.125,0.792,0.317,-0.037,-0.014,22
28.050,-44.100,51.000,0.278,-10.180,1.020,0.344,-0.033,-0.020,22
28.050,-44.100,51.000,0.215,-10.228,1.209,0.373,-0.032,-0.024,23
29.100,-44.100,50.550,0.436,-10.020,1.168,0.409,-0.018,-0.025,22
29.100,-44.100,50.550,0.347,-10.070,1.348,0.430,-0.025,-0.023,22
27.600,-42.150,51.300,0.239,-10.046,1.331,0.448,-0.021,-0.013,22
27.600,-42.150,51.300,0.242,-10.108,1.568,0.493,-0.023,-0.016,22
27.600,-42.150,51.300,0.213,-10.223,1.805,0.535,-0.018,-0.011,22
27.900,-41.550,55.200,0.412,-9.979,1.587,0.555,-0.015,-0.024,23
27.900,-41.550,55.200,0.369,-9.905,1.844,0.570,-0.005,-0.034,22
27.900,-41.550,55.200,0.249,-9.917,1.915,0.584,-0.002,-0.024,22
27.900,-41.550,55.200,0.206,-9.555,1.999,0.583,0.008,-0.033,22
27.450,-40.800,56.700,0.115,-9.268,2.210,0.543,-0.001,-0.027,22
27.450,-40.800,56.700,0.366,-9.776,2.670,0.568,-0.011,-0.028,22
27.300,-40.200,57.000,0.189,-9.613,2.047,0.548,-0.014,-0.010,23
27.300,-40.200,57.000,0.424,-9.661,2.643,0.546,-0.010,-0.006,22
27.300,-40.200,57.000,0.283,-9.780,2.863,0.547,-0.018,-0.012,22
28.200,-38.850,60.450,0.268,-9.560,2.782,0.554,-0.012,-0.011,22
28.200,-38.850,60.450,0.359,-9.548,3.179,0.558,-0.020,-0.029,22
28.050,-36.750,61.350,0.323,-9.364,3.261,0.563,-0.009,-0.015,22
28.050,-36.750,61.350,0.172,-9.467,3.261,0.566,-0.017,-0.022,23
28.050,-36.750,61.350,0.254,-9.361,3.433,0.570,-0.013,-0.024,22
28.050,-36.750,61.350,0.227,-9.337,3.560,0.573,-0.019,-0.022,22
28.050,-34.800,64.800,0.278,-9.287,3.527,0.583,-0.022,-0.019,22
28.050,-34.800,64.800,0.256,-9.345,3.764,0.607,-0.024,-0.018,22
28.050,-34.800,64.800,0.153,-9.404,3.883,0.639,-0.030,-0.010,22
26.250,-35.700,65.400,0.278,-9.290,4.108,0.668,-0.033,-0.005,23
26.250,-35.700,65.400,0.371,-9.201,4.221,0.709,-0.044,-0.005,22
26.700,-32.250,66.450,0.323,-9.136,4.298,0.745,-0.036,-0.004,22
26.700,-32.250,66.450,0.359,-9.139,4.408,0.773,-0.037,-0.008,22
26.700,-31.050,69.000,0.263,-9.002,4.621,0.794,-0.038,-0.011,22
26.700,-31.050,69.000,0.409,-8.696,4.875,0.806,-0.040,-0.024,22
26.550,-29.700,69.600,0.259,-8.643,4.831,0.826,-0.040,-0.032,23
26.550,-29.700,69.600,0.383,-8.607,5.155,0.821,-0.036,-0.031,22
26.550,-29.700,69.600,0.555,-8.389,5.131,0.825,-0.030,-0.044,22
26.850,-26.550,71.100,0.534,-8.305,5.289,0.831,-0.019,-0.051,22
26.850,-26.550,71.100,0.467,-8.155,5.557,0.837,-0.008,-0.056,22
26.850,-26.550,71.100,0.445,-8.195,5.808,0.850,-0.001,-0.052,22
26.850,-26.550,71.100,0.419,-8.016,5.782,0.880,0.002,-0.046,22
28.050,-23.850,74.100,0.407,-8.025,6.096,0.908,0.009,-0.042,23
28.050,-23.850,74.100,0.314,-7.867,6.093,0.921,0.002,-0.034,22
27.000,-21.300,75.000,0.409,-7.693,6.488,0.947,-0.005,-0.032,22
27.000,-21.300,75.000,0.484,-7.549,6.500,0.988,-0.006,-0.027,22
27.000,-21.300,75.000,0.448,-7.372,6.644,1.012,0.003,-0.020,22
27.450,-19.650,76.500,0.407,-7.221,6.823,1.024,-0.005,-0.026,22
27.450,-19.650,76.500,0.419,-7.056,6.888,1.051,-0.003,-0.031,23
25.950,-16.950,78.000,0.539,-6.615,7.061,1.056,0.005,-0.046,22
25.950,-16.950,78.000,0.426,-6.713,7.381,1.060,-0.002,-0.049,22
25.950,-16.950,78.000,0.371,-6.378,7.602,1.084,-0.001,-0.043,22
25.950,-16.950,78.000,0.436,-6.211,7.465,1.099,-0.006,-0.052,22
26.700,-11.850,78.750,0.488,-6.067,7.748,1.107,-0.003,-0.042,22
26.700,-11.850,78.750,0.445,-5.466,8.018,1.085,0.005,-0.047,23
28.050,-8.550,79.350,0.441,-5.195,7.891,1.048,-0.007,-0.077,22
28.050,-8.550,79.350,0.541,-4.975,8.040,1.015,-0.013,-0.091,22
28.050,-8.550,79.350,0.515,-4.635,8.088,0.954,0.006,-0.082,22
27.000,-6.000,79.050,0.453,-4.693,8.301,0.923,-0.005,-0.063,22
27.000,-6.000,79.050,0.558,-4.444,8.478,0.891,0.007,-0.021,22
26.100,-3.900,79.350,0.505,-4.111,8.504,0.864,-0.002,-0.026,23
26.100,-3.900,79.350,0.622,-4.015,8.605,0.820,0.003,-0.028,22
26.100,-3.900,79.350,0.393,-4.025,8.684,0.775,0.008,-0.022,22
26.100,-3.900,79.350,0.340,-3.938,8.894,0.760,-0.000,-0.012,22
27.300,0.300,80.100,0.302,-3.915,8.892,0.761,0.001,0.018,22
27.300,0.300,80.100,0.737,-3.761,8.952,0.786,0.004,0.023,22
27.300,0.300,80.100,0.594,-3.632,9.237,0.807,0.001,-0.010,22
27.300,0.300,80.100,0.522,-3.395,9.112,0.818,-0.001,-0.030,23
27.300,0.300,80.100,0.572,-3.031,9.127,0.802,-0.007,-0.050,22
26.550,3.900,78.900,0.596,-2.746,9.115,0.743,-0.000,-0.064,22
26.550,3.900,78.900,0.589,-2.466,9.222,0.712,-0.012,-0.068,22
26.850,4.650,79.350,0.522,-2.253,9.263,0.661,-0.015,-0.073,22
26.850,4.650,79.350,0.634,-2.346,9.301,0.612,-0.006,-0.064,23
28.200,6.000,80.250,0.668,-2.370,9.548,0.608,0.000,-0.057,22
28.200,6.000,80.250,0.575,-2.078,9.512,0.586,0.001,-0.054,22
28.200,6.000,80.250,0.596,-1.879,9.419,0.573,0.006,-0.049,22
26.850,9.000,78.600,0.960,-1.788,9.179,0.541,0.023,-0.048,22
26.850,9.000,78.600,0.828,-1.664,9.716,0.509,0.038,-0.045,22
26.850,9.000,78.600,0.390,-1.482,9.550,0.485,0.037,-0.049,23
26.850,9.000,78.600,0.441,-1.144,9.543,0.440,0.016,-0.041,22
26.250,11.850,78.000,0.354,-1.164,9.639,0.413,0.016,-0.032,22
26.250,11.850,78.000,0.486,-1.156,9.536,0.373,0.009,-0.029,22
27.300,10.950,76.650,0.536,-1.164,9.699,0.359,0.007,-0.033,22
27.300,10.950,76.650,0.551,-1.188,9.656,0.331,0.003,-0.031,22
27.300,10.950,76.650,0.702,-1.154,9.804,0.326,0.003,-0.036,23
28.650,13.500,78.300,0.687,-1.037,9.804,0.333,0.006,-0.037,22
28.650,13.500,78.300,0.625,-0.836,9.689,0.319,0.016,-0.033,22
29.100,14.400,77.100,0.543,-0.680,9.668,0.299,0.005,-0.028,22
29.100,14.400,77.100,0.615,-0.678,9.682,0.276,0.016,-0.021,22
29.100,14.400,77.100,0.508,-0.699,9.706,0.265,0.006,-0.025,22
29.100,14.400,77.100,0.745,-0.735,9.790,0.261,-0.001,-0.030,23
27.450,14.550,76.950,0.702,-0.572,9.759,0.255,0.011,-0.023,22
27.450,14.550,76.950,0.613,-0.421,9.687,0.258,0.015,-0.018,22
27.450,14.550,76.950,0.553,-0.347,9.831,0.237,0.019,-0.015,22
27.450,14.550,76.950,0.555,-0.177,9.730,0.192,0.014,-0.011,22
NEW_MEASUREMENTS
33.300,4.650,75.900,0.548,-0.192,9.582,0.244,0.027,0.011,23
33.750,5.850,75.600,0.335,0.022,9.656,0.178,0.036,0.016,23
33.750,5.850,75.600,0.318,-0.055,9.665,0.107,0.043,0.030,23
33.600,4.800,75.450,0.199,-0.057,9.661,0.029,0.016,0.015,23
33.600,4.800,75.450,0.362,-0.084,9.651,-0.013,-0.009,0.001,22
33.600,4.800,75.450,0.548,-0.168,9.649,-0.052,-0.007,-0.005,22
33.600,4.800,75.450,0.543,-0.292,9.716,-0.091,-0.001,-0.001,23
33.600,4.800,75.450,0.587,-0.436,9.735,-0.102,0.008,0.012,22
34.050,6.150,75.600,0.551,-0.438,9.816,-0.110,0.024,0.017,22
34.050,6.150,75.600,0.534,-0.302,9.697,-0.124,0.027,0.017,22
34.050,6.150,75.600,0.546,-0.357,9.716,-0.157,0.014,0.013,22
34.050,6.150,75.600,0.419,-0.280,9.665,-0.188,0.009,0.004,22
32.250,5.850,75.150,0.510,-0.235,9.603,-0.219,0.005,-0.001,23
32.250,5.850,75.150,0.536,-0.318,9.708,-0.283,0.005,-0.005,22
32.250,5.850,75.150,0.541,-0.352,9.687,-0.316,0.004,-0.003,22
33.900,5.550,75.750,0.376,-0.460,9.675,-0.354,0.008,-0.004,22
33.900,5.550,75.750,0.512,-0.498,9.536,-0.397,0.016,-0.002,22
32.700,5.250,76.200,0.479,-0.560,9.783,-0.453,0.017,0.006,22
32.700,5.250,76.200,0.503,-0.520,9.515,-0.504,0.021,0.009,23
33.150,1.650,77.250,0.474,-0.733,9.598,-0.553,0.013,0.003,22
33.150,1.650,77.250,0.520,-0.812,9.644,-0.618,0.012,0.006,22
33.150,1.650,77.250,0.572,-1.034,9.641,-0.668,0.014,0.007,22
33.150,1.650,77.250,0.555,-1.276,9.606,-0.709,0.016,0.009,22
33.150,1.650,77.250,0.472,-1.405,9.357,-0.758,0.012,0.014,22
34.800,1.950,77.100,0.479,-1.563,9.598,-0.790,0.019,0.020,23
34.800,1.950,77.100,0.498,-1.609,9.347,-0.831,0.025,0.023,22
34.350,-0.900,76.950,0.450,-1.932,9.500,-0.853,0.013,0.022,22
34.350,-0.900,76.950,0.438,-2.090,9.333,-0.906,0.015,0.028,22
34.350,-2.850,76.500,0.539,-2.193,9.311,-0.926,0.025,0.027,22
34.350,-2.850,76.500,0.644,-2.624,8.844,-0.953,0.027,0.037,22
34.650,-3.600,76.950,0.496,-2.883,9.627,-0.971,0.013,0.031,23
34.650,-3.600,76.950,0.362,-2.806,8.966,-0.977,0.011,0.038,22
34.650,-3.600,76.950,0.488,-3.029,9.127,-1.014,0.019,0.039,22
34.650,-3.600,76.950,0.371,-3.208,8.966,-1.028,0.014,0.044,22
34.650,-3.600,76.950,0.333,-3.460,8.990,-1.058,0.018,0.033,22
33.150,-9.150,76.200,0.364,-3.474,8.708,-1.090,0.008,0.043,22
33.150,-9.150,76.200,0.388,-3.998,8.808,-1.122,0.019,0.047,23
33.900,-9.900,74.700,0.512,-4.120,8.662,-1.163,0.022,0.052,22
33.900,-9.900,74.700,0.472,-4.369,8.578,-1.186,0.028,0.051,22
33.900,-13.800,76.200,0.421,-4.506,8.315,-1.218,0.021,0.042,22
33.900,-13.800,76.200,0.369,-4.745,8.334,-1.239,0.015,0.040,22
33.900,-13.800,76.200,0.297,-5.128,8.045,-1.284,0.018,0.045,22
33.150,-16.200,74.250,0.294,-5.243,7.865,-1.319,0.022,0.048,23
33.150,-16.200,74.250,0.218,-5.531,7.700,-1.344,0.017,0.052,22
33.150,-16.200,74.250,0.204,-5.660,7.638,-1.379,0.016,0.068,22
33.150,-16.200,74.250,0.244,-5.861,7.424,-1.410,0.007,0.078,22
33.000,-21.000,72.900,0.328,-6.328,7.154,-1.431,0.008,0.082,22
33.000,-21.000,72.900,0.251,-6.699,7.015,-1.453,0.001,0.096,22
32.700,-23.550,70.500,0.244,-6.886,6.835,-1.455,0.001,0.091,23
32.700,-23.550,70.500,0.163,-7.089,6.553,-1.454,-0.007,0.099,22
32.700,-23.550,70.500,0.254,-7.353,6.503,-1.448,-0.009,0.097,22
33.750,-25.800,68.850,0.170,-7.784,6.182,-1.432,-0.018,0.096,22
33.750,-25.800,68.850,0.148,-7.992,5.959,-1.403,-0.025,0.096,22
32.700,-30.300,66.000,0.211,-8.241,5.930,-1.380,-0.027,0.097,22
32.700,-30.300,66.000,0.180,-8.322,5.648,-1.333,-0.032,0.093,23
32.700,-30.300,66.000,0.177,-8.574,5.583,-1.278,-0.037,0.092,22
32.700,-30.300,66.000,0.261,-8.744,5.140,-1.244,-0.050,0.089,22
33.900,-34.500,61.650,0.122,-8.909,5.128,-1.214,-0.052,0.085,22
33.900,-34.500,61.650,0.156,-8.971,4.693,-1.149,-0.056,0.068,22
33.900,-34.500,61.650,0.302,-9.254,4.724,-1.090,-0.047,0.063,22
33.900,-34.500,61.650,0.220,-9.294,4.597,-1.048,-0.041,0.062,23
33.900,-34.500,61.650,0.103,-9.546,4.245,-0.985,-0.047,0.060,22
34.050,-36.300,58.050,0.196,-9.584,4.190,-0.895,-0.049,0.058,22
34.050,-36.300,58.050,0.165,-9.656,4.029,-0.836,-0.056,0.050,22
33.300,-36.000,55.050,0.180,-9.606,3.886,-0.778,-0.049,0.057,22
33.300,-36.000,55.050,0.271,-9.718,3.917,-0.690,-0.045,0.038,22
33.600,-38.850,55.650,0.163,-9.670,3.630,-0.643,-0.029,0.032,23
33.600,-38.850,55.650,0.158,-9.759,3.524,-0.592,-0.034,0.031,22
33.600,-39.300,52.350,0.134,-9.783,3.354,-0.543,-0.036,0.035,22
33.600,-39.300,52.350,0.045,-9.764,3.338,-0.474,-0.037,0.034,22
33.600,-39.300,52.350,0.115,-9.807,3.280,-0.428,-0.036,0.031,22
33.600,-39.300,52.350,0.158,-9.878,3.323,-0.380,-0.037,0.025,22
33.600,-39.300,52.350,0.172,-9.878,3.127,-0.305,-0.035,0.019,22
33.600,-40.500,51.600,0.165,-10.025,3.098,-0.259,-0.028,0.012,23
33.600,-40.500,51.600,0.038,-9.962,2.983,-0.199,-0.025,0.017,22
34.050,-40.650,50.550,0.081,-10.178,3.084,-0.134,-0.029,0.013,22
34.050,-40.650,50.550,0.060,-10.084,3.029,-0.027,-0.031,0.014,22
34.500,-40.650,51.300,0.136,-9.838,2.808,0.027,-0.032,0.010,22
34.500,-40.650,51.300,-0.007,-9.694,2.971,0.040,-0.012,0.016,22
34.500,-40.650,51.300,0.084,-9.522,3.534,0.088,-0.053,0.013,23
33.000,-40.650,53.250,0.045,-9.541,3.081,0.101,-0.054,0.013,22
33.000,-40.650,53.250,0.103,-9.871,2.531,0.108,-0.050,0.023,22
33.000,-40.650,53.250,-0.225,-9.867,2.919,0.197,-0.082,0.024,22
33.000,-40.650,53.250,-0.010,-10.123,3.500,0.285,-0.104,0.034,22
34.350,-40.050,53.100,0.172,-9.766,3.012,0.321,-0.090,0.034,22
34.350,-40.050,53.100,0.036,-10.051,3.589,0.401,-0.106,0.010,23
33.900,-38.100,53.700,0.318,-9.730,3.481,0.477,-0.075,-0.015,22
33.900,-38.100,53.700,0.393,-9.704,3.493,0.510,-0.048,-0.025,22
33.900,-38.100,53.700,0.433,-9.527,3.503,0.554,-0.044,-0.032,22
34.350,-38.100,55.650,0.309,-9.543,3.871,0.570,-0.018,-0.036,22
34.350,-38.100,55.650,0.330,-9.357,3.663,0.603,-0.001,-0.040,22
33.600,-38.100,56.700,0.266,-9.177,3.958,0.633,0.012,-0.048,23
33.600,-38.100,56.700,0.172,-9.318,4.183,0.646,0.009,-0.053,22
33.600,-38.100,56.700,0.247,-9.191,4.274,0.685,0.021,-0.073,22
33.600,-38.100,56.700,0.223,-9.175,4.432,0.708,0.016,-0.074,22
32.700,-35.400,60.150,0.208,-9.009,4.513,0.729,0.025,-0.083,22
32.700,-35.400,60.150,0.294,-8.882,4.448,0.725,0.023,-0.095,22
32.700,-35.400,60.150,0.084,-8.519,5.054,0.719,0.027,-0.089,23
32.700,-35.400,60.150,0.163,-8.612,4.712,0.719,0.023,-0.084,22
32.700,-35.400,60.150,0.314,-8.777,5.255,0.721,0.019,-0.082,22
33.000,-32.850,63.300,0.153,-8.334,5.059,0.738,0.022,-0.068,22
33.000,-32.850,63.300,0.084,-8.550,5.619,0.778,0.002,-0.058,22
33.150,-31.500,64.200,0.340,-8.504,5.703,0.794,-0.007,-0.060,22
33.150,-31.500,64.200,0.328,-7.977,5.540,0.812,0.007,-0.043,23
33.000,-30.450,66.300,0.117,-7.930,5.770,0.818,0.000,-0.031,22
33.000,-30.450,66.300,0.031,-7.910,5.897,0.812,-0.005,-0.023,22
33.000,-30.450,66.300,0.251,-7.745,6.000,0.805,-0.007,-0.017,22
33.000,-28.050,67.350,0.340,-7.491,6.158,0.785,-0.008,-0.009,22
33.000,-28.050,67.350,0.235,-7.429,6.369,0.775,-0.002,-0.010,22
33.000,-28.050,67.350,0.249,-7.147,6.531,0.757,-0.002,-0.014,23
33.000,-28.050,67.350,0.215,-7.135,6.673,0.730,-0.012,-0.021,22
32.550,-25.350,70.050,0.354,-7.202,6.586,0.722,0.002,-0.017,22
32.550,-25.350,70.050,0.227,-6.862,7.044,0.706,-0.013,-0.021,22
32.400,-23.550,72.450,0.259,-6.857,6.902,0.705,-0.009,-0.013,22
32.400,-23.550,72.450,0.268,-6.934,7.238,0.719,-0.016,0.001,22
32.700,-23.550,72.450,0.318,-6.838,7.264,0.735,-0.013,0.010,23
32.700,-22.800,72.000,0.261,-6.754,7.535,0.765,-0.023,0.008,22
32.700,-22.800,72.000,0.254,-6.488,7.616,0.791,-0.029,0.014,22
33.000,-20.250,72.150,0.247,-6.428,7.566,0.823,-0.031,0.012,22
33.000,-20.250,72.150,0.304,-6.369,7.764,0.857,-0.024,0.014,22
33.000,-20.250,72.150,0.256,-6.235,7.831,0.888,-0.025,0.014,22
33.000,-20.250,72.150,0.342,-6.151,8.009,0.937,-0.023,0.002,22
32.250,-16.350,74.400,0.431,-5.653,8.078,0.958,-0.031,0.001,23
32.250,-16.350,74.400,0.373,-5.545,8.147,0.986,-0.027,-0.013,22
32.700,-13.500,75.000,0.381,-5.456,8.303,1.023,-0.020,-0.025,22
32.700,-13.500,75.000,0.448,-5.349,8.344,1.058,-0.021,-0.019,22
32.700,-13.500,75.000,0.364,-5.104,8.480,1.086,-0.019,-0.019,22
32.550,-10.500,77.100,0.342,-4.714,8.693,1.104,-0.019,-0.019,22
32.550,-10.500,77.100,0.474,-4.343,8.593,1.139,-0.016,-0.032,23
32.250,-8.100,75.600,0.493,-4.226,8.882,1.148,-0.023,-0.037,22
32.250,-8.100,75.600,0.505,-3.974,8.806,1.154,-0.016,-0.050,22
32.400,-4.800,76.200,0.467,-3.704,8.966,1.146,-0.014,-0.077,22
32.400,-4.800,76.200,0.457,-3.129,9.076,1.129,-0.034,-0.094,22
33.900,-2.850,77.250,0.388,-2.851,8.993,1.105,-0.035,-0.116,22
33.900,-2.850,77.250,0.429,-2.476,9.395,1.054,-0.059,-0.149,23
33.900,-2.850,77.250,0.479,-2.100,9.139,0.996,-0.074,-0.167,22
33.900,-2.850,77.250,0.388,-1.791,9.210,0.916,-0.078,-0.173,22
33.900,-2.850,77.250,0.543,-1.458,9.141,0.868,-0.093,-0.177,22
33.000,0.750,76.350,0.776,-1.240,9.242,0.729,-0.020,-0.121,22
33.000,0.750,76.350,0.158,-1.137,9.072,0.635,0.008,-0.045,22
33.300,3.450,77.850,0.510,-0.950,9.440,0.555,0.002,-0.006,23
33.300,3.450,77.850,0.766,-0.838,9.486,0.447,0.027,0.011,22
33.000,3.900,75.600,0.618,-0.950,9.637,0.352,0.018,-0.008,22
33.000,3.900,75.600,0.340,-0.769,9.448,0.310,0.003,-0.024,22
33.000,3.900,75.600,0.620,-1.092,9.673,0.254,-0.001,-0.027,22
31.800,3.450,76.350,0.584,-0.955,9.498,0.197,0.018,-0.010,22
31.800,3.450,76.350,0.644,-0.948,9.661,0.184,0.017,-0.000,23
31.800,3.450,76.350,0.551,-1.101,9.764,0.166,0.004,-0.005,22
31.800,3.450,76.350,0.570,-1.006,9.632,0.150,0.012,-0.011,22
32.400,5.250,75.750,0.644,-1.075,9.780,0.152,0.009,-0.005,22
32.400,5.250,75.750,0.627,-1.053,9.814,0.155,0.006,-0.008,22
33.150,4.800,77.550,0.608,-0.936,9.697,0.165,0.014,-0.012,22
33.150,4.800,77.550,0.527,-0.881,9.706,0.162,0.004,-0.018,23
33.150,4.800,77.550,0.656,-0.895,9.797,0.176,0.009,-0.025,22
32.550,6.150,77.400,0.622,-0.778,9.752,0.174,0.009,-0.023,22
32.550,6.150,77.400,0.536,-0.713,9.728,0.169,0.010,-0.024,22
32.400,6.750,75.750,0.546,-0.555,9.675,0.137,0.002,-0.020,22
32.400,6.750,75.750,0.591,-0.254,9.730,0.082,0.010,-0.017,22
32.400,6.750,75.750,0.771,-0.218,9.438,0.028,0.003,0.002,23
32.400,6.750,75.750,0.948,-0.081,9.629,-0.073,0.038,-0.006,22
33.600,5.550,75.750,0.026,-0.151,9.500,-0.129,0.019,-0.014,22
33.600,5.550,75.750,0.345,-0.364,9.665,-0.172,-0.007,-0.030,22
33.600,5.550,75.750,0.373,-0.340,9.553,-0.213,0.024,-0.017,22
33.600,5.550,75.750,0.500,-0.350,9.651,-0.283,0.017,0.001,22
33.600,5.550,75.750,0.740,-0.441,9.728,-0.320,0.014,0.006,23
32.700,6.750,76.950,0.484,-0.551,9.658,-0.363,0.022,0.009,22
32.700,6.750,76.950,0.512,-0.503,9.728,-0.435,0.010,0.006,22
31.950,5.550,76.200,0.596,-0.682,9.524,-0.492,0.013,0.009,22
31.950,5.550,76.200,0.543,-0.687,9.680,-0.541,0.015,0.017,22
33.750,4.650,76.650,0.450,-0.864,9.565,-0.619,0.007,0.023,22
33.750,4.650,76.650,0.572,-0.931,9.646,-0.670,0.015,0.016,23
33.750,4.650,76.650,0.536,-0.962,9.371,-0.726,0.014,0.008,22
32.250,3.000,77.100,0.589,-1.255,9.440,-0.788,0.021,0.002,22
32.250,3.000,77.100,0.335,-1.302,9.412,-0.880,0.004,0.003,22
32.250,3.000,77.100,0.268,-1.595,9.287,-0.928,0.013,0.029,22
32.250,3.000,77.100,0.208,-1.901,9.196,-0.970,0.017,0.048,22
33.300,-0.300,77.100,0.488,-2.133,9.249,-1.015,0.017,0.057,23
33.300,-0.300,77.100,0.429,-2.689,9.601,-1.020,-0.001,0.058,22
32.400,-2.850,76.950,0.632,-3.227,9.536,-1.011,0.015,0.071,22
32.400,-2.850,76.950,0.359,-3.302,8.894,-0.961,0.023,0.062,22
32.400,-2.850,76.950,0.584,-3.553,9.486,-0.903,0.002,0.049,22
32.700,-4.500,77.250,0.622,-3.354,8.823,-0.913,0.011,0.040,22
32.700,-4.500,77.250,0.649,-3.704,9.041,-0.903,0.022,0.036,23
31.950,-6.450,76.950,0.479,-3.654,8.636,-0.897,0.005,0.033,22
31.950,-6.450,76.950,0.536,-3.886,8.983,-0.903,0.025,0.035,22
31.950,-6.450,76.950,0.534,-3.977,8.830,-0.916,0.024,0.026,22
31.950,-6.450,76.950,0.579,-4.226,8.863,-0.905,0.023,0.019,22
32.550,-12.450,76.350,0.510,-4.503,8.681,-0.911,0.018,0.021,22
32.550,-12.450,76.350,0.460,-4.726,8.624,-0.920,0.025,0.023,23
33.000,-12.000,76.350,0.453,-4.721,8.396,-0.908,0.021,0.014,22
33.000,-12.000,76.350,0.601,-4.954,8.490,-0.921,0.020,0.011,22
33.000,-12.000,76.350,0.520,-5.059,8.162,-0.935,0.025,0.013,22
31.500,-13.950,75.150,0.508,-5.157,8.337,-0.936,0.017,0.017,22
31.500,-13.950,75.150,0.397,-5.291,8.035,-0.954,0.023,0.017,22
30.900,-13.800,75.000,0.450,-5.413,8.004,-0.990,0.021,0.013,23
30.900,-13.800,75.000,0.498,-5.519,7.841,-1.020,0.020,0.021,22
32.250,-18.000,73.650,0.338,-5.782,7.671,-1.042,0.022,0.020,22
32.250,-18.000,73.650,0.373,-5.933,7.592,-1.063,0.018,0.027,22
31.650,-20.100,72.450,0.378,-6.239,7.458,-1.079,0.021,0.035,22
31.650,-20.100,72.450,0.433,-6.416,7.257,-1.087,0.014,0.039,22
31.650,-20.100,72.450,0.503,-6.661,7.163,-1.094,0.017,0.042,22
31.650,-20.100,72.450,0.488,-6.721,7.061,-1.104,0.035,0.022,23
31.650,-20.100,72.450,0.237,-7.032,6.634,-1.114,0.038,0.016,22
31.950,-24.750,69.750,0.263,-7.144,6.586,-1.134,0.027,0.014,22
31.950,-24.750,69.750,0.304,-7.247,6.433,-1.142,0.018,0.036,22
32.400,-25.950,69.000,0.441,-7.391,6.321,-1.158,0.021,0.037,22
32.400,-25.950,69.000,0.460,-7.628,6.148,-1.152,0.022,0.029,22
33.150,-28.350,66.000,0.373,-7.865,5.990,-1.170,0.023,0.011,23
33.150,-28.350,66.000,0.362,-8.064,5.674,-1.171,0.024,0.019,22
33.150,-28.350,66.000,0.280,-8.121,5.581,-1.166,0.022,0.029,22
32.250,-29.250,65.550,0.290,-8.188,5.337,-1.162,0.021,0.040,22
32.250,-29.250,65.550,0.306,-8.430,5.200,-1.161,0.011,0.038,22
32.250,-29.250,65.550,0.393,-8.660,5.030,-1.152,0.016,0.029,22
32.250,-29.250,65.550,0.330,-8.741,4.745,-1.140,0.023,0.023,23
31.650,-36.150,60.450,0.278,-8.993,4.578,-1.130,0.027,0.017,22
31.650,-36.150,60.450,0.232,-9.057,4.446,-1.101,0.014,0.028,22
33.150,-35.700,59.700,0.268,-9.088,4.283,-1.072,0.017,0.030,22
33.150,-35.700,59.700,0.388,-9.239,4.142,-1.041,0.013,0.024,22
33.150,-35.700,59.700,0.180,-9.567,3.780,-1.005,0.009,0.034,22
33.600,-38.850,57.450,0.199,-9.536,3.759,-0.968,0.015,0.040,23
33.600,-38.850,57.450,0.201,-9.766,3.496,-0.914,-0.001,0.043,22
31.950,-38.550,56.400,0.158,-9.764,3.474,-0.871,-0.015,0.049,22
31.950,-38.550,56.400,0.235,-9.799,3.268,-0.785,-0.019,0.048,22
31.950,-38.550,56.400,0.266,-10.068,3.117,-0.720,-0.022,0.039,22
31.950,-38.550,56.400,0.309,-10.142,3.017,-0.656,-0.014,0.035,22
33.750,-40.200,52.800,0.318,-10.075,2.904,-0.551,-0.013,0.017,23
33.750,-40.200,52.800,0.304,-10.209,2.885,-0.479,-0.004,0.005,22
33.750,-40.200,52.800,0.318,-10.166,2.763,-0.411,-0.001,-0.004,22
33.750,-40.200,52.800,0.359,-10.175,2.691,-0.346,0.011,-0.013,22
33.750,-40.200,52.800,0.227,-10.025,2.543,-0.266,0.019,-0.031,22
32.550,-40.950,49.800,0.251,-10.063,2.547,-0.221,0.025,-0.018,22
32.550,-40.950,49.800,0.244,-10.041,2.538,-0.171,0.019,-0.004,23
31.650,-40.500,49.350,0.201,-9.989,2.562,-0.120,0.013,-0.010,22
31.650,-40.500,49.350,0.165,-10.010,2.444,-0.079,0.011,-0.017,22
31.950,-40.800,48.150,0.294,-9.965,2.466,-0.038,0.007,-0.019,22
31.950,-40.800,48.150,0.306,-9.910,2.418,-0.010,0.029,-0.015,22
31.950,-40.800,48.150,0.156,-9.835,2.344,0.033,0.022,-0.013,22
33.300,-40.650,49.050,0.057,-9.787,2.478,0.037,0.005,-0.019,23
33.300,-40.650,49.050,0.069,-9.922,2.667,0.045,0.012,-0.020,22
33.300,-40.650,49.050,0.105,-9.857,2.485,0.083,0.003,-0.013,22
33.300,-40.650,49.050,0.603,-9.831,2.425,0.100,0.026,-0.007,22
33.150,-41.250,49.650,0.141,-9.847,2.938,0.143,-0.021,-0.020,22
33.150,-41.250,49.650,0.201,-9.752,2.497,0.182,-0.007,0.005,22
34.500,-41.400,50.250,0.385,-9.639,2.703,0.191,-0.002,0.002,23
34.500,-41.400,50.250,0.072,-9.744,2.562,0.230,-0.009,-0.008,22
34.500,-41.400,50.250,0.323,-9.799,2.698,0.240,-0.002,-0.016,22
32.700,-41.550,51.900,0.259,-9.780,2.837,0.271,-0.004,-0.015,22
32.700,-41.550,51.900,0.326,-9.584,2.861,0.300,0.008,-0.010,22
32.550,-41.400,51.750,0.156,-9.797,2.959,0.328,-0.006,-0.014,22
32.550,-41.400,51.750,0.263,-9.802,3.259,0.384,-0.002,-0.015,23
32.550,-41.400,51.750,0.273,-9.682,3.103,0.405,-0.007,-0.012,22
32.550,-41.400,51.750,0.254,-9.766,3.251,0.444,0.000,-0.023,22
33.300,-38.250,55.800,0.280,-9.625,3.287,0.479,0.009,-0.034,22
33.300,-38.250,55.800,0.235,-9.577,3.498,0.526,0.010,-0.038,22
33.300,-38.250,55.800,0.314,-9.546,3.584,0.567,0.012,-0.035,22
33.300,-38.250,55.800,0.321,-9.495,3.711,0.589,0.008,-0.033,22
33.300,-38.250,55.800,0.182,-9.462,3.764,0.628,0.005,-0.043,23
33.000,-37.050,56.250,0.204,-9.337,3.958,0.654,-0.002,-0.035,22
33.000,-37.050,56.250,0.342,-8.969,3.910,0.663,0.014,-0.037,22
33.000,-36.750,59.250,0.084,-8.535,4.235,0.632,0.017,-0.039,22
33.000,-36.750,59.250,0.184,-8.794,4.520,0.626,-0.001,-0.041,22
32.250,-36.300,60.600,0.249,-8.830,4.159,0.596,-0.007,-0.016,22
32.250,-36.300,60.600,0.314,-8.914,4.769,0.602,-0.003,-0.007,23
32.700,-34.200,60.450,0.184,-8.825,4.937,0.592,-0.009,-0.023,22
32.700,-34.200,60.450,0.287,-8.681,4.666,0.590,-0.006,-0.022,22
32.700,-34.200,60.450,0.314,-8.746,5.061,0.601,-0.007,-0.029,22
32.700,-34.200,60.450,0.366,-8.440,5.104,0.609,-0.009,-0.026,22
32.700,-34.200,60.450,0.350,-8.569,5.160,0.628,0.001,-0.026,22
31.650,-31.800,63.150,0.242,-8.334,5.430,0.632,-0.005,-0.021,23
31.650,-31.800,63.150,0.311,-8.305,5.440,0.648,-0.009,-0.019,22
31.800,-31.200,64.350,0.381,-8.248,5.638,0.652,-0.009,-0.019,22
31.800,-31.200,64.350,0.383,-8.133,5.521,0.660,-0.009,-0.017,22
33.300,-28.950,66.600,0.366,-8.157,6.000,0.677,-0.005,-0.032,22
33.300,-28.950,66.600,0.426,-8.147,6.088,0.694,-0.003,-0.027,22
33.300,-28.950,66.600,0.481,-8.025,6.084,0.738,-0.003,-0.041,23
32.250,-28.500,66.600,0.383,-7.949,6.244,0.765,-0.005,-0.037,22
32.250,-28.500,66.600,0.309,-7.932,6.328,0.800,-0.003,-0.041,22
32.250,-28.500,66.600,0.117,-7.623,6.495,0.838,-0.006,-0.041,22
32.250,-28.500,66.600,0.280,-7.547,6.627,0.848,0.006,-0.037,22
31.950,-24.000,70.200,0.505,-7.367,6.615,0.877,-0.013,-0.027,22
31.950,-24.000,70.200,0.417,-7.125,7.180,0.911,-0.008,-0.018,23
31.950,-21.300,71.250,0.520,-7.051,7.010,0.923,-0.000,-0.028,22
31.950,-21.300,71.250,0.407,-6.893,7.116,0.927,-0.004,-0.041,22
31.950,-21.300,71.250,0.457,-6.412,7.161,0.927,0.004,-0.054,22
32.250,-20.250,72.600,0.500,-6.416,7.573,0.923,0.006,-0.064,22
32.250,-20.250,72.600,0.405,-6.208,7.487,0.912,0.009,-0.070,22
33.000,-17.100,73.350,0.249,-6.033,7.678,0.911,-0.006,-0.054,23
33.000,-17.100,73.350,0.299,-5.839,7.712,0.904,-0.008,-0.036,22
33.000,-16.350,74.850,0.431,-5.698,7.896,0.905,0.002,-0.021,22
33.000,-16.350,74.850,0.476,-5.416,8.023,0.908,0.000,-0.028,22
32.250,-14.400,76.350,0.426,-5.406,8.207,0.900,0.003,-0.047,22
32.250,-14.400,76.350,0.453,-5.262,8.375,0.910,0.002,-0.044,22
32.250,-14.400,76.350,0.464,-5.181,8.423,0.915,-0.000,-0.033,23
32.250,-14.400,76.350,0.436,-4.731,8.384,0.920,0.001,-0.035,22
32.250,-14.400,76.350,0.474,-4.623,8.660,0.910,0.001,-0.043,22
32.400,-10.650,76.500,0.369,-4.233,8.550,0.901,-0.003,-0.044,22
32.400,-10.650,76.500,0.601,-4.240,8.792,0.893,-0.002,-0.039,22
31.650,-7.500,78.000,0.634,-4.087,8.748,0.877,0.006,-0.031,22
31.650,-7.500,78.000,0.445,-3.766,8.966,0.866,-0.001,-0.048,23
32.250,-4.950,77.100,0.476,-3.524,8.954,0.877,-0.004,-0.052,22
32.250,-4.950,77.100,0.498,-3.407,9.031,0.847,0.001,-0.046,22
32.250,-4.950,77.100,0.577,-3.019,8.993,0.831,0.001,-0.049,22
31.800,-4.650,76.350,0.527,-2.962,9.230,0.796,-0.005,-0.035,22
31.800,-4.650,76.350,0.326,-2.737,9.304,0.749,0.009,-0.029,22
31.800,-4.650,76.350,0.512,-2.473,9.146,0.729,-0.002,-0.033,23
31.800,-4.650,76.350,0.524,-2.289,9.294,0.679,0.003,-0.042,22
31.650,0.150,77.250,0.558,-2.150,9.376,0.635,0.003,-0.028,22
31.650,0.150,77.250,0.450,-2.085,9.419,0.600,0.000,-0.019,22
31.950,2.100,77.550,0.450,-2.057,9.517,0.575,0.009,-0.012,22
31.950,2.100,77.550,0.704,-1.894,9.426,0.555,0.009,-0.012,22
31.950,2.100,77.550,0.565,-1.865,9.632,0.539,0.019,-0.028,23
33.900,2.400,76.950,0.424,-1.571,9.373,0.515,0.007,-0.041,22
33.900,2.400,76.950,0.467,-1.554,9.622,0.488,-0.005,-0.026,22
33.600,2.850,75.450,0.548,-1.377,9.524,0.461,0.007,-0.014,22
33.600,2.850,75.450,0.611,-1.063,9.567,0.420,0.010,-0.016,22
33.600,2.850,75.450,0.512,-1.039,9.625,0.365,0.004,-0.027,22
33.600,2.850,75.450,0.488,-1.022,9.649,0.342,0.001,-0.029,23
31.650,5.250,77.250,0.627,-0.934,9.589,0.305,0.010,-0.019,22
31.650,5.250,77.250,0.464,-0.910,9.584,0.287,0.011,-0.013,22
31.650,5.250,77.250,0.579,-0.871,9.720,0.255,0.009,-0.018,22
32.250,5.400,76.650,0.589,-0.812,9.723,0.232,0.010,-0.016,22
32.250,5.400,76.650,0.589,-0.776,9.718,0.225,0.012,-0.014,22
32.250,5.400,74.400,0.599,-0.833,9.752,0.204,0.005,-0.017,22
32.250,5.400,74.400,0.558,-0.493,9.673,0.177,0.015,-0.013,23
33.750,5.400,75.150,0.563,-0.201,9.649,0.136,0.011,-0.007,22
33.750,5.400,75.150,0.522,-0.115,9.594,0.069,0.013,-0.014,22
33.300,7.350,75.600,0.512,0.096,9.505,-0.053,0.009,-0.010,22
33.300,7.350,75.600,0.464,0.086,9.481,-0.145,0.016,0.001,22
33.300,7.350,75.600,0.529,0.000,9.606,-0.223,0.014,-0.001,22
33.600,6.000,76.500,0.584,-0.053,9.656,-0.344,0.008,-0.004,22
33.600,6.000,76.500,0.661,-0.093,9.412,-0.428,0.016,-0.001,23
33.600,6.000,76.500,0.579,-0.287,9.582,-0.510,0.014,0.001,22
33.600,6.000,76.500,0.591,-0.364,9.488,-0.594,0.022,0.015,22
34.050,3.900,77.100,0.812,-0.565,9.591,-0.712,0.014,0.025,22
34.050,3.900,77.100,0.622,-0.790,9.555,-0.788,0.008,0.012,22
31.800,3.900,76.650,0.661,-0.816,9.316,-0.873,0.017,0.015,23
31.800,3.900,76.650,0.450,-1.018,9.333,-0.990,0.016,0.014,22
31.800,2.700,77.400,0.532,-1.286,9.376,-1.078,0.012,0.019,22
31.800,2.700,77.400,0.687,-1.733,9.440,-1.132,0.007,0.025,22
31.800,2.700,77.400,0.328,-2.109,9.261,-1.193,0.031,0.033,22
31.800,-1.500,76.350,0.584,-2.504,9.251,-1.250,0.023,0.041,22
31.800,-1.500,76.350,0.151,-2.840,9.218,-1.240,-0.013,0.046,23
31.800,-1.500,76.350,0.871,-3.213,9.323,-1.231,0.026,0.036,22
31.800,-1.500,76.350,0.572,-3.438,8.777,-1.225,-0.003,0.031,22
32.550,-6.150,77.100,0.445,-3.819,9.014,-1.248,0.023,0.025,22
32.550,-6.150,77.100,0.551,-3.938,8.973,-1.228,0.006,0.017,22
33.150,-8.400,76.500,0.445,-4.111,8.571,-1.237,0.032,0.033,22
33.150,-8.400,76.500,0.429,-4.345,8.796,-1.216,0.022,0.038,23
33.150,-8.400,76.500,0.536,-4.676,8.497,-1.207,0.029,0.032,22
30.900,-10.650,76.500,0.505,-4.798,7.997,-1.177,0.017,0.025,22
30.900,-10.650,76.500,0.388,-5.284,8.559,-1.157,0.011,0.034,22
33.150,-13.050,77.250,0.409,-5.169,7.982,-1.174,0.028,0.039,22
33.150,-13.050,77.250,0.441,-5.574,8.356,-1.139,0.013,0.027,22
32.400,-16.200,75.000,0.565,-5.545,7.875,-1.125,0.015,0.032,23
32.400,-16.200,75.000,0.479,-5.914,7.633,-1.134,0.028,0.035,22
33.600,-18.150,72.750,0.383,-5.986,7.638,-1.128,0.019,0.026,22
33.600,-18.150,72.750,0.397,-6.177,7.520,-1.142,0.025,0.028,22
33.600,-18.150,72.750,0.376,-6.328,7.329,-1.141,0.024,0.027,22
33.600,-18.150,72.750,0.443,-6.553,7.269,-1.153,0.027,0.028,22
33.600,-18.150,72.750,0.534,-6.874,7.149,-1.154,0.013,0.027,23
31.500,-23.400,73.350,0.385,-7.051,6.946,-1.154,0.026,0.030,22
31.500,-23.400,73.350,0.474,-7.094,6.591,-1.141,0.032,0.028,22
31.200,-25.500,70.950,0.223,-7.520,6.637,-1.109,0.018,0.030,22
31.200,-25.500,70.950,0.345,-7.465,6.472,-1.100,0.022,0.029,22
33.750,-27.000,68.100,0.491,-7.829,6.290,-1.073,0.019,0.034,22
33.750,-27.000,68.100,0.314,-7.973,6.024,-1.049,0.021,0.027,23
33.750,-27.000,68.100,0.347,-8.102,6.033,-1.018,0.017,0.026,22
32.250,-27.750,66.300,0.323,-8.193,5.957,-0.995,0.020,0.032,22
32.250,-27.750,66.300,0.426,-8.399,5.839,-0.940,0.024,0.022,22
32.250,-27.750,66.300,0.390,-8.559,5.605,-0.902,0.021,0.017,22
32.250,-27.750,66.300,0.304,-8.619,5.409,-0.867,0.020,0.015,22
33.000,-31.950,63.300,0.373,-8.622,5.193,-0.831,0.021,0.007,23
33.000,-31.950,63.300,0.318,-8.677,5.229,-0.804,0.021,0.006,22
33.900,-34.500,62.400,0.323,-8.617,4.970,-0.793,0.024,0.014,22
33.900,-34.500,62.400,0.223,-8.741,4.733,-0.785,0.018,0.019,22
33.900,-34.500,62.400,0.247,-8.751,4.688,-0.783,0.015,0.015,22
32.700,-36.450,60.450,0.407,-8.775,4.563,-0.784,0.007,0.013,22
32.700,-36.450,60.450,0.283,-8.844,4.298,-0.794,0.022,0.015,22
31.200,-36.900,60.450,0.302,-8.954,4.326,-0.787,0.016,0.019,23
31.200,-36.900,60.450,0.330,-9.064,4.128,-0.782,0.011,0.018,22
31.200,-36.900,60.450,0.378,-9.072,3.850,-0.788,0.015,0.011,22
31.200,-36.900,60.450,0.311,-9.148,3.716,-0.798,0.017,0.011,22
33.000,-37.500,56.250,0.271,-9.182,3.558,-0.807,0.023,0.014,22
33.000,-37.500,56.250,0.165,-9.285,3.637,-0.810,0.016,0.017,22
33.000,-37.500,56.250,0.218,-9.424,3.321,-0.813,0.016,0.019,23
33.000,-37.500,56.250,0.194,-9.428,3.017,-0.815,0.020,0.013,22
33.000,-37.500,56.250,0.170,-9.567,3.081,-0.809,0.019,0.016,22
32.700,-39.300,53.400,0.225,-9.519,2.873,-0.815,0.012,0.019,22
32.700,-39.300,53.400,0.110,-9.649,2.727,-0.798,0.012,0.019,22
31.650,-42.450,51.600,0.306,-9.776,2.528,-0.779,0.012,0.018,22
31.650,-42.450,51.600,0.237,-9.720,2.327,-0.780,0.011,0.021,23
33.000,-41.850,49.800,0.089,-9.871,2.260,-0.756,0.007,0.024,22
33.000,-41.850,49.800,0.242,-9.811,2.157,-0.741,0.003,0.024,22
33.000,-41.850,49.800,0.182,-9.969,1.990,-0.717,0.010,0.018,22
31.800,-43.350,47.700,0.273,-9.910,1.729,-0.699,0.007,0.017,22
31.800,-43.350,47.700,0.278,-9.986,1.671,-0.662,0.020,0.009,22
31.800,-43.350,47.700,0.160,-9.962,1.539,-0.655,0.014,0.009,23
31.800,-43.350,47.700,0.093,-9.981,1.506,-0.643,0.007,0.007,22
33.300,-43.350,41.700,0.163,-9.969,1.271,-0.642,0.011,0.008,22
33.300,-43.350,41.700,0.189,-10.123,1.223,-0.634,0.025,0.008,22
33.300,-43.350,42.000,0.201,-10.003,0.958,-0.598,0.016,0.006,22
33.300,-43.350,42.000,0.127,-10.226,1.053,-0.593,0.023,0.007,22
32.400,-44.700,40.800,0.132,-10.075,0.828,-0.544,0.010,0.008,23
32.400,-44.700,40.800,0.139,-10.238,1.001,-0.506,0.006,0.003,22
32.400,-44.700,40.800,0.074,-10.324,0.764,-0.496,0.025,-0.001,22
33.150,-46.350,40.050,0.285,-10.096,0.582,-0.449,0.021,0.004,22
33.150,-46.350,40.050,0.019,-10.266,0.618,-0.409,0.015,-0.009,22
33.150,-46.350,40.050,0.153,-10.233,0.309,-0.370,0.016,-0.004,22
33.150,-46.350,40.050,0.141,-10.448,0.345,-0.324,0.018,-0.003,23
33.750,-45.750,37.500,0.156,-10.369,0.345,-0.260,0.021,0.006,22
33.750,-45.750,37.500,0.194,-10.475,0.405,-0.195,0.006,-0.007,22
31.950,-45.150,38.550,0.144,-10.465,0.330,-0.151,0.015,-0.011,22
31.950,-45.150,38.550,0.139,-10.446,0.227,-0.086,0.008,-0.009,22
31.950,-45.150,38.550,0.117,-10.432,0.251,-0.018,0.016,-0.008,22
34.650,-46.350,37.050,0.127,-9.936,0.266,0.015,0.014,-0.013,23
34.650,-46.350,37.050,0.014,-10.396,0.350,-0.002,0.064,0.009,22
33.750,-45.000,38.700,0.010,-9.675,0.041,0.051,-0.006,-0.011,22
33.750,-45.000,38.700,0.057,-10.293,0.953,0.049,0.020,-0.015,22
33.750,-45.000,38.700,-0.086,-10.118,-0.254,0.075,-0.014,-0.020,22
33.750,-45.000,38.700,0.024,-10.235,0.524,0.077,0.005,-0.007,22
33.000,-44.550,39.750,0.268,-10.388,0.520,0.123,0.002,0.008,23
33.000,-44.550,39.750,-0.144,-10.661,0.311,0.206,-0.020,-0.009,22
33.000,-44.550,39.750,0.290,-10.142,0.524,0.243,-0.003,-0.006,22
33.000,-44.550,39.750,0.208,-10.446,0.807,0.314,-0.019,-0.007,22
33.000,-44.550,39.750,0.280,-10.127,0.199,0.318,0.010,-0.009,22
33.000,-45.300,39.000,0.113,-9.979,0.627,0.357,-0.007,-0.013,22
33.000,-45.300,39.000,0.163,-10.259,0.991,0.394,-0.005,-0.021,23
33.000,-45.000,40.950,0.012,-10.065,0.663,0.389,-0.013,-0.031,22
33.000,-45.000,40.950,0.290,-10.161,0.934,0.421,-0.009,-0.015,22
32.400,-43.200,42.900,0.069,-10.044,0.931,0.435,-0.020,-0.009,22
32.400,-43.200,42.900,0.271,-9.996,1.178,0.442,-0.007,-0.021,22
32.400,-43.200,42.900,0.175,-9.898,1.314,0.457,-0.006,-0.019,22
33.000,-44.100,42.450,0.153,-9.998,1.355,0.460,-0.013,-0.021,23
33.000,-44.100,42.450,0.263,-9.912,1.358,0.464,0.001,-0.021,22
33.000,-44.100,42.450,0.072,-9.922,1.714,0.474,0.006,-0.035,22
33.000,-44.100,42.450,0.290,-9.814,1.559,0.489,0.000,-0.032,22
31.950,-42.450,47.100,0.318,-9.737,1.987,0.482,0.008,-0.037,22
31.950,-42.450,47.100,-0.194,-9.503,1.451,0.424,0.007,-0.037,22
32.700,-42.750,48.150,0.081,-9.424,2.152,0.402,-0.010,-0.037,22
32.700,-42.750,48.150,0.124,-9.840,1.951,0.400,-0.010,-0.031,23
32.700,-42.750,48.150,0.194,-9.692,2.236,0.391,-0.006,-0.023,22
31.050,-40.650,49.500,0.208,-9.634,2.425,0.392,-0.013,-0.012,22
31.050,-40.650,49.500,0.153,-9.754,2.444,0.408,-0.022,-0.016,22
33.150,-41.250,50.400,0.227,-9.670,2.471,0.406,-0.020,-0.022,22
33.150,-41.250,50.400,0.280,-9.649,2.602,0.416,-0.013,-0.016,22
33.150,-41.250,50.400,0.151,-9.680,2.672,0.429,-0.017,-0.014,23
33.150,-41.250,50.400,0.254,-9.675,2.763,0.430,-0.011,-0.013,22
33.600,-40.050,52.650,0.182,-9.730,2.952,0.448,-0.014,-0.011,22
33.600,-40.050,52.650,0.215,-9.615,3.043,0.487,-0.020,-0.010,22
33.600,-40.050,52.650,0.218,-9.692,3.074,0.503,-0.025,-0.010,22
32.700,-39.300,54.450,0.266,-9.658,3.424,0.534,-0.019,-0.015,22
32.700,-39.300,54.450,0.259,-9.481,3.383,0.564,-0.024,-0.018,23
31.200,-39.300,55.200,0.244,-9.505,3.527,0.586,-0.018,-0.017,22
31.200,-39.300,55.200,0.287,-9.400,3.613,0.606,-0.016,-0.021,22
33.150,-38.550,55.950,0.283,-9.385,3.735,0.623,-0.017,-0.022,22
33.150,-38.550,55.950,0.311,-9.210,4.106,0.657,-0.021,-0.022,22
33.150,-38.550,55.950,0.328,-9.177,3.970,0.670,-0.001,-0.025,22
33.150,-38.550,55.950,0.247,-9.287,4.410,0.698,0.007,-0.035,23
32.550,-38.550,55.950,0.170,-9.170,4.429,0.735,0.015,-0.030,22
32.550,-35.550,60.300,0.402,-8.818,4.353,0.735,-0.017,-0.029,22
32.550,-35.550,60.300,0.041,-8.950,4.978,0.722,0.012,-0.041,22
32.550,-35.550,60.300,0.484,-8.712,4.518,0.765,-0.015,-0.025,22
32.550,-35.550,60.300,-0.007,-8.880,5.104,0.790,-0.020,-0.017,22
31.800,-32.850,63.600,0.333,-8.526,4.774,0.778,0.000,-0.011,22
31.800,-32.850,63.600,0.294,-8.729,5.303,0.824,-0.025,-0.012,23
32.550,-31.200,66.300,0.067,-8.428,5.440,0.853,-0.030,-0.006,22
32.550,-31.200,66.300,0.385,-8.404,5.638,0.863,-0.023,-0.009,22
32.550,-31.200,66.300,0.364,-8.181,5.662,0.883,-0.031,-0.014,22
32.400,-29.550,66.000,0.400,-8.198,5.933,0.909,-0.032,-0.026,22
32.400,-29.550,66.000,0.357,-7.887,5.777,0.917,-0.018,-0.033,22
31.650,-27.150,67.950,0.405,-7.587,6.129,0.928,-0.030,-0.029,23
31.650,-27.150,67.950,0.390,-7.599,6.337,0.922,-0.018,-0.024,22
31.650,-27.150,67.950,0.395,-7.427,6.416,0.927,-0.013,-0.026,22
31.650,-27.150,67.950,0.395,-7.302,6.591,0.931,-0.014,-0.027,22
32.700,-24.450,71.700,0.383,-7.125,6.709,0.924,-0.010,-0.033,22
32.700,-24.450,71.700,0.455,-6.919,6.895,0.931,-0.006,-0.039,22
31.800,-22.200,72.600,0.407,-6.711,7.221,0.930,0.002,-0.041,23
31.800,-22.200,72.600,0.378,-6.685,7.207,0.934,-0.001,-0.050,22
31.800,-22.200,72.600,0.371,-6.586,7.214,0.937,-0.003,-0.058,22
31.950,-20.400,72.000,0.443,-6.347,7.357,0.933,0.004,-0.058,22
31.950,-20.400,72.000,0.424,-6.074,7.731,0.922,0.008,-0.048,22
31.650,-17.400,74.700,0.318,-5.971,7.853,0.918,-0.005,-0.040,22
31.650,-17.400,74.700,0.464,-5.748,7.851,0.915,0.002,-0.032,23
31.650,-17.400,74.700,0.397,-5.701,7.891,0.917,0.001,-0.035,22
31.650,-17.400,74.700,0.371,-5.504,8.128,0.920,-0.003,-0.038,22
31.200,-14.250,76.200,0.400,-5.277,8.294,0.922,-0.001,-0.046,22
31.200,-14.250,76.200,0.412,-5.078,8.250,0.923,-0.001,-0.041,22
31.200,-14.250,76.200,0.441,-4.896,8.447,0.924,0.002,-0.038,22
29.700,-9.450,76.500,0.376,-4.726,8.423,0.927,-0.001,-0.042,23
29.700,-9.450,76.500,0.419,-4.547,8.655,0.915,-0.006,-0.038,22
31.200,-9.150,77.550,0.553,-4.214,8.760,0.907,-0.005,-0.037,22
31.200,-9.150,77.550,0.508,-3.994,8.741,0.902,-0.003,-0.039,22
32.550,-6.900,78.600,0.515,-4.005,8.976,0.899,-0.004,-0.045,22
32.550,-6.900,78.600,0.510,-3.790,8.950,0.901,0.005,-0.045,22
34.500,-3.900,76.350,0.524,-3.484,8.930,0.887,0.003,-0.052,23
34.500,-3.900,76.350,0.393,-3.182,9.120,0.877,0.002,-0.055,22
34.500,-3.900,76.350,0.388,-2.988,9.179,0.853,-0.001,-0.051,22
33.000,-1.950,78.150,0.419,-2.624,9.041,0.827,-0.000,-0.034,22
33.000,-1.950,78.150,0.464,-2.729,9.266,0.815,-0.001,-0.022,22
33.000,-1.950,78.150,0.644,-2.538,9.392,0.795,0.010,-0.027,22
33.000,-1.950,78.150,0.642,-1.939,9.275,0.744,-0.005,-0.053,23
33.300,1.050,77.100,0.438,-1.776,9.366,0.691,-0.006,-0.060,22
33.300,1.050,77.100,0.278,-1.554,9.282,0.629,0.003,-0.042,22
32.550,0.750,76.650,0.469,-1.475,9.452,0.543,0.011,-0.025,22
32.550,0.750,76.650,0.467,-1.391,9.397,0.490,0.010,-0.017,22
32.550,0.750,76.650,0.555,-1.262,9.517,0.429,0.011,-0.023,22
32.400,3.300,76.200,0.486,-1.164,9.596,0.372,0.011,-0.029,23
32.400,3.300,76.200,0.611,-1.391,9.735,0.343,0.008,-0.016,22
32.700,3.600,75.750,0.572,-1.068,9.397,0.293,0.011,-0.009,22
32.700,3.600,75.750,0.431,-1.283,9.675,0.283,0.007,-0.016,22
32.700,3.600,75.750,0.510,-1.250,9.790,0.277,-0.002,-0.025,22
32.700,3.600,75.750,0.505,-1.264,9.771,0.261,0.001,-0.023,22
32.400,5.550,76.950,0.505,-1.149,9.670,0.273,0.006,-0.023,23
32.400,5.550,76.950,0.450,-1.140,9.735,0.272,0.015,-0.019,22
32.400,5.550,76.950,0.515,-0.881,9.606,0.257,0.010,-0.025,22
32.550,6.600,75.900,0.632,-0.699,9.505,0.248,-0.005,-0.018,22
32.550,6.600,75.900,0.486,-0.685,9.744,0.224,0.015,-0.013,22
34.500,8.550,76.350,0.455,-0.551,9.629,0.185,0.010,-0.005,22
34.500,8.550,76.350,0.536,-0.625,9.819,0.170,0.008,-0.008,23
32.700,6.000,76.200,0.572,-0.603,9.610,0.148,0.006,-0.017,22
32.700,6.000,76.200,0.529,-0.644,9.799,0.138,0.008,-0.015,22
32.700,6.000,76.200,0.488,-0.596,9.795,0.139,0.005,-0.014,22
32.700,6.000,76.200,0.627,-0.721,9.890,0.143,0.008,-0.012,22
32.700,6.000,76.200,0.567,-0.702,9.670,0.159,0.017,-0.015,22
32.250,9.000,76.350,0.491,-0.702,9.843,0.176,0.005,-0.030,23
32.250,9.000,76.350,0.565,0.177,9.572,0.142,-0.005,-0.033,22
33.750,7.800,75.600,0.637,0.498,9.297,0.061,-0.009,-0.018,22
33.750,7.800,75.600,0.390,0.192,9.481,-0.033,0.009,-0.012,22
33.000,9.300,74.850,0.359,-0.036,9.687,-0.124,0.017,0.025,22
33.000,9.300,74.850,0.599,-0.041,9.627,-0.151,0.026,0.022,22
32.550,9.000,75.150,0.579,-0.754,10.022,-0.143,0.009,0.004,23
32.550,9.000,75.150,0.534,-0.484,9.706,-0.125,0.013,-0.029,22
32.550,9.000,75.150,0.613,-0.383,9.776,-0.129,0.000,-0.021,22
33.600,9.150,77.250,0.536,-0.215,9.773,-0.161,0.009,-0.018,22
33.600,9.150,77.250,0.464,0.060,9.560,-0.214,0.008,-0.009,22
32.400,6.750,75.000,0.441,0.201,9.543,-0.337,0.014,-0.009,22
32.400,6.750,75.000,0.596,0.077,9.567,-0.422,0.015,0.001,22
32.400,6.750,75.000,0.577,0.010,9.553,-0.507,0.018,0.012,23
32.400,6.750,75.000,0.498,-0.144,9.507,-0.635,0.022,0.015,22
32.700,5.250,76.200,0.515,-0.453,9.450,-0.707,0.019,0.024,22
32.700,5.250,76.200,0.589,-0.436,9.481,-0.774,0.015,0.024,22
31.650,4.500,77.550,0.484,-0.874,9.500,-0.837,0.025,0.024,22
31.650,4.500,77.550,0.565,-1.235,9.586,-0.915,0.021,0.009,22
31.650,4.500,77.550,0.333,-1.312,9.069,-0.975,0.012,0.001,23
33.000,2.250,78.600,0.505,-1.439,9.357,-1.019,0.008,0.012,22
33.000,2.250,78.600,0.414,-1.721,9.290,-1.074,0.022,0.036,22
33.000,0.750,75.900,0.615,-2.160,9.287,-1.112,0.019,0.040,22
33.000,0.750,75.900,0.304,-2.485,8.712,-1.132,0.027,0.031,22
33.000,0.750,75.900,1.020,-2.643,9.242,-1.112,0.028,0.041,22
33.000,0.750,75.900,0.405,-3.352,9.361,-1.083,0.008,0.035,23
32.700,-4.050,78.000,0.567,-3.165,8.957,-1.080,0.013,0.018,22
32.700,-4.050,78.000,0.627,-3.687,9.407,-1.080,0.013,0.020,22
32.700,-4.050,78.000,0.682,-3.792,8.854,-1.066,0.041,0.038,22
31.950,-5.550,76.950,0.527,-3.915,9.251,-1.047,0.021,0.033,22
31.950,-5.550,76.950,0.812,-4.137,8.818,-1.050,0.027,0.025,22
32.400,-8.700,77.550,0.441,-4.269,8.638,-1.046,0.015,0.021,23
32.400,-8.700,77.550,0.318,-4.489,8.667,-1.056,0.026,0.021,22
33.300,-11.700,77.100,0.347,-4.724,8.492,-1.037,0.016,0.023,22
33.300,-11.700,77.100,0.429,-4.745,8.363,-1.049,0.026,0.026,22
33.300,-11.700,77.100,0.436,-4.985,8.408,-1.052,0.024,0.019,22
33.300,-11.700,77.100,0.496,-5.174,8.322,-1.045,0.015,0.016,22
33.300,-11.700,77.100,0.479,-5.437,8.088,-1.061,0.021,0.011,23
33.600,-16.200,74.700,0.512,-5.617,7.944,-1.055,0.021,0.012,22
33.600,-16.200,74.700,0.443,-5.816,7.877,-1.063,0.026,0.015,22
33.600,-16.200,74.700,0.354,-5.806,7.733,-1.073,0.021,0.012,22
33.600,-16.200,74.700,0.357,-5.942,7.626,-1.081,0.022,0.023,22
32.700,-18.150,73.950,0.342,-6.258,7.386,-1.101,0.017,0.032,22
32.700,-18.150,73.950,0.230,-6.290,7.163,-1.128,0.009,0.039,23
31.950,-20.850,72.750,0.285,-6.464,6.970,-1.144,0.027,0.040,22
31.950,-20.850,72.750,0.491,-6.790,7.068,-1.173,0.013,0.033,22
31.950,-20.850,72.750,0.500,-6.929,6.962,-1.172,0.020,0.035,22
32.250,-23.850,72.150,0.328,-7.410,6.589,-1.169,0.026,0.030,22
32.250,-23.850,72.150,0.333,-7.439,6.323,-1.149,0.025,0.032,22
31.950,-25.200,69.450,0.316,-7.626,6.337,-1.129,0.017,0.040,23
31.950,-25.200,69.450,0.287,-7.865,6.225,-1.119,0.018,0.041,22
31.950,-25.200,69.450,0.357,-7.870,6.014,-1.106,0.016,0.038,22
31.950,-25.200,69.450,0.409,-8.121,5.727,-1.088,0.019,0.041,22
31.050,-30.450,66.600,0.285,-8.224,5.552,-1.087,0.025,0.039,22
31.050,-30.450,66.600,0.170,-8.325,5.428,-1.086,0.011,0.035,22
31.050,-30.450,66.600,0.275,-8.284,5.121,-1.084,0.018,0.029,23
32.250,-30.000,65.550,0.213,-8.631,5.150,-1.065,0.006,0.030,22
32.250,-30.000,65.550,0.357,-8.724,4.906,-1.073,0.018,0.025,22
31.650,-33.750,62.400,0.311,-8.820,4.511,-1.053,0.015,0.016,22
31.650,-33.750,62.400,0.175,-9.064,4.503,-1.032,0.019,0.015,22
33.000,-37.050,60.300,0.261,-9.148,4.365,-1.008,0.020,0.024,22
33.000,-37.050,60.300,0.223,-9.297,4.175,-0.977,0.017,0.023,23
33.000,-37.050,60.300,0.223,-9.481,3.936,-0.938,0.015,0.022,22
33.000,-37.050,60.300,0.223,-9.615,3.797,-0.873,0.013,0.018,22
33.000,-37.050,60.300,0.194,-9.586,3.625,-0.834,0.013,0.017,22
32.700,-37.350,57.150,0.330,-9.725,3.651,-0.787,0.021,0.005,22
32.700,-37.350,57.150,0.189,-9.646,3.302,-0.735,0.026,-0.000,22
32.700,-37.350,57.150,0.378,-9.708,3.251,-0.691,0.023,0.005,22
32.700,-37.350,57.150,0.192,-9.843,3.168,-0.665,0.024,0.009,23
33.000,-40.200,53.550,0.127,-9.802,2.990,-0.614,0.019,0.009,22
33.000,-40.200,53.550,0.182,-9.957,2.962,-0.548,0.010,0.009,22
32.400,-39.600,51.600,0.342,-9.828,2.842,-0.518,0.024,0.001,22
32.400,-39.600,51.600,0.249,-9.807,2.713,-0.491,0.025,-0.008,22
32.400,-39.600,51.600,0.254,-9.778,2.713,-0.446,0.032,-0.017,22
34.050,-41.850,51.750,0.048,-9.761,2.543,-0.438,0.031,-0.008,23
34.050,-41.850,51.750,0.165,-9.718,2.507,-0.415,0.021,-0.005,22
32.700,-40.500,51.150,0.098,-9.759,2.483,-0.404,0.018,0.003,22
32.700,-40.500,51.150,0.204,-9.790,2.215,-0.395,0.009,0.003,22
32.700,-40.500,51.150,0.235,-9.735,2.229,-0.397,0.014,0.006,22
32.700,-40.500,51.150,0.225,-9.759,2.203,-0.395,0.008,0.005,22
31.050,-43.800,48.300,0.132,-9.665,2.016,-0.407,0.009,0.002,23
31.050,-43.800,48.300,0.120,-9.754,1.973,-0.404,0.001,0.008,22
32.400,-42.750,47.100,0.204,-9.833,1.815,-0.391,0.001,0.013,22
32.400,-42.750,47.100,0.297,-9.756,1.767,-0.391,0.002,0.013,22
32.400,-42.750,47.100,0.254,-9.835,1.798,-0.384,0.010,0.007,22
32.550,-40.950,46.200,0.089,-9.859,1.640,-0.375,0.001,0.010,22
32.550,-40.950,46.200,0.069,-9.780,1.796,-0.389,-0.003,0.010,23
32.400,-43.200,45.150,0.196,-9.754,1.353,-0.401,0.018,0.012,22
32.400,-43.200,45.150,0.151,-9.677,1.238,-0.413,0.003,0.010,22
32.400,-43.200,45.150,0.261,-9.761,1.341,-0.418,0.016,0.006,22
32.400,-43.200,45.150,0.184,-9.878,1.381,-0.434,0.013,0.007,22
31.950,-44.400,45.150,0.151,-9.912,1.207,-0.421,0.009,0.008,22
31.950,-44.400,45.150,0.103,-10.195,1.338,-0.435,0.013,0.013,23
31.950,-44.400,45.150,0.034,-9.843,1.010,-0.422,0.002,0.009,22
33.000,-45.300,43.200,0.062,-10.029,1.195,-0.398,-0.006,0.008,22
33.000,-45.300,43.200,0.306,-10.063,0.697,-0.390,0.003,0.008,22
32.250,-44.550,40.950,0.285,-10.070,1.006,-0.370,0.013,0.014,22
32.250,-44.550,40.950,0.156,-10.034,0.800,-0.343,0.010,0.012,22
33.750,-45.000,40.500,0.213,-10.120,0.742,-0.324,0.004,0.004,23
33.750,-45.000,40.500,0.199,-9.934,0.594,-0.329,0.002,0.003,22
33.750,-45.000,40.500,0.120,-9.991,0.453,-0.310,0.010,-0.003,22
33.750,-45.000,40.500,0.136,-10.132,0.642,-0.302,0.006,-0.001,22
33.750,-45.000,40.500,0.182,-10.118,0.472,-0.286,0.012,-0.004,22
32.700,-45.900,39.600,0.211,-10.096,0.352,-0.265,0.020,-0.003,22
32.700,-45.900,39.600,0.122,-10.137,0.400,-0.248,0.024,-0.010,23
32.700,-45.900,39.600,0.110,-10.046,0.340,-0.235,0.025,-0.010,22
32.700,-45.900,39.600,0.017,-9.986,0.340,-0.233,0.012,-0.002,22
33.000,-44.550,37.950,0.113,-10.003,0.192,-0.230,0.009,0.002,22
33.000,-44.550,37.950,0.204,-9.962,0.237,-0.213,0.010,-0.011,22
32.400,-43.950,37.800,0.239,-9.984,0.189,-0.211,0.022,-0.013,22
32.400,-43.950,37.800,0.136,-9.989,0.189,-0.202,0.025,-0.006,23
32.400,-43.950,37.800,0.103,-9.977,0.081,-0.209,0.022,-0.007,22
32.700,-44.400,37.800,0.697,-11.356,1.683,-0.119,-0.033,-0.034,22
32.700,-44.400,37.800,0.622,-9.325,-1.891,-0.000,0.054,-0.010,22
32.250,-46.950,36.750,0.007,-10.523,1.884,-0.048,-0.038,-0.012,22
32.250,-46.950,36.750,-0.077,-8.971,-0.567,-0.125,0.054,-0.002,22
32.250,-46.950,36.750,-0.493,-10.319,0.555,-0.052,-0.033,-0.028,23
32.250,-46.950,36.750,0.194,-9.888,-0.388,-0.023,0.001,-0.011,22
32.550,-45.750,36.450,0.352,-9.809,0.441,-0.044,0.012,-0.010,22
32.550,-45.750,36.450,-0.012,-9.828,-0.050,-0.052,0.016,-0.005,22
32.550,-45.750,36.450,0.113,-10.230,0.333,-0.023,0.002,0.000,22
32.550,-46.500,37.950,-0.017,-10.068,-0.050,-0.023,-0.022,-0.002,22
32.550,-46.500,37.950,0.084,-10.427,0.314,-0.001,0.013,0.019,22
32.550,-45.750,36.000,-0.271,-10.094,0.381,0.057,-0.037,0.006,23
32.550,-45.750,36.000,0.129,-10.036,0.084,0.050,-0.030,0.003,22
32.700,-43.500,37.800,0.268,-10.364,0.086,0.107,-0.035,-0.004,22
32.700,-43.500,37.800,0.005,-9.926,-0.093,0.102,-0.019,-0.014,22
32.700,-43.500,37.800,-0.074,-10.345,0.553,0.149,-0.041,-0.018,22
32.700,-43.500,37.800,0.110,-10.621,0.565,0.159,-0.043,-0.021,22
32.700,-43.500,37.800,0.067,-10.092,0.239,0.239,-0.051,-0.021,23
32.250,-44.100,39.450,0.091,-10.542,0.828,0.300,-0.047,-0.025,22
32.250,-44.100,39.450,0.237,-10.223,0.304,0.334,-0.034,-0.025,22
33.900,-45.450,41.100,0.285,-10.532,0.869,0.409,-0.019,-0.030,22
33.900,-45.450,41.100,0.311,-10.463,0.893,0.455,-0.007,-0.029,22
32.700,-45.150,41.100,0.299,-10.321,0.773,0.487,-0.003,-0.035,22
32.700,-45.150,41.100,0.268,-10.132,0.965,0.555,0.001,-0.033,23
32.400,-44.400,43.350,0.136,-10.405,1.255,0.613,-0.002,-0.042,22
32.400,-44.400,43.350,0.165,-10.238,0.998,0.646,0.011,-0.034,22
32.400,-44.400,43.350,0.136,-10.226,1.233,0.708,0.002,-0.029,22
32.400,-44.400,43.350,0.180,-10.362,1.635,0.773,-0.003,-0.038,22
32.400,-44.400,43.350,0.247,-10.139,1.578,0.807,-0.003,-0.026,22
33.150,-42.450,47.100,0.479,-9.711,1.659,0.811,0.011,-0.043,23
33.150,-42.450,47.100,0.067,-9.931,2.588,0.783,0.013,-0.054,22
33.150,-42.450,47.100,-0.108,-9.708,1.693,0.799,0.012,-0.040,22
33.150,-42.450,47.100,0.500,-9.845,2.772,0.827,-0.014,-0.042,22
33.300,-41.400,53.250,0.256,-9.242,2.361,0.782,0.018,-0.041,22
33.300,-41.400,53.250,0.153,-9.941,2.835,0.826,0.004,-0.039,22
32.250,-40.650,54.000,0.247,-9.606,3.139,0.842,-0.010,-0.033,23
32.250,-40.650,54.000,0.290,-9.345,3.005,0.853,0.008,-0.038,22
32.250,-40.650,54.000,0.230,-9.546,3.201,0.856,-0.001,-0.040,22
31.500,-37.950,56.550,0.230,-9.163,3.316,0.836,0.001,-0.038,22
31.500,-37.950,56.550,0.120,-9.335,3.840,0.857,-0.013,-0.039,22
31.650,-38.550,57.900,0.278,-9.184,3.448,0.849,-0.005,-0.031,22
31.650,-38.550,57.900,0.306,-9.038,3.850,0.883,-0.012,-0.033,23
31.650,-38.550,57.900,0.235,-9.261,4.408,0.908,-0.011,-0.028,22
31.650,-38.550,57.900,0.340,-9.019,4.233,0.931,-0.007,-0.027,22
33.000,-34.050,62.100,0.225,-8.969,4.614,0.947,-0.020,-0.020,22
33.000,-34.050,62.100,0.273,-8.945,4.678,0.994,-0.017,-0.009,22
33.000,-34.050,62.100,0.290,-8.926,5.037,1.052,-0.026,-0.017,22
30.900,-32.250,64.650,0.311,-8.734,5.131,1.088,-0.012,-0.015,23
30.900,-32.250,64.650,0.390,-8.514,5.227,1.143,-0.015,-0.034,22
30.900,-29.550,66.000,0.373,-8.418,5.557,1.166,-0.014,-0.047,22
30.900,-29.550,66.000,0.359,-8.119,5.646,1.167,-0.001,-0.057,22
32.250,-25.800,68.850,0.259,-7.894,6.079,1.165,0.004,-0.062,22
32.250,-25.800,68.850,0.330,-7.537,6.043,1.182,-0.005,-0.055,22
32.250,-25.800,68.850,0.263,-7.547,6.452,1.185,-0.009,-0.058,23
32.250,-25.800,68.850,0.326,-7.262,6.349,1.177,-0.007,-0.055,22
32.250,-25.800,68.850,0.366,-7.183,6.670,1.173,-0.007,-0.054,22
31.500,-23.400,71.550,0.390,-6.888,6.977,1.163,-0.008,-0.040,22
31.500,-23.400,71.550,0.484,-6.543,7.049,1.170,-0.002,-0.041,22
30.900,-19.650,72.000,0.323,-6.385,7.300,1.159,0.000,-0.048,22
30.900,-19.650,72.000,0.486,-6.354,7.338,1.144,-0.001,-0.059,22
31.950,-18.150,73.950,0.419,-6.079,7.511,1.126,-0.001,-0.056,23
31.950,-18.150,73.950,0.333,-5.813,7.851,1.108,0.008,-0.058,22
31.650,-16.200,74.700,0.283,-5.540,7.726,1.091,-0.007,-0.046,22
31.650,-16.200,74.700,0.431,-5.361,8.013,1.087,-0.004,-0.036,22
31.650,-16.200,74.700,0.383,-5.119,7.958,1.064,0.003,-0.033,22
31.650,-16.200,74.700,0.472,-5.066,8.382,1.039,-0.006,-0.038,22
31.650,-16.200,74.700,0.472,-4.520,8.334,1.009,-0.001,-0.051,23
31.800,-10.500,77.100,0.484,-4.436,8.442,0.977,0.000,-0.048,22
31.800,-10.500,77.100,0.431,-4.231,8.583,0.949,-0.002,-0.044,22
30.750,-7.350,77.400,0.321,-3.950,8.619,0.896,-0.002,-0.031,22
30.750,-7.350,77.400,0.457,-4.001,8.789,0.882,-0.001,-0.013,22
32.400,-5.550,78.000,0.548,-3.687,9.105,0.868,0.002,-0.010,22
32.400,-5.550,78.000,0.596,-3.515,8.909,0.840,0.012,-0.044,23
32.400,-5.550,78.000,0.359,-3.443,9.014,0.837,-0.003,-0.058,22
31.650,-4.500,77.250,0.460,-3.129,9.060,0.803,-0.001,-0.048,22
31.650,-4.500,77.250,0.397,-2.935,9.160,0.782,0.001,-0.043,22
32.400,-2.100,78.000,0.366,-2.751,9.225,0.746,0.004,-0.026,22
32.400,-2.100,78.000,0.469,-2.600,9.306,0.731,0.000,-0.026,22
31.950,-0.450,77.250,0.503,-2.519,9.347,0.709,0.001,-0.030,23
31.950,-0.450,77.250,0.565,-2.382,9.428,0.698,0.003,-0.036,22
31.950,-0.450,77.250,0.457,-2.243,9.503,0.686,0.005,-0.043,22
31.950,-0.450,77.250,0.486,-1.913,9.431,0.674,0.004,-0.038,22
31.950,-0.450,77.250,0.486,-1.717,9.452,0.648,-0.001,-0.042,22
31.800,2.700,77.100,0.505,-1.501,9.536,0.604,0.006,-0.034,22
31.800,2.700,77.100,0.505,-1.386,9.507,0.571,-0.000,-0.023,23
32.400,4.800,77.250,0.436,-1.243,9.498,0.515,-0.002,-0.023,22
32.400,4.800,77.250,0.563,-0.991,9.531,0.448,0.002,-0.021,22
31.950,6.000,76.950,0.546,-0.998,9.711,0.412,-0.001,-0.016,22
31.950,6.000,76.950,0.508,-1.034,9.567,0.382,0.011,-0.016,22
31.050,7.350,77.100,0.558,-0.970,9.608,0.359,0.013,-0.014,22
31.050,7.350,77.100,0.469,-0.907,9.685,0.332,0.009,-0.007,23
31.050,7.350,77.100,0.632,-0.845,9.720,0.314,0.007,-0.008,22
31.050,7.350,77.100,0.491,-0.721,9.625,0.298,0.005,-0.015,22
31.050,7.350,77.100,0.555,-0.761,9.754,0.283,0.010,-0.017,22
31.800,8.100,76.650,0.594,-0.618,9.783,0.271,0.011,-0.017,22
31.800,8.100,76.650,0.546,-0.658,9.845,0.274,0.005,-0.015,22
32.550,8.550,76.650,0.500,-0.508,9.704,0.252,0.008,-0.017,23
32.550,8.550,76.650,0.455,-0.359,9.685,0.235,0.015,-0.018,22
33.600,8.700,76.500,0.567,0.053,9.742,0.208,0.003,-0.026,22
33.600,8.700,76.500,0.275,0.496,9.450,0.081,-0.002,-0.018,22
33.600,8.700,76.500,0.546,0.412,9.242,-0.058,0.006,0.010,22
30.900,9.900,75.000,0.759,0.045,9.701,-0.102,0.010,0.028,22
30.900,9.900,75.000,0.472,-0.424,9.977,-0.155,0.045,0.047,23
30.900,9.900,75.000,0.419,-0.579,9.816,-0.129,0.028,0.044,22
30.900,9.900,75.000,0.445,-0.666,9.895,-0.104,0.021,0.030,22
31.500,8.550,76.650,0.426,-0.517,9.778,-0.109,0.010,0.012,22
31.500,8.550,76.650,0.630,-0.393,9.723,-0.105,0.008,-0.011,22
31.500,8.550,76.650,0.625,-0.369,9.804,-0.129,0.019,-0.021,22
31.500,8.550,76.650,0.448,-0.192,9.577,-0.168,0.010,-0.021,23
32.250,9.300,76.350,0.560,0.038,9.711,-0.225,0.008,-0.018,22
32.250,9.300,76.350,0.620,0.055,9.582,-0.295,0.021,-0.009,22
32.250,9.300,76.350,0.484,-0.115,9.596,-0.400,0.010,-0.005,22
31.950,8.400,76.500,0.376,-0.187,9.538,-0.459,0.015,-0.001,22
31.950,8.400,76.500,0.541,-0.390,9.685,-0.515,0.017,0.018,22
32.400,7.950,76.500,0.548,-0.524,9.670,-0.591,0.018,0.026,23
32.400,7.950,76.500,0.522,-0.673,9.596,-0.642,0.015,0.026,22
31.950,5.550,76.950,0.678,-0.941,9.596,-0.674,0.024,0.016,22
31.950,5.550,76.950,0.464,-1.109,9.618,-0.715,0.023,0.011,22
31.950,5.550,76.950,0.515,-1.269,9.424,-0.768,0.024,0.003,22
31.950,5.550,76.950,0.424,-1.504,9.402,-0.797,0.011,0.008,22
31.950,5.550,76.950,0.517,-1.468,9.467,-0.829,0.023,0.021,23
32.550,3.450,77.400,0.515,-1.860,9.414,-0.876,0.013,0.020,22
32.550,3.450,77.400,0.599,-2.059,9.376,-0.899,0.018,0.019,22
34.350,2.850,76.200,0.474,-2.131,9.364,-0.927,0.018,0.018,22
34.350,2.850,76.200,0.488,-2.315,9.498,-0.948,0.016,0.019,22
32.250,-0.750,77.100,0.311,-3.026,9.436,-0.937,0.022,0.035,22
32.250,-0.750,77.100,0.582,-3.141,9.067,-0.934,0.009,0.033,23
30.450,-2.400,76.950,0.486,-2.854,9.057,-0.916,0.030,0.024,22
30.450,-2.400,76.950,0.237,-3.570,9.354,-0.893,0.004,0.013,22
30.450,-2.400,76.950,0.594,-3.522,8.938,-0.906,0.025,0.011,22
30.450,-2.400,76.950,0.369,-3.546,9.196,-0.890,0.017,0.020,22
30.450,-2.400,76.950,0.532,-3.888,9.038,-0.895,0.029,0.023,22
31.200,-7.500,77.550,0.558,-3.905,8.868,-0.898,0.007,0.020,22
31.200,-7.500,77.550,0.326,-4.149,8.851,-0.905,0.027,0.015,23
32.400,-7.950,76.950,0.369,-4.322,8.765,-0.897,0.004,0.023,22
32.400,-7.950,76.950,0.510,-4.422,8.653,-0.901,0.021,0.020,22
31.200,-11.100,76.950,0.450,-4.563,8.593,-0.918,0.026,0.023,22
31.200,-11.100,76.950,0.376,-4.769,8.325,-0.919,0.014,0.024,22
31.200,-11.100,76.950,0.378,-4.975,8.406,-0.921,0.017,0.028,22
32.400,-10.350,76.950,0.453,-4.997,8.188,-0.951,0.018,0.027,23
32.400,-10.350,76.950,0.512,-5.241,8.308,-0.959,0.025,0.023,22
31.650,-13.500,75.750,0.436,-5.339,8.080,-0.974,0.023,0.023,22
31.650,-13.500,75.750,0.354,-5.727,7.860,-0.986,0.023,0.019,22
32.250,-15.150,74.400,0.359,-5.741,7.831,-0.992,0.022,0.018,22
32.250,-15.150,74.400,0.407,-5.952,7.714,-1.006,0.025,0.021,22
32.250,-15.150,74.400,0.412,-6.055,7.633,-1.021,0.022,0.027,23
32.250,-15.150,74.400,0.340,-6.314,7.266,-1.035,0.020,0.025,22
32.250,-15.150,74.400,0.373,-6.419,7.221,-1.038,0.020,0.023,22
32.250,-18.750,74.100,0.340,-6.594,7.075,-1.061,0.022,0.019,22
32.250,-18.750,74.100,0.388,-6.759,7.041,-1.071,0.019,0.029,22
31.950,-22.500,72.450,0.397,-6.955,6.900,-1.069,0.024,0.033,22
31.950,-22.500,72.450,0.371,-7.343,6.668,-1.064,0.024,0.024,23
30.900,-24.750,71.700,0.338,-7.432,6.517,-1.050,0.021,0.016,22
30.900,-24.750,71.700,0.369,-7.532,6.438,-1.043,0.022,0.025,22
31.500,-25.800,70.800,0.364,-7.630,6.263,-1.035,0.030,0.022,22
31.500,-25.800,70.800,0.287,-7.798,6.084,-1.031,0.028,0.020,22
31.500,-25.800,70.800,0.330,-7.910,5.935,-1.019,0.029,0.020,22
31.500,-25.800,70.800,0.259,-8.159,5.660,-0.999,0.018,0.028,23
31.500,-25.800,70.800,0.342,-8.387,5.555,-0.972,0.016,0.038,22
31.650,-31.500,66.450,0.414,-8.384,5.488,-0.948,0.023,0.024,22
31.650,-31.500,66.450,0.364,-8.444,5.375,-0.931,0.026,0.021,22
29.850,-30.900,64.350,0.323,-8.578,5.114,-0.924,0.021,0.014,22
29.850,-30.900,64.350,0.153,-8.693,4.961,-0.904,0.016,0.016,22
32.400,-34.200,63.150,0.318,-8.837,4.860,-0.876,0.014,0.013,23
32.400,-34.200,63.150,0.314,-8.957,4.743,-0.853,0.015,0.024,22
32.400,-34.200,63.150,0.239,-8.997,4.606,-0.824,0.012,0.023,22
33.000,-35.100,62.100,0.335,-9.096,4.420,-0.789,0.025,0.013,22
33.000,-35.100,62.100,0.297,-9.131,4.140,-0.756,0.012,0.009,22
33.000,-35.100,62.100,0.316,-9.122,4.130,-0.746,0.019,0.015,22
33.000,-35.100,62.100,0.280,-9.199,3.984,-0.724,0.012,0.015,23
31.050,-37.050,58.800,0.194,-9.266,3.821,-0.712,0.018,0.016,22
31.050,-37.050,58.800,0.182,-9.340,3.814,-0.687,0.008,0.010,22
31.050,-37.050,58.800,0.283,-9.455,3.646,-0.676,0.018,0.014,22
31.050,-37.050,58.800,0.259,-9.433,3.443,-0.651,0.014,0.004,22
32.550,-38.700,55.800,0.242,-9.641,3.369,-0.616,0.020,0.006,22
32.550,-38.700,55.800,0.256,-9.627,3.321,-0.591,0.020,0.012,23
32.550,-38.700,55.800,0.213,-9.562,3.206,-0.569,0.018,0.008,22
31.500,-40.200,55.050,0.146,-9.543,2.916,-0.552,0.017,0.002,22
31.500,-40.200,55.050,0.098,-9.582,2.866,-0.543,0.007,0.005,22
34.050,-40.200,54.000,0.192,-9.603,2.902,-0.540,0.017,0.005,22
34.050,-40.200,54.000,0.263,-9.692,2.715,-0.517,0.016,0.011,22
32.700,-40.800,52.350,0.309,-9.749,2.674,-0.502,0.015,0.003,23
32.700,-40.800,52.350,0.144,-9.732,2.581,-0.492,0.018,0.006,22
32.700,-40.800,52.350,0.132,-9.732,2.480,-0.482,0.005,0.007,22
32.700,-40.800,52.350,0.242,-9.790,2.346,-0.460,0.012,0.010,22
32.700,-40.800,52.350,0.141,-9.847,2.337,-0.448,0.003,0.012,22
33.000,-41.850,49.800,0.278,-9.718,2.222,-0.446,0.016,0.011,22
33.000,-41.850,49.800,0.256,-9.680,2.047,-0.439,0.018,0.001,22
29.850,-40.950,49.500,0.165,-9.790,2.042,-0.436,0.013,0.002,23
29.850,-40.950,49.500,0.235,-9.869,1.896,-0.430,0.017,-0.001,22
31.950,-42.450,48.150,0.163,-9.828,1.937,-0.412,0.017,0.002,22
31.950,-42.450,48.150,0.223,-9.862,1.820,-0.405,0.015,0.001,22
31.800,-43.350,46.200,0.156,-9.864,1.714,-0.398,0.015,0.005,22
31.800,-43.350,46.200,0.163,-9.869,1.599,-0.398,0.017,0.006,22
31.800,-43.350,46.200,0.156,-9.790,1.597,-0.390,0.013,0.008,23
31.800,-43.350,46.200,0.084,-9.907,1.559,-0.383,0.020,-0.001,22
31.800,-43.350,46.200,0.177,-9.809,1.369,-0.388,0.017,0.002,22
31.500,-43.350,45.750,0.199,-9.902,1.341,-0.384,0.007,-0.002,22
31.500,-43.350,45.750,0.232,-9.912,1.319,-0.381,0.016,-0.001,22
32.250,-44.550,43.950,0.144,-9.874,1.190,-0.372,0.016,-0.002,22
32.250,-44.550,43.950,0.163,-9.974,1.144,-0.371,0.011,0.002,23
31.650,-43.500,43.650,0.089,-9.974,1.075,-0.362,0.009,0.002,22
31.650,-43.500,43.650,0.194,-9.950,1.065,-0.351,0.010,-0.001,22
31.650,-43.500,43.650,0.189,-10.041,0.749,-0.342,0.010,-0.004,22
31.200,-44.400,42.600,0.136,-10.104,0.874,-0.336,0.008,0.001,22
31.200,-44.400,42.600,0.189,-10.010,0.764,-0.329,0.021,-0.001,22
31.200,-44.400,42.600,0.077,-10.048,0.852,-0.313,0.014,-0.001,23
31.200,-44.400,42.600,0.175,-10.036,0.639,-0.311,0.010,-0.002,22
33.300,-45.000,40.950,0.168,-10.084,0.634,-0.296,0.012,-0.005,22
33.300,-45.000,40.950,0.115,-10.065,0.682,-0.280,0.011,-0.005,22
33.300,-45.000,40.950,0.170,-10.099,0.572,-0.265,0.009,-0.006,22
33.300,-45.000,40.950,0.165,-10.065,0.481,-0.240,0.014,-0.001,22
33.300,-45.000,40.950,0.105,-10.015,0.491,-0.230,0.010,-0.009,23
33.000,-45.000,39.000,0.156,-10.020,0.453,-0.226,0.009,-0.001,22
33.000,-45.000,39.000,0.163,-10.065,0.338,-0.222,0.013,-0.005,22
32.550,-45.300,39.450,0.144,-10.142,0.335,-0.190,0.013,-0.005,22
32.550,-45.300,39.450,0.101,-10.116,0.275,-0.181,0.009,-0.005,22
30.900,-46.650,39.600,0.103,-10.099,0.297,-0.164,0.004,-0.006,22
30.900,-46.650,39.600,0.165,-10.202,0.318,-0.135,0.008,0.002,23
33.300,-45.750,38.700,0.091,-10.293,0.285,-0.098,0.012,-0.003,22
33.300,-45.750,38.700,0.117,-10.391,0.297,-0.055,0.004,-0.004,22
33.300,-45.750,38.700,0.170,-10.250,0.366,-0.021,0.006,-0.007,22
33.300,-45.750,38.700,0.189,-9.890,0.172,-0.019,0.017,-0.010,22
33.300,-45.750,38.700,0.000,-9.852,0.237,-0.028,0.022,-0.005,22
31.950,-45.450,39.600,0.105,-10.027,0.318,-0.018,0.011,-0.001,23
31.950,-45.450,39.600,0.160,-9.912,0.469,-0.032,0.013,-0.023,22
33.300,-44.550,38.250,0.081,-9.823,-0.024,-0.047,0.010,-0.012,22
33.300,-44.550,38.250,0.144,-9.986,0.177,-0.033,0.006,-0.010,22
32.700,-44.700,39.300,0.227,-10.036,0.369,-0.043,-0.003,-0.005,22
32.700,-44.700,39.300,0.136,-10.094,0.287,-0.017,0.008,-0.009,22
34.350,-44.700,39.300,0.108,-10.025,0.237,-0.002,0.016,-0.015,23
34.350,-45.150,38.100,0.115,-10.250,0.508,0.035,0.003,-0.011,22
34.350,-45.150,38.100,0.098,-10.063,0.460,0.048,0.021,-0.004,22
34.350,-45.150,38.100,0.235,-10.147,0.555,0.060,0.013,-0.015,22
34.350,-45.150,38.100,0.129,-10.197,0.381,0.093,0.004,-0.020,22
32.700,-44.400,39.300,0.089,-10.257,0.500,0.123,0.011,-0.004,22
32.700,-44.400,39.300,0.218,-10.195,0.479,0.165,0.004,-0.015,23
31.500,-44.550,40.500,-0.002,-10.242,0.560,0.198,0.018,-0.019,22
31.500,-44.550,40.500,0.124,-10.302,0.352,0.233,0.013,-0.021,22
31.500,-44.550,40.500,0.225,-10.300,0.900,0.289,0.015,-0.024,22
32.400,-45.150,41.850,0.067,-10.204,0.644,0.309,0.009,-0.021,22
32.400,-45.150,41.850,0.113,-10.326,0.702,0.356,-0.001,-0.018,22
32.400,-45.150,42.150,0.098,-10.290,0.982,0.409,0.008,-0.019,23
32.400,-45.150,42.150,0.213,-10.127,1.020,0.460,-0.002,-0.030,22
31.500,-45.000,44.250,0.065,-10.285,1.233,0.479,0.004,-0.023,22
31.500,-45.000,44.250,0.208,-10.111,1.137,0.529,-0.014,-0.023,22
32.400,-44.700,44.100,0.146,-10.309,1.358,0.588,-0.008,-0.029,22
32.400,-44.700,44.100,0.292,-10.264,1.714,0.606,0.005,-0.027,22
32.400,-44.700,44.100,0.105,-10.041,1.544,0.663,-0.002,-0.033,23
32.400,-44.700,44.100,0.055,-10.240,1.800,0.688,0.010,-0.034,22
32.400,-44.700,44.100,0.436,-10.084,1.966,0.720,0.002,-0.039,22
31.500,-41.850,49.050,-0.017,-9.301,2.157,0.684,0.011,-0.047,22
31.500,-41.850,49.050,0.225,-9.677,2.267,0.711,0.013,-0.040,22
33.900,-42.000,49.350,0.189,-10.051,2.346,0.712,-0.025,-0.019,22
33.900,-42.000,49.350,0.283,-9.335,2.409,0.720,0.002,-0.016,23
31.950,-39.300,52.350,0.417,-9.728,2.962,0.723,0.005,-0.040,22
31.950,-39.300,52.350,0.146,-9.596,2.567,0.721,0.011,-0.040,22
31.650,-38.850,53.100,0.105,-9.503,2.919,0.732,0.011,-0.026,22
31.650,-38.850,53.100,0.278,-9.486,3.170,0.734,-0.008,-0.036,22
31.650,-38.850,53.100,0.251,-9.457,3.282,0.733,0.007,-0.029,22
31.650,-38.850,53.100,0.201,-9.222,3.436,0.727,0.002,-0.035,22
31.650,-38.850,53.100,0.165,-9.321,3.646,0.736,-0.000,-0.033,23
32.700,-36.900,57.900,0.285,-9.091,3.862,0.737,-0.002,-0.025,22
32.700,-36.900,57.900,0.251,-9.064,3.950,0.726,-0.007,-0.029,22
32.550,-36.000,59.550,0.275,-9.100,4.068,0.740,0.002,-0.027,22
32.550,-36.000,59.550,0.101,-9.048,4.161,0.747,-0.011,-0.021,22
30.300,-34.050,59.850,0.175,-8.942,4.527,0.760,-0.011,-0.022,22
30.300,-34.050,59.850,0.213,-8.746,4.614,0.762,-0.009,-0.028,23
30.300,-34.050,59.850,0.156,-8.724,4.831,0.768,-0.002,-0.037,22
33.000,-33.600,61.800,0.445,-8.756,4.784,0.778,-0.013,-0.033,22
33.000,-33.600,61.800,0.086,-8.633,5.229,0.780,-0.007,-0.019,22
33.000,-33.600,61.800,0.251,-8.430,5.033,0.799,-0.006,-0.031,22
33.000,-33.600,61.800,0.347,-8.504,5.373,0.817,-0.017,-0.033,22
31.200,-31.050,66.000,0.390,-8.284,5.669,0.822,-0.004,-0.041,23
31.200,-31.050,66.000,0.400,-8.064,5.648,0.839,-0.004,-0.046,22
31.200,-31.050,66.000,0.299,-8.047,5.756,0.844,0.014,-0.047,22
31.200,-31.050,66.000,0.362,-7.884,5.966,0.853,0.005,-0.055,22
31.200,-31.050,66.000,0.333,-7.690,5.935,0.837,0.013,-0.046,22
31.650,-26.700,68.250,0.333,-7.594,6.184,0.845,0.014,-0.044,22
31.650,-26.700,68.250,0.271,-7.441,6.464,0.862,0.002,-0.046,23
31.800,-25.350,71.550,0.309,-7.379,6.503,0.857,0.009,-0.033,22
31.800,-25.350,71.550,0.338,-7.266,6.768,0.867,-0.001,-0.035,22
32.400,-23.550,72.450,0.383,-7.125,6.819,0.877,0.003,-0.033,22
32.400,-23.550,72.450,0.328,-6.974,6.960,0.889,0.003,-0.045,22
32.250,-21.900,73.350,0.328,-6.900,7.116,0.910,-0.002,-0.041,22
32.250,-21.900,73.350,0.395,-6.670,7.226,0.917,0.004,-0.043,23
32.250,-21.900,73.350,0.283,-6.505,7.446,0.928,-0.007,-0.045,22
32.250,-21.900,73.350,0.405,-6.445,7.501,0.939,-0.001,-0.047,22
32.250,-21.900,73.350,0.474,-6.134,7.695,0.957,-0.002,-0.051,22
33.150,-16.500,75.000,0.429,-5.942,7.750,0.959,0.003,-0.050,22
33.150,-16.500,75.000,0.412,-5.804,7.908,0.974,-0.002,-0.046,22
31.800,-15.150,75.600,0.347,-5.689,7.968,0.981,0.001,-0.046,23
31.800,-15.150,75.600,0.369,-5.483,8.145,0.987,-0.003,-0.049,22
32.400,-13.050,76.500,0.462,-5.066,8.298,0.975,0.006,-0.050,22
32.400,-13.050,76.500,0.388,-4.810,8.384,0.976,0.001,-0.053,22
32.400,-13.050,76.500,0.417,-4.659,8.490,0.955,-0.004,-0.045,22
32.400,-10.650,77.250,0.405,-4.465,8.514,0.939,0.000,-0.048,22
32.400,-10.650,77.250,0.371,-4.374,8.581,0.927,0.003,-0.039,23
32.400,-10.650,77.250,0.464,-3.994,8.808,0.904,-0.002,-0.041,22
32.400,-10.650,77.250,0.421,-3.812,8.854,0.887,-0.003,-0.035,22
31.500,-5.850,77.100,0.488,-3.570,8.890,0.865,0.002,-0.036,22
31.500,-5.850,77.100,0.412,-3.390,8.983,0.836,-0.001,-0.032,22
31.500,-5.850,77.100,0.486,-3.184,8.926,0.780,-0.003,-0.034,22
31.500,-5.850,77.100,0.402,-2.962,9.213,0.741,0.007,-0.027,23
33.300,-5.850,77.100,0.570,-2.737,9.055,0.706,0.001,-0.027,22
33.300,-1.950,77.400,0.421,-2.588,9.222,0.640,0.006,-0.034,22
33.300,-1.950,77.400,0.508,-2.557,9.294,0.613,0.003,-0.024,22
31.950,0.150,78.000,0.522,-2.456,9.325,0.594,0.006,-0.032,22
31.950,0.150,78.000,0.414,-2.191,9.263,0.559,0.004,-0.027,22
32.400,0.450,78.300,0.488,-2.054,9.457,0.507,0.004,-0.028,23
32.400,0.450,78.300,0.491,-1.990,9.452,0.463,0.004,-0.017,22
31.950,0.900,78.000,0.479,-1.879,9.476,0.428,0.004,-0.023,22
31.950,0.900,78.000,0.555,-1.743,9.524,0.383,0.008,-0.019,22
31.950,0.900,78.000,0.464,-1.714,9.500,0.354,0.008,-0.019,22
31.950,0.900,78.000,0.555,-1.669,9.629,0.329,0.008,-0.023,22
31.950,0.900,78.000,0.536,-1.733,9.656,0.315,0.005,-0.019,23
32.550,3.000,76.650,0.522,-1.597,9.558,0.294,0.009,-0.021,22
32.550,3.000,76.650,0.534,-1.549,9.641,0.284,0.010,-0.024,22
33.300,4.950,77.850,0.493,-1.379,9.708,0.271,0.007,-0.026,22
33.300,4.950,77.850,0.476,-1.393,9.598,0.258,0.008,-0.018,22
31.800,3.900,76.350,0.457,-1.250,9.594,0.232,0.006,-0.023,22
31.800,3.900,76.350,0.486,-1.154,9.689,0.213,0.006,-0.020,22
32.250,6.900,76.650,0.558,-1.039,9.653,0.149,0.008,-0.025,23
32.250,6.900,76.650,0.462,-0.955,9.565,0.106,0.004,-0.023,22
32.250,6.900,76.650,0.587,-0.783,9.565,0.058,0.008,-0.013,22
32.250,6.900,76.650,0.503,-0.656,9.649,0.005,0.012,-0.016,22
32.250,6.900,76.650,0.512,-0.699,9.603,-0.089,0.014,-0.006,22
32.550,5.400,76.650,0.512,-0.836,9.603,-0.137,0.015,-0.002,22
32.550,5.400,76.650,0.457,-0.946,9.606,-0.167,0.018,-0.004,23
31.950,5.250,75.750,0.505,-0.869,9.694,-0.213,0.010,-0.001,22
31.950,5.250,75.750,0.445,-0.960,9.603,-0.282,0.013,-0.005,22
33.000,4.200,77.400,0.515,-1.168,9.641,-0.319,0.010,0.003,22
33.000,4.200,77.400,0.603,-1.099,9.529,-0.363,0.016,0.013,22
33.000,4.200,77.400,0.527,-1.159,9.534,-0.422,0.013,0.000,22
31.500,4.950,77.400,0.450,-1.312,9.639,-0.458,0.011,-0.004,23
31.500,4.950,77.400,0.496,-1.367,9.438,-0.501,0.019,0.004,22
31.500,4.950,77.400,0.455,-1.563,9.591,-0.533,0.017,0.009,22
31.500,4.950,77.400,0.527,-1.547,9.572,-0.582,0.018,0.009,22
32.700,1.650,77.250,0.522,-1.942,9.498,-0.607,0.018,0.011,22
32.700,1.650,77.250,0.529,-1.994,9.438,-0.620,0.021,0.011,22
32.700,1.650,77.250,0.311,-2.133,9.342,-0.650,0.006,0.005,23
32.700,1.650,77.250,0.297,-2.212,9.424,-0.662,0.011,0.013,22
32.700,1.650,77.250,0.287,-2.251,9.153,-0.695,0.005,0.023,22
33.600,-0.900,77.550,0.546,-2.634,9.335,-0.698,0.013,0.024,22
33.600,-0.900,77.550,0.517,-2.816,9.469,-0.710,0.015,0.015,22
32.400,-1.650,76.950,0.486,-2.931,9.261,-0.714,0.026,0.015,22
32.400,-1.650,76.950,0.464,-3.086,9.294,-0.717,0.011,0.013,23
32.700,-3.300,77.550,0.500,-3.139,9.103,-0.713,0.008,0.026,22
32.700,-3.300,77.550,0.510,-3.745,9.091,-0.686,-0.002,0.026,22
32.550,-3.450,78.150,0.395,-3.711,9.337,-0.667,0.022,0.017,22
32.550,-3.450,78.150,0.292,-3.512,8.947,-0.664,0.024,0.001,22
32.550,-3.450,78.150,0.407,-3.680,8.997,-0.674,0.014,0.000,22
32.550,-3.450,78.150,0.409,-3.826,9.139,-0.674,0.009,0.009,23
32.550,-3.450,78.150,0.376,-3.984,8.978,-0.691,0.017,0.015,22
30.900,-7.200,78.750,0.496,-4.025,8.763,-0.710,0.018,0.013,22
30.900,-7.200,78.750,0.450,-4.235,8.880,-0.709,0.014,0.014,22
32.700,-9.150,76.950,0.572,-4.247,8.703,-0.727,0.013,0.007,22
32.700,-9.150,76.950,0.532,-4.501,8.808,-0.737,0.009,0.016,22
32.250,-9.300,76.350,0.476,-4.594,8.643,-0.745,0.015,0.018,23
32.250,-9.300,76.350,0.443,-4.769,8.428,-0.756,0.020,0.016,22
32.250,-9.300,76.350,0.405,-4.875,8.540,-0.769,0.026,0.014,22
31.950,-12.300,76.500,0.409,-4.973,8.351,-0.783,0.014,0.013,22
31.950,-12.300,76.500,0.395,-5.200,8.339,-0.787,0.022,0.019,22
31.950,-12.300,76.500,0.443,-5.425,8.267,-0.788,0.020,0.026,22
NEW_MEASUREMENTS
33.000,-45.750,27.900,0.505,-10.022,0.350,-0.060,0.010,0.007,38
33.000,-45.750,27.900,0.484,-9.979,0.292,-0.058,0.005,0.005,23
32.550,-46.050,27.150,0.359,-9.759,0.103,-0.072,-0.016,0.001,23
32.550,-46.050,27.150,0.271,-9.981,0.184,-0.070,-0.026,0.011,23
33.600,-46.350,27.000,0.486,-9.883,0.450,-0.077,-0.026,0.017,23
33.600,-46.350,27.000,0.637,-9.749,0.462,-0.080,-0.043,0.030,22
33.600,-46.350,27.000,0.259,-9.929,0.026,-0.100,-0.033,0.038,22
33.600,-46.350,27.000,0.309,-10.089,0.292,-0.074,-0.066,0.041,22
33.150,-44.400,27.000,0.283,-10.056,0.146,-0.076,-0.090,0.063,22
33.150,-44.400,27.000,0.139,-9.780,-0.170,-0.087,-0.110,0.072,22
33.600,-45.900,27.300,0.522,-10.092,0.414,-0.080,-0.092,0.074,22
33.600,-45.900,27.300,0.692,-9.936,0.366,-0.079,-0.072,0.076,22
33.600,-45.900,27.300,0.395,-10.094,0.266,-0.083,-0.067,0.071,22
33.150,-45.900,27.000,0.649,-10.056,0.215,-0.067,-0.064,0.056,22
33.150,-45.900,27.000,0.488,-9.984,0.187,-0.064,-0.068,0.041,22
34.500,-45.750,28.200,0.472,-9.953,0.029,-0.070,-0.046,0.036,22
34.500,-45.750,28.200,0.663,-10.156,0.335,-0.064,-0.026,0.022,22
33.900,-45.900,27.750,0.385,-10.017,0.187,-0.048,-0.001,0.009,22
33.900,-45.900,27.750,0.553,-10.068,0.235,-0.047,0.013,0.001,22
34.500,-45.750,28.650,0.486,-10.053,0.134,-0.039,-0.003,-0.011,22
34.500,-45.750,28.650,0.280,-9.914,0.225,-0.042,0.011,-0.009,22
34.500,-45.750,28.650,0.242,-9.845,0.077,-0.059,0.009,-0.012,22
34.500,-45.750,28.650,0.211,-9.910,0.048,-0.046,0.007,-0.007,22
34.500,-45.750,28.650,0.175,-9.972,0.172,-0.053,0.005,0.000,22
33.300,-46.950,27.150,0.385,-9.965,0.218,-0.054,0.001,0.005,22
33.300,-46.950,27.150,0.362,-9.931,0.189,-0.053,-0.000,0.002,23
33.750,-45.300,27.900,0.237,-9.993,0.239,-0.053,-0.010,0.002,22
33.750,-45.300,27.900,0.328,-10.020,0.230,-0.054,-0.008,0.007,22
33.300,-45.750,27.900,0.352,-9.929,0.271,-0.056,-0.011,0.008,22
33.300,-45.750,27.900,0.208,-10.106,0.153,-0.053,-0.006,0.005,22
33.300,-45.750,27.900,0.615,-10.154,0.287,-0.029,0.019,0.002,22
32.550,-46.050,27.900,0.165,-10.025,0.208,-0.023,-0.008,-0.000,22
32.550,-46.050,27.900,0.163,-9.883,-0.050,-0.039,0.002,0.012,22
32.550,-46.050,27.900,0.318,-9.960,0.091,-0.016,-0.032,-0.000,22
32.550,-46.050,27.900,0.237,-10.015,0.376,0.001,-0.030,-0.001,23
33.750,-45.750,27.900,0.421,-9.936,0.105,-0.008,-0.015,0.003,22
33.750,-45.750,27.900,0.484,-10.293,0.407,0.022,-0.005,-0.015,22
33.150,-45.150,27.750,0.488,-10.233,0.381,0.050,0.010,-0.019,22
33.150,-45.150,27.750,0.498,-10.257,0.414,0.091,0.026,-0.007,22
33.150,-45.150,27.750,0.371,-10.276,0.309,0.140,0.031,-0.004,23
33.750,-45.000,28.200,0.350,-10.369,0.599,0.193,0.021,-0.021,22
33.750,-45.000,28.200,0.342,-10.343,-0.096,0.244,0.021,-0.024,22
34.350,-45.900,28.800,0.177,-10.190,0.781,0.272,0.012,-0.020,22
34.350,-45.900,28.800,0.283,-10.238,0.591,0.329,0.001,-0.023,22
33.150,-46.350,29.850,0.297,-10.269,0.646,0.345,0.010,-0.016,22
33.150,-46.350,29.850,0.340,-10.187,0.785,0.406,0.005,-0.021,22
32.550,-45.300,31.200,0.180,-10.348,1.010,0.456,-0.008,-0.019,23
32.550,-45.300,31.200,0.199,-10.226,0.915,0.489,-0.008,-0.009,22
32.550,-45.300,31.200,0.177,-10.156,1.118,0.547,-0.022,-0.013,22
32.550,-45.300,31.200,0.297,-10.149,1.207,0.577,-0.025,-0.014,22
32.550,-45.300,31.200,0.414,-10.197,1.374,0.605,-0.022,-0.010,22
33.600,-44.400,34.050,0.342,-10.135,1.403,0.655,-0.019,-0.009,23
33.600,-44.400,34.050,0.376,-10.221,1.674,0.719,-0.019,-0.014,22
34.650,-43.500,37.350,0.397,-10.195,1.353,0.762,-0.014,-0.008,22
34.650,-43.500,37.350,0.275,-9.546,1.185,0.765,-0.014,-0.009,22
32.400,-43.500,38.850,0.271,-9.821,2.327,0.757,0.003,0.014,22
32.400,-43.500,38.850,0.462,-9.828,2.559,0.804,0.001,0.029,22
32.400,-43.500,38.850,0.438,-9.969,2.595,0.828,-0.032,0.013,23
34.650,-43.500,42.150,0.484,-9.840,2.904,0.835,-0.028,0.001,22
34.650,-43.500,42.150,0.187,-9.414,2.533,0.863,-0.032,-0.016,22
34.650,-43.500,42.150,0.108,-9.790,3.249,0.914,-0.035,-0.017,22
34.650,-43.500,42.150,0.350,-9.608,2.935,0.910,-0.026,-0.001,22
33.600,-41.550,47.100,0.170,-9.591,3.460,0.949,-0.037,0.010,22
33.600,-41.550,47.100,0.565,-9.395,3.687,0.972,-0.052,-0.001,22
33.750,-40.650,47.700,0.445,-9.206,3.768,0.966,-0.044,-0.014,23
33.750,-40.650,47.700,0.419,-9.062,3.867,0.991,-0.037,-0.027,22
33.750,-40.650,47.700,0.486,-9.141,4.195,0.999,-0.031,-0.028,22
33.600,-38.100,51.600,0.476,-9.031,4.221,1.008,-0.016,-0.027,22
33.600,-38.100,51.600,0.390,-8.717,4.685,1.012,-0.021,-0.024,22
34.050,-38.250,52.500,0.412,-8.717,4.829,1.037,-0.025,-0.017,23
34.050,-38.250,52.500,0.285,-8.612,4.894,1.034,-0.025,-0.018,22
34.050,-38.250,52.500,0.330,-8.550,5.145,1.039,-0.027,-0.029,22
34.050,-38.250,52.500,0.553,-8.413,5.207,1.044,-0.011,-0.033,22
33.600,-34.500,56.700,0.522,-8.200,5.420,1.081,-0.032,-0.041,22
33.600,-34.500,56.700,0.400,-8.241,5.842,1.100,-0.012,-0.047,22
34.650,-34.500,56.700,0.453,-8.066,5.981,1.136,-0.009,-0.048,23
34.650,-32.550,60.450,0.424,-7.932,6.148,1.179,-0.016,-0.045,22
34.650,-32.550,60.450,0.395,-7.846,6.261,1.212,-0.011,-0.044,22
35.850,-30.600,61.950,0.316,-7.566,6.677,1.236,-0.013,-0.044,22
35.850,-30.600,61.950,0.450,-7.113,6.510,1.265,-0.011,-0.043,22
34.350,-29.550,64.650,0.385,-7.113,7.058,1.299,-0.015,-0.052,22
34.350,-29.550,64.650,0.649,-6.869,6.958,1.310,-0.006,-0.048,22
34.350,-29.550,64.650,0.582,-6.551,7.336,1.319,-0.009,-0.045,23
34.350,-29.550,64.650,0.517,-6.074,7.403,1.308,-0.007,-0.047,22
34.350,-29.550,64.650,0.400,-6.050,7.683,1.313,-0.006,-0.045,22
33.600,-22.800,68.250,0.584,-5.681,7.714,1.310,-0.003,-0.044,22
33.600,-22.800,68.250,0.637,-5.322,7.882,1.296,-0.006,-0.056,22
33.600,-22.800,68.250,0.563,-5.037,7.994,1.248,0.002,-0.068,22
33.600,-22.800,68.250,0.584,-4.223,7.987,1.184,0.002,-0.077,23
33.600,-18.900,71.250,0.551,-4.154,8.404,1.104,0.020,-0.077,22
33.600,-18.900,71.250,0.560,-3.936,8.399,0.997,0.024,-0.053,22
34.800,-16.350,72.150,0.412,-3.759,8.466,0.931,0.009,-0.029,22
34.800,-16.350,72.150,0.390,-3.594,8.633,0.876,-0.006,-0.022,22
34.050,-13.650,72.900,0.634,-3.462,8.904,0.780,-0.009,-0.018,22
34.050,-13.650,72.900,0.692,-3.428,8.902,0.734,0.001,-0.013,23
34.050,-13.650,72.900,0.575,-3.395,8.995,0.707,0.010,-0.005,22
34.350,-13.050,73.950,0.472,-3.148,9.100,0.667,0.016,0.006,22
34.350,-13.050,73.950,0.570,-2.971,9.081,0.607,0.014,0.013,22
34.350,-13.050,73.950,0.517,-2.794,9.225,0.572,0.007,0.006,22
34.350,-13.050,73.950,0.515,-2.784,9.261,0.537,0.007,-0.004,22
33.750,-9.300,72.900,0.548,-2.717,9.263,0.494,0.000,-0.010,23
33.750,-9.300,72.900,0.582,-2.593,9.340,0.472,-0.007,-0.010,22
34.050,-9.300,75.150,0.606,-2.552,9.234,0.453,0.002,-0.016,22
34.050,-9.300,75.150,0.673,-2.442,9.419,0.440,0.006,-0.013,22
34.050,-9.300,75.150,0.565,-2.425,9.500,0.426,0.003,-0.036,22
34.350,-7.500,73.500,0.639,-2.418,9.534,0.425,0.004,-0.033,22
34.350,-7.500,73.500,0.656,-2.219,9.448,0.424,0.003,-0.039,23
34.500,-6.600,74.100,0.563,-2.049,9.558,0.403,0.010,-0.036,22
34.500,-6.600,74.100,0.532,-1.784,9.493,0.383,0.002,-0.040,22
34.500,-6.600,74.100,0.505,-1.717,9.565,0.367,0.003,-0.031,22
34.500,-6.600,74.100,0.457,-1.532,9.419,0.325,0.002,-0.017,22
34.350,-6.000,74.250,0.603,-1.573,9.486,0.276,0.010,-0.003,22
34.350,-6.000,74.250,0.536,-1.523,9.589,0.251,0.008,0.004,23
34.350,-6.000,74.250,0.613,-1.518,9.649,0.233,0.012,-0.002,22
35.550,-3.000,74.850,0.630,-1.468,9.620,0.214,0.009,-0.012,22
35.550,-3.000,74.850,0.599,-1.504,9.651,0.204,0.012,-0.015,22
34.800,-3.900,74.400,0.594,-1.468,9.754,0.202,0.007,-0.022,22
34.800,-3.900,74.400,0.541,-1.506,9.732,0.208,0.007,-0.029,22
34.500,-4.200,75.900,0.579,-1.369,9.756,0.215,0.008,-0.027,23
34.500,-4.200,75.900,0.575,-1.279,9.701,0.215,0.008,-0.025,22
35.400,-3.300,75.000,0.603,-1.202,9.697,0.211,0.005,-0.024,22
35.400,-3.300,75.000,0.649,-1.188,9.697,0.202,0.007,-0.020,22
35.400,-3.300,75.000,0.601,-1.077,9.699,0.197,0.009,-0.025,22
33.900,-2.850,75.000,0.587,-0.912,9.689,0.176,0.009,-0.024,22
33.900,-2.850,75.000,0.500,-0.915,9.685,0.143,0.000,-0.018,23
33.900,-2.850,75.000,0.591,-0.879,9.682,0.121,0.008,-0.020,22
33.900,-2.850,75.000,0.582,-0.840,9.677,0.117,0.006,-0.020,22
35.550,0.000,73.650,0.599,-0.852,9.766,0.103,0.006,-0.021,22
35.550,0.000,73.650,0.587,-0.752,9.694,0.086,0.005,-0.013,22
35.400,-1.650,75.750,0.577,-0.745,9.737,0.076,0.004,-0.014,23
35.400,-1.650,75.750,0.596,-0.833,9.752,0.060,0.006,-0.019,22
35.400,-1.650,75.750,0.685,-0.735,9.740,0.057,0.006,-0.019,22
36.750,0.300,75.150,0.666,-0.728,9.764,0.030,0.012,-0.028,22
36.750,0.300,75.150,0.572,-0.359,9.505,-0.020,0.024,-0.026,22
34.350,-0.900,75.450,0.649,-0.345,9.359,-0.064,0.022,-0.030,22
34.350,-0.900,75.450,0.484,-0.405,9.653,-0.142,0.038,-0.014,22
34.350,-0.900,75.450,0.467,-0.429,9.747,-0.192,0.019,0.004,23
34.350,-0.900,75.450,0.443,-0.512,9.613,-0.227,0.006,0.001,22
35.250,-2.250,75.600,0.620,-0.699,9.749,-0.272,0.009,0.017,22
35.250,-2.250,75.600,0.567,-0.790,9.728,-0.315,0.021,0.034,22
35.250,-2.250,75.600,0.551,-0.718,9.663,-0.333,0.026,0.040,22
35.250,-2.250,74.850,0.500,-0.788,9.639,-0.364,0.028,0.047,22
35.250,-2.250,74.850,0.560,-0.871,9.582,-0.403,0.027,0.039,23
33.300,-0.750,76.350,0.512,-0.848,9.622,-0.438,0.014,0.033,22
33.300,-0.750,76.350,0.587,-0.972,9.627,-0.479,0.015,0.037,22
33.900,-4.050,75.450,0.670,-1.001,9.536,-0.525,0.009,0.026,22
33.900,-4.050,75.450,0.702,-1.154,9.565,-0.595,0.015,0.026,22
34.500,-5.850,75.150,0.730,-1.255,9.522,-0.645,0.019,0.016,22
34.500,-5.850,75.150,0.534,-1.290,9.316,-0.702,0.029,0.010,22
35.100,-5.850,75.150,0.491,-1.460,9.474,-0.800,0.017,-0.006,23
35.100,-6.450,74.250,0.515,-1.638,9.321,-0.864,0.019,-0.011,22
35.100,-6.450,74.250,0.505,-1.841,9.251,-0.915,0.014,-0.005,22
35.100,-6.450,74.250,0.520,-1.908,9.251,-0.976,0.017,0.010,22
35.100,-6.450,74.250,0.441,-2.179,9.086,-1.039,0.020,0.041,22
34.500,-9.750,74.400,0.397,-2.768,9.364,-1.055,0.005,0.056,22
34.500,-9.750,74.400,0.812,-3.158,9.328,-1.055,0.012,0.067,23
34.350,-12.300,73.500,0.733,-3.309,8.918,-1.089,0.029,0.065,22
34.350,-12.300,73.500,0.397,-3.194,9.076,-1.117,0.022,0.052,22
34.350,-12.300,73.500,0.460,-3.534,8.904,-1.125,0.015,0.044,22
34.050,-13.650,73.650,0.306,-3.982,8.772,-1.133,0.019,0.033,22
34.050,-13.650,73.650,0.469,-4.360,8.792,-1.143,0.000,0.038,22
33.600,-15.750,73.200,0.445,-4.427,8.485,-1.134,0.029,0.050,23
33.600,-15.750,73.200,0.438,-4.810,8.741,-1.102,0.016,0.050,23
33.600,-15.750,73.200,0.622,-5.138,8.550,-1.085,0.011,0.046,22
33.600,-15.750,73.200,0.642,-5.308,8.392,-1.062,0.024,0.031,22
34.800,-20.250,70.350,0.472,-5.380,8.267,-1.032,0.026,0.005,22
34.800,-20.250,70.350,0.421,-5.559,8.289,-1.009,0.021,0.001,22
33.600,-21.300,69.000,0.369,-5.593,8.018,-1.001,0.015,0.008,22
33.600,-21.300,69.000,0.297,-5.760,7.884,-0.996,0.024,0.033,22
33.600,-21.300,69.000,0.474,-5.866,7.712,-1.011,0.014,0.041,22
33.750,-24.150,67.800,0.464,-5.978,7.575,-1.026,0.020,0.035,22
33.750,-24.150,67.800,0.584,-6.110,7.544,-1.033,0.020,0.031,22
33.900,-25.500,67.200,0.534,-6.297,7.379,-1.049,0.022,0.023,22
33.900,-25.500,67.200,0.352,-6.668,7.056,-1.057,0.021,0.015,23
34.500,-28.500,64.800,0.299,-6.732,7.056,-1.061,0.024,0.023,22
34.500,-28.500,64.800,0.314,-6.929,6.948,-1.063,0.026,0.033,22
33.600,-29.850,62.400,0.512,-7.163,6.790,-1.062,0.017,0.032,22
33.600,-29.850,62.400,0.520,-7.221,6.725,-1.064,0.027,0.018,22
33.600,-29.850,62.400,0.510,-7.288,6.570,-1.057,0.030,0.019,22
33.600,-29.850,62.400,0.235,-7.714,6.194,-1.060,0.025,0.027,23
33.600,-29.850,62.400,0.345,-7.752,6.086,-1.041,0.017,0.024,22
35.100,-33.450,59.700,0.445,-7.922,6.045,-1.024,0.016,0.031,22
35.100,-33.450,59.700,0.362,-8.071,5.782,-1.016,0.017,0.031,22
34.050,-33.600,58.500,0.314,-8.294,5.835,-0.987,0.015,0.037,22
34.050,-33.600,58.500,0.311,-8.392,5.444,-0.960,0.008,0.027,22
34.500,-35.550,56.550,0.436,-8.384,5.222,-0.943,0.019,0.028,23
34.500,-35.550,56.550,0.369,-8.437,5.241,-0.936,0.025,0.030,22
34.500,-35.550,56.550,0.330,-8.454,4.997,-0.934,0.026,0.026,22
33.900,-37.350,53.400,0.232,-8.564,4.908,-0.942,0.013,0.020,22
33.900,-37.350,53.400,0.335,-8.741,4.585,-0.941,0.010,0.014,22
33.900,-37.350,53.400,0.443,-8.851,4.436,-0.942,0.011,0.019,22
33.900,-37.350,53.400,0.366,-9.057,4.410,-0.916,0.022,0.016,23
35.400,-38.550,50.850,0.395,-9.158,4.175,-0.895,0.032,0.017,22
35.400,-38.550,50.850,0.263,-9.155,4.080,-0.875,0.026,0.004,22
33.600,-39.600,48.150,0.345,-9.385,3.955,-0.852,0.025,-0.002,22
33.600,-39.600,48.150,0.314,-9.330,3.649,-0.833,0.038,-0.006,22
33.600,-39.600,48.150,0.304,-9.412,3.548,-0.826,0.048,-0.005,22
34.650,-41.550,48.150,0.182,-9.452,3.553,-0.791,0.032,0.007,23
34.650,-41.550,48.150,0.024,-9.404,3.235,-0.794,0.021,0.014,22
34.500,-42.150,45.750,0.187,-9.426,3.007,-0.789,0.004,0.022,22
34.500,-42.150,45.750,0.287,-9.498,2.832,-0.799,0.006,0.019,22
34.500,-42.150,45.750,0.192,-9.622,2.832,-0.790,0.009,0.025,22
34.500,-42.150,45.750,0.290,-9.598,2.586,-0.789,0.009,0.026,22
34.050,-43.050,41.250,0.196,-9.706,2.497,-0.778,0.006,0.030,23
34.050,-43.050,41.250,0.244,-9.821,2.358,-0.764,0.004,0.026,22
34.050,-43.050,41.250,0.395,-9.893,2.205,-0.733,0.003,0.020,22
34.050,-43.050,41.250,0.304,-9.965,2.040,-0.721,0.011,0.027,22
34.050,-43.050,41.250,0.180,-10.092,2.037,-0.674,0.006,0.025,22
34.500,-45.000,37.500,0.148,-10.245,1.961,-0.596,-0.001,0.019,22
34.500,-45.000,37.500,0.268,-10.278,1.767,-0.554,0.005,0.024,23
34.800,-44.550,36.750,0.275,-10.094,1.563,-0.505,0.007,0.018,22
34.800,-44.550,36.750,0.215,-10.175,1.532,-0.477,0.004,0.014,22
35.100,-45.150,34.050,0.261,-9.969,1.422,-0.450,0.019,0.003,22
35.100,-45.150,34.050,0.235,-9.989,1.501,-0.431,0.021,0.001,22
35.100,-45.150,34.050,0.227,-10.058,1.207,-0.414,0.016,-0.004,22
34.050,-44.550,33.900,0.249,-10.015,1.156,-0.396,0.028,-0.007,23
34.050,-44.550,33.900,0.187,-9.914,1.089,-0.382,0.016,-0.006,22
34.050,-44.550,33.900,0.206,-9.922,0.972,-0.394,0.029,-0.005,22
34.050,-44.550,33.900,0.175,-10.010,0.965,-0.384,0.026,-0.006,22
34.800,-45.000,32.400,0.249,-9.895,0.785,-0.375,0.030,-0.019,22
34.800,-45.000,32.400,0.220,-9.974,0.831,-0.379,0.029,-0.014,22
34.650,-45.150,32.850,0.098,-9.907,0.632,-0.373,0.029,-0.008,22
34.650,-45.150,32.850,0.105,-10.025,0.642,-0.370,0.013,0.004,23
34.650,-45.150,32.850,0.031,-9.907,0.606,-0.375,0.001,0.007,22
35.400,-45.150,31.350,0.194,-10.015,0.484,-0.377,0.001,0.001,22
35.400,-45.150,31.350,0.292,-9.955,0.362,-0.379,0.011,-0.004,22
35.100,-46.350,29.550,0.232,-10.020,0.376,-0.372,0.018,-0.009,22
35.100,-46.350,29.550,0.263,-10.151,0.378,-0.362,0.024,-0.008,22
35.100,-46.350,29.550,0.220,-10.226,0.314,-0.334,0.027,-0.007,23
35.100,-46.350,29.550,0.311,-10.111,1.223,-0.056,0.113,0.006,22
33.750,-44.550,28.950,-0.831,-11.727,1.437,0.101,-0.191,-0.028,22
33.750,-44.550,28.950,0.809,-9.352,-0.907,-0.047,-0.031,0.028,22
33.750,-45.000,28.650,0.625,-9.694,-0.445,0.011,0.061,0.031,22
33.750,-45.000,28.650,0.876,-10.803,0.036,0.021,0.040,0.009,22
33.750,-45.000,28.650,-0.500,-10.463,0.409,-0.041,0.033,-0.013,23
34.350,-45.450,28.050,0.706,-10.257,0.309,0.003,-0.032,-0.018,22
34.350,-45.450,28.050,0.065,-10.271,0.168,0.085,-0.025,-0.004,22
35.850,-45.900,29.550,-0.285,-10.192,0.661,0.112,-0.018,-0.005,22
35.850,-45.900,29.550,0.520,-10.178,0.567,0.156,0.002,-0.023,22
35.250,-46.050,29.700,-0.208,-10.111,0.263,0.199,-0.004,-0.010,22
35.250,-46.050,29.700,0.110,-10.132,-0.122,0.225,0.013,-0.011,23
33.300,-45.300,31.200,0.441,-10.489,0.874,0.229,0.014,-0.005,22
33.300,-45.300,31.200,0.098,-9.852,0.340,0.259,-0.036,-0.011,22
33.300,-45.300,31.200,-0.014,-10.185,0.711,0.295,-0.016,-0.025,22
33.300,-45.300,31.200,0.244,-10.283,1.020,0.302,-0.008,-0.014,22
33.300,-45.300,31.200,-0.062,-10.053,0.543,0.351,0.017,-0.010,22
34.350,-44.400,31.800,0.330,-10.309,0.984,0.392,0.000,-0.017,23
34.350,-44.400,31.800,0.362,-10.104,0.888,0.415,0.011,-0.027,22
34.800,-45.300,33.900,0.065,-10.022,0.977,0.433,-0.006,-0.028,22
34.800,-45.300,33.900,0.297,-10.084,1.276,0.450,-0.007,-0.031,22
33.900,-44.700,34.350,0.108,-10.149,1.353,0.485,-0.007,-0.025,22
33.900,-44.700,34.350,0.010,-10.044,1.216,0.504,0.003,-0.025,22
33.900,-44.700,34.350,0.294,-10.159,1.642,0.548,0.013,-0.026,23
33.600,-43.950,35.850,0.280,-10.070,1.650,0.574,0.012,-0.028,22
33.600,-43.950,35.850,0.208,-9.907,1.779,0.594,0.005,-0.028,22
33.600,-43.950,35.850,0.467,-9.534,1.602,0.573,0.034,-0.025,22
33.600,-43.950,35.850,0.541,-9.354,2.349,0.527,0.044,-0.024,22
33.900,-43.500,40.050,0.110,-9.603,2.478,0.526,0.039,-0.011,22
33.900,-43.500,40.050,0.031,-9.668,1.999,0.512,0.033,-0.015,23
34.350,-42.750,40.050,0.050,-9.618,2.411,0.524,0.023,-0.038,22
34.350,-42.750,40.050,0.084,-9.625,2.571,0.549,-0.002,-0.034,22
34.350,-42.750,40.050,0.266,-9.725,2.571,0.547,0.009,-0.030,22
34.650,-42.750,41.850,0.225,-9.534,2.823,0.549,0.001,-0.031,22
34.650,-42.750,41.850,0.314,-9.436,2.861,0.547,0.003,-0.030,22
34.500,-41.850,43.200,0.120,-9.632,3.108,0.554,0.002,-0.033,22
34.500,-41.850,43.200,0.201,-9.538,3.208,0.576,0.001,-0.020,23
34.500,-42.150,46.200,0.211,-9.483,3.349,0.601,-0.003,-0.016,22
34.500,-42.150,46.200,0.251,-9.495,3.311,0.621,-0.006,-0.013,22
34.350,-40.800,47.400,0.196,-9.433,3.551,0.632,-0.009,-0.004,22
34.350,-40.800,47.400,0.268,-9.345,3.771,0.643,-0.019,-0.009,22
34.350,-40.800,47.400,0.175,-9.333,3.780,0.672,-0.018,-0.008,23
34.350,-40.800,47.400,0.235,-9.270,3.958,0.685,-0.016,-0.002,22
34.350,-40.800,47.400,0.290,-9.182,4.116,0.705,-0.014,-0.003,22
34.500,-37.500,51.750,0.316,-9.124,4.199,0.717,-0.015,-0.014,22
34.500,-37.500,51.750,0.285,-9.000,4.283,0.736,-0.013,-0.024,22
35.250,-38.700,52.050,0.273,-8.780,4.592,0.742,-0.007,-0.027,22
35.250,-38.700,52.050,0.239,-8.772,4.808,0.745,-0.006,-0.028,23
35.850,-36.900,52.650,0.271,-8.758,4.709,0.765,-0.014,-0.026,22
35.850,-36.900,52.650,0.227,-8.722,4.966,0.790,-0.016,-0.028,22
35.850,-36.900,52.650,0.278,-8.540,5.030,0.809,-0.016,-0.020,22
35.250,-35.550,55.800,0.237,-8.502,5.368,0.831,-0.021,-0.017,22
35.250,-35.550,55.800,0.215,-8.432,5.485,0.868,-0.026,-0.017,22
35.250,-35.550,55.800,0.259,-8.399,5.641,0.895,-0.023,-0.021,23
35.250,-35.550,55.800,0.304,-8.272,5.744,0.924,-0.029,-0.023,22
34.500,-33.600,59.850,0.340,-8.042,5.978,0.953,-0.029,-0.023,22
34.500,-33.600,59.850,0.249,-7.925,6.086,0.980,-0.021,-0.026,22
34.650,-32.250,60.450,0.285,-7.685,6.285,1.019,-0.026,-0.028,22
34.650,-32.250,60.450,0.321,-7.606,6.558,1.026,-0.012,-0.033,22
34.650,-32.250,60.450,0.323,-7.405,6.517,1.045,-0.017,-0.044,22
35.100,-29.550,63.150,0.464,-7.017,6.706,1.058,-0.013,-0.048,23
35.100,-29.550,63.150,0.424,-6.826,6.962,1.049,-0.012,-0.053,22
36.000,-26.550,65.550,0.426,-6.436,6.967,1.035,-0.006,-0.060,22
36.000,-26.550,65.550,0.443,-6.261,7.163,0.984,0.003,-0.067,22
36.000,-25.350,68.100,0.500,-6.074,7.269,0.951,0.006,-0.069,22
36.000,-25.350,68.100,0.393,-6.012,7.357,0.914,0.012,-0.062,22
34.350,-23.250,67.500,0.273,-5.725,7.690,0.871,-0.003,-0.035,23
34.350,-23.250,67.500,0.414,-5.526,7.752,0.845,-0.003,-0.027,22
34.350,-23.250,67.500,0.493,-5.435,7.834,0.809,-0.004,-0.024,22
34.350,-23.250,67.500,0.479,-5.363,7.982,0.777,0.005,-0.027,22
34.350,-23.250,67.500,0.393,-5.306,8.030,0.753,0.006,-0.021,22
35.100,-21.600,70.200,0.340,-5.231,8.068,0.759,0.001,-0.010,22
35.100,-21.600,70.200,0.496,-5.179,8.322,0.750,0.004,0.006,23
36.750,-19.500,69.600,0.469,-5.076,8.552,0.763,0.008,0.018,22
36.750,-19.500,69.600,0.409,-4.879,8.535,0.770,0.007,0.024,22
34.350,-16.200,72.450,0.103,-4.729,8.619,0.776,-0.013,-0.009,22
34.350,-16.200,72.450,0.448,-4.343,8.775,0.757,-0.022,-0.034,22
35.850,-13.500,71.700,0.433,-4.094,8.617,0.727,-0.013,-0.038,22
35.850,-13.500,71.700,0.503,-3.965,8.772,0.715,-0.015,-0.034,23
35.850,-13.500,71.700,0.462,-3.694,8.636,0.670,0.005,-0.017,22
35.850,-13.500,71.700,0.342,-3.778,9.043,0.633,0.006,-0.015,22
35.850,-13.500,71.700,0.534,-3.508,9.074,0.610,-0.004,-0.019,22
35.100,-13.050,73.950,0.551,-3.364,9.050,0.585,-0.003,-0.030,22
35.100,-13.050,73.950,0.548,-3.314,8.966,0.560,0.009,-0.037,22
35.100,-13.050,73.950,0.496,-3.347,9.158,0.549,0.006,-0.043,23
35.100,-13.050,73.950,0.366,-3.237,9.146,0.550,0.009,-0.040,22
35.100,-10.350,73.950,0.472,-3.036,9.333,0.545,0.000,-0.038,22
35.100,-10.350,73.950,0.496,-2.856,9.419,0.542,0.009,-0.045,22
35.100,-10.350,73.950,0.414,-2.835,9.378,0.535,0.001,-0.042,23
34.800,-9.300,74.400,0.438,-2.641,9.383,0.527,0.008,-0.040,22
34.800,-9.300,74.400,0.450,-2.555,9.371,0.505,0.009,-0.026,22
35.250,-8.100,75.150,0.292,-2.370,9.428,0.499,0.005,-0.018,22
35.250,-8.100,75.150,0.371,-2.152,9.469,0.481,0.008,-0.013,22
35.250,-6.900,74.850,0.503,-2.124,9.572,0.460,0.005,-0.008,22
35.250,-6.900,74.850,0.579,-2.011,9.428,0.430,0.009,-0.012,22
35.250,-6.900,74.850,0.582,-1.911,9.412,0.417,0.012,-0.009,22
35.250,-6.900,74.850,0.455,-1.748,9.543,0.397,0.010,-0.007,23
35.250,-6.900,74.850,0.508,-1.769,9.646,0.384,0.009,-0.015,22
34.500,-4.950,74.400,0.448,-1.642,9.608,0.374,0.005,-0.022,22
34.500,-4.950,74.400,0.563,-1.532,9.641,0.364,0.004,-0.021,22
34.350,-2.850,76.950,0.548,-1.444,9.610,0.346,0.004,-0.030,22
34.350,-2.850,76.950,0.491,-1.415,9.562,0.331,0.008,-0.029,22
34.050,-3.450,73.650,0.527,-1.365,9.692,0.321,0.009,-0.030,23
34.050,-3.450,73.650,0.584,-1.276,9.713,0.316,0.000,-0.031,22
35.400,-3.300,75.000,0.498,-1.264,9.706,0.306,0.005,-0.043,22
35.400,-3.300,75.000,0.498,-1.137,9.759,0.297,-0.000,-0.052,22
35.400,-3.300,75.000,0.469,-0.941,9.656,0.288,-0.003,-0.048,22
35.400,-3.300,75.000,0.520,-0.893,9.673,0.273,-0.000,-0.048,22
35.400,-3.300,75.000,0.587,-0.893,9.658,0.247,0.000,-0.038,23
35.850,0.150,75.000,0.625,-0.816,9.807,0.240,0.004,-0.040,22
35.850,0.150,75.000,0.599,-0.740,9.706,0.223,0.014,-0.040,22
33.750,-0.300,76.350,0.481,-0.608,9.663,0.201,0.019,-0.039,22
33.750,-0.300,76.350,0.450,-0.615,9.735,0.193,0.019,-0.039,22
34.650,1.350,75.750,0.529,-0.599,9.737,0.178,0.020,-0.033,22
34.650,1.350,75.750,0.438,-0.575,9.730,0.177,0.009,-0.027,23
34.650,1.350,75.750,0.460,-0.524,9.766,0.188,0.004,-0.020,22
33.900,0.900,76.200,0.584,-0.551,9.740,0.190,0.005,-0.008,22
33.900,0.900,76.200,0.551,-0.476,9.802,0.200,0.013,-0.012,22
36.000,1.500,75.150,0.563,-0.474,9.869,0.205,0.002,-0.026,22
36.000,1.500,75.150,0.486,-0.144,9.565,0.159,0.006,-0.024,22
36.150,1.350,74.250,0.496,0.158,9.701,0.098,0.010,-0.035,23
36.150,1.350,74.250,0.419,0.251,9.543,0.029,0.004,-0.024,22
36.150,1.350,74.250,0.457,0.180,9.632,-0.045,-0.007,-0.008,22
36.150,1.350,74.250,0.606,-0.067,9.742,-0.083,0.011,0.022,22
36.150,1.350,74.250,0.630,-0.084,9.646,-0.103,0.024,0.030,22
35.250,1.500,74.400,0.479,-0.275,9.792,-0.108,0.027,0.035,22
35.250,1.500,74.400,0.553,-0.208,9.787,-0.114,0.023,0.024,22
33.750,-1.050,74.850,0.541,-0.124,9.766,-0.132,0.017,0.006,23
33.750,-1.050,74.850,0.575,-0.141,9.708,-0.153,0.012,-0.011,22
34.350,1.350,74.700,0.649,-0.103,9.699,-0.181,0.010,-0.022,22
34.350,1.350,74.700,0.510,-0.266,9.792,-0.195,0.009,-0.011,22
36.150,1.650,75.750,0.582,-0.237,9.732,-0.209,0.019,-0.006,22
36.150,1.650,75.750,0.532,-0.065,9.797,-0.264,0.017,-0.005,22
36.150,1.650,75.750,0.472,-0.031,9.380,-0.313,0.007,-0.012,23
36.150,1.650,75.750,0.433,-0.146,9.701,-0.359,0.006,-0.003,22
36.150,1.650,75.750,0.582,-0.177,9.555,-0.418,0.012,0.011,22
34.800,0.300,75.600,0.431,-0.338,9.620,-0.487,0.015,0.023,22
34.800,0.300,75.600,0.395,-0.417,9.665,-0.524,0.009,0.031,22
33.750,-1.500,75.600,0.498,-0.575,9.620,-0.579,0.008,0.033,22
33.750,-1.500,75.600,0.412,-0.781,9.519,-0.632,0.012,0.056,23
36.150,-2.850,76.950,0.682,-0.862,9.608,-0.674,0.025,0.060,22
36.150,-2.850,76.950,0.369,-1.030,9.570,-0.716,0.034,0.049,22
34.800,-3.000,75.150,0.395,-1.039,9.457,-0.762,0.027,0.040,22
34.800,-3.000,75.150,0.429,-1.240,9.459,-0.828,0.014,0.033,22
34.800,-3.000,75.150,0.464,-1.358,9.455,-0.871,0.015,0.032,22
34.800,-3.000,75.150,0.599,-1.568,9.419,-0.915,0.019,0.035,23
34.800,-3.000,75.150,0.462,-1.970,9.337,-0.978,0.024,0.039,22
34.800,-6.900,73.350,0.436,-2.394,8.875,-1.012,0.037,0.041,22
34.800,-6.900,73.350,1.063,-2.265,9.292,-1.014,0.020,0.041,22
34.800,-6.900,73.350,0.630,-3.019,9.201,-1.037,0.012,0.026,22
34.800,-6.900,73.350,0.244,-2.741,9.045,-1.072,0.041,0.007,22
36.000,-10.050,73.650,0.275,-3.285,8.839,-1.040,0.014,0.015,23
36.000,-10.050,73.650,0.575,-3.718,9.177,-1.053,0.019,0.016,22
36.000,-10.050,73.650,0.661,-3.745,9.000,-1.043,0.033,0.018,22
34.350,-12.600,72.750,0.381,-3.757,8.871,-1.034,0.019,0.021,22
34.350,-12.600,72.750,0.381,-4.027,8.878,-1.048,0.019,0.019,22
34.500,-15.150,72.600,0.658,-4.195,8.835,-1.064,0.020,0.013,22
34.500,-15.150,72.600,0.539,-4.487,8.633,-1.087,0.015,0.011,23
34.350,-16.500,70.500,0.488,-4.614,8.605,-1.097,0.013,0.012,22
34.350,-16.500,70.500,0.306,-4.618,8.327,-1.117,0.017,0.017,22
34.350,-16.500,70.500,0.254,-4.760,8.215,-1.140,0.026,0.021,22
34.350,-16.500,70.500,0.278,-5.090,8.260,-1.151,0.012,0.030,22
34.350,-16.500,70.500,0.443,-5.466,7.973,-1.164,0.011,0.040,22
34.050,-21.450,69.600,0.453,-5.720,7.843,-1.176,0.021,0.037,23
34.050,-21.450,69.600,0.366,-5.842,7.666,-1.187,0.018,0.035,22
35.100,-24.750,68.250,0.347,-5.911,7.640,-1.201,0.020,0.038,22
35.100,-24.750,68.250,0.515,-6.007,7.448,-1.227,0.032,0.031,22
35.400,-24.750,66.750,0.294,-6.364,7.034,-1.248,0.019,0.029,22
35.400,-24.750,66.750,0.239,-6.570,7.123,-1.264,0.019,0.029,22
34.350,-28.350,66.000,0.294,-6.752,6.778,-1.284,0.025,0.031,23
34.350,-28.350,66.000,0.278,-7.168,6.831,-1.270,0.020,0.040,22
34.350,-28.350,66.000,0.378,-7.290,6.539,-1.258,0.017,0.047,22
34.350,-28.350,66.000,0.390,-7.685,6.440,-1.241,0.023,0.046,22
34.350,-28.350,66.000,0.366,-7.910,6.132,-1.221,0.026,0.032,22
36.150,-32.250,61.200,0.395,-8.090,6.043,-1.168,0.029,0.024,22
36.150,-32.250,61.200,0.136,-8.092,5.887,-1.143,0.027,0.023,23
34.050,-34.800,60.300,0.294,-8.363,5.531,-1.100,0.029,0.019,22
34.050,-34.800,60.300,0.239,-8.325,5.377,-1.073,0.023,0.016,22
34.800,-36.000,57.300,0.338,-8.468,5.346,-1.057,0.036,0.015,22
34.800,-36.000,57.300,0.199,-8.600,5.097,-1.041,0.013,0.012,22
34.800,-36.000,57.300,0.175,-8.600,4.733,-1.035,0.028,0.016,22
34.500,-37.050,54.750,0.318,-8.985,4.652,-1.001,0.021,0.011,23
34.500,-37.050,54.750,0.002,-9.096,4.441,-0.959,0.029,0.010,22
34.500,-37.050,54.750,0.141,-9.064,4.484,-0.941,0.017,0.026,22
34.500,-37.050,54.750,0.273,-9.081,4.254,-0.910,0.009,0.029,22
35.400,-38.100,50.100,0.158,-9.167,4.262,-0.889,0.001,0.031,22
35.400,-38.100,50.100,0.383,-9.237,3.881,-0.871,0.017,0.031,22
35.400,-38.100,50.100,0.268,-9.273,3.814,-0.857,0.028,0.018,22
35.400,-38.100,50.100,0.177,-9.287,3.560,-0.839,0.030,0.003,23
35.400,-38.100,50.100,0.237,-9.488,3.536,-0.828,0.026,0.003,22
35.100,-40.800,47.850,0.122,-9.364,3.148,-0.820,0.021,0.018,22
35.100,-40.800,47.850,0.067,-9.503,3.244,-0.801,0.011,0.018,22
35.100,-41.550,45.150,0.172,-9.536,2.945,-0.793,0.007,0.014,22
35.100,-41.550,45.150,0.189,-9.668,2.868,-0.782,0.014,0.016,22
35.550,-40.950,42.750,0.254,-9.651,2.600,-0.769,0.011,0.016,23
35.550,-40.950,42.750,0.184,-9.807,2.576,-0.742,0.012,0.015,22
33.600,-42.450,39.600,0.139,-9.732,2.315,-0.729,0.017,0.015,22
33.600,-42.450,39.600,0.225,-9.888,2.320,-0.711,0.019,0.010,22
33.600,-42.450,39.600,0.294,-9.867,2.035,-0.685,0.026,0.005,22
33.600,-42.450,39.600,0.038,-9.871,2.095,-0.673,0.016,0.003,22
33.600,-42.450,39.600,0.103,-9.855,1.906,-0.650,0.020,0.007,23
35.550,-43.350,38.250,0.180,-9.986,1.834,-0.632,0.013,0.007,22
35.550,-43.350,38.250,0.292,-9.969,1.611,-0.604,0.016,0.007,22
34.050,-44.100,37.200,0.237,-10.075,1.599,-0.592,0.022,0.005,22
34.050,-44.100,37.200,0.163,-9.957,1.353,-0.574,0.018,0.000,22
33.900,-44.400,36.300,0.045,-10.058,1.326,-0.552,0.007,-0.001,22
33.900,-44.400,36.300,0.113,-10.075,1.298,-0.533,0.013,0.008,22
33.750,-45.000,34.200,0.239,-10.001,1.080,-0.508,0.001,0.011,23
33.750,-45.000,34.200,0.213,-10.051,0.982,-0.495,0.012,0.013,22
33.750,-45.000,34.200,0.177,-10.080,0.948,-0.470,0.016,0.012,22
33.750,-45.000,34.200,0.124,-10.044,0.831,-0.463,0.010,0.005,22
33.750,-45.000,34.200,0.148,-10.034,0.807,-0.442,0.011,-0.005,22
33.750,-45.750,30.900,0.177,-10.068,0.608,-0.443,0.018,-0.002,23
33.750,-45.750,30.900,0.199,-9.972,0.409,-0.441,0.020,0.003,22
34.650,-44.400,29.250,0.172,-10.022,0.441,-0.430,0.025,0.000,22
34.650,-44.400,29.250,0.062,-10.063,0.462,-0.423,0.023,-0.003,22
34.050,-45.300,27.900,0.182,-10.104,0.232,-0.392,0.013,-0.002,22
34.050,-45.300,27.900,0.867,-9.675,4.015,-0.423,0.002,0.003,22
34.050,-45.300,27.900,-1.360,-11.521,1.614,-0.021,-0.012,-0.013,23
33.300,-44.550,28.950,1.966,-10.381,-0.692,-0.046,0.007,-0.024,22
33.300,-44.550,28.950,1.640,-10.305,0.194,-0.031,0.173,0.016,22
34.500,-45.750,28.200,-0.733,-9.203,-0.871,-0.099,0.047,0.007,22
34.500,-45.750,28.200,0.620,-9.740,0.378,-0.002,0.024,-0.002,22
33.600,-45.450,29.250,-0.855,-9.582,-0.345,-0.023,0.007,-0.011,22
33.600,-45.450,29.250,-0.012,-10.302,0.759,-0.029,0.077,0.000,23
33.600,-45.450,29.250,0.462,-9.905,0.024,-0.023,0.023,-0.005,22
33.600,-45.450,29.250,-0.357,-10.099,0.309,0.019,0.022,-0.018,22
33.600,-45.450,29.250,0.778,-10.039,0.426,0.001,-0.012,-0.021,22
35.100,-45.450,30.300,-0.081,-10.125,0.340,-0.014,0.035,-0.015,22
35.100,-45.450,30.300,-0.139,-10.039,0.215,0.037,0.007,-0.012,22
34.050,-46.500,28.950,0.098,-10.420,0.596,0.093,0.015,-0.010,23
34.050,-46.500,28.950,0.084,-10.096,0.323,0.087,0.009,-0.010,22
33.900,-46.350,29.850,0.120,-10.444,0.548,0.120,0.000,-0.016,22
33.900,-46.350,29.850,0.079,-10.470,0.019,0.189,-0.021,-0.012,22
34.500,-43.800,30.450,0.117,-10.295,0.611,0.220,-0.001,-0.011,22
34.500,-43.800,30.450,0.333,-10.214,0.711,0.273,0.018,-0.017,22
34.500,-43.800,30.450,0.184,-10.353,0.790,0.338,0.010,-0.021,23
34.500,-43.800,30.450,0.194,-10.321,0.874,0.384,0.011,-0.020,22
34.500,-43.800,30.450,0.285,-10.364,0.958,0.427,-0.002,-0.019,22
35.100,-45.150,33.300,0.117,-10.269,0.910,0.479,-0.010,-0.027,22
35.100,-45.150,33.300,-0.012,-10.274,0.905,0.534,-0.004,-0.021,22
34.350,-44.400,35.100,0.136,-10.420,1.348,0.594,-0.015,-0.020,22
34.350,-44.400,35.100,0.089,-10.360,1.396,0.645,-0.003,-0.019,23
35.400,-43.200,36.600,0.311,-10.321,1.460,0.731,-0.001,-0.022,22
35.400,-43.200,36.600,0.172,-10.321,1.760,0.781,0.004,-0.028,22
35.400,-43.200,36.600,0.180,-10.199,1.714,0.833,-0.004,-0.025,22
34.800,-46.050,37.200,0.572,-9.864,1.595,0.825,0.033,-0.041,22
34.800,-46.050,37.200,0.208,-9.658,2.507,0.788,0.066,-0.027,22
35.400,-42.750,40.050,0.113,-9.701,2.066,0.814,0.032,-0.031,23
35.400,-42.750,40.050,-0.067,-9.917,2.523,0.794,0.016,-0.041,22
35.250,-43.050,42.000,-0.007,-9.471,2.423,0.801,0.005,-0.062,22
35.250,-43.050,42.000,0.232,-9.567,2.966,0.811,0.007,-0.064,22
35.250,-43.050,42.000,0.244,-9.555,3.000,0.815,0.019,-0.047,22
35.250,-43.050,42.000,0.227,-9.500,3.227,0.818,0.021,-0.043,22
35.250,-43.050,42.000,0.122,-9.330,3.321,0.829,0.015,-0.047,23
34.050,-42.600,46.500,0.115,-9.378,3.500,0.835,-0.001,-0.055,22
34.050,-42.600,46.500,0.170,-9.230,3.481,0.833,0.003,-0.047,22
33.300,-39.900,48.300,0.192,-9.103,3.847,0.847,-0.004,-0.036,22
33.300,-39.900,48.300,0.156,-9.153,4.092,0.865,-0.007,-0.027,22
34.650,-39.600,51.600,0.242,-9.167,4.329,0.877,-0.003,-0.023,22
34.650,-39.600,51.600,0.256,-9.007,4.324,0.895,-0.019,-0.025,22
35.850,-38.550,53.100,0.239,-8.847,4.506,0.916,-0.009,-0.026,23
35.850,-38.550,53.100,0.352,-8.768,4.879,0.921,-0.007,-0.023,22
35.850,-38.550,53.100,0.299,-8.619,4.901,0.934,-0.006,-0.021,22
35.850,-38.550,53.100,0.292,-8.531,5.203,0.955,-0.010,-0.024,22
35.850,-38.550,53.100,0.426,-8.392,5.253,0.956,0.001,-0.023,22
35.100,-34.950,57.450,0.469,-8.380,5.617,0.973,0.000,-0.031,22
35.100,-34.950,57.450,0.206,-8.047,5.543,0.980,-0.011,-0.034,23
34.350,-32.550,58.650,0.309,-7.889,5.947,0.983,-0.006,-0.034,23
34.350,-32.550,58.650,0.426,-7.676,5.906,0.980,0.003,-0.045,22
33.900,-31.800,60.450,0.424,-7.707,6.347,0.973,-0.001,-0.055,22
33.900,-31.800,60.450,0.330,-7.453,6.218,0.960,0.002,-0.049,22
33.900,-29.550,62.700,0.223,-7.161,6.436,0.954,-0.003,-0.044,22
33.900,-29.550,62.700,0.366,-7.130,6.776,0.943,0.000,-0.040,22
33.900,-29.550,62.700,0.318,-7.017,6.816,0.936,0.001,-0.036,22
34.500,-27.000,65.850,0.412,-6.958,7.049,0.941,-0.001,-0.044,22
34.500,-27.000,65.850,0.378,-6.776,7.032,0.934,0.001,-0.040,22
35.100,-25.950,66.000,0.405,-6.524,7.022,0.934,0.005,-0.043,22
35.100,-25.950,66.000,0.366,-6.330,7.410,0.932,0.004,-0.042,22
35.100,-25.950,66.000,0.373,-6.201,7.645,0.928,0.003,-0.039,23
35.100,-25.950,66.000,0.385,-5.909,7.592,0.915,-0.003,-0.035,22
33.000,-24.600,68.550,0.364,-5.873,7.834,0.915,0.001,-0.030,22
33.000,-24.600,68.550,0.326,-5.835,7.870,0.916,-0.004,-0.031,22
33.000,-24.600,68.550,0.359,-5.602,8.124,0.921,-0.005,-0.027,22
35.400,-20.400,70.500,0.364,-5.502,8.128,0.942,-0.010,-0.028,22
35.400,-20.400,70.500,0.369,-5.310,8.322,0.959,-0.003,-0.036,23
34.500,-19.050,71.100,0.441,-5.057,8.349,0.963,0.000,-0.049,22
34.500,-19.050,71.100,0.455,-4.808,8.507,0.978,-0.003,-0.055,22
34.800,-16.800,71.100,0.400,-4.729,8.662,1.003,0.003,-0.054,23
34.800,-16.800,71.100,0.335,-4.503,8.686,1.021,-0.005,-0.057,22
34.800,-16.800,71.100,0.431,-4.238,8.782,1.035,-0.004,-0.058,22
34.800,-16.800,71.100,0.520,-4.070,8.851,1.039,-0.001,-0.070,22
34.800,-16.800,71.100,0.488,-3.572,8.971,1.057,-0.009,-0.080,22
35.250,-13.200,72.900,0.290,-3.541,9.088,1.053,-0.001,-0.071,22
35.250,-13.200,72.900,0.345,-3.211,9.108,1.062,-0.004,-0.050,22
33.600,-11.100,73.950,0.469,-2.840,9.158,1.052,0.001,-0.025,22
33.600,-11.100,73.950,0.369,-2.715,9.141,1.028,-0.001,-0.017,22
34.800,-7.800,73.650,0.448,-2.586,9.316,1.021,0.001,-0.021,22
34.800,-7.800,73.650,0.455,-1.923,9.141,0.985,-0.001,-0.020,23
33.750,-5.850,74.100,0.479,-1.851,9.354,0.935,0.000,-0.032,22
33.750,-5.850,74.100,0.362,-1.654,9.455,0.905,-0.008,-0.032,22
33.750,-5.850,74.100,0.543,-1.379,9.371,0.861,-0.007,-0.031,22
34.350,-5.250,73.950,0.639,-1.171,9.443,0.785,0.005,-0.029,22
34.350,-5.250,73.950,0.474,-0.814,9.541,0.721,0.001,-0.022,23
34.650,-2.850,75.450,0.450,-0.582,9.455,0.664,0.002,-0.026,22
34.650,-2.850,75.450,0.527,-0.510,9.543,0.611,0.001,-0.030,22
34.650,-2.850,75.450,0.541,-0.493,9.574,0.520,0.004,-0.025,22
34.650,-2.850,75.450,0.484,-0.381,9.668,0.469,0.007,-0.026,22
35.550,1.050,74.400,0.505,-0.213,9.708,0.420,0.008,-0.018,22
35.550,1.050,74.400,0.402,-0.124,9.606,0.360,-0.001,-0.019,23
35.550,1.050,74.400,0.481,-0.172,9.656,0.322,0.004,-0.012,22
35.100,3.300,73.500,0.527,-0.010,10.511,0.257,0.000,-0.023,22
35.100,3.300,73.500,0.424,0.838,9.459,0.125,-0.005,-0.020,22
35.250,1.500,74.400,0.539,0.558,9.443,-0.054,-0.004,-0.005,22
35.250,1.500,74.400,0.603,0.321,9.392,-0.115,0.011,0.010,22
35.550,0.300,75.600,0.409,-0.441,9.905,-0.131,0.040,0.047,23
35.550,0.300,75.600,0.474,-0.589,9.893,-0.096,0.028,0.080,22
35.550,0.300,75.600,0.474,-0.627,9.886,-0.066,0.037,0.084,22
35.550,0.300,75.600,0.381,-0.407,9.852,-0.044,0.012,0.078,22
35.550,0.300,75.600,0.670,-0.204,9.653,-0.043,0.012,0.072,22
35.850,2.100,75.000,0.584,-0.189,9.835,-0.062,0.023,0.067,22
35.850,2.100,75.000,0.517,-0.120,9.725,-0.090,0.023,0.066,23
34.800,1.950,74.400,0.479,-0.134,9.673,-0.110,0.020,0.076,22
34.800,1.950,74.400,0.491,-0.268,9.697,-0.123,0.017,0.073,22
33.900,1.650,74.700,0.632,-0.441,9.790,-0.121,0.019,0.076,22
33.900,1.650,74.700,0.637,-0.532,9.826,-0.114,0.023,0.071,22
35.550,1.500,75.900,0.508,-0.488,9.826,-0.110,0.019,0.060,22
35.550,1.500,75.900,0.505,-0.371,9.807,-0.112,0.016,0.046,22
35.550,1.500,75.900,0.453,-0.208,9.740,-0.137,0.015,0.039,23
35.550,1.500,75.900,0.493,-0.098,9.665,-0.171,0.009,0.035,22
35.550,1.500,75.900,0.579,-0.019,9.565,-0.250,0.013,0.046,22
35.850,2.400,75.750,0.407,-0.005,9.773,-0.308,0.013,0.050,22
35.850,2.400,75.750,0.395,0.014,9.550,-0.374,0.017,0.055,22
35.850,2.400,75.750,0.500,-0.158,9.732,-0.426,0.020,0.063,22
35.850,2.400,75.750,0.608,-0.409,9.586,-0.497,0.028,0.072,23
34.050,0.300,74.100,0.431,-0.584,9.845,-0.536,0.026,0.070,22
34.050,0.300,74.100,0.488,-0.666,9.625,-0.569,0.015,0.074,22
34.050,0.300,74.100,0.481,-0.836,9.584,-0.607,0.016,0.076,22
34.350,-1.350,75.450,0.596,-1.099,9.560,-0.624,0.016,0.078,22
34.350,-1.350,75.450,0.517,-1.226,9.615,-0.645,0.019,0.072,22
33.600,-1.650,74.250,0.350,-1.391,9.620,-0.667,0.013,0.065,23
33.600,-1.650,74.250,0.517,-1.398,9.555,-0.689,0.020,0.047,22
35.100,-3.600,74.700,0.534,-1.623,9.471,-0.701,0.017,0.045,22
35.100,-3.600,74.700,0.409,-1.755,9.392,-0.734,0.018,0.041,22
35.100,-3.600,74.700,0.378,-1.781,9.503,-0.770,0.015,0.045,22
35.100,-3.600,74.700,0.376,-2.014,9.397,-0.794,0.014,0.044,22
34.650,-7.950,73.500,0.328,-2.133,9.474,-0.822,0.009,0.049,23
34.650,-7.950,73.500,0.223,-2.236,9.644,-0.831,-0.010,0.058,22
34.650,-7.950,73.500,0.067,-2.957,10.199,-0.832,-0.027,0.056,22
34.800,-8.100,74.850,0.424,-2.619,8.748,-0.853,0.012,0.059,22
34.800,-8.100,74.850,0.199,-2.904,9.376,-0.850,0.007,0.046,22
35.400,-9.150,74.700,0.306,-2.911,9.206,-0.887,-0.005,0.047,22
35.400,-9.150,74.700,0.527,-3.326,9.124,-0.907,-0.001,0.050,23
35.250,-11.250,73.650,0.426,-3.450,8.952,-0.915,0.001,0.049,22
35.250,-11.250,73.650,0.469,-3.670,8.971,-0.946,0.012,0.045,22
35.250,-11.250,73.650,0.388,-3.718,8.741,-0.985,0.007,0.043,22
35.250,-11.250,73.650,0.290,-4.003,8.957,-0.990,0.002,0.041,22
35.250,-11.250,73.650,0.587,-3.962,8.574,-1.027,0.012,0.045,22
35.250,-15.600,72.600,0.385,-4.355,8.559,-1.047,0.012,0.036,23
35.250,-15.600,72.600,0.431,-4.515,8.490,-1.070,0.018,0.039,22
35.250,-15.600,72.600,0.395,-4.752,8.315,-1.087,0.015,0.036,22
35.250,-15.600,72.600,0.455,-4.958,8.128,-1.113,0.022,0.034,22
34.800,-18.750,72.150,0.429,-5.191,8.308,-1.134,0.018,0.029,22
34.800,-18.750,72.150,0.371,-5.550,8.004,-1.150,0.016,0.029,22
35.250,-22.200,70.050,0.388,-5.689,7.800,-1.159,0.026,0.025,23
35.250,-22.200,70.050,0.283,-5.789,7.685,-1.180,0.022,0.028,22
35.250,-22.200,70.050,0.335,-5.993,7.642,-1.190,0.029,0.019,22
35.100,-22.500,69.750,0.472,-6.179,7.491,-1.201,0.028,0.022,22
35.100,-22.500,69.750,0.359,-6.491,7.108,-1.216,0.033,0.015,22
35.100,-25.200,68.250,0.316,-6.680,7.113,-1.235,0.028,0.011,22
35.100,-25.200,68.250,0.247,-6.831,6.922,-1.254,0.026,0.009,23
35.100,-25.200,68.250,0.239,-7.001,6.601,-1.258,0.024,0.007,22
35.100,-25.200,68.250,0.254,-7.257,6.594,-1.264,0.026,0.025,22
35.100,-28.650,63.900,0.215,-7.578,6.409,-1.257,0.023,0.029,22
35.100,-28.650,63.900,0.290,-7.807,6.170,-1.260,0.020,0.037,22
35.100,-28.650,63.900,0.227,-7.853,5.863,-1.250,0.026,0.040,22
34.650,-31.800,60.150,0.208,-8.028,6.019,-1.231,0.019,0.039,23
34.650,-31.800,60.150,0.283,-8.169,5.509,-1.224,0.026,0.041,22
34.350,-32.550,59.400,0.254,-8.533,5.313,-1.193,0.019,0.027,22
34.350,-32.550,59.400,0.278,-8.662,5.148,-1.157,0.018,0.032,22
34.050,-34.800,55.800,0.230,-8.827,4.954,-1.128,0.015,0.031,22
34.050,-34.800,55.800,0.105,-8.894,4.798,-1.103,0.021,0.029,22
34.050,-34.800,55.800,0.242,-8.906,4.654,-1.073,0.012,0.026,23
34.050,-34.800,55.800,0.218,-9.129,4.290,-1.055,0.012,0.029,22
34.050,-34.800,55.800,0.189,-9.203,4.187,-1.024,0.016,0.035,22
33.900,-39.300,51.600,0.242,-9.378,4.017,-0.994,0.014,0.023,22
33.900,-39.300,51.600,0.259,-9.438,3.991,-0.945,0.027,0.015,22
35.550,-40.200,49.800,0.182,-9.483,3.661,-0.910,0.024,0.014,22
35.550,-40.200,49.800,0.194,-9.694,3.546,-0.866,0.018,0.017,23
33.150,-38.850,47.400,0.227,-9.713,3.450,-0.800,0.026,0.012,22
33.150,-38.850,47.400,0.079,-9.665,3.282,-0.768,0.020,0.008,22
33.750,-40.650,46.950,0.101,-9.697,3.100,-0.736,0.022,0.012,22
33.750,-40.650,46.950,0.067,-9.759,2.976,-0.712,0.006,0.015,22
33.750,-40.650,46.950,0.180,-9.728,2.907,-0.683,0.009,0.016,22
34.650,-42.750,44.400,0.261,-9.776,2.679,-0.665,0.021,0.006,22
34.650,-42.750,44.400,0.168,-9.850,2.619,-0.637,0.024,0.004,23
34.650,-42.750,43.350,0.175,-9.857,2.523,-0.594,0.019,-0.001,22
34.650,-42.750,43.350,0.122,-9.857,2.440,-0.572,0.019,0.002,22
34.650,-42.750,43.350,0.213,-9.960,2.478,-0.540,0.016,-0.002,22
34.650,-42.750,43.350,0.153,-10.046,2.215,-0.508,0.024,0.002,22
34.350,-43.950,40.050,0.211,-9.993,2.112,-0.458,0.029,-0.004,22
34.350,-43.950,40.050,0.103,-9.979,2.169,-0.424,0.020,0.001,23
35.850,-43.950,40.050,0.017,-10.072,1.963,-0.387,0.010,0.006,22
35.850,-43.500,39.300,0.038,-10.056,1.949,-0.335,0.007,0.002,22
35.850,-43.500,39.300,0.196,-10.022,1.712,-0.308,0.009,-0.011,22
36.000,-44.550,40.200,0.165,-10.029,1.834,-0.280,0.019,-0.005,22
36.000,-44.550,40.200,0.067,-9.996,1.676,-0.255,0.013,0.001,22
34.800,-43.800,39.450,0.029,-9.977,1.729,-0.235,0.005,0.001,23
34.800,-43.800,39.450,0.247,-9.823,1.587,-0.215,0.002,-0.003,22
34.800,-43.800,39.450,0.180,-9.835,1.566,-0.214,0.006,-0.003,22
34.800,-43.800,39.450,0.148,-9.862,1.501,-0.211,0.014,-0.000,22
34.800,-43.800,39.450,0.108,-9.922,1.494,-0.203,0.011,-0.000,22
35.850,-44.400,38.550,0.158,-9.960,1.489,-0.192,0.021,-0.005,22
35.850,-44.400,38.550,0.101,-9.926,1.460,-0.184,0.013,-0.002,22
34.500,-43.800,37.500,0.117,-9.874,1.401,-0.182,0.010,-0.002,23
34.500,-43.800,37.500,0.127,-9.876,1.353,-0.180,0.011,-0.005,22
34.050,-44.100,37.200,0.208,-9.991,1.437,-0.173,0.018,-0.005,22
34.050,-44.100,37.200,0.144,-10.058,1.355,-0.151,0.021,-0.012,22
34.800,-45.300,35.700,0.141,-10.070,1.398,-0.118,0.022,-0.014,22
34.800,-45.300,35.700,0.007,-10.333,1.456,-0.079,0.015,-0.006,23
34.800,-45.300,35.700,0.192,-10.312,1.405,-0.030,0.016,-0.014,22
34.800,-45.300,35.700,0.417,-9.941,1.142,0.013,0.053,-0.010,22
34.800,-45.300,35.700,-0.034,-10.108,1.642,0.037,0.025,-0.014,22
35.100,-44.700,37.050,0.194,-9.462,1.116,-0.005,0.046,-0.018,22
35.100,-44.700,37.050,-0.306,-10.005,1.322,0.009,0.002,-0.025,22
35.100,-44.700,37.050,0.113,-9.967,1.343,0.018,0.005,-0.022,23
35.100,-44.700,37.050,0.256,-10.144,1.659,0.034,-0.001,-0.014,22
34.800,-44.550,37.500,0.369,-9.984,1.183,0.063,0.011,-0.019,22
34.800,-44.550,37.500,0.072,-10.230,1.836,0.122,0.008,-0.015,22
33.750,-45.000,37.500,0.010,-10.290,1.575,0.150,0.009,-0.019,22
33.750,-45.000,37.500,0.079,-10.300,1.590,0.203,0.003,-0.022,22
33.750,-45.000,37.500,0.345,-10.046,1.686,0.267,0.010,-0.015,23
34.800,-43.350,37.500,0.165,-10.341,1.808,0.314,0.005,-0.018,22
34.800,-43.350,37.500,0.208,-10.063,1.571,0.333,0.019,-0.016,22
33.600,-45.900,39.300,0.048,-10.025,2.014,0.372,0.002,-0.023,22
33.600,-45.900,39.300,0.153,-9.967,1.944,0.409,0.005,-0.029,22
33.600,-45.900,39.300,0.079,-10.060,2.061,0.444,-0.003,-0.025,22
33.600,-45.900,39.300,0.235,-9.924,2.023,0.469,0.008,-0.025,23
33.900,-44.700,41.550,0.122,-10.041,2.294,0.527,0.003,-0.029,22
33.900,-44.700,41.550,0.108,-10.017,2.464,0.565,0.014,-0.029,22
33.900,-44.700,41.550,0.110,-10.005,2.562,0.608,-0.007,-0.025,22
35.100,-41.550,43.650,0.084,-9.910,2.622,0.643,-0.004,-0.029,22
35.100,-41.550,43.650,0.124,-9.809,2.780,0.694,-0.011,-0.028,22
34.650,-40.500,44.100,0.208,-9.754,2.804,0.715,0.003,-0.033,23
34.650,-40.500,44.100,0.302,-8.894,2.682,0.699,0.008,-0.046,22
33.900,-39.600,46.650,0.345,-9.064,3.464,0.640,0.039,-0.039,22
33.900,-39.600,46.650,-0.220,-9.361,3.239,0.653,-0.013,-0.035,22
33.900,-39.600,46.650,-0.103,-9.388,3.280,0.635,-0.005,-0.028,22
33.900,-39.600,46.650,0.244,-9.318,3.754,0.643,-0.009,-0.023,22
33.900,-39.600,46.650,0.117,-9.404,3.716,0.668,0.008,-0.025,23
33.750,-39.450,49.800,0.244,-9.210,3.965,0.681,0.008,-0.026,22
33.750,-39.450,49.800,0.172,-9.115,4.154,0.702,0.007,-0.024,22
34.050,-39.450,51.300,0.211,-9.067,4.231,0.720,0.002,-0.040,22
34.050,-39.450,51.300,0.280,-9.067,4.178,0.723,0.008,-0.034,22
33.900,-37.650,54.150,0.251,-8.830,4.580,0.737,0.010,-0.041,22
33.900,-37.650,54.150,0.127,-8.923,4.645,0.754,0.003,-0.040,23
34.350,-37.350,56.400,0.146,-8.825,4.817,0.775,0.003,-0.041,22
34.350,-37.350,56.400,0.285,-8.681,4.961,0.782,0.001,-0.041,22
34.350,-37.350,56.400,0.347,-8.595,5.085,0.792,0.009,-0.042,22
34.500,-36.000,57.000,0.290,-8.416,5.332,0.806,0.006,-0.050,22
34.500,-36.000,57.000,0.409,-8.289,5.358,0.813,0.016,-0.053,22
33.300,-31.950,59.550,0.376,-8.179,5.823,0.816,-0.006,-0.055,22
33.300,-31.950,59.550,0.371,-8.066,5.679,0.835,0.015,-0.044,23
33.300,-31.950,59.550,0.132,-8.143,5.660,0.842,0.006,-0.039,22
33.300,-31.950,59.550,0.347,-7.743,6.031,0.868,0.001,-0.043,22
35.400,-31.800,63.450,0.412,-7.966,6.433,0.863,0.005,-0.046,22
35.400,-31.800,63.450,0.364,-7.582,6.318,0.893,0.002,-0.045,22
35.400,-31.800,63.450,0.369,-7.513,6.445,0.910,0.002,-0.049,22
33.600,-29.100,64.950,0.225,-7.377,6.642,0.920,0.001,-0.054,23
33.600,-29.100,64.950,0.287,-7.223,6.991,0.924,0.006,-0.054,22
35.400,-27.150,64.650,0.376,-6.862,6.816,0.925,-0.007,-0.058,22
35.400,-27.150,64.650,0.378,-6.843,7.082,0.928,-0.001,-0.058,22
33.300,-24.600,65.850,0.400,-6.572,7.070,0.921,0.011,-0.062,22
33.300,-24.600,65.850,0.309,-6.433,7.286,0.904,0.014,-0.064,22
33.300,-24.600,65.850,0.247,-6.223,7.434,0.909,0.002,-0.067,23
33.300,-24.600,65.850,0.323,-6.184,7.712,0.897,0.000,-0.058,22
33.300,-24.600,65.850,0.376,-5.942,7.688,0.903,0.003,-0.048,22
33.300,-23.400,69.300,0.232,-5.930,7.930,0.930,-0.002,-0.044,22
33.300,-23.400,69.300,0.309,-5.763,7.994,0.935,-0.001,-0.037,22
34.050,-19.500,71.550,0.407,-5.567,8.210,0.954,-0.007,-0.032,22
34.050,-19.500,71.550,0.462,-5.437,8.310,0.995,-0.005,-0.030,23
35.100,-18.450,73.200,0.405,-5.365,8.377,1.021,-0.001,-0.029,22
35.100,-18.450,73.200,0.455,-4.930,8.392,1.031,0.002,-0.037,22
34.500,-16.800,73.350,0.479,-4.657,8.504,1.016,0.002,-0.057,22
34.500,-16.800,73.350,0.429,-4.271,8.667,1.005,0.000,-0.063,22
34.500,-16.800,73.350,0.347,-3.910,8.691,0.986,0.002,-0.054,22
34.500,-16.800,73.350,0.371,-3.773,8.753,0.956,-0.001,-0.047,22
34.500,-16.800,73.350,0.429,-3.613,8.875,0.917,-0.006,-0.027,23
33.300,-10.950,74.100,0.476,-3.510,9.019,0.889,-0.002,-0.026,22
33.300,-10.950,74.100,0.611,-2.923,9.021,0.860,0.005,-0.033,22
33.300,-10.950,74.100,0.467,-2.811,9.072,0.792,0.013,-0.049,22
33.300,-10.950,74.100,0.371,-2.859,9.318,0.757,0.001,-0.046,22
35.250,-8.100,74.400,0.194,-2.701,9.208,0.735,-0.007,-0.026,23
35.250,-8.100,74.400,0.443,-2.564,9.261,0.710,-0.002,0.003,22
34.650,-6.450,73.950,0.484,-2.552,9.524,0.697,0.015,0.022,22
34.650,-6.450,73.950,0.476,-2.370,9.392,0.704,0.021,0.032,22
34.650,-6.450,73.950,0.395,-2.236,9.483,0.702,0.015,0.024,22
34.650,-4.500,73.950,0.572,-2.184,9.546,0.709,-0.002,-0.006,22
34.650,-4.500,73.950,0.591,-1.982,9.570,0.701,-0.002,-0.039,23
34.050,-2.700,74.850,0.436,-1.676,9.596,0.702,0.001,-0.054,22
34.050,-2.700,74.850,0.441,-1.415,9.538,0.697,-0.002,-0.054,22
34.050,-2.700,74.850,0.424,-1.209,9.610,0.675,-0.007,-0.064,22
34.050,-2.700,74.850,0.618,-1.025,9.591,0.644,-0.001,-0.060,22
33.900,-0.150,74.250,0.500,-0.910,9.656,0.617,-0.002,-0.060,22
33.900,-0.150,74.250,0.529,-0.474,9.598,0.538,0.013,-0.055,23
33.900,-0.150,74.250,0.558,-0.335,9.443,0.483,0.013,-0.056,22
36.000,1.500,74.850,0.378,-0.309,9.656,0.424,0.011,-0.054,22
36.000,1.500,74.850,0.359,-0.218,9.634,0.368,0.000,-0.052,22
35.400,0.900,73.950,0.366,-0.182,9.620,0.300,-0.002,-0.035,22
35.400,0.900,73.950,0.474,0.053,9.606,0.252,0.013,-0.030,22
35.400,3.300,75.450,0.409,-0.002,9.713,0.203,0.014,-0.015,23
35.400,3.300,75.450,0.522,0.254,9.749,0.101,0.008,-0.014,22
35.400,3.300,75.450,0.484,0.524,9.507,-0.001,0.008,-0.015,22
35.400,3.300,75.450,0.417,0.340,9.519,-0.075,0.011,-0.001,22
35.400,3.300,75.450,0.517,-0.117,9.653,-0.114,0.014,0.018,22
35.400,2.850,74.250,0.558,-0.220,9.665,-0.137,0.017,0.021,22
35.400,2.850,74.250,0.548,-0.366,9.771,-0.146,0.026,0.022,23
35.400,2.850,74.250,0.472,-0.385,9.902,-0.151,0.017,0.013,22
35.400,2.850,74.250,0.529,-0.012,9.749,-0.213,0.007,-0.006,22
36.150,1.650,75.000,0.596,-0.034,9.651,-0.255,0.010,-0.011,22
36.150,1.650,75.000,0.512,-0.031,9.718,-0.314,0.013,-0.012,22
33.900,-0.150,75.450,0.515,0.089,9.481,-0.420,0.010,-0.002,22
33.900,-0.150,75.450,0.283,-0.103,9.625,-0.471,0.010,0.009,23
33.900,-0.150,75.450,0.436,-0.441,9.665,-0.522,0.017,0.023,22
35.100,0.150,76.500,0.515,-0.385,9.550,-0.576,0.026,0.028,22
35.100,0.150,76.500,0.316,-0.611,9.455,-0.662,0.016,0.037,22
34.650,-2.100,74.250,0.357,-0.769,9.622,-0.709,0.018,0.041,22
34.650,-2.100,74.250,0.522,-0.840,9.407,-0.753,0.019,0.052,22
34.650,-2.100,74.250,0.390,-1.168,9.524,-0.811,0.021,0.042,23
34.650,-2.100,74.250,0.625,-1.413,9.538,-0.841,0.024,0.020,22
34.650,-2.850,75.450,0.486,-1.683,9.529,-0.865,0.021,0.007,22
34.650,-2.850,75.450,0.371,-1.913,9.426,-0.900,0.018,0.001,22
34.650,-2.850,75.450,0.409,-2.064,9.440,-0.911,0.017,0.014,22
34.050,-5.400,74.100,0.548,-2.191,9.419,-0.935,0.026,0.028,22
34.050,-5.400,74.100,0.448,-2.270,9.742,-0.934,0.023,0.035,22
33.150,-7.950,73.500,0.453,-3.215,9.749,-0.904,0.001,0.029,23
33.150,-7.950,73.500,0.383,-2.717,8.746,-0.908,0.001,0.023,22
33.900,-8.700,73.500,0.124,-3.050,9.153,-0.901,0.012,0.014,22
33.900,-8.700,73.500,0.089,-3.213,8.961,-0.907,0.014,0.034,22
33.900,-8.700,73.500,0.371,-3.505,9.254,-0.888,0.015,0.031,22
33.900,-8.700,73.500,0.469,-3.742,9.112,-0.880,0.019,0.025,22
34.050,-8.700,73.500,0.484,-3.958,9.110,-0.876,0.020,0.024,23
34.050,-11.700,74.400,0.599,-3.958,8.899,-0.868,0.019,0.022,22
34.050,-11.700,74.400,0.438,-4.149,8.973,-0.849,0.019,0.015,22
34.050,-11.700,74.400,0.381,-4.334,8.734,-0.848,0.028,0.013,22
34.050,-11.700,74.400,0.285,-4.451,8.643,-0.827,0.022,0.017,22
34.500,-15.150,72.600,0.345,-4.614,8.583,-0.822,0.012,0.018,22
34.500,-15.150,72.600,0.431,-4.681,8.583,-0.831,0.019,0.016,23
34.050,-18.000,71.550,0.378,-4.851,8.531,-0.832,0.017,0.011,22
34.050,-18.000,71.550,0.445,-4.982,8.562,-0.843,0.020,0.010,22
34.050,-18.000,71.550,0.421,-5.210,8.461,-0.840,0.022,0.006,22
34.050,-17.550,71.100,0.338,-5.282,8.131,-0.846,0.020,-0.001,22
34.050,-17.550,71.100,0.302,-5.423,8.126,-0.853,0.016,-0.005,22
34.800,-20.700,71.100,0.306,-5.464,8.056,-0.863,0.017,-0.001,23
34.800,-20.700,71.100,0.359,-5.583,7.898,-0.874,0.020,0.012,22
34.800,-20.700,71.100,0.321,-5.808,7.707,-0.882,0.022,0.015,22
34.800,-20.700,71.100,0.309,-5.933,7.652,-0.914,0.022,0.014,22
33.750,-23.400,69.300,0.450,-6.055,7.537,-0.930,0.019,0.021,22
33.750,-23.400,69.300,0.388,-6.227,7.456,-0.948,0.017,0.027,22
34.050,-24.150,68.100,0.323,-6.282,7.345,-0.974,0.019,0.032,23
34.050,-24.150,68.100,0.352,-6.555,7.058,-1.006,0.013,0.032,22
34.050,-24.150,68.100,0.472,-6.697,6.907,-1.025,0.019,0.029,22
33.600,-26.700,66.000,0.402,-6.931,6.943,-1.041,0.022,0.020,22
33.600,-26.700,66.000,0.369,-7.061,6.766,-1.054,0.029,0.020,22
35.250,-29.250,63.600,0.304,-7.238,6.553,-1.068,0.023,0.021,22
35.250,-29.250,63.600,0.362,-7.417,6.340,-1.063,0.020,0.025,23
35.250,-29.250,63.600,0.275,-7.654,6.309,-1.076,0.025,0.029,22
35.250,-29.250,63.600,0.409,-7.614,5.926,-1.080,0.018,0.025,22
34.800,-33.600,60.600,0.271,-7.822,5.950,-1.094,0.017,0.030,22
34.800,-33.600,60.600,0.273,-7.877,5.725,-1.112,0.021,0.027,22
34.800,-33.600,60.600,0.285,-8.140,5.341,-1.126,0.016,0.027,22
34.050,-35.100,59.550,0.292,-8.274,5.186,-1.131,0.021,0.025,23
34.050,-35.100,59.550,0.304,-8.538,5.183,-1.134,0.027,0.022,22
34.050,-36.000,56.550,0.249,-8.511,4.879,-1.124,0.026,0.024,22
34.050,-36.000,56.550,0.218,-8.662,4.803,-1.126,0.023,0.025,22
33.600,-38.100,54.900,0.271,-8.751,4.453,-1.148,0.026,0.019,22
33.600,-38.100,54.900,0.165,-8.844,4.238,-1.154,0.018,0.025,22
34.800,-37.950,52.050,0.278,-9.041,3.941,-1.156,0.017,0.032,23
34.800,-37.950,52.050,0.232,-9.220,3.874,-1.151,0.007,0.031,22
34.800,-37.950,52.050,0.206,-9.280,3.792,-1.138,0.014,0.031,22
34.650,-39.600,48.600,0.180,-9.459,3.400,-1.133,0.025,0.029,22
34.650,-39.600,48.600,0.204,-9.553,3.151,-1.103,0.021,0.032,22
34.650,-39.600,48.600,0.148,-9.613,2.988,-1.089,0.025,0.028,22
34.650,-39.600,48.600,0.158,-9.670,2.880,-1.074,0.016,0.022,23
34.350,-42.450,43.650,0.175,-9.759,2.636,-1.049,0.010,0.031,22
34.350,-42.450,43.650,0.122,-9.857,2.258,-1.027,0.008,0.034,22
33.300,-43.050,41.700,0.117,-9.984,2.205,-1.000,-0.003,0.030,22
33.300,-43.050,41.700,0.192,-10.056,2.004,-0.962,0.001,0.027,22
33.300,-43.050,41.700,0.297,-10.135,1.932,-0.915,0.015,0.026,22
35.550,-43.800,39.450,0.230,-10.159,1.808,-0.875,0.016,0.018,23
35.550,-43.800,39.450,0.139,-10.331,1.453,-0.827,0.023,0.012,22
34.350,-43.500,37.050,0.110,-10.448,1.369,-0.728,0.013,0.009,22
34.350,-43.500,37.050,0.036,-10.539,1.396,-0.658,0.013,0.014,22
34.350,-43.500,37.050,0.187,-10.513,1.132,-0.588,0.017,0.011,22
34.350,-43.500,37.050,0.215,-10.482,1.211,-0.486,0.023,-0.007,22
36.600,-45.150,32.850,0.134,-10.441,1.094,-0.438,0.025,-0.000,23
36.600,-45.150,32.850,0.041,-10.300,0.802,-0.384,0.021,0.000,22
36.600,-45.150,32.850,-0.010,-10.175,0.735,-0.344,0.019,-0.001,22
35.250,-45.300,32.400,0.060,-10.180,0.723,-0.310,0.015,-0.004,23
35.250,-45.300,32.400,0.074,-10.068,0.654,-0.292,0.015,-0.006,22
35.100,-45.900,31.350,0.117,-9.922,0.515,-0.296,0.010,0.005,22
35.100,-45.900,31.350,0.069,-9.984,0.546,-0.297,0.011,-0.003,22
34.800,-44.100,31.950,0.055,-10.032,0.491,-0.281,0.000,0.002,22
34.800,-44.100,31.950,0.084,-10.130,0.484,-0.266,0.007,0.009,22
34.800,-44.100,31.950,0.256,-10.369,0.424,-0.226,0.014,-0.005,22
34.800,-44.100,31.950,0.136,-10.173,0.429,-0.176,0.039,-0.027,22
34.800,-44.100,31.950,0.215,-10.501,0.383,-0.145,0.030,-0.025,22
34.800,-45.300,31.200,0.105,-10.319,0.249,-0.105,0.031,-0.022,22
34.800,-45.300,31.200,-0.235,-10.326,0.395,-0.029,0.003,-0.013,23
34.800,-45.300,31.200,0.062,-10.321,0.342,-0.005,0.015,-0.009,22
34.800,-45.300,31.200,0.170,-10.039,0.110,0.022,0.040,-0.009,22
34.500,-45.300,31.650,0.187,-9.871,0.043,0.034,0.026,-0.015,22
34.500,-45.300,31.650,0.290,-10.228,0.596,0.039,0.060,-0.011,22
34.350,-45.900,32.100,-0.163,-10.302,0.508,0.072,0.025,-0.022,22
34.350,-45.900,32.100,0.007,-10.362,0.445,0.116,0.014,-0.020,23
34.350,-45.900,32.100,0.093,-10.527,0.733,0.182,-0.025,-0.014,22
33.900,-44.700,32.550,0.069,-10.302,0.168,0.228,-0.010,-0.001,22
33.900,-44.700,32.550,0.244,-10.520,0.615,0.292,0.001,-0.003,22
33.900,-46.350,31.350,0.302,-10.336,1.049,0.336,-0.004,-0.007,22
33.900,-46.350,31.350,0.072,-10.276,0.639,0.404,0.003,-0.014,22
33.900,-46.350,31.350,0.299,-10.185,0.979,0.438,-0.008,-0.016,23
33.900,-46.350,31.350,0.122,-10.199,1.125,0.464,0.016,-0.023,22
33.150,-44.400,35.550,0.113,-9.929,0.886,0.497,0.005,-0.030,22
33.150,-44.400,35.550,0.057,-10.285,1.326,0.535,-0.001,-0.026,22
34.800,-45.000,35.700,0.098,-10.032,1.219,0.553,-0.002,-0.023,22
34.800,-45.000,35.700,0.215,-10.120,1.539,0.578,-0.011,-0.023,22
34.800,-45.000,35.700,0.160,-10.027,1.561,0.608,0.004,-0.026,23
35.250,-45.750,37.500,0.045,-10.053,1.700,0.643,-0.007,-0.039,22
35.250,-45.750,37.500,0.098,-9.967,1.798,0.655,0.005,-0.029,22
34.500,-44.550,41.250,0.608,-9.953,2.049,0.652,0.008,-0.039,22
34.500,-44.550,41.250,0.211,-9.184,1.228,0.608,0.054,-0.039,22
34.500,-44.550,41.250,-0.014,-9.826,2.346,0.613,0.012,-0.024,22
34.500,-44.550,41.250,-0.306,-9.881,2.093,0.612,-0.020,-0.023,23
33.900,-42.450,42.600,-0.065,-9.795,2.612,0.655,-0.043,-0.033,22
33.900,-42.450,42.600,0.594,-9.627,2.682,0.659,0.007,-0.020,22
33.900,-42.450,42.600,0.129,-9.816,2.727,0.683,-0.008,-0.023,22
33.000,-42.600,45.750,0.242,-9.603,3.225,0.689,0.020,-0.021,22
33.000,-42.600,45.750,0.053,-9.519,3.247,0.699,-0.013,-0.031,22
33.750,-40.950,47.700,0.065,-9.380,3.244,0.698,-0.005,-0.033,23
33.750,-40.950,47.700,0.230,-9.433,3.448,0.721,-0.003,-0.028,22
35.850,-39.600,50.400,0.347,-9.345,3.519,0.731,0.006,-0.027,22
35.850,-39.600,50.400,0.232,-9.273,3.780,0.741,0.014,-0.035,22
34.350,-38.550,50.400,0.196,-9.225,3.917,0.746,0.008,-0.047,22
34.350,-38.550,50.400,0.204,-9.115,4.051,0.766,0.009,-0.042,22
34.350,-38.550,50.400,0.304,-9.064,4.132,0.763,0.011,-0.047,23
33.750,-39.450,54.000,0.321,-8.995,4.523,0.781,0.015,-0.048,22
33.750,-39.450,54.000,0.335,-8.818,4.508,0.788,0.022,-0.049,22
33.750,-39.450,54.000,0.326,-8.906,4.899,0.812,0.025,-0.066,22
33.750,-39.450,54.000,0.340,-8.873,4.839,0.831,0.029,-0.076,22
34.650,-36.450,56.700,0.230,-8.712,4.966,0.848,0.032,-0.087,22
34.650,-36.450,56.700,0.402,-8.406,5.219,0.873,0.035,-0.074,23
34.500,-34.050,58.500,-0.160,-8.399,5.409,0.876,0.011,-0.052,22
34.500,-34.050,58.500,-0.350,-8.076,5.241,0.911,-0.005,-0.039,22
34.500,-34.050,58.500,-0.144,-8.135,5.578,0.921,-0.011,-0.025,22
33.750,-32.400,59.250,0.472,-8.023,5.748,0.932,-0.025,-0.025,22
33.750,-32.400,59.250,0.622,-8.176,6.191,0.960,-0.004,-0.023,22
34.350,-31.050,61.950,0.405,-7.791,6.294,0.977,0.012,-0.037,23
34.350,-31.050,61.950,-0.060,-7.563,6.287,0.993,-0.006,-0.059,22
34.350,-31.050,61.950,0.227,-7.470,6.376,1.023,0.006,-0.059,22
34.350,-31.050,61.950,0.467,-7.420,6.955,1.041,0.005,-0.046,22
34.650,-27.150,65.700,0.462,-7.298,6.826,1.047,0.009,-0.031,22
34.650,-27.150,65.700,0.208,-6.697,6.922,1.071,-0.005,-0.029,22
34.650,-27.150,65.700,0.170,-6.771,7.156,1.086,-0.002,-0.036,23
34.650,-24.450,68.700,0.424,-6.594,7.326,1.093,0.004,-0.040,22
34.650,-24.450,68.700,0.668,-6.345,7.436,1.098,0.000,-0.048,22
35.400,-24.450,69.450,0.385,-6.235,7.719,1.117,0.005,-0.052,22
35.400,-24.450,69.450,0.182,-5.801,7.784,1.108,0.007,-0.048,22
34.650,-20.850,69.000,0.376,-5.452,7.779,1.118,-0.001,-0.049,22
34.650,-20.850,69.000,0.476,-5.478,8.107,1.105,-0.002,-0.052,22
34.650,-20.850,69.000,0.455,-5.195,8.066,1.079,0.008,-0.051,22
34.650,-20.850,69.000,0.486,-4.966,8.334,1.070,0.003,-0.050,23
34.650,-20.850,69.000,0.333,-4.551,8.334,1.045,0.002,-0.052,22
34.650,-18.450,72.000,0.407,-4.300,8.531,1.015,-0.004,-0.054,22
34.650,-18.450,72.000,0.500,-4.073,8.619,0.983,0.001,-0.048,22
34.650,-18.450,72.000,0.412,-3.938,8.722,0.930,0.003,-0.035,22
34.650,-18.450,72.000,0.409,-3.780,8.868,0.902,-0.001,-0.040,23
33.900,-11.850,74.250,0.436,-3.515,8.959,0.857,0.007,-0.027,22
33.900,-11.850,74.250,0.407,-3.373,8.964,0.847,0.002,-0.031,22
34.350,-11.100,73.950,0.534,-3.383,9.199,0.827,0.002,-0.029,22
34.350,-11.100,73.950,0.436,-3.110,9.086,0.818,0.006,-0.034,22
34.350,-11.100,73.950,0.464,-3.110,9.251,0.818,0.004,-0.039,22
33.600,-9.150,74.700,0.493,-2.670,9.210,0.812,-0.005,-0.048,23
33.600,-9.150,74.700,0.464,-2.411,9.266,0.781,0.002,-0.047,22
34.800,-5.850,75.600,0.462,-2.140,9.261,0.748,0.002,-0.036,22
34.800,-5.850,75.600,0.429,-2.035,9.357,0.702,0.008,-0.029,22
34.800,-5.850,75.600,0.409,-1.884,9.385,0.648,-0.004,-0.024,22
34.800,-5.850,75.600,0.608,-1.729,9.565,0.620,-0.002,-0.016,22
34.350,-4.500,75.000,0.431,-1.539,9.522,0.581,0.011,-0.018,23
34.350,-4.500,75.000,0.383,-1.554,9.618,0.549,0.000,-0.023,22
34.650,-1.350,75.450,0.429,-1.410,9.503,0.526,0.002,-0.013,22
34.650,-1.350,75.450,0.498,-1.331,9.555,0.499,0.006,-0.005,22
34.650,-1.350,75.450,0.488,-1.051,9.670,0.464,0.010,0.000,22
35.100,-0.450,75.450,0.460,-0.953,9.701,0.417,0.012,-0.005,22
35.100,-0.450,75.450,0.551,-0.955,9.730,0.400,0.005,-0.007,22
34.500,-0.750,74.850,0.553,-0.939,9.692,0.376,0.004,-0.015,23
34.500,-0.750,74.850,0.668,-0.888,9.708,0.341,0.006,-0.025,22
34.500,-0.750,74.850,0.448,-0.582,9.608,0.319,0.008,-0.035,22
34.500,-0.750,74.850,0.448,-0.560,9.653,0.283,0.007,-0.029,22
33.900,1.350,74.700,0.433,-0.419,9.565,0.253,0.006,-0.026,22
33.900,1.350,74.700,0.438,-0.393,9.723,0.200,0.009,-0.017,23
33.900,1.350,74.700,0.476,-0.536,9.737,0.188,0.007,-0.013,22
35.850,2.100,74.700,0.503,-0.347,9.759,0.179,0.006,-0.014,22
35.850,2.100,74.700,0.532,-0.251,9.656,0.147,0.007,-0.025,22
34.800,1.950,74.100,0.409,-0.189,9.677,0.110,0.009,-0.024,22
34.800,1.950,74.100,0.498,-0.136,9.725,0.082,0.008,-0.023,22
34.650,2.400,75.000,0.524,-0.196,9.694,0.028,0.006,-0.016,23
34.650,2.400,75.000,0.476,-0.012,9.649,-0.022,0.010,-0.014,22
35.250,3.450,74.400,0.450,0.089,9.651,-0.062,0.005,-0.017,22
35.250,3.450,74.400,0.532,-0.268,9.728,-0.091,0.004,-0.005,22
35.250,3.450,74.400,0.560,-0.321,9.754,-0.111,0.022,0.004,22
35.400,0.900,75.000,0.448,-0.369,9.718,-0.116,0.019,0.002,22
35.400,0.900,75.000,0.508,-0.242,9.692,-0.129,0.008,-0.004,23
35.400,0.900,75.000,0.455,-0.254,9.893,-0.160,0.006,-0.012,22
35.400,0.900,75.000,0.512,0.017,9.443,-0.231,0.016,-0.006,22
35.100,2.850,75.450,0.412,-0.225,9.764,-0.245,0.007,-0.002,22
35.100,2.850,75.450,0.330,-0.081,9.586,-0.312,0.011,0.005,22
35.100,1.350,74.250,0.654,-0.292,9.725,-0.403,0.020,0.013,22
35.100,1.350,74.250,0.503,-0.251,9.598,-0.435,0.019,0.014,23
35.100,1.350,74.250,0.539,-0.496,9.747,-0.486,0.018,0.016,22
36.000,0.750,74.850,0.608,-0.510,9.586,-0.521,0.015,0.013,22
36.000,0.750,74.850,0.508,-0.654,9.749,-0.587,0.019,0.006,22
34.650,-1.350,74.250,0.453,-0.838,9.574,-0.638,0.012,0.011,22
34.650,-1.350,74.250,0.445,-0.895,9.479,-0.678,0.021,0.018,22
34.650,-1.350,74.250,0.316,-1.111,9.553,-0.745,0.017,0.023,23
34.650,-1.350,74.250,0.321,-1.197,9.455,-0.792,0.012,0.024,22
35.250,-3.450,75.900,0.402,-1.365,9.457,-0.821,0.015,0.024,22
35.250,-3.450,75.900,0.443,-1.709,9.522,-0.860,0.019,0.030,22
35.250,-3.450,75.900,0.402,-1.970,9.495,-0.903,0.020,0.028,22
35.100,-5.550,75.450,0.405,-2.030,9.325,-0.932,0.014,0.034,22
35.100,-5.550,75.450,0.493,-2.303,9.273,-0.945,0.015,0.030,23
33.600,-8.400,75.750,0.378,-2.576,8.662,-0.950,0.002,0.037,22
33.600,-8.400,75.750,0.572,-2.923,9.476,-0.964,0.012,0.036,22
35.100,-9.150,75.750,0.469,-2.895,9.120,-0.968,0.017,0.024,22
35.100,-9.150,75.750,0.417,-3.079,9.206,-0.990,0.021,0.023,22
35.100,-9.150,75.750,0.429,-3.335,9.043,-1.006,0.013,0.024,22
35.100,-9.150,75.750,0.668,-3.563,9.167,-1.000,0.032,0.019,22
35.100,-9.150,75.750,0.306,-3.797,8.885,-1.016,0.021,0.021,23
35.550,-12.900,73.650,0.215,-4.056,8.689,-1.029,0.011,0.021,22
35.550,-12.900,73.650,0.275,-4.173,8.727,-1.020,0.009,0.023,22
35.550,-12.900,73.650,0.369,-4.367,8.619,-1.027,0.021,0.026,22
35.550,-12.900,73.650,0.393,-4.508,8.593,-1.031,0.019,0.022,22
35.250,-17.100,70.800,0.395,-4.762,8.370,-1.024,0.025,0.020,22
35.250,-17.100,70.800,0.400,-5.203,8.325,-1.020,0.023,0.021,23
35.250,-18.750,71.550,0.438,-5.260,8.248,-1.009,0.020,0.018,22
35.250,-18.750,71.550,0.302,-5.514,8.272,-0.986,0.009,0.028,22
35.250,-18.750,71.550,0.407,-5.689,7.989,-0.979,0.029,0.019,22
34.350,-19.650,70.200,0.441,-5.722,8.270,-0.952,0.016,0.014,22
34.350,-19.650,70.200,0.352,-6.009,7.604,-0.951,0.032,0.011,22
34.800,-22.200,68.550,0.426,-6.019,7.932,-0.942,0.023,0.008,23
34.800,-22.200,68.550,0.342,-6.048,7.604,-0.951,0.027,0.002,22
34.800,-22.200,68.550,0.450,-6.337,7.630,-0.948,0.018,-0.002,22
34.800,-22.200,68.550,0.402,-6.321,7.264,-0.956,0.021,0.015,22
33.300,-25.350,68.550,0.287,-6.663,7.163,-0.958,0.015,0.027,22
33.300,-25.350,68.550,0.314,-6.689,7.056,-0.961,0.025,0.026,22
33.750,-27.750,65.550,0.290,-6.883,7.015,-0.969,0.012,0.033,23
33.750,-27.750,65.550,0.318,-7.061,6.792,-0.983,0.013,0.037,22
33.750,-27.750,65.550,0.393,-7.161,6.761,-0.977,0.011,0.033,22
33.150,-28.650,64.950,0.352,-7.396,6.500,-0.994,0.024,0.030,22
33.150,-28.650,64.950,0.314,-7.357,6.359,-1.008,0.026,0.024,22
34.050,-31.650,61.800,0.318,-7.527,6.232,-1.017,0.021,0.028,22
34.050,-31.650,61.800,0.287,-7.635,6.000,-1.027,0.025,0.025,23
34.050,-31.650,61.800,0.259,-7.863,5.681,-1.037,0.024,0.029,22
34.050,-31.650,61.800,0.297,-8.061,5.715,-1.039,0.023,0.027,22
34.800,-34.350,60.300,0.266,-8.088,5.375,-1.046,0.019,0.023,22
34.800,-34.350,60.300,0.271,-8.179,5.394,-1.058,0.025,0.028,22
34.800,-34.350,60.300,0.251,-8.246,5.236,-1.075,0.018,0.023,22
34.800,-34.350,60.300,0.259,-8.447,4.887,-1.106,0.018,0.030,23
34.800,-34.350,60.300,0.199,-8.581,4.626,-1.118,0.009,0.029,22
35.250,-36.750,54.750,0.273,-8.701,4.465,-1.138,0.013,0.027,22
35.250,-36.750,54.750,0.227,-8.911,4.453,-1.135,0.014,0.023,22
34.050,-38.700,53.550,0.180,-8.971,4.132,-1.129,0.017,0.031,22
NEW_MEASUREMENTS
31.050,-42.150,35.700,0.132,-8.880,4.662,-0.631,0.022,-0.002,23
31.050,-42.150,35.700,0.062,-8.928,4.434,-0.621,0.026,-0.005,23
30.450,-42.450,34.050,0.012,-9.009,4.367,-0.612,0.023,-0.005,23
30.450,-42.450,34.050,0.055,-8.971,4.307,-0.602,0.023,-0.006,23
30.450,-42.450,34.050,0.098,-9.072,4.113,-0.595,0.024,-0.007,22
31.050,-43.350,32.700,0.122,-9.146,4.123,-0.590,0.027,-0.009,22
31.050,-43.350,32.700,-0.108,-9.218,3.881,-0.579,0.030,-0.010,23
31.050,-43.350,32.700,0.067,-9.342,3.879,-0.561,0.022,-0.012,22
31.050,-43.350,32.700,0.113,-9.328,3.809,-0.543,0.023,-0.011,22
30.750,-44.100,30.450,0.079,-9.376,3.694,-0.534,0.029,-0.008,22
30.750,-44.100,30.450,0.012,-9.426,3.577,-0.512,0.012,0.006,22
29.700,-45.150,29.550,0.089,-9.469,3.572,-0.483,0.005,0.004,22
29.700,-45.150,29.550,0.055,-9.419,3.244,-0.464,0.016,0.001,23
29.700,-45.150,29.550,0.055,-9.483,3.287,-0.460,0.014,0.008,22
31.800,-43.350,29.700,0.062,-9.445,3.091,-0.462,0.014,0.007,22
31.800,-43.350,29.700,-0.038,-9.404,3.098,-0.466,0.018,0.001,22
31.050,-44.100,28.200,0.034,-9.457,3.031,-0.466,0.013,-0.006,22
31.050,-44.100,28.200,0.096,-9.536,2.804,-0.467,0.015,-0.000,22
31.050,-44.100,28.200,-0.012,-9.400,2.871,-0.480,0.020,-0.001,23
31.050,-44.100,28.200,0.012,-9.385,2.672,-0.502,0.022,0.005,22
31.500,-44.550,23.400,-0.048,-9.481,2.744,-0.515,0.011,0.002,22
31.500,-44.550,23.400,0.043,-9.608,2.504,-0.520,0.009,0.011,22
31.500,-44.550,23.400,0.122,-9.589,2.365,-0.527,0.016,0.001,22
31.500,-44.550,23.400,0.062,-9.682,2.308,-0.531,0.015,0.008,22
31.500,-44.550,23.400,-0.079,-9.723,2.200,-0.531,0.005,0.009,22
30.900,-45.150,23.250,-0.043,-9.706,2.116,-0.538,0.007,0.009,23
30.900,-45.150,23.250,-0.034,-9.764,1.951,-0.537,0.011,0.014,22
31.200,-43.950,19.800,-0.041,-9.869,1.980,-0.526,0.009,0.010,22
31.200,-43.950,19.800,-0.057,-9.969,1.824,-0.501,0.011,0.013,22
32.250,-44.100,19.650,0.022,-9.979,1.844,-0.485,0.008,0.009,22
32.250,-44.100,19.650,0.031,-9.876,1.719,-0.472,0.010,0.003,23
30.750,-44.100,18.150,-0.132,-9.986,1.563,-0.458,0.012,0.002,22
30.750,-44.100,18.150,-0.034,-10.070,1.532,-0.426,0.014,0.004,22
30.750,-44.100,18.150,0.089,-10.001,1.348,-0.398,0.009,0.007,22
30.750,-44.100,18.150,0.072,-10.005,1.353,-0.387,0.022,0.001,22
30.750,-44.100,18.150,-0.029,-9.922,1.319,-0.370,0.013,0.006,22
30.450,-43.200,16.200,0.005,-10.017,1.132,-0.359,0.005,0.002,22
30.450,-43.200,16.200,0.156,-9.953,1.152,-0.352,0.004,0.003,23
31.050,-43.350,15.900,-0.069,-10.139,1.120,-0.335,0.010,0.008,22
31.050,-43.350,15.900,-0.168,-10.199,0.955,-0.292,0.008,0.012,22
31.050,-43.350,14.850,-0.048,-10.326,1.092,-0.241,0.002,0.012,22
31.050,-43.350,14.850,-0.043,-10.410,1.025,-0.202,0.012,0.002,22
31.050,-43.350,14.850,-0.136,-10.446,1.053,-0.114,0.008,-0.001,22
30.150,-42.750,15.000,-0.192,-10.640,1.063,-0.049,0.002,0.001,23
30.150,-42.750,15.000,-0.124,-10.506,0.946,0.027,-0.007,-0.000,22
30.150,-42.750,15.000,0.012,-10.252,0.795,0.052,0.013,0.010,22
30.150,-42.750,15.000,-0.292,-10.204,0.946,0.121,-0.002,-0.006,22
30.900,-43.950,15.000,-0.151,-10.518,1.077,0.197,-0.027,-0.020,22
30.900,-43.950,15.000,0.180,-10.386,1.015,0.242,-0.011,-0.011,22
30.900,-43.950,15.000,-0.074,-10.700,1.475,0.381,-0.035,-0.027,23
30.900,-43.950,15.000,0.215,-10.269,0.661,0.425,-0.012,-0.012,22
30.900,-43.950,15.000,0.055,-10.173,1.161,0.508,-0.002,-0.021,22
30.300,-44.550,19.350,0.113,-10.455,1.853,0.553,0.011,-0.021,22
30.300,-44.550,19.350,-0.168,-10.087,1.650,0.612,0.007,-0.029,22
30.900,-44.400,19.500,-0.211,-10.092,1.688,0.646,0.005,-0.040,22
30.900,-44.400,19.500,0.077,-9.972,1.815,0.671,0.007,-0.046,23
30.450,-43.200,21.000,0.019,-9.893,2.073,0.705,0.011,-0.040,22
30.450,-43.200,21.000,0.012,-9.926,2.198,0.711,0.021,-0.039,22
30.750,-44.100,23.100,-0.151,-9.974,2.310,0.748,0.004,-0.045,22
30.750,-44.100,23.100,-0.074,-9.821,2.629,0.766,0.006,-0.042,22
30.750,-44.100,23.100,0.460,-9.459,2.205,0.732,0.021,-0.044,22
30.750,-44.100,23.100,-0.445,-9.610,2.952,0.743,0.021,-0.052,23
30.750,-44.100,23.100,0.031,-9.594,2.579,0.745,-0.006,-0.035,22
32.250,-44.100,26.700,0.041,-9.692,3.625,0.786,-0.022,-0.036,22
32.250,-44.100,26.700,0.110,-9.337,3.010,0.759,0.018,-0.031,22
31.650,-43.500,29.250,0.098,-9.792,3.563,0.821,0.001,-0.037,22
31.650,-43.500,29.250,0.014,-9.191,3.314,0.806,0.023,-0.030,22
30.450,-45.150,32.100,0.146,-9.165,3.663,0.839,0.010,-0.040,22
30.450,-45.150,32.100,0.204,-9.244,4.187,0.859,-0.001,-0.045,23
30.450,-45.150,32.100,0.002,-8.950,4.017,0.856,0.006,-0.036,22
30.450,-43.200,34.350,-0.053,-9.108,4.391,0.873,0.005,-0.035,22
30.450,-43.200,34.350,0.113,-8.827,4.393,0.861,-0.003,-0.038,22
30.450,-43.200,34.350,0.034,-8.619,4.547,0.881,-0.002,-0.044,22
30.450,-43.200,34.350,0.105,-8.765,4.937,0.875,0.005,-0.047,23
30.450,-42.000,39.300,0.115,-8.442,4.990,0.861,0.007,-0.039,22
30.450,-42.000,39.300,0.053,-8.303,5.222,0.854,0.001,-0.040,22
30.450,-42.000,39.300,0.067,-8.171,5.219,0.839,0.006,-0.029,22
30.450,-42.000,39.300,0.194,-8.102,5.492,0.825,0.003,-0.032,22
30.450,-42.000,39.300,0.163,-7.889,5.686,0.823,0.001,-0.030,22
30.300,-41.400,42.750,0.034,-8.121,5.902,0.824,0.005,-0.034,23
30.300,-41.400,42.750,0.134,-7.891,5.883,0.831,0.003,-0.034,22
31.650,-41.550,45.150,0.223,-7.762,6.084,0.836,0.004,-0.034,22
31.650,-41.550,45.150,0.091,-7.678,6.359,0.847,0.013,-0.041,22
31.650,-39.600,45.900,0.110,-7.496,6.515,0.866,-0.000,-0.037,22
31.650,-39.600,45.900,0.177,-7.477,6.591,0.891,-0.003,-0.039,22
31.200,-38.550,48.600,0.139,-7.369,6.713,0.901,0.006,-0.042,22
31.200,-38.550,48.600,0.184,-7.132,6.917,0.933,-0.002,-0.043,23
31.200,-38.550,48.600,0.120,-7.029,7.135,0.976,-0.007,-0.039,22
31.200,-38.550,48.600,0.127,-6.812,7.278,0.993,-0.001,-0.038,22
31.200,-38.550,48.600,0.227,-6.694,7.264,1.013,-0.003,-0.044,22
30.900,-35.700,53.700,0.189,-6.558,7.602,1.030,-0.002,-0.044,22
30.900,-35.700,53.700,0.148,-6.170,7.585,1.054,0.003,-0.043,23
31.800,-34.050,54.750,0.220,-6.017,7.875,1.076,-0.009,-0.046,22
31.800,-34.050,54.750,0.168,-5.883,7.946,1.088,-0.001,-0.047,22
31.500,-33.150,58.050,0.204,-5.705,7.997,1.115,-0.006,-0.039,22
31.500,-33.150,58.050,0.153,-5.705,8.241,1.135,-0.007,-0.044,22
30.900,-31.800,58.200,0.244,-5.337,8.219,1.152,-0.010,-0.046,22
30.900,-31.800,58.200,0.290,-4.906,8.480,1.166,-0.002,-0.054,23
30.900,-31.800,58.200,0.256,-4.503,8.368,1.172,-0.005,-0.054,22
30.900,-31.800,58.200,0.168,-4.259,8.643,1.153,0.000,-0.061,22
30.900,-31.800,58.200,0.242,-3.960,8.612,1.124,-0.007,-0.060,22
31.800,-27.000,63.300,0.275,-3.749,8.758,1.071,-0.009,-0.063,22
31.800,-27.000,63.300,0.251,-3.354,8.952,1.033,-0.007,-0.059,22
32.250,-25.350,62.850,0.373,-3.139,8.959,1.004,-0.007,-0.042,22
32.250,-25.350,62.850,0.390,-3.024,9.076,0.971,-0.003,-0.031,23
30.750,-24.600,64.800,0.436,-2.832,9.155,0.921,0.005,-0.028,22
30.750,-24.600,64.800,0.433,-2.705,9.294,0.896,0.014,-0.027,22
30.750,-24.600,64.800,0.177,-2.251,9.261,0.869,0.011,-0.028,22
31.050,-23.400,68.550,0.338,-2.116,9.313,0.814,0.003,-0.035,22
31.050,-23.400,68.550,0.175,-1.908,9.428,0.763,0.002,-0.025,22
31.650,-20.850,67.500,0.369,-1.686,9.323,0.721,0.002,-0.029,23
31.650,-20.850,67.500,0.340,-1.367,9.400,0.651,0.009,-0.027,22
30.900,-19.650,68.700,0.402,-1.185,9.570,0.549,0.003,-0.013,22
30.900,-19.650,68.700,0.290,-1.142,9.404,0.489,0.014,-0.019,22
30.900,-19.650,68.700,0.247,-1.037,9.601,0.428,0.006,-0.017,22
30.900,-19.650,68.700,0.304,-1.037,9.606,0.359,0.007,-0.022,22
30.900,-19.650,68.700,0.340,-1.104,9.651,0.331,0.004,-0.022,23
32.250,-17.550,70.800,0.275,-1.219,9.742,0.310,0.010,-0.025,22
32.250,-17.550,70.800,0.261,-1.197,9.766,0.308,0.004,-0.024,22
32.400,-16.950,69.450,0.333,-1.192,9.773,0.324,0.004,-0.029,22
32.400,-16.950,69.450,0.275,-1.128,9.778,0.333,0.010,-0.032,22
31.650,-16.950,70.500,0.378,-1.039,9.701,0.336,0.013,-0.031,22
31.650,-16.950,70.500,0.249,-0.639,9.725,0.327,0.002,-0.029,23
31.950,-16.200,71.700,0.244,-0.572,9.732,0.309,0.007,-0.027,22
31.950,-16.200,71.700,0.388,-0.603,9.723,0.289,0.007,-0.027,22
31.950,-16.200,71.700,0.347,-0.476,9.673,0.278,0.008,-0.023,22
31.950,-16.200,71.700,0.273,-0.421,9.783,0.250,0.008,-0.016,22
31.950,-16.200,71.700,0.369,-0.048,9.718,0.205,0.012,-0.019,22
31.800,-13.950,71.100,0.294,0.180,9.565,0.153,0.010,-0.021,23
31.800,-13.950,71.100,0.333,0.297,9.603,0.036,0.014,-0.012,22
31.500,-15.150,71.850,0.311,0.381,9.560,-0.058,0.012,-0.011,22
31.500,-15.150,71.850,0.287,0.369,9.603,-0.133,0.011,-0.011,22
30.900,-14.250,70.950,0.297,0.113,9.685,-0.199,0.019,-0.006,22
30.900,-14.250,70.950,0.354,0.115,9.493,-0.290,0.015,-0.017,22
30.900,-14.250,70.950,0.268,0.175,9.500,-0.367,0.013,-0.021,23
31.500,-16.350,72.600,0.338,0.089,9.720,-0.432,0.009,-0.021,22
31.500,-16.350,72.600,0.271,-0.084,9.486,-0.552,-0.001,-0.014,22
31.500,-16.350,72.600,0.328,-0.249,9.651,-0.634,0.011,-0.005,22
31.500,-16.350,72.600,0.294,-0.335,9.519,-0.702,0.016,0.005,22
32.400,-17.700,71.250,0.333,-0.613,9.629,-0.793,0.025,0.026,22
32.400,-17.700,71.250,0.302,-0.725,9.517,-0.851,0.026,0.035,23
33.750,-18.300,70.050,0.321,-1.001,9.577,-0.895,0.028,0.039,22
33.750,-18.300,70.050,0.364,-1.384,9.436,-0.925,0.015,0.036,22
33.750,-18.300,70.050,0.201,-1.618,9.436,-0.974,0.023,0.036,22
30.900,-20.100,68.250,0.309,-1.714,9.328,-1.008,0.021,0.036,22
30.900,-20.100,68.250,0.338,-2.059,9.515,-1.022,0.021,0.037,22
31.200,-21.600,67.500,0.314,-2.095,9.175,-1.051,-0.003,0.040,23
31.200,-21.600,67.500,0.484,-2.808,9.388,-1.040,0.004,0.043,22
31.050,-23.850,65.850,0.443,-3.134,9.541,-1.028,0.010,0.025,22
31.050,-23.850,65.850,0.290,-2.945,9.196,-1.027,0.016,0.030,22
31.650,-24.750,65.700,0.376,-3.383,9.165,-1.013,0.028,0.025,22
31.650,-24.750,65.700,0.067,-3.445,9.110,-1.002,0.017,0.027,22
31.650,-24.750,65.700,0.402,-3.931,9.096,-1.018,0.015,0.033,23
31.650,-24.750,65.700,0.232,-3.869,8.964,-0.995,0.019,0.035,22
31.650,-24.750,65.700,0.239,-4.080,8.899,-0.984,0.023,0.037,22
32.250,-27.300,63.600,0.306,-4.264,8.952,-0.990,0.022,0.031,22
32.250,-27.300,63.600,0.347,-4.403,8.600,-0.968,0.018,0.034,22
31.650,-29.550,60.900,0.256,-4.630,8.466,-0.956,0.015,0.035,22
31.650,-29.550,60.900,0.160,-5.042,8.729,-0.963,0.023,0.033,23
31.650,-31.500,60.150,0.132,-4.939,8.329,-0.935,0.017,0.038,22
31.650,-31.500,60.150,0.184,-5.138,8.480,-0.922,0.016,0.031,22
31.650,-31.500,60.150,0.285,-5.296,8.265,-0.916,0.015,0.029,22
30.900,-31.800,59.700,0.302,-5.578,8.100,-0.914,0.019,0.022,22
30.900,-31.800,59.700,0.220,-5.643,7.925,-0.912,0.020,0.022,22
30.900,-31.800,59.700,0.199,-5.758,7.920,-0.911,0.018,0.024,23
30.900,-31.800,59.700,0.160,-5.799,7.882,-0.918,0.016,0.017,22
30.300,-34.350,55.050,0.134,-5.933,7.736,-0.918,0.018,0.018,22
30.300,-34.350,55.050,0.225,-6.146,7.463,-0.934,0.021,0.017,22
32.400,-34.950,54.450,0.136,-6.302,7.465,-0.946,0.024,0.021,22
32.400,-34.950,54.450,0.122,-6.460,7.369,-0.953,0.023,0.016,22
31.050,-37.050,51.750,0.204,-6.536,7.199,-0.961,0.018,0.016,23
31.050,-37.050,51.750,0.160,-6.716,7.161,-0.973,0.025,0.016,22
31.050,-37.050,51.750,0.141,-6.955,6.886,-0.969,0.018,0.014,22
32.400,-37.350,49.350,0.220,-7.116,6.812,-0.976,0.022,0.019,22
32.400,-37.350,49.350,0.237,-7.195,6.661,-0.981,0.023,0.016,22
32.400,-37.350,49.350,0.163,-7.329,6.551,-0.981,0.032,0.013,22
32.400,-37.350,49.350,0.139,-7.508,6.390,-0.982,0.028,0.013,23
31.500,-39.450,44.700,0.060,-7.728,6.115,-0.966,0.023,0.009,22
31.500,-39.450,44.700,0.103,-7.865,6.091,-0.960,0.019,0.021,22
31.500,-39.450,44.700,0.168,-8.033,5.787,-0.953,0.026,0.021,22
31.500,-39.450,44.700,0.096,-8.095,5.892,-0.943,0.021,0.027,22
31.500,-39.450,44.700,0.041,-8.155,5.698,-0.929,0.016,0.017,22
30.750,-40.650,40.950,0.055,-8.262,5.368,-0.933,0.022,0.017,23
30.750,-40.650,40.950,-0.045,-8.389,5.210,-0.927,0.027,0.017,22
31.050,-41.850,38.700,-0.014,-8.559,5.203,-0.928,0.020,0.023,22
31.050,-41.850,38.700,0.069,-8.590,5.004,-0.916,0.011,0.019,22
30.750,-41.850,37.950,0.184,-8.703,4.851,-0.908,0.013,0.019,22
30.750,-41.850,37.950,0.086,-8.768,4.647,-0.896,0.014,0.015,22
31.650,-43.200,35.550,0.077,-8.823,4.362,-0.895,0.018,0.022,22
31.650,-43.200,35.550,-0.022,-8.899,4.185,-0.895,0.016,0.018,23
31.650,-43.200,35.550,0.101,-8.952,4.118,-0.903,0.022,0.013,22
31.650,-43.200,35.550,0.110,-9.021,3.998,-0.907,0.022,0.013,22
31.650,-43.200,35.550,-0.045,-9.155,3.845,-0.904,0.023,0.020,22
29.700,-42.750,31.350,-0.048,-9.388,3.649,-0.900,0.014,0.018,22
29.700,-42.750,31.350,0.057,-9.510,3.565,-0.879,0.015,0.024,22
29.550,-44.550,28.950,0.060,-9.598,3.397,-0.845,0.022,0.025,23
29.550,-44.550,28.950,0.026,-9.613,3.194,-0.820,0.019,0.023,22
30.300,-43.800,25.950,0.000,-9.697,3.057,-0.792,0.018,0.018,22
30.300,-43.800,25.950,0.081,-9.855,2.887,-0.752,0.011,0.017,22
30.300,-43.800,25.950,-0.010,-9.991,2.830,-0.704,0.015,0.013,22
31.650,-45.450,24.750,-0.029,-9.876,2.722,-0.665,0.021,0.011,22
31.650,-45.450,24.750,-0.034,-9.981,2.562,-0.621,0.018,0.005,23
31.650,-45.450,24.750,-0.010,-9.874,2.394,-0.574,0.017,0.005,22
31.650,-45.450,24.750,-0.029,-9.850,2.279,-0.557,0.020,0.008,22
31.200,-43.200,21.750,-0.065,-9.795,2.121,-0.536,0.020,-0.002,22
31.200,-43.200,21.750,-0.072,-9.845,2.181,-0.530,0.015,0.002,22
30.750,-44.100,21.150,0.089,-9.730,1.937,-0.531,0.019,0.002,22
30.750,-44.100,21.150,-0.065,-9.716,1.829,-0.522,0.022,0.000,23
30.750,-44.100,21.150,-0.034,-9.675,1.659,-0.535,0.016,0.002,22
31.500,-44.550,20.100,-0.048,-9.735,1.595,-0.561,0.015,0.005,22
31.500,-44.550,20.100,-0.055,-9.749,1.405,-0.562,0.013,0.008,22
29.850,-44.550,18.150,-0.022,-9.864,1.662,-0.567,0.008,0.003,22
29.850,-44.550,18.150,-0.010,-9.828,1.274,-0.575,0.016,0.010,22
31.500,-44.550,17.400,-0.120,-9.931,1.125,-0.575,0.015,0.011,23
31.500,-44.550,17.400,-0.081,-10.015,1.008,-0.559,0.003,0.011,22
30.450,-43.950,15.750,-0.029,-9.965,0.998,-0.557,0.011,0.013,22
30.450,-43.950,15.750,-0.067,-10.036,0.919,-0.534,0.016,0.017,22
30.450,-43.950,15.750,-0.192,-10.101,0.831,-0.520,0.008,0.012,22
30.450,-43.950,15.750,-0.122,-10.080,0.642,-0.490,0.006,0.010,22
30.450,-43.950,15.750,0.034,-10.125,0.611,-0.458,0.009,0.002,23
30.750,-43.800,14.100,-0.034,-10.072,0.551,-0.441,0.018,0.000,22
30.750,-43.800,14.100,-0.124,-10.060,0.328,-0.439,0.015,0.002,22
30.750,-42.150,12.600,-0.194,-10.053,0.297,-0.430,0.011,0.001,22
30.750,-42.150,12.600,-0.002,-10.001,0.247,-0.405,0.014,0.003,22
30.300,-43.350,12.150,-0.074,-10.070,0.323,-0.404,0.022,-0.002,22
30.300,-43.350,12.150,-0.048,-10.154,0.132,-0.385,0.018,-0.001,23
30.150,-43.350,12.150,-0.206,-10.168,-0.034,-0.355,0.011,0.007,22
30.150,-44.700,10.500,-0.086,-10.116,-0.005,-0.338,0.010,0.001,22
30.150,-44.700,10.500,-0.177,-10.297,-0.012,-0.308,0.020,-0.002,22
30.150,-44.700,10.500,-0.201,-10.333,-0.148,-0.260,0.013,-0.002,22
30.150,-44.700,10.500,-0.034,-10.422,-0.086,-0.190,0.009,0.000,22
30.900,-42.450,10.200,-0.081,-10.484,-0.007,-0.134,0.008,0.001,23
30.900,-42.450,10.200,-0.223,-10.496,-0.093,-0.068,-0.001,-0.003,22
31.200,-42.000,9.450,0.017,-10.252,-0.239,0.001,0.016,-0.007,22
31.200,-42.000,9.450,-0.077,-9.907,-0.297,0.010,0.019,-0.008,22
31.200,-42.000,9.450,-0.041,-9.747,-0.165,0.007,0.063,0.007,22
31.200,-43.200,9.750,-0.036,-10.661,-0.017,0.051,-0.016,-0.021,22
31.200,-43.200,9.750,-0.172,-9.354,-0.845,0.026,0.011,-0.004,23
30.900,-42.750,10.200,0.132,-9.531,-0.749,0.079,-0.007,-0.023,22
30.900,-42.750,10.200,-0.108,-10.812,0.555,0.079,0.010,-0.014,22
30.900,-42.750,10.200,-0.127,-9.821,-0.680,0.119,-0.002,-0.005,22
30.900,-42.750,10.200,-0.057,-10.599,0.230,0.186,0.001,-0.007,22
30.750,-42.150,10.350,0.105,-9.917,0.268,0.203,0.020,-0.015,22
30.750,-42.150,10.350,-0.098,-10.034,-0.263,0.228,0.005,-0.017,23
30.750,-42.150,10.350,-0.057,-10.432,0.455,0.231,0.031,-0.017,22
30.750,-42.150,10.350,-0.223,-10.001,0.172,0.288,-0.001,-0.023,22
30.750,-42.150,10.350,-0.160,-10.321,0.508,0.287,0.008,-0.017,22
30.750,-43.050,12.900,-0.012,-10.020,0.153,0.314,0.023,-0.021,22
30.750,-43.050,12.900,-0.110,-10.209,0.304,0.382,-0.005,-0.029,22
30.300,-42.600,12.600,-0.201,-10.233,0.754,0.391,0.014,-0.019,22
30.300,-42.600,12.600,-0.024,-10.326,0.709,0.440,-0.005,-0.019,23
30.750,-43.350,14.850,-0.084,-10.171,0.522,0.472,0.001,-0.018,22
30.750,-43.350,14.850,-0.113,-10.319,1.018,0.522,-0.004,-0.021,22
29.700,-43.500,16.200,-0.077,-10.319,1.173,0.549,-0.001,-0.018,22
29.700,-43.500,16.200,-0.096,-10.094,1.018,0.593,-0.002,-0.021,22
29.700,-43.500,16.200,-0.141,-10.218,1.228,0.635,-0.005,-0.033,22
29.700,-43.500,16.200,0.091,-10.051,1.041,0.626,0.014,-0.029,23
29.700,-43.500,16.200,0.113,-9.249,1.137,0.592,0.009,-0.033,22
31.050,-43.800,19.350,-0.266,-9.773,1.626,0.592,-0.008,-0.032,22
31.050,-43.800,19.350,0.053,-10.032,1.609,0.570,0.008,-0.032,22
30.750,-43.800,20.400,0.014,-9.914,2.045,0.612,-0.006,-0.038,22
30.750,-43.800,20.400,0.091,-9.804,2.085,0.621,0.010,-0.028,22
30.450,-44.700,24.000,-0.081,-9.969,2.102,0.632,0.014,-0.028,23
30.450,-44.700,24.000,-0.014,-9.639,2.535,0.642,-0.003,-0.031,22
30.450,-44.700,24.000,0.041,-9.574,2.373,0.612,0.004,-0.026,22
30.750,-44.550,24.900,0.026,-9.627,2.686,0.620,0.003,-0.033,22
30.750,-44.550,24.900,-0.048,-9.371,2.581,0.600,0.007,-0.028,22
30.750,-44.550,24.900,-0.069,-9.680,2.988,0.613,-0.005,-0.027,22
30.750,-44.550,24.900,0.055,-9.723,3.340,0.627,-0.004,-0.020,23
31.050,-44.100,27.450,0.122,-9.397,3.084,0.648,-0.003,-0.017,22
31.050,-44.100,27.450,-0.019,-9.689,3.541,0.662,-0.004,-0.018,22
31.500,-43.800,28.950,-0.031,-9.227,3.211,0.667,-0.009,-0.023,22
31.500,-43.800,28.950,-0.098,-9.366,3.709,0.686,-0.016,-0.028,22
31.500,-43.800,28.950,-0.105,-9.287,3.852,0.677,-0.013,-0.027,22
30.150,-43.950,32.550,-0.019,-9.163,3.869,0.693,-0.015,-0.022,23
30.150,-43.950,32.550,0.000,-9.146,4.128,0.695,-0.016,-0.024,22
30.900,-41.550,32.850,0.113,-8.995,4.180,0.698,-0.012,-0.025,22
30.900,-41.550,32.850,-0.024,-8.830,4.207,0.698,-0.019,-0.026,22
30.900,-41.550,32.850,0.101,-9.026,4.511,0.712,-0.026,-0.027,22
30.900,-41.550,32.850,0.057,-9.002,4.882,0.745,-0.013,-0.019,22
31.200,-42.000,37.350,0.244,-8.689,4.745,0.754,-0.012,-0.023,23
31.200,-42.000,37.350,0.129,-8.820,5.092,0.790,-0.020,-0.021,22
31.200,-42.000,37.350,0.120,-8.636,4.982,0.818,-0.008,-0.027,22
31.200,-42.000,37.350,0.074,-8.559,5.274,0.850,-0.019,-0.029,22
31.200,-42.000,37.350,0.072,-8.605,5.562,0.881,-0.014,-0.026,22
31.650,-40.800,42.150,0.084,-8.471,5.610,0.934,-0.016,-0.035,22
31.650,-40.800,42.150,0.127,-8.375,5.760,0.974,-0.012,-0.032,23
31.200,-40.050,44.100,0.110,-8.181,5.768,1.006,-0.009,-0.041,22
31.200,-40.050,44.100,0.275,-7.745,6.196,1.025,-0.002,-0.040,22
32.400,-39.300,46.350,0.201,-7.791,6.330,1.038,0.007,-0.050,22
32.400,-39.300,46.350,0.053,-7.508,6.280,1.067,-0.002,-0.055,22
32.400,-39.300,46.350,0.081,-7.424,6.749,1.073,-0.005,-0.046,22
31.050,-37.050,49.050,0.101,-7.072,6.457,1.059,0.006,-0.044,23
31.050,-37.050,49.050,0.077,-6.835,6.914,1.056,0.003,-0.051,22
31.050,-37.050,49.050,0.110,-6.625,7.247,1.061,-0.004,-0.049,22
31.050,-37.050,49.050,0.136,-6.519,7.307,1.047,0.002,-0.046,22
30.150,-34.500,53.100,0.065,-6.220,7.341,1.023,-0.002,-0.046,22
30.150,-34.500,53.100,0.096,-6.055,7.523,1.006,-0.003,-0.052,22
31.200,-33.000,55.200,0.192,-5.619,7.587,0.994,0.001,-0.041,23
31.200,-33.000,55.200,0.148,-5.543,7.954,0.942,-0.004,-0.031,22
31.200,-33.000,55.200,0.077,-5.327,7.855,0.915,-0.004,-0.029,22
31.800,-32.850,57.750,0.060,-5.339,8.215,0.901,-0.006,-0.030,22
31.800,-32.850,57.750,0.177,-5.040,8.073,0.867,-0.007,-0.028,22
31.650,-32.550,59.700,0.230,-4.934,8.353,0.828,-0.006,-0.034,22
31.650,-32.550,59.700,0.261,-4.800,8.377,0.821,-0.008,-0.026,23
31.650,-32.550,59.700,0.278,-4.671,8.569,0.806,-0.007,-0.030,22
31.650,-32.550,59.700,0.153,-4.520,8.598,0.791,-0.005,-0.024,22
31.950,-28.650,62.400,0.215,-4.317,8.638,0.777,-0.003,-0.026,22
31.950,-28.650,62.400,0.273,-4.164,8.734,0.763,-0.002,-0.024,22
31.950,-28.650,62.400,0.177,-4.013,8.856,0.754,0.000,-0.022,22
31.950,-28.650,62.400,0.201,-3.826,8.909,0.736,-0.009,-0.018,23
31.950,-28.650,62.400,0.218,-3.764,8.966,0.735,-0.008,-0.022,22
31.950,-25.200,64.200,0.328,-3.733,9.127,0.739,-0.002,-0.024,22
31.950,-25.200,64.200,0.247,-3.522,9.045,0.735,-0.002,-0.028,22
30.900,-25.500,66.000,0.294,-3.153,9.141,0.733,0.003,-0.038,22
30.900,-25.500,66.000,0.278,-3.065,9.244,0.717,0.007,-0.038,22
31.500,-25.800,66.300,0.251,-2.849,9.225,0.707,0.007,-0.038,23
31.500,-25.800,66.300,0.263,-2.751,9.280,0.690,0.004,-0.035,22
31.650,-22.500,67.950,0.350,-2.387,9.371,0.672,0.006,-0.039,22
31.650,-22.500,67.950,0.283,-2.169,9.347,0.649,0.010,-0.036,22
31.650,-22.500,67.950,0.201,-2.006,9.450,0.600,0.006,-0.045,22
31.650,-22.500,67.950,0.211,-2.004,9.493,0.570,0.007,-0.030,22
31.650,-22.500,67.950,0.208,-1.879,9.409,0.546,0.008,-0.023,23
31.800,-19.050,68.850,0.283,-1.741,9.536,0.523,0.001,-0.022,22
31.800,-19.050,68.850,0.294,-1.650,9.606,0.494,0.003,-0.029,22
31.800,-19.500,69.300,0.407,-1.437,9.565,0.481,0.006,-0.033,22
31.800,-19.500,69.300,0.328,-1.427,9.629,0.456,0.006,-0.025,22
32.250,-18.300,70.800,0.227,-1.178,9.586,0.415,0.009,-0.030,22
32.250,-18.300,70.800,0.156,-1.221,9.620,0.389,0.008,-0.018,22
32.250,-18.300,70.800,0.366,-1.073,9.570,0.361,0.005,-0.022,23
31.650,-17.700,69.450,0.335,-1.013,9.697,0.334,0.006,-0.024,22
31.650,-17.700,69.450,0.292,-0.888,9.637,0.302,0.007,-0.022,22
31.650,-17.700,69.450,0.237,-0.876,9.716,0.282,0.004,-0.020,22
31.650,-17.700,69.450,0.239,-0.855,9.689,0.262,0.015,-0.021,22
30.750,-15.600,69.600,0.285,-0.639,9.725,0.225,0.007,-0.018,22
30.750,-15.600,69.600,0.275,-0.608,9.704,0.201,-0.003,-0.024,23
31.650,-15.750,71.700,0.306,-0.584,9.653,0.169,0.008,-0.017,22
31.650,-15.750,71.700,0.309,-0.687,9.744,0.158,0.008,-0.015,22
31.650,-15.750,71.700,0.357,-0.630,9.615,0.150,0.007,-0.016,22
31.050,-16.800,70.800,0.256,-0.661,9.787,0.143,0.006,-0.020,22
31.050,-16.800,70.800,0.285,-0.704,9.833,0.163,0.006,-0.020,22
31.650,-14.250,70.200,0.290,-0.690,9.821,0.179,0.013,-0.009,23
31.650,-14.250,70.200,0.316,-0.699,9.821,0.199,0.010,-0.017,22
31.050,-14.400,72.150,0.369,-0.690,9.893,0.234,0.005,-0.026,22
31.050,-14.400,72.150,0.268,-0.357,9.792,0.243,0.007,-0.025,22
32.250,-13.950,71.100,0.333,-0.172,9.730,0.241,0.007,-0.016,22
32.250,-13.950,71.100,0.328,-0.024,9.816,0.219,0.007,-0.013,22
32.250,-13.950,71.100,0.302,0.261,9.668,0.166,0.010,-0.016,23
32.250,-13.950,71.100,0.261,0.481,9.653,0.064,0.012,-0.013,22
32.250,-13.950,71.100,0.352,0.735,9.543,-0.029,0.013,-0.007,22
31.650,-12.300,73.200,0.400,0.828,9.455,-0.151,0.013,-0.002,22
31.650,-12.300,73.200,0.249,0.287,9.711,-0.227,0.018,-0.005,22
30.450,-14.550,71.250,0.213,0.328,9.622,-0.330,0.005,-0.004,22
30.450,-14.550,71.250,0.314,0.527,9.433,-0.424,0.006,-0.004,23
31.950,-15.750,71.250,0.299,0.213,9.761,-0.507,0.007,0.004,22
31.950,-15.750,71.250,0.232,0.304,9.491,-0.636,0.017,0.012,22
31.950,-15.750,71.250,0.318,0.204,9.608,-0.731,0.003,0.013,22
31.050,-16.800,70.800,0.462,-0.079,9.615,-0.818,0.020,0.010,22
31.050,-16.800,70.800,0.199,-0.213,9.503,-0.943,0.017,0.020,22
31.050,-16.800,70.800,0.385,-0.855,9.433,-1.012,0.024,0.022,23
31.050,-16.800,70.800,0.352,-1.020,9.328,-1.061,0.020,0.010,22
31.800,-18.300,69.300,0.045,-1.396,9.306,-1.098,0.019,0.017,22
31.800,-18.300,69.300,0.158,-1.650,9.337,-1.131,0.018,0.025,22
31.800,-19.500,68.550,0.148,-1.899,9.369,-1.139,0.007,0.030,22
31.800,-19.500,68.550,0.397,-2.447,9.062,-1.151,0.047,0.036,22
32.250,-19.500,68.550,0.192,-2.966,9.002,-1.092,0.021,0.040,23
32.250,-22.650,67.800,0.453,-2.978,9.620,-1.050,0.018,0.031,22
32.250,-22.650,67.800,0.515,-2.816,9.079,-1.077,0.032,0.017,22
32.250,-25.350,68.100,0.350,-3.191,9.522,-1.051,0.024,0.025,22
32.250,-25.350,68.100,0.204,-3.244,8.902,-1.057,0.015,0.037,22
32.250,-25.350,68.100,0.211,-3.699,9.206,-1.069,0.023,0.037,22
32.250,-25.350,68.100,0.144,-3.792,8.787,-1.075,0.023,0.037,23
31.500,-27.300,62.850,0.354,-3.967,8.921,-1.079,0.013,0.042,22
31.500,-27.300,62.850,0.309,-4.152,8.871,-1.070,0.016,0.026,22
31.500,-27.300,62.850,0.280,-4.338,8.660,-1.093,0.018,0.020,22
31.500,-27.300,62.850,0.146,-4.515,8.435,-1.101,0.019,0.025,22
31.500,-27.300,62.850,0.230,-4.872,8.432,-1.120,0.024,0.036,22
32.250,-29.700,60.600,0.237,-4.961,8.298,-1.131,0.019,0.031,23
32.250,-29.700,60.600,0.196,-5.174,8.095,-1.134,0.019,0.027,22
32.250,-32.850,58.500,0.223,-5.533,7.946,-1.120,0.020,0.024,22
32.250,-32.850,58.500,0.215,-5.799,8.076,-1.110,0.025,0.027,22
31.650,-33.000,57.150,0.206,-5.945,7.925,-1.093,0.027,0.023,22
31.650,-33.000,57.150,0.230,-6.057,7.841,-1.079,0.022,0.023,22
33.150,-36.150,54.150,0.148,-6.275,7.609,-1.071,0.025,0.024,23
33.150,-36.150,54.150,0.134,-6.551,7.365,-1.061,0.020,0.032,22
33.150,-36.150,54.150,0.148,-6.742,7.314,-1.044,0.015,0.025,22
33.150,-36.150,54.150,0.134,-6.852,7.197,-1.011,0.027,0.025,22
33.150,-36.150,54.150,0.170,-7.116,7.128,-0.979,0.024,0.024,22
32.700,-37.350,49.650,0.115,-7.123,6.874,-0.962,0.025,0.022,22
32.700,-37.350,49.650,0.086,-7.396,6.776,-0.935,0.021,0.019,22
31.650,-37.350,48.900,0.259,-7.429,6.675,-0.908,0.026,0.010,23
31.650,-37.350,48.900,0.156,-7.535,6.452,-0.894,0.031,0.008,22
31.200,-38.550,46.350,0.089,-7.633,6.400,-0.883,0.029,0.013,22
31.200,-38.550,46.350,0.153,-7.762,6.414,-0.864,0.031,0.011,22
31.200,-38.550,46.350,0.184,-7.989,6.256,-0.843,0.023,0.007,22
31.800,-40.200,44.250,0.242,-8.164,6.184,-0.825,0.019,0.006,22
31.800,-40.200,44.250,0.136,-8.140,5.816,-0.800,0.006,0.011,23
31.800,-40.200,44.250,-0.048,-8.150,5.732,-0.766,0.024,0.008,22
31.800,-40.200,44.250,-0.065,-8.322,5.691,-0.749,0.011,0.005,22
31.800,-40.950,41.250,0.218,-8.586,5.782,-0.736,0.011,0.012,22
31.800,-40.950,41.250,0.127,-8.380,5.296,-0.690,0.007,0.019,22
30.750,-42.150,39.450,0.043,-8.507,5.286,-0.669,0.009,0.015,22
30.750,-42.150,39.450,0.038,-8.480,5.219,-0.664,0.023,0.019,23
30.750,-42.150,39.450,0.084,-8.578,5.085,-0.655,0.016,0.013,22
31.800,-42.600,37.200,0.093,-8.629,4.788,-0.652,0.011,0.013,22
31.800,-42.600,37.200,0.146,-8.701,4.925,-0.643,0.011,0.016,22
31.650,-42.750,37.050,0.074,-8.715,4.678,-0.659,0.016,0.019,22
31.650,-42.750,37.050,-0.002,-8.588,4.527,-0.673,0.012,0.023,22
31.650,-42.750,37.050,0.077,-8.811,4.492,-0.683,0.011,0.014,23
31.650,-42.750,37.050,-0.005,-8.830,4.274,-0.709,0.020,0.018,22
31.050,-44.100,36.000,0.038,-9.026,4.223,-0.727,0.014,0.012,22
31.050,-44.100,36.000,0.053,-9.038,4.008,-0.727,0.013,0.019,22
31.050,-44.100,36.000,0.048,-9.306,4.075,-0.708,0.010,0.015,22
31.050,-44.100,36.000,0.091,-9.203,3.742,-0.704,0.019,0.010,22
31.050,-44.100,36.000,-0.117,-9.421,3.728,-0.686,0.020,0.009,23
32.250,-44.550,31.650,-0.026,-9.275,3.333,-0.651,0.007,0.007,22
32.250,-44.550,31.650,0.019,-9.531,3.579,-0.650,0.013,0.012,22
30.300,-43.800,27.900,0.081,-9.448,3.232,-0.640,0.018,0.005,22
30.300,-43.800,27.900,0.053,-9.546,3.304,-0.623,0.023,0.007,22
31.950,-45.450,26.550,-0.045,-9.402,3.024,-0.599,0.017,0.004,22
31.950,-45.450,26.550,-0.036,-9.701,3.127,-0.602,0.017,0.005,23
31.950,-45.450,26.550,0.031,-9.529,2.734,-0.595,0.026,0.010,22
30.450,-44.700,28.050,0.026,-9.716,2.796,-0.568,0.015,0.007,22
30.450,-44.700,28.050,0.060,-9.699,2.564,-0.566,0.020,0.013,22
30.450,-44.700,28.050,-0.086,-9.641,2.519,-0.560,0.016,0.013,22
30.450,-44.700,28.050,-0.038,-9.689,2.330,-0.541,0.016,0.005,22
30.900,-44.700,24.750,0.034,-9.778,2.440,-0.523,0.020,0.004,23
30.900,-44.700,24.750,-0.065,-9.821,2.358,-0.525,0.013,0.007,22
30.450,-43.500,24.000,-0.057,-9.773,2.040,-0.501,0.015,0.005,22
30.450,-43.500,24.000,-0.043,-9.881,2.169,-0.483,0.017,0.003,22
30.450,-43.500,24.000,0.014,-10.034,1.961,-0.476,0.014,-0.004,22
31.500,-44.550,22.650,-0.034,-9.981,1.942,-0.434,0.015,-0.004,22
31.500,-44.550,22.650,-0.048,-9.845,1.748,-0.428,0.019,-0.001,23
31.800,-43.050,19.350,-0.129,-10.025,1.951,-0.399,0.014,-0.006,22
31.800,-43.050,19.350,-0.024,-9.888,1.616,-0.393,0.012,0.000,22
31.800,-43.050,19.350,-0.031,-10.084,1.695,-0.357,0.017,0.001,22
31.800,-43.050,19.350,-0.045,-10.010,1.417,-0.317,0.012,0.000,22
30.900,-43.950,18.750,-0.084,-10.218,1.647,-0.295,0.015,0.005,22
30.900,-43.950,18.750,-0.077,-10.017,1.417,-0.252,0.001,0.007,22
31.500,-44.550,16.650,-0.036,-10.314,1.477,-0.208,0.000,0.004,23
31.500,-44.550,16.650,-0.053,-10.427,1.439,-0.149,0.001,0.003,22
31.500,-44.550,16.650,-0.081,-10.602,1.468,-0.080,-0.001,0.006,22
29.850,-43.350,17.850,-0.036,-10.444,1.336,0.025,0.012,0.017,22
29.850,-43.350,17.850,-0.017,-10.338,1.432,0.079,0.011,0.002,22
30.150,-42.450,18.300,-0.314,-9.967,1.664,0.093,0.012,0.003,22
30.150,-42.450,18.300,-0.218,-9.931,1.137,0.137,-0.014,-0.005,23
30.150,-42.450,18.300,0.026,-10.209,1.678,0.160,-0.006,-0.005,22
30.150,-42.450,18.300,-0.022,-10.218,1.906,0.235,-0.029,-0.012,22
31.800,-44.550,18.900,-0.045,-10.142,1.468,0.233,0.006,-0.004,22
31.800,-44.550,18.900,-0.041,-10.218,1.882,0.315,-0.005,-0.013,22
31.800,-44.550,18.900,0.036,-10.285,1.899,0.375,-0.012,-0.018,22
31.800,-44.550,18.900,-0.022,-9.902,1.695,0.379,0.014,-0.016,23
31.800,-44.550,18.900,-0.172,-10.065,2.143,0.433,-0.015,-0.030,22
31.500,-43.050,21.600,-0.067,-9.823,1.729,0.430,0.008,-0.022,22
31.500,-43.050,21.600,-0.144,-10.175,2.413,0.483,-0.019,-0.020,22
32.700,-43.500,24.000,0.007,-10.171,2.729,0.465,-0.001,-0.012,22
32.700,-43.500,24.000,-0.077,-9.704,2.081,0.518,0.002,-0.016,22
30.900,-44.400,24.300,-0.074,-10.032,2.765,0.561,-0.004,-0.025,22
30.900,-44.400,24.300,-0.002,-9.632,2.387,0.567,0.002,-0.030,23
30.900,-44.400,24.300,-0.024,-9.881,2.691,0.604,0.002,-0.031,22
31.800,-44.550,25.950,-0.086,-9.677,2.830,0.626,0.007,-0.025,22
31.800,-44.550,25.950,0.158,-9.673,2.849,0.638,0.008,-0.035,22
31.800,-44.550,25.950,-0.057,-8.760,3.347,0.587,0.011,-0.029,22
31.800,-44.550,25.950,-0.136,-9.304,3.541,0.595,-0.021,-0.035,23
31.050,-44.100,28.200,0.050,-9.297,3.010,0.564,0.004,-0.028,22
31.050,-44.100,28.200,-0.014,-9.048,3.323,0.581,-0.017,-0.019,22
29.700,-44.700,32.100,-0.187,-9.292,3.778,0.566,-0.013,-0.018,22
29.700,-44.700,32.100,0.043,-9.081,3.510,0.554,-0.005,-0.019,22
29.700,-44.700,32.100,-0.117,-9.227,3.998,0.564,-0.027,-0.017,22
31.050,-41.850,32.400,-0.007,-9.000,3.864,0.554,-0.013,-0.016,23
31.050,-41.850,32.400,0.060,-9.048,4.053,0.571,-0.026,-0.010,22
32.250,-43.050,34.200,0.024,-9.012,4.295,0.574,-0.031,-0.016,22
32.250,-43.050,34.200,-0.031,-8.871,4.360,0.572,-0.021,-0.010,22
32.250,-43.050,34.200,0.048,-8.820,4.415,0.570,-0.032,-0.011,22
32.250,-43.050,34.200,-0.036,-8.813,4.527,0.571,-0.032,-0.007,22
31.200,-42.750,37.350,-0.002,-8.669,4.858,0.569,-0.032,-0.004,23
31.200,-42.750,37.350,0.026,-8.581,4.827,0.571,-0.034,-0.014,22
31.200,-42.750,37.350,0.029,-8.471,4.990,0.559,-0.034,-0.015,22
31.050,-42.600,39.000,0.117,-8.461,4.992,0.549,-0.029,-0.009,22
31.050,-42.600,39.000,0.067,-8.511,5.222,0.561,-0.029,-0.013,22
30.900,-41.250,39.600,-0.007,-8.428,5.454,0.572,-0.033,-0.005,22
30.900,-41.250,39.600,0.062,-8.370,5.444,0.579,-0.034,-0.001,23
31.200,-41.250,40.350,0.048,-8.351,5.602,0.589,-0.035,-0.000,22
31.200,-41.250,40.350,0.038,-8.052,5.454,0.590,-0.041,0.004,22
31.200,-41.250,40.350,-0.010,-8.248,5.892,0.615,-0.048,0.006,22
31.200,-41.250,40.350,0.105,-8.205,6.072,0.631,-0.041,0.009,22
31.200,-41.250,40.350,0.136,-7.961,5.952,0.663,-0.046,0.012,22
31.050,-40.650,43.200,0.072,-8.073,6.275,0.700,-0.044,0.015,22
31.050,-40.650,43.200,0.117,-7.755,6.120,0.709,-0.039,0.015,23
31.050,-40.650,43.200,0.115,-7.726,6.412,0.727,-0.039,0.005,22
31.050,-40.650,43.200,0.148,-7.537,6.560,0.723,-0.027,-0.001,22
31.800,-39.000,48.300,0.113,-7.312,6.574,0.736,-0.029,-0.010,22
31.800,-39.000,48.300,0.010,-7.305,6.835,0.755,-0.032,0.001,22
32.400,-36.150,48.600,0.026,-7.068,6.807,0.753,-0.034,0.001,22
32.400,-36.150,48.600,0.053,-6.948,6.960,0.752,-0.038,0.007,23
32.400,-36.150,48.600,0.093,-6.735,7.120,0.735,-0.043,0.008,22
31.650,-35.700,51.150,0.055,-6.589,7.163,0.732,-0.043,0.016,22
31.650,-35.700,51.150,0.192,-6.457,7.288,0.717,-0.039,0.027,22
31.050,-34.350,52.800,0.132,-6.371,7.460,0.707,-0.048,0.038,22
31.050,-34.350,52.800,0.108,-6.321,7.523,0.695,-0.048,0.043,22
31.050,-34.350,52.800,-0.060,-6.148,7.709,0.683,-0.045,0.048,23
31.050,-34.350,52.800,0.038,-5.988,7.717,0.679,-0.056,0.055,22
32.550,-33.600,56.250,0.127,-6.043,7.841,0.682,-0.056,0.059,22
32.550,-33.600,56.250,0.160,-5.887,7.992,0.699,-0.056,0.063,22
32.550,-33.600,56.250,0.175,-5.710,8.037,0.703,-0.054,0.060,22
33.900,-33.750,58.200,0.254,-5.399,8.090,0.698,-0.050,0.045,22
33.900,-33.750,58.200,0.196,-5.270,8.212,0.694,-0.044,0.044,23
31.650,-31.500,60.150,0.239,-5.219,8.334,0.681,-0.033,0.042,22
31.650,-31.500,60.150,0.256,-5.047,8.255,0.675,-0.033,0.041,22
33.150,-29.850,59.400,0.278,-5.095,8.538,0.697,-0.033,0.032,22
33.150,-29.850,59.400,0.299,-4.831,8.705,0.681,-0.025,0.022,22
33.150,-29.850,59.400,0.220,-4.647,8.574,0.688,-0.020,0.009,22
33.150,-29.850,59.400,0.287,-4.676,8.760,0.710,-0.023,0.003,23
32.700,-27.450,61.200,0.297,-4.580,8.775,0.728,-0.015,-0.004,22
32.700,-27.450,61.200,0.242,-4.480,8.916,0.746,-0.007,-0.004,22
32.700,-27.450,61.200,0.239,-4.089,9.000,0.761,-0.010,-0.016,22
33.900,-25.950,64.200,0.247,-3.862,8.830,0.758,0.000,-0.024,22
33.900,-25.950,64.200,0.318,-3.639,9.131,0.757,-0.008,-0.033,22
33.000,-25.350,65.100,0.256,-3.405,8.875,0.723,0.001,-0.041,22
33.000,-25.350,65.100,0.211,-3.345,9.146,0.710,0.003,-0.042,23
34.050,-23.850,65.850,0.180,-3.053,9.282,0.688,0.003,-0.041,22
34.050,-23.850,65.850,0.285,-2.885,9.232,0.667,0.002,-0.043,22
31.800,-21.450,67.050,0.208,-2.806,9.342,0.645,0.002,-0.046,22
31.800,-21.450,67.050,0.247,-2.629,9.378,0.619,-0.002,-0.047,22
31.800,-21.450,67.050,0.189,-2.308,9.352,0.580,0.000,-0.042,23
33.150,-22.050,68.250,0.316,-2.109,9.500,0.521,0.003,-0.033,22
33.150,-22.050,68.250,0.192,-2.215,9.330,0.491,0.012,-0.023,22
33.150,-22.050,68.250,0.201,-2.088,9.527,0.464,0.010,-0.022,22
33.150,-22.050,68.250,0.328,-1.999,9.424,0.442,0.008,-0.020,22
32.700,-20.400,69.450,0.168,-1.935,9.558,0.419,0.002,-0.028,22
32.700,-20.400,69.450,0.259,-1.793,9.574,0.392,0.009,-0.022,23
33.150,-18.150,69.450,0.278,-1.729,9.498,0.378,0.005,-0.015,22
33.150,-18.150,69.450,0.227,-1.757,9.711,0.374,0.007,-0.015,22
33.150,-18.150,69.450,0.242,-1.683,9.625,0.366,0.008,-0.020,22
33.150,-18.450,69.450,0.247,-1.693,9.725,0.371,0.002,-0.024,22
33.150,-18.450,69.450,0.278,-1.358,9.656,0.364,0.011,-0.032,22
33.300,-15.900,70.050,0.266,-1.319,9.658,0.354,0.008,-0.026,23
33.300,-15.900,70.050,0.225,-1.173,9.732,0.343,0.007,-0.020,22
33.300,-15.900,70.050,0.247,-1.140,9.634,0.329,0.013,-0.014,22
33.300,-15.900,70.050,0.314,-1.123,9.737,0.315,0.011,-0.023,22
32.400,-16.500,70.950,0.242,-1.097,9.735,0.306,0.005,-0.025,22
32.400,-16.500,70.950,0.211,-0.931,9.730,0.287,0.002,-0.030,22
32.400,-16.500,70.950,0.187,-0.781,9.675,0.272,0.007,-0.019,23
31.650,-13.800,71.700,0.244,-0.819,9.747,0.256,0.009,-0.015,22
31.650,-13.800,71.700,0.285,-0.737,9.720,0.251,0.008,-0.017,22
32.550,-13.950,70.350,0.215,-0.740,9.749,0.245,0.010,-0.015,22
32.550,-13.950,70.350,0.292,-0.718,9.792,0.251,0.007,-0.018,22
32.700,-13.500,71.250,0.285,-0.582,9.869,0.248,0.007,-0.029,22
32.700,-13.500,71.250,0.237,-0.654,9.776,0.252,0.012,-0.024,23
32.700,-13.500,71.250,0.218,-0.474,9.649,0.258,0.010,-0.024,22
32.700,-13.500,71.250,0.227,-0.350,9.730,0.246,0.008,-0.023,22
32.700,-13.500,71.250,0.256,-0.242,9.902,0.235,0.008,-0.021,22
33.000,-12.450,72.600,0.314,-0.168,9.720,0.235,0.008,-0.025,22
33.000,-12.450,72.600,0.163,-0.239,9.821,0.230,0.007,-0.015,22
33.000,-12.450,72.600,0.220,-0.084,9.653,0.222,0.010,-0.017,23
33.000,-12.450,72.600,0.371,0.673,9.380,0.184,0.004,-0.018,22
33.150,-11.100,72.000,0.309,0.730,9.555,0.097,0.013,-0.012,22
33.150,-11.100,72.000,0.249,0.582,9.534,-0.021,0.014,0.003,22
33.150,-12.300,73.200,0.220,0.524,9.519,-0.088,0.016,0.005,22
33.150,-12.300,73.200,0.412,0.160,9.821,-0.114,0.016,0.001,22
33.150,-12.300,73.200,0.371,-0.247,9.819,-0.094,0.010,-0.015,23
33.300,-11.700,71.550,0.184,-0.235,9.900,-0.092,0.013,-0.024,22
33.300,-11.700,71.550,0.249,-0.041,9.682,-0.074,0.003,-0.022,22
33.900,-11.100,72.450,0.290,-0.065,9.898,-0.083,0.003,-0.019,22
33.900,-11.100,72.450,0.352,0.215,9.572,-0.120,0.014,-0.005,22
33.900,-11.100,72.450,0.271,0.084,9.840,-0.129,0.012,-0.011,22
33.900,-11.100,72.450,0.342,-0.086,9.862,-0.141,0.010,-0.015,23
31.950,-12.300,72.450,0.239,-0.124,10.003,-0.163,0.011,-0.018,22
31.950,-12.300,72.450,0.278,-0.002,9.682,-0.164,0.002,-0.027,22
31.950,-12.300,72.450,0.292,0.124,9.646,-0.204,0.012,-0.018,22
32.700,-12.300,70.500,0.235,0.144,9.701,-0.242,0.009,-0.017,22
32.700,-12.300,70.500,0.318,0.120,9.586,-0.300,0.010,-0.013,22
33.300,-12.000,71.550,0.232,-0.055,9.780,-0.345,0.015,-0.007,22
33.300,-12.000,71.550,0.333,0.010,9.723,-0.391,0.015,0.001,23
33.750,-14.850,72.900,0.304,-0.084,9.728,-0.453,0.017,-0.001,22
33.750,-14.850,72.900,0.285,-0.211,9.685,-0.486,0.016,0.001,22
33.750,-14.850,72.900,0.285,-0.510,9.728,-0.521,0.018,0.008,22
33.750,-14.850,72.900,0.266,-0.558,9.632,-0.547,0.017,0.012,22
33.150,-16.500,70.950,0.204,-0.838,9.725,-0.568,0.016,0.012,22
33.150,-16.500,70.950,0.261,-0.855,9.677,-0.582,0.019,0.013,23
33.150,-16.500,70.950,0.211,-1.046,9.720,-0.591,0.017,0.007,22
32.400,-15.000,70.200,0.302,-1.166,9.639,-0.608,0.013,0.004,22
32.400,-15.000,70.200,0.254,-1.197,9.596,-0.633,0.012,0.007,22
31.950,-16.950,71.250,0.177,-1.401,9.627,-0.646,0.016,0.009,22
31.950,-16.950,71.250,0.192,-1.460,9.582,-0.671,0.018,0.017,22
32.550,-19.500,70.800,0.211,-1.585,9.510,-0.685,0.016,0.010,23
32.550,-19.500,70.800,0.239,-1.832,9.550,-0.702,0.016,0.015,22
32.550,-19.500,70.800,0.256,-1.841,9.541,-0.717,0.010,0.018,22
32.550,-19.500,70.800,-0.079,-2.037,9.285,-0.730,0.014,0.020,22
32.550,-19.500,70.800,0.038,-2.468,9.529,-0.747,0.058,0.024,22
33.600,-22.500,68.250,0.093,-2.727,9.969,-0.721,0.006,0.000,22
33.600,-22.500,68.250,0.043,-2.739,9.404,-0.743,0.015,0.012,23
33.600,-22.500,68.250,-0.055,-2.782,9.325,-0.758,0.012,0.018,22
33.600,-22.500,68.250,0.127,-2.887,9.103,-0.728,0.014,0.009,22
32.250,-22.200,66.300,0.400,-3.175,9.409,-0.737,0.027,0.008,22
32.250,-22.200,66.300,0.283,-3.225,9.172,-0.733,0.010,0.010,22
33.150,-23.250,65.400,0.376,-3.306,9.143,-0.721,0.007,0.015,22
33.150,-23.250,65.400,0.187,-3.505,9.206,-0.720,0.010,0.010,23
33.150,-23.250,65.400,0.278,-3.642,9.151,-0.721,0.019,0.009,22
33.000,-26.550,63.300,0.311,-3.735,9.036,-0.723,0.020,0.015,22
33.000,-26.550,63.300,0.297,-3.871,9.153,-0.713,0.020,0.007,22
33.150,-27.450,64.950,0.278,-4.099,8.885,-0.726,0.019,0.013,22
33.150,-27.450,64.950,0.206,-4.195,8.909,-0.720,0.027,0.008,22
33.150,-27.450,64.950,0.165,-4.254,8.782,-0.724,0.022,0.012,23
33.150,-27.450,64.950,0.323,-4.453,9.005,-0.717,0.023,0.013,22
32.400,-28.350,62.400,0.249,-4.381,8.631,-0.725,0.020,0.015,22
32.400,-28.350,62.400,0.084,-4.647,8.478,-0.741,0.021,0.008,22
32.400,-28.350,62.400,0.045,-4.719,8.514,-0.742,0.025,0.012,22
32.400,-29.850,61.200,0.163,-4.867,8.538,-0.758,0.012,0.015,22
32.400,-29.850,61.200,0.271,-4.966,8.404,-0.767,0.015,0.019,23
32.250,-30.900,60.300,0.304,-5.157,8.351,-0.772,0.015,0.020,22
32.250,-30.900,60.300,0.122,-5.279,8.174,-0.780,0.027,0.013,22
33.000,-31.200,57.300,0.060,-5.490,8.167,-0.790,0.017,0.019,22
33.000,-31.200,57.300,0.077,-5.586,7.989,-0.788,0.009,0.012,22
33.000,-31.200,57.300,0.206,-5.614,7.932,-0.794,0.018,0.013,22
33.000,-31.200,57.300,0.225,-5.703,7.805,-0.803,0.018,0.010,23
33.000,-31.200,57.300,-0.091,-5.945,7.685,-0.830,0.020,0.010,22
31.500,-32.850,54.750,0.065,-6.024,7.444,-0.836,0.014,0.017,22
31.500,-32.850,54.750,0.251,-6.440,7.616,-0.849,0.010,0.023,22
32.700,-34.200,53.700,0.237,-6.515,7.386,-0.837,0.026,0.027,22
32.700,-34.200,53.700,0.247,-6.601,7.456,-0.827,0.026,0.013,22
33.000,-34.800,52.800,0.005,-6.840,7.192,-0.814,0.023,0.009,23
33.000,-34.800,52.800,0.132,-7.010,7.242,-0.802,0.020,0.007,22
32.550,-36.300,51.750,0.053,-6.938,6.857,-0.785,0.019,0.019,22
32.550,-36.300,51.750,0.117,-7.216,7.161,-0.759,0.020,0.014,22
32.550,-36.300,51.750,0.136,-7.230,6.744,-0.760,0.027,0.012,22
32.550,-36.300,51.750,0.172,-7.499,6.768,-0.742,0.020,0.019,22
32.550,-36.300,51.750,0.110,-7.470,6.450,-0.713,0.010,0.012,23
31.950,-37.350,48.600,0.113,-7.676,6.632,-0.703,0.019,0.019,22
31.950,-37.350,48.600,0.057,-7.649,6.325,-0.682,0.010,0.015,22
31.200,-39.300,47.100,0.026,-7.872,6.373,-0.638,0.013,0.011,22
31.200,-39.300,47.100,0.122,-8.128,6.294,-0.597,0.012,0.010,22
31.800,-38.250,46.500,0.115,-8.301,6.203,-0.549,0.016,0.011,22
31.800,-38.250,46.500,0.108,-8.404,6.117,-0.459,0.015,0.011,23
32.550,-38.250,46.500,0.050,-8.468,6.110,-0.394,0.019,0.008,22
32.550,-39.900,44.700,0.060,-8.480,6.155,-0.322,0.009,0.003,22
32.550,-39.900,44.700,0.120,-8.583,6.031,-0.256,0.007,0.003,22
33.750,-38.250,44.700,0.065,-8.662,6.029,-0.151,0.019,-0.006,22
33.750,-38.250,44.700,0.029,-8.566,5.906,-0.065,0.011,-0.009,22
32.700,-39.300,43.650,0.036,-8.614,6.184,-0.001,0.010,-0.017,22
32.700,-39.300,43.650,0.093,-8.210,5.823,0.042,0.017,-0.021,23
32.700,-39.300,43.650,0.156,-8.389,5.878,0.091,0.009,-0.013,22
32.700,-39.300,43.650,0.113,-8.298,5.734,0.145,-0.002,-0.016,22
32.700,-39.300,43.650,0.041,-7.994,6.527,0.157,0.004,-0.009,22
32.700,-39.600,45.600,0.160,-8.155,5.928,0.205,0.011,-0.010,22
32.700,-39.600,45.600,0.084,-8.349,6.376,0.266,0.003,-0.015,22
33.000,-40.200,45.450,0.072,-8.085,6.146,0.284,0.013,-0.017,23
33.000,-40.200,45.450,0.017,-8.042,6.287,0.320,0.020,-0.022,22
32.400,-39.300,45.900,0.005,-7.887,6.108,0.365,0.002,-0.023,22
32.400,-39.300,45.900,0.053,-8.066,6.495,0.400,0.010,-0.019,22
31.950,-38.550,47.400,0.156,-7.918,6.361,0.435,0.010,-0.021,22
31.950,-38.550,47.400,0.079,-7.829,6.586,0.495,0.005,-0.016,22
31.950,-38.550,47.400,0.002,-7.726,6.586,0.541,0.014,-0.021,23
31.950,-38.550,47.400,0.067,-7.621,6.682,0.579,0.009,-0.025,22
31.950,-38.550,47.400,0.079,-7.554,6.764,0.636,-0.001,-0.030,22
31.650,-37.350,49.350,0.163,-7.525,6.888,0.677,0.010,-0.033,22
31.650,-37.350,49.350,0.172,-7.276,6.953,0.704,0.010,-0.035,22
32.400,-38.100,51.600,0.041,-6.974,7.061,0.732,0.005,-0.030,22
32.400,-38.100,51.600,0.079,-6.869,7.214,0.745,0.000,-0.039,23
33.000,-37.500,54.000,0.249,-6.582,7.223,0.725,0.003,-0.037,22
33.000,-37.500,54.000,0.108,-6.112,7.077,0.689,0.005,-0.037,22
33.150,-34.500,54.450,0.024,-6.215,7.470,0.666,-0.005,-0.028,22
33.150,-34.500,54.450,0.136,-6.225,7.664,0.629,0.007,-0.026,22
33.150,-34.500,54.450,0.323,-5.962,7.441,0.642,0.004,-0.039,22
33.150,-34.500,54.450,0.124,-6.285,7.975,0.644,0.005,-0.046,23
33.150,-34.500,54.450,0.093,-5.928,7.712,0.626,0.009,-0.032,22
33.600,-31.800,57.450,0.177,-5.756,7.817,0.635,-0.005,-0.033,22
33.600,-31.800,57.450,0.192,-5.713,8.121,0.620,0.007,-0.025,22
32.550,-32.400,58.050,0.215,-5.377,8.028,0.608,0.012,-0.030,22
32.550,-32.400,58.050,0.043,-5.401,8.207,0.618,0.001,-0.033,22
32.700,-30.600,59.700,0.117,-5.303,8.234,0.606,0.000,-0.030,23
32.700,-30.600,59.700,0.184,-5.176,8.351,0.606,0.004,-0.028,22
32.700,-30.600,59.700,0.218,-5.073,8.413,0.605,0.004,-0.025,22
33.600,-30.600,60.150,0.153,-4.930,8.528,0.601,0.002,-0.025,22
33.600,-30.600,60.150,0.165,-4.772,8.523,0.590,0.003,-0.025,22
33.600,-30.600,60.150,0.170,-4.772,8.576,0.589,0.002,-0.027,22
33.600,-30.600,60.150,0.208,-4.499,8.686,0.601,0.006,-0.033,23
31.050,-27.300,61.800,0.199,-4.480,8.842,0.591,0.005,-0.027,22
31.050,-27.300,61.800,0.268,-4.252,8.744,0.592,0.007,-0.035,22
31.050,-27.300,61.800,0.208,-4.274,8.894,0.592,0.008,-0.032,22
31.050,-27.300,61.800,0.180,-4.199,8.916,0.601,0.001,-0.031,22
31.050,-27.300,61.800,0.153,-4.104,9.019,0.616,-0.002,-0.036,22
31.800,-27.300,64.050,0.160,-3.958,9.148,0.634,0.007,-0.039,23
31.800,-27.300,64.050,0.275,-3.740,9.045,0.642,0.007,-0.042,22
33.000,-24.600,64.800,0.199,-3.627,9.285,0.659,-0.001,-0.043,22
33.000,-24.600,64.800,0.249,-3.448,9.189,0.665,0.004,-0.033,22
33.600,-24.000,67.200,0.187,-3.349,9.203,0.664,0.001,-0.046,22
33.600,-24.000,67.200,0.266,-2.962,9.290,0.673,0.004,-0.042,22
34.350,-22.050,67.950,0.256,-2.844,9.333,0.658,0.008,-0.048,22
34.350,-22.050,67.950,0.175,-2.658,9.309,0.641,-0.002,-0.047,23
34.350,-22.050,67.950,0.180,-2.490,9.402,0.631,-0.004,-0.040,22
34.350,-22.050,67.950,0.175,-2.322,9.349,0.607,0.002,-0.043,22
34.350,-22.050,67.950,0.335,-1.906,9.369,0.541,0.009,-0.032,22
31.650,-19.350,68.250,0.283,-1.674,9.301,0.489,0.002,-0.028,22
31.650,-19.350,68.250,0.218,-1.501,9.349,0.413,0.010,-0.027,22
32.400,-18.150,67.950,0.239,-1.329,9.421,0.334,0.006,-0.030,23
32.400,-18.150,67.950,0.223,-1.274,9.517,0.223,0.010,-0.022,22
32.250,-18.300,69.600,0.290,-1.243,9.479,0.137,0.007,-0.014,22
32.250,-18.300,69.600,0.208,-1.152,9.469,0.056,0.015,-0.009,22
32.250,-18.300,69.600,0.256,-1.118,9.436,-0.060,0.012,0.002,22
33.150,-18.150,69.450,0.232,-1.118,9.491,-0.138,0.012,0.004,22
33.150,-18.150,69.450,0.309,-1.288,9.534,-0.209,0.016,0.006,23
33.150,-18.150,69.450,0.206,-1.221,9.500,-0.274,0.018,0.000,22
33.150,-18.150,69.450,0.163,-1.401,9.349,-0.371,0.007,0.001,22
33.000,-19.500,70.800,0.211,-1.618,9.615,-0.433,0.011,0.009,22
33.000,-19.500,70.800,0.230,-1.638,9.445,-0.482,0.007,0.013,22
31.500,-19.050,68.850,0.321,-1.731,9.383,-0.543,0.013,0.011,22
31.500,-19.050,68.850,0.294,-2.018,9.373,-0.589,0.012,0.014,23
31.500,-19.050,68.850,0.192,-2.140,9.455,-0.620,0.011,0.003,22
31.500,-20.700,67.800,0.194,-2.207,9.242,-0.668,0.019,0.014,22
31.500,-20.700,67.800,0.218,-2.418,9.285,-0.717,0.011,0.005,22
32.700,-21.600,68.250,0.302,-2.473,9.278,-0.754,0.019,0.007,22
32.700,-21.600,68.250,0.242,-2.830,9.120,-0.790,0.008,0.025,22
32.700,-21.600,68.250,0.160,-2.727,9.213,-0.844,0.018,0.029,23
32.700,-21.600,68.250,0.227,-3.182,9.103,-0.875,0.024,0.023,22
31.200,-24.750,65.400,0.419,-3.268,9.170,-0.908,0.019,0.019,22
31.200,-24.750,65.400,0.340,-3.227,8.878,-0.952,0.026,0.016,22
31.200,-24.750,65.400,0.211,-3.826,8.617,-0.980,0.006,0.021,22
31.200,-24.750,65.400,-0.017,-4.384,8.614,-0.964,0.025,0.022,22
31.200,-24.750,65.400,0.314,-4.068,8.959,-0.975,0.035,0.019,23
31.800,-27.000,62.850,0.378,-4.142,8.471,-0.996,0.020,0.022,22
31.800,-27.000,62.850,0.227,-4.690,8.985,-0.998,0.017,0.014,22
31.500,-30.450,61.350,0.180,-4.662,8.516,-1.016,0.022,0.023,22
31.500,-30.450,61.350,0.057,-5.104,8.368,-1.027,0.025,0.024,22
33.600,-29.100,59.400,0.048,-5.222,8.296,-1.031,0.011,0.025,22
33.600,-29.100,59.400,0.259,-5.322,8.061,-1.023,0.022,0.021,23
33.000,-31.650,59.250,0.244,-5.641,8.219,-1.008,0.015,0.026,22
33.000,-31.650,59.250,0.120,-5.820,7.944,-1.001,0.023,0.022,22
33.000,-31.650,59.250,0.134,-5.899,7.654,-0.990,0.023,0.031,22
33.000,-31.650,59.250,0.180,-6.179,7.894,-0.983,0.017,0.032,22
33.000,-31.650,59.250,0.189,-6.242,7.544,-0.970,0.023,0.027,22
33.000,-34.350,55.050,0.175,-6.440,7.568,-0.950,0.019,0.020,23
33.000,-34.350,55.050,0.129,-6.706,7.276,-0.932,0.023,0.018,22
32.250,-36.750,52.800,0.067,-6.797,7.266,-0.912,0.024,0.014,22
32.250,-36.750,52.800,0.196,-6.907,7.195,-0.890,0.026,0.013,22
31.200,-36.900,51.900,0.194,-6.970,7.061,-0.881,0.027,0.009,22
31.200,-36.900,51.900,0.115,-7.077,6.862,-0.877,0.028,0.007,22
31.200,-36.900,51.900,0.007,-7.216,6.675,-0.888,0.023,0.008,23
31.800,-36.750,50.550,0.160,-7.254,6.598,-0.891,0.019,0.006,22
31.800,-36.750,50.550,0.139,-7.367,6.352,-0.905,0.026,0.006,22
31.800,-36.750,50.550,0.079,-7.523,6.361,-0.908,0.028,0.017,22
31.800,-36.750,50.550,0.093,-7.575,6.120,-0.928,0.016,0.016,22
32.400,-39.600,45.600,0.096,-7.638,5.921,-0.940,0.019,0.019,22
32.400,-39.600,45.600,0.086,-7.944,5.734,-0.952,0.019,0.032,23
31.500,-40.650,43.500,0.019,-8.011,5.677,-0.969,0.014,0.022,22
31.500,-40.650,43.500,0.029,-8.030,5.413,-0.994,0.018,0.019,22
31.500,-40.650,43.500,0.098,-8.203,5.409,-0.997,0.017,0.026,22
32.550,-42.150,40.500,0.007,-8.353,5.133,-1.018,0.022,0.030,22
32.550,-42.150,40.500,0.022,-8.540,4.987,-1.035,0.016,0.032,22
31.050,-41.850,39.000,0.012,-8.612,4.685,-1.035,0.005,0.030,23
31.050,-41.850,39.000,0.022,-8.741,4.647,-1.041,0.015,0.028,22
31.050,-41.850,39.000,0.084,-8.894,4.511,-1.026,0.010,0.029,22
31.050,-41.850,39.000,-0.031,-9.309,4.274,-1.022,0.015,0.033,22
32.400,-44.400,35.850,-0.034,-9.201,3.938,-0.982,0.008,0.024,22
32.400,-44.400,35.850,0.034,-9.481,4.053,-0.952,0.017,0.031,22
32.400,-44.400,35.850,0.096,-9.629,3.785,-0.890,0.018,0.019,23
32.400,-44.400,35.850,-0.024,-9.682,3.735,-0.833,0.016,0.017,22
32.400,-44.400,35.850,-0.050,-9.780,3.531,-0.767,0.013,0.017,22
33.000,-43.800,31.650,-0.007,-9.900,3.472,-0.683,0.009,0.020,22
33.000,-43.800,31.650,-0.012,-9.979,3.191,-0.622,0.009,0.011,22
32.250,-44.100,29.700,0.017,-9.967,3.254,-0.568,0.019,0.013,22
32.250,-44.100,29.700,-0.010,-9.910,3.175,-0.509,0.021,0.002,22
31.500,-43.050,29.400,-0.014,-10.044,3.007,-0.425,0.025,-0.002,23
31.500,-43.050,29.400,-0.022,-10.132,2.919,-0.366,0.019,-0.004,22
31.500,-43.050,29.400,-0.079,-10.197,3.053,-0.299,0.021,-0.001,22
31.650,-45.150,27.300,-0.086,-10.151,2.897,-0.193,0.023,-0.006,22
31.650,-45.150,27.300,-0.177,-10.266,2.942,-0.106,0.017,-0.005,22
31.650,-45.150,27.300,-0.069,-10.120,2.847,-0.037,0.017,0.002,22
31.650,-45.150,27.300,-0.022,-9.859,2.758,0.017,0.022,-0.008,23
31.950,-45.150,27.000,0.072,-9.675,2.885,0.063,0.024,-0.010,22
31.950,-45.150,27.000,0.081,-9.759,3.067,0.082,0.014,-0.008,22
29.700,-43.500,27.000,-0.426,-9.708,2.753,0.098,-0.004,-0.014,22
29.700,-43.500,27.000,0.007,-9.831,2.619,0.132,0.009,-0.017,22
29.700,-43.500,27.000,-0.117,-9.833,2.732,0.197,0.002,-0.013,22
31.650,-43.500,27.000,0.069,-10.046,3.019,0.224,0.007,-0.009,23
31.650,-43.500,27.000,-0.012,-9.663,3.309,0.282,0.006,-0.016,22
32.550,-45.000,28.950,-0.086,-9.943,3.249,0.347,-0.005,-0.017,22
32.550,-45.000,28.950,-0.180,-9.799,3.089,0.377,-0.008,-0.011,22
32.550,-45.000,28.950,0.005,-9.713,3.500,0.403,-0.007,-0.014,22
32.550,-45.000,28.950,-0.084,-9.615,3.208,0.443,-0.002,-0.018,22
31.500,-44.100,29.700,-0.115,-9.622,3.618,0.491,-0.014,-0.020,23
31.500,-44.100,29.700,0.007,-9.515,3.610,0.511,-0.002,-0.018,22
33.300,-43.050,32.700,0.089,-9.505,3.735,0.547,-0.003,-0.020,22
33.300,-43.050,32.700,-0.041,-9.416,3.816,0.600,0.003,-0.026,22
33.300,-43.050,32.700,-0.036,-9.335,3.917,0.622,-0.005,-0.031,22
31.950,-43.200,34.350,-0.041,-9.459,4.108,0.655,-0.006,-0.027,22
31.950,-43.200,34.350,0.036,-9.251,4.070,0.694,-0.003,-0.021,23
31.800,-41.850,36.750,0.079,-8.988,4.087,0.730,-0.012,-0.031,22
31.800,-41.850,36.750,-0.163,-8.416,4.762,0.698,-0.001,-0.033,22
33.150,-41.550,37.800,-0.196,-8.602,4.805,0.671,0.009,-0.024,22
33.150,-41.550,37.800,-0.093,-8.911,4.616,0.687,-0.023,-0.020,22
32.550,-42.150,40.200,0.079,-8.815,5.052,0.701,-0.019,-0.016,22
32.550,-42.150,40.200,-0.098,-8.514,5.138,0.688,-0.016,-0.014,23
32.550,-42.150,40.200,-0.091,-8.291,4.820,0.684,-0.029,-0.011,22
32.550,-42.150,40.200,-0.091,-8.475,5.435,0.680,-0.028,-0.008,22
32.550,-42.150,40.200,0.089,-8.277,5.392,0.684,-0.035,-0.003,22
32.550,-40.200,42.750,-0.010,-8.272,5.533,0.687,-0.034,-0.005,22
32.550,-40.200,42.750,-0.055,-8.116,5.610,0.691,-0.030,-0.002,22
33.600,-38.550,46.350,0.041,-7.946,5.988,0.682,-0.028,-0.007,23
33.600,-38.550,46.350,0.079,-8.001,6.050,0.689,-0.038,0.001,22
33.150,-38.550,47.100,0.029,-7.987,6.074,0.715,-0.046,0.005,22
33.150,-38.550,47.100,-0.002,-7.839,6.105,0.731,-0.050,0.007,22
33.150,-38.550,47.100,0.060,-7.796,6.393,0.753,-0.052,0.002,22
32.550,-37.500,48.000,0.055,-7.460,6.479,0.763,-0.043,0.005,22
32.550,-37.500,48.000,0.146,-7.350,6.615,0.762,-0.041,0.005,23
32.550,-37.500,48.000,0.086,-7.082,6.637,0.754,-0.030,0.008,22
32.550,-37.500,48.000,0.182,-7.130,6.929,0.758,-0.033,0.004,22
32.400,-37.650,50.850,0.148,-6.977,6.749,0.766,-0.023,-0.004,22
32.400,-37.650,50.850,0.110,-6.747,7.020,0.773,-0.033,-0.005,22
32.250,-36.300,53.250,0.122,-6.783,7.223,0.776,-0.020,-0.005,22
32.250,-36.300,53.250,0.168,-6.675,7.209,0.790,-0.012,-0.019,23
32.250,-36.300,53.250,0.196,-6.608,7.429,0.806,-0.010,-0.027,22
31.950,-33.000,54.900,0.266,-6.462,7.525,0.814,-0.002,-0.034,22
31.950,-33.000,54.900,0.153,-6.122,7.750,0.824,-0.002,-0.038,22
33.750,-32.850,58.050,0.220,-5.974,7.889,0.830,0.007,-0.052,22
33.750,-32.850,58.050,0.180,-5.737,7.839,0.827,0.001,-0.058,22
33.750,-32.850,58.050,0.134,-5.571,7.975,0.821,0.007,-0.055,23
33.750,-32.850,58.050,0.043,-5.502,8.145,0.800,-0.002,-0.053,22
32.700,-31.800,59.400,0.192,-5.128,8.186,0.784,0.000,-0.054,22
32.700,-31.800,59.400,0.175,-5.016,8.274,0.761,0.005,-0.045,22
32.700,-31.800,59.400,0.105,-4.994,8.389,0.753,0.002,-0.041,22
32.700,-31.800,59.400,0.266,-4.827,8.423,0.741,0.003,-0.034,22
32.700,-31.800,59.400,0.182,-4.654,8.478,0.727,-0.005,-0.033,23
33.300,-28.950,61.800,0.376,-4.401,8.803,0.718,0.003,-0.026,22
33.300,-28.950,61.800,0.249,-4.228,8.564,0.693,0.006,-0.033,22
31.950,-27.150,62.700,-0.034,-4.209,8.887,0.681,-0.012,-0.033,22
31.950,-27.150,62.700,0.036,-3.883,8.653,0.654,0.001,-0.034,22
34.500,-26.100,65.550,0.050,-3.982,8.983,0.665,-0.005,-0.032,22
34.500,-26.100,65.550,0.237,-3.788,9.062,0.652,0.001,-0.028,23
34.500,-26.100,65.550,0.251,-3.637,9.026,0.638,0.008,-0.028,22
32.250,-24.600,65.850,0.196,-3.637,9.129,0.656,-0.001,-0.031,22
32.250,-24.600,65.850,0.187,-3.462,9.215,0.662,-0.007,-0.027,22
32.250,-24.600,65.850,0.208,-3.237,9.086,0.642,0.007,-0.025,22
32.250,-24.600,65.850,0.196,-2.784,9.220,0.629,0.004,-0.039,22
31.800,-22.950,67.050,0.194,-2.595,9.194,0.592,0.012,-0.036,23
31.800,-22.950,67.050,0.177,-2.373,9.325,0.516,0.003,-0.032,22
33.750,-21.000,67.800,0.263,-2.200,9.258,0.463,0.003,-0.034,22
33.750,-21.000,67.800,0.436,-1.997,9.268,0.387,0.002,-0.035,22
33.750,-21.000,67.800,0.297,-1.640,9.311,0.252,0.008,-0.032,22
34.350,-21.300,69.450,0.204,-1.465,9.270,0.143,0.006,-0.027,22
34.350,-21.300,69.450,0.215,-1.374,9.177,0.018,0.006,-0.026,23
32.550,-19.950,68.850,0.153,-1.465,9.285,-0.094,0.002,-0.022,22
32.550,-19.950,68.850,0.165,-1.501,9.239,-0.247,0.006,-0.011,22
32.550,-19.950,68.850,0.285,-1.642,9.237,-0.327,0.013,-0.006,22
32.550,-19.950,68.850,0.275,-1.884,9.503,-0.428,0.018,0.008,22
32.550,-21.900,69.300,0.290,-1.975,9.239,-0.553,0.026,0.012,22
32.550,-21.900,69.300,0.275,-2.205,9.467,-0.608,0.018,0.016,22
33.000,-21.900,68.550,0.318,-2.282,9.086,-0.681,0.026,0.019,23
33.000,-21.900,68.550,0.158,-2.662,9.098,-0.736,0.027,0.012,22
33.000,-21.900,68.550,0.172,-2.643,9.041,-0.838,0.019,0.014,22
33.900,-22.500,65.700,-0.117,-2.897,8.588,-0.907,0.012,0.020,22
33.900,-22.500,65.700,-0.057,-3.146,8.933,-0.960,0.007,0.043,22
32.550,-25.350,66.300,0.199,-3.033,8.811,-1.057,0.011,0.038,22
32.550,-25.350,66.300,0.498,-3.907,8.947,-1.097,0.000,0.044,23
32.550,-25.350,66.300,0.220,-3.862,8.557,-1.135,0.011,0.034,22
32.550,-25.350,66.300,-0.065,-4.027,9.036,-1.164,0.007,0.034,22
33.000,-28.500,62.100,0.014,-4.714,8.373,-1.151,0.030,0.036,22
33.000,-28.500,62.100,-0.024,-5.315,8.313,-1.120,0.009,0.026,22
33.000,-28.500,62.100,0.280,-5.205,8.480,-1.114,0.014,0.021,22
34.050,-30.000,61.350,0.311,-5.583,8.310,-1.067,0.024,0.013,23
34.050,-30.000,61.350,0.273,-5.626,8.243,-1.051,0.044,0.021,22
33.750,-31.650,58.800,0.263,-5.705,8.131,-1.010,0.022,0.018,22
33.750,-31.650,58.800,0.242,-5.978,7.973,-0.998,0.030,0.014,22
34.350,-33.750,56.700,0.196,-6.005,7.724,-0.974,0.026,0.010,22
34.350,-33.750,56.700,0.091,-6.282,7.721,-0.945,0.021,0.010,22
33.750,-34.800,55.050,0.086,-6.294,7.525,-0.945,0.027,0.012,23
33.750,-34.800,55.050,0.081,-6.455,7.573,-0.929,0.021,0.023,22
33.750,-34.800,55.050,0.146,-6.388,7.314,-0.935,0.030,0.018,22
33.000,-35.550,54.300,0.031,-6.625,7.046,-0.937,0.019,0.020,22
33.000,-35.550,54.300,0.057,-6.905,7.106,-0.946,0.012,0.023,22
33.000,-35.550,54.300,0.146,-6.898,6.919,-0.951,0.017,0.031,22
33.000,-35.550,54.300,0.201,-7.156,6.780,-0.948,0.018,0.026,23
31.950,-36.150,50.850,0.146,-7.286,6.515,-0.948,0.023,0.025,22
31.950,-36.150,50.850,0.045,-7.523,6.517,-0.932,0.019,0.027,22
32.700,-37.650,48.600,0.081,-7.712,6.349,-0.920,0.024,0.027,22
32.700,-37.650,48.600,0.069,-7.697,6.232,-0.902,0.016,0.017,22
32.700,-37.650,48.600,0.031,-7.884,6.093,-0.891,0.017,0.027,22
31.800,-38.250,46.950,0.062,-7.891,6.009,-0.889,0.026,0.027,23
31.800,-38.250,46.950,0.182,-8.234,5.650,-0.872,0.017,0.017,22
32.700,-40.050,44.400,0.122,-8.226,5.703,-0.862,0.017,0.011,22
32.700,-40.050,44.400,-0.050,-8.365,5.574,-0.833,0.022,0.017,22
32.700,-40.050,44.400,0.041,-8.425,5.425,-0.815,0.017,0.017,22
32.700,-40.050,44.400,0.158,-8.452,5.375,-0.800,0.026,0.017,22
33.750,-39.900,41.250,-0.048,-8.602,5.057,-0.781,0.018,0.009,23
33.750,-39.900,41.250,-0.017,-8.605,4.982,-0.759,0.012,0.013,22
33.750,-39.900,41.250,0.038,-8.691,4.913,-0.754,0.022,0.010,22
32.700,-41.250,39.300,0.096,-8.813,4.903,-0.743,0.022,0.013,22
32.700,-41.250,39.300,-0.124,-8.820,4.693,-0.720,0.015,0.018,22
31.800,-42.600,38.250,0.136,-9.017,4.542,-0.703,0.004,0.014,22
31.800,-42.600,38.250,0.101,-9.033,4.460,-0.689,0.015,0.017,23
32.250,-41.850,36.000,0.103,-8.926,4.104,-0.685,0.020,0.012,22
32.250,-41.850,36.000,0.043,-9.122,4.118,-0.675,0.023,0.008,22
32.250,-41.850,36.000,-0.043,-9.112,4.135,-0.678,0.016,0.009,22
32.250,-41.850,36.000,-0.101,-9.057,3.752,-0.687,0.010,0.015,22
32.250,-41.850,36.000,0.074,-9.184,3.627,-0.684,0.023,0.010,22
33.000,-42.600,33.450,0.041,-9.323,3.618,-0.683,0.017,0.013,23
33.000,-42.600,33.450,-0.101,-9.234,3.462,-0.685,0.014,0.013,22
33.900,-42.750,31.800,-0.053,-9.433,3.462,-0.681,0.011,0.014,22
33.900,-42.750,31.800,0.120,-9.431,3.349,-0.672,0.018,0.009,22
31.950,-43.500,30.300,-0.098,-9.534,3.081,-0.659,0.025,0.007,22
31.950,-43.500,30.300,-0.124,-9.524,2.969,-0.652,0.017,0.008,22
31.800,-44.550,28.950,-0.093,-9.558,2.878,-0.646,0.015,0.012,23
31.800,-44.550,28.950,-0.022,-9.629,2.792,-0.635,0.013,0.008,22
31.800,-44.550,28.950,-0.024,-9.632,2.667,-0.630,0.014,0.010,22
31.800,-44.550,28.950,-0.117,-9.785,2.464,-0.617,0.015,0.014,22
31.800,-44.550,28.950,-0.067,-9.776,2.358,-0.597,0.018,0.004,22
33.300,-44.550,26.400,0.050,-9.708,2.392,-0.594,0.019,-0.001,22
33.300,-44.550,26.400,-0.172,-9.859,2.162,-0.579,0.020,0.003,23
33.300,-44.550,26.400,-0.005,-9.835,1.966,-0.569,0.015,0.011,22
33.300,-44.550,26.400,-0.031,-9.943,1.946,-0.570,0.014,0.006,22
33.150,-44.400,21.300,-0.069,-9.874,1.870,-0.550,0.017,-0.000,22
33.150,-44.400,21.300,-0.139,-9.797,1.654,-0.548,0.002,0.005,22
32.400,-44.400,20.250,-0.141,-9.996,1.705,-0.533,0.013,0.014,22
32.400,-44.400,20.250,-0.017,-10.005,1.465,-0.513,0.013,0.013,23
32.400,-44.400,20.250,-0.108,-10.108,1.369,-0.497,0.016,0.008,22
33.300,-42.600,20.400,-0.050,-10.068,1.422,-0.461,0.010,0.008,22
33.300,-42.600,20.400,-0.132,-10.022,1.317,-0.446,0.016,0.004,22
31.800,-43.050,18.900,-0.160,-10.154,1.276,-0.418,0.011,0.006,22
31.800,-43.050,18.900,-0.002,-10.199,1.089,-0.372,0.009,-0.004,22
31.800,-43.050,18.900,-0.146,-10.163,1.080,-0.341,0.023,0.002,22
31.800,-43.050,18.900,-0.053,-10.252,1.106,-0.310,0.013,0.001,23
33.750,-42.150,18.150,-0.151,-10.293,1.027,-0.279,0.007,-0.000,22
33.750,-42.150,18.150,-0.134,-10.434,1.063,-0.194,0.012,-0.008,22
33.750,-42.150,18.150,-0.067,-10.367,0.936,-0.141,0.020,-0.006,22
31.500,-44.100,17.400,-0.115,-10.446,0.900,-0.073,0.020,-0.005,22
31.500,-44.100,17.400,-0.136,-10.319,0.757,0.009,0.016,-0.005,22
32.550,-43.350,17.850,-0.019,-10.113,0.895,0.036,0.034,-0.006,23
32.550,-43.350,17.850,-0.038,-10.077,0.893,0.055,0.025,-0.013,22
31.650,-43.200,16.950,-0.441,-9.706,0.962,0.032,0.017,-0.017,22
31.650,-43.200,16.950,0.084,-9.929,0.639,0.057,-0.012,-0.018,22
31.650,-43.200,16.950,-0.024,-10.065,0.998,0.060,0.005,-0.013,22
31.650,-43.200,16.950,-0.132,-10.166,0.867,0.101,0.013,-0.014,22
31.650,-43.200,16.950,-0.175,-10.259,0.766,0.143,0.001,-0.012,23
33.300,-43.800,19.350,-0.034,-10.173,1.283,0.181,0.010,-0.014,22
33.300,-43.800,19.350,-0.081,-10.178,1.238,0.213,0.010,-0.024,22
33.300,-43.800,19.350,-0.168,-10.163,1.532,0.224,0.014,-0.011,22
33.300,-43.800,19.350,-0.014,-10.008,1.101,0.265,0.012,-0.017,22
31.950,-46.350,19.050,-0.194,-10.132,1.290,0.304,-0.003,-0.016,22
31.950,-46.350,19.050,-0.117,-10.072,1.228,0.315,0.009,-0.019,23
31.650,-43.500,21.000,-0.311,-10.099,1.604,0.352,0.000,-0.016,22
31.650,-43.500,21.000,-0.019,-9.953,1.396,0.413,0.011,-0.023,22
31.650,-43.500,21.000,0.086,-10.180,2.112,0.424,0.006,-0.024,22
32.550,-44.550,21.600,-0.136,-9.773,1.539,0.444,-0.009,-0.029,22
32.550,-44.550,21.600,-0.153,-10.084,1.987,0.481,-0.009,-0.030,22
32.550,-43.350,23.850,-0.079,-10.072,2.176,0.492,-0.001,-0.029,23
32.550,-43.350,23.850,-0.086,-9.893,2.016,0.523,0.002,-0.032,22
32.550,-43.350,23.850,-0.012,-9.919,2.325,0.547,0.009,-0.038,22
32.550,-43.350,23.850,0.065,-9.787,2.449,0.566,0.027,-0.042,22
33.300,-43.350,26.400,-0.120,-9.802,2.210,0.565,0.024,-0.047,22
33.300,-43.350,26.400,0.141,-9.019,2.966,0.510,0.029,-0.058,22
33.300,-43.350,26.400,-0.244,-9.210,2.938,0.486,0.018,-0.051,23
32.550,-42.600,27.450,-0.323,-9.565,2.670,0.488,-0.008,-0.035,22
32.550,-42.600,27.450,-0.017,-9.574,2.804,0.470,-0.005,-0.016,22
33.000,-44.550,27.900,0.120,-9.414,3.122,0.472,0.006,-0.006,22
33.000,-44.550,27.900,-0.124,-9.586,3.165,0.488,-0.001,-0.006,22
33.750,-42.150,31.200,-0.084,-9.491,3.428,0.484,-0.009,0.005,22
33.750,-42.150,31.200,-0.172,-9.529,3.462,0.515,-0.022,0.004,23
33.750,-42.150,31.200,0.010,-9.505,3.426,0.541,-0.015,-0.001,22
33.750,-42.150,31.200,0.122,-9.577,3.759,0.563,-0.004,-0.008,22
33.750,-42.150,31.200,-0.081,-9.479,3.943,0.585,0.001,-0.006,22
32.550,-43.800,33.150,-0.045,-9.210,3.874,0.615,-0.010,-0.014,22
32.550,-43.800,33.150,-0.122,-9.361,4.099,0.641,-0.007,-0.022,22
33.000,-44.100,35.700,-0.089,-9.187,4.106,0.652,-0.010,-0.023,23
33.000,-44.100,35.700,0.086,-9.096,4.164,0.679,-0.003,-0.026,22
32.250,-42.600,36.750,-0.022,-8.928,4.503,0.689,0.001,-0.035,22
32.250,-42.600,36.750,0.108,-8.827,4.559,0.707,0.005,-0.048,22
33.150,-42.000,38.550,0.081,-8.732,4.762,0.699,0.009,-0.049,22
33.150,-42.000,38.550,0.122,-8.701,4.805,0.702,0.013,-0.057,22
33.150,-42.000,38.550,-0.029,-8.655,4.966,0.714,0.008,-0.054,23
32.250,-40.650,41.250,0.053,-8.516,5.181,0.727,0.006,-0.049,22
32.250,-40.650,41.250,0.038,-8.461,5.418,0.740,0.016,-0.046,22
31.200,-39.600,42.900,-0.034,-8.454,5.499,0.763,0.001,-0.038,22
31.200,-39.600,42.900,0.096,-8.341,5.540,0.764,0.006,-0.033,22
31.200,-39.600,42.900,-0.053,-8.171,5.789,0.784,-0.002,-0.031,22
31.200,-39.600,42.900,0.017,-8.004,5.808,0.785,-0.008,-0.030,23
32.250,-40.200,46.950,0.089,-7.922,6.076,0.782,0.000,-0.031,22
32.250,-40.200,46.950,0.029,-7.685,6.005,0.793,-0.000,-0.027,22
32.250,-40.200,46.950,0.031,-7.690,6.302,0.793,0.003,-0.031,22
32.400,-39.600,47.100,0.010,-7.719,6.357,0.816,-0.001,-0.030,22
32.400,-39.600,47.100,0.177,-7.520,6.448,0.829,-0.003,-0.027,22
33.150,-35.700,49.650,0.079,-7.264,6.711,0.849,0.001,-0.034,23
33.150,-35.700,49.650,0.148,-7.216,6.862,0.867,0.001,-0.037,22
33.300,-36.000,51.000,0.148,-6.967,6.764,0.861,0.004,-0.036,22
33.300,-36.000,51.000,0.069,-6.967,7.226,0.875,-0.006,-0.041,22
33.300,-36.000,51.000,0.201,-6.658,7.333,0.884,-0.002,-0.047,22
33.300,-36.000,51.000,0.189,-6.483,7.405,0.894,-0.000,-0.046,22
33.150,-34.200,55.650,0.062,-6.440,7.527,0.895,-0.000,-0.042,23
33.150,-34.200,55.650,0.074,-6.196,7.496,0.909,-0.003,-0.041,22
33.150,-34.200,55.650,0.089,-6.184,7.803,0.924,-0.004,-0.053,22
32.550,-31.650,57.300,0.172,-5.787,8.037,0.912,0.002,-0.050,22
32.550,-31.650,57.300,0.227,-5.464,7.803,0.916,0.004,-0.051,22
32.250,-32.400,58.800,0.038,-5.478,8.150,0.905,-0.001,-0.044,22
32.250,-32.400,58.800,0.053,-5.227,8.133,0.888,-0.001,-0.043,23
32.700,-30.600,60.900,0.165,-5.102,8.234,0.883,-0.005,-0.039,22
32.700,-30.600,60.900,0.172,-4.712,8.399,0.874,0.001,-0.042,22
32.700,-30.600,60.900,0.139,-4.496,8.425,0.848,0.008,-0.040,22
32.700,-30.600,60.900,0.041,-4.367,8.698,0.812,0.000,-0.038,22
32.700,-30.600,60.900,0.172,-4.168,8.581,0.780,-0.000,-0.036,22
31.950,-26.700,62.400,0.283,-4.017,8.801,0.729,0.003,-0.035,22
31.950,-26.700,62.400,0.115,-3.718,8.808,0.692,0.009,-0.033,22
NEW_MEASUREMENTS
15.300,-27.450,66.000,-0.055,-1.425,7.633,-0.031,-0.023,-0.053,38
15.300,-27.450,66.000,-0.572,-0.658,13.678,0.067,-0.109,-0.067,23
15.300,-27.450,66.000,3.165,-2.598,10.985,-0.127,-0.107,-0.039,23
15.150,-27.750,66.600,3.096,0.771,9.371,-0.088,-0.051,-0.011,23
15.150,-27.750,66.600,4.379,-1.343,9.704,-0.007,0.331,0.054,22
16.500,-28.650,66.000,0.934,-0.225,5.239,-0.185,0.430,0.090,22
16.500,-28.650,66.000,-1.949,-3.112,13.041,-0.084,0.579,0.080,22
16.650,-29.250,65.550,-0.888,-1.463,7.211,0.037,0.474,-0.050,22
16.650,-29.250,65.550,-0.182,-1.870,9.543,-0.112,0.375,-0.116,22
17.400,-27.300,66.300,-0.982,-1.908,9.498,-0.124,0.208,-0.187,22
17.400,-27.300,66.300,0.194,-3.093,12.476,0.038,0.102,-0.263,22
17.400,-27.300,66.300,0.608,-1.511,9.376,0.026,0.157,-0.249,22
16.500,-29.550,65.700,-0.350,-1.733,9.153,0.021,0.144,-0.226,22
16.500,-29.550,65.700,-1.149,-2.286,11.270,0.068,0.114,-0.213,22
16.050,-29.550,64.950,-1.166,-1.444,9.069,0.089,0.014,-0.204,22
16.050,-29.550,64.950,-0.622,-1.152,9.452,0.103,-0.001,-0.220,22
16.050,-29.550,64.950,-0.232,-1.120,9.366,0.086,0.019,-0.231,22
16.050,-29.550,64.950,-0.230,-1.884,10.570,0.075,0.015,-0.225,22
17.550,-28.650,65.700,0.024,-1.190,9.127,0.085,0.010,-0.192,22
17.550,-28.650,65.700,0.060,-1.901,10.613,0.133,0.005,-0.171,22
17.550,-28.650,65.700,0.101,-1.097,9.263,0.095,0.029,-0.138,22
15.300,-28.350,66.750,-0.189,-1.180,10.046,0.142,0.014,-0.131,22
15.300,-28.350,66.750,-0.204,-1.245,9.828,0.121,0.016,-0.118,22
15.300,-27.150,67.200,-0.069,-1.207,9.697,0.085,0.025,-0.083,22
15.300,-27.150,67.200,-0.055,-0.979,9.725,0.120,0.013,-0.050,22
16.950,-28.500,67.800,-0.017,-1.152,9.926,0.110,0.010,-0.004,22
16.950,-28.500,67.800,-0.141,-0.924,9.780,0.098,0.020,0.018,22
16.950,-28.500,67.800,0.050,-0.950,9.689,0.115,0.017,0.031,22
16.950,-28.500,67.800,0.005,-1.015,9.840,0.108,0.021,0.031,23
16.950,-28.500,67.800,0.055,-0.922,9.718,0.106,0.008,0.021,22
14.700,-25.800,67.050,0.091,-0.840,9.776,0.103,0.007,0.023,22
14.700,-25.800,67.050,0.048,-0.915,9.764,0.094,0.011,0.022,22
15.750,-27.150,67.950,0.065,-0.800,9.725,0.089,0.013,0.011,22
15.750,-27.150,67.950,0.168,-0.704,9.720,0.088,-0.004,-0.003,22
15.300,-26.400,68.700,0.172,-0.678,9.792,0.071,0.013,-0.013,23
15.300,-26.400,68.700,0.089,-0.678,9.747,0.069,0.010,-0.016,22
15.300,-25.500,67.950,-0.014,-0.646,9.673,0.047,0.006,-0.020,22
15.300,-25.500,67.950,0.014,-0.469,9.768,0.018,0.009,-0.010,22
15.300,-25.500,67.950,0.103,-0.498,9.706,-0.002,0.012,-0.001,22
16.800,-26.400,68.250,0.057,-0.529,9.776,-0.039,0.011,-0.007,22
16.800,-26.400,68.250,0.041,-0.402,9.598,-0.071,0.016,-0.001,22
15.450,-26.550,68.550,0.072,-0.551,9.845,-0.083,0.007,-0.004,23
15.450,-26.550,68.550,0.141,-0.651,9.876,-0.098,0.019,-0.004,22
15.450,-26.550,68.550,0.093,-0.563,9.701,-0.105,0.014,-0.002,22
15.450,-26.550,68.550,0.180,-0.306,9.565,-0.133,0.015,-0.011,22
16.050,-27.150,68.250,0.122,-0.608,9.898,-0.158,0.022,-0.019,22
16.050,-27.150,68.250,-0.022,-0.330,9.661,-0.224,0.016,-0.004,22
16.050,-27.150,68.250,-0.022,-0.445,9.675,-0.276,0.009,-0.001,23
14.700,-26.100,68.100,0.091,-0.414,9.608,-0.311,0.007,0.013,22
14.700,-26.100,68.100,0.144,-0.579,9.704,-0.366,0.011,0.018,22
16.050,-26.400,65.700,0.127,-0.517,9.546,-0.436,0.017,0.017,22
16.050,-26.400,65.700,0.029,-0.637,9.685,-0.481,0.018,0.015,22
16.200,-27.000,66.300,0.007,-0.618,9.469,-0.544,0.015,0.024,22
16.200,-27.000,66.300,0.022,-0.790,9.486,-0.644,0.017,0.027,23
16.200,-27.000,66.300,0.050,-0.948,9.517,-0.693,0.012,0.031,22
16.200,-27.000,66.300,0.079,-1.051,9.522,-0.762,0.012,0.033,22
16.200,-27.000,66.300,0.077,-1.216,9.385,-0.821,0.026,0.032,22
16.950,-28.950,65.100,0.036,-1.489,9.560,-0.907,0.002,0.033,22
16.950,-28.950,65.100,0.022,-1.755,9.424,-0.965,0.005,0.032,22
16.650,-31.200,63.300,0.067,-1.808,9.129,-1.016,0.016,0.046,23
16.650,-31.200,63.300,0.002,-2.100,9.347,-1.089,0.013,0.052,22
15.300,-33.000,61.950,0.022,-2.270,9.050,-1.137,-0.008,0.062,22
15.300,-33.000,61.950,0.017,-2.514,8.856,-1.147,0.005,0.053,22
14.400,-34.050,58.800,0.045,-3.263,9.237,-1.188,0.026,0.051,22
14.400,-34.050,58.800,0.268,-3.050,8.892,-1.227,0.050,0.030,22
14.400,-34.050,58.800,0.328,-3.656,9.249,-1.226,0.023,0.024,23
14.400,-34.050,58.800,0.256,-3.802,8.794,-1.272,0.038,0.036,22
14.400,-34.050,58.800,-0.144,-3.886,8.701,-1.300,0.030,0.035,22
15.900,-35.550,53.550,-0.402,-4.355,8.444,-1.320,0.033,0.033,22
15.900,-35.550,53.550,-0.026,-4.561,8.447,-1.345,0.024,0.025,22
15.900,-35.550,53.550,-0.017,-4.590,8.226,-1.391,0.018,0.031,22
15.900,-35.550,53.550,0.036,-5.023,8.107,-1.420,0.021,0.033,23
16.050,-40.500,47.100,-0.124,-5.155,7.956,-1.441,0.014,0.036,22
16.050,-40.500,47.100,0.041,-5.849,7.764,-1.483,0.026,0.052,22
16.050,-40.500,47.100,-0.041,-5.950,7.319,-1.496,0.023,0.048,22
16.950,-40.200,45.750,-0.065,-6.282,7.494,-1.498,0.020,0.049,22
16.950,-40.200,45.750,-0.261,-6.488,7.128,-1.507,0.018,0.055,22
18.300,-42.000,41.850,-0.318,-6.797,7.168,-1.478,0.011,0.063,23
18.300,-42.000,41.850,-0.194,-7.171,6.713,-1.461,0.004,0.058,22
16.650,-43.800,39.450,-0.103,-7.403,6.622,-1.442,0.003,0.058,22
16.650,-43.800,39.450,-0.060,-7.427,6.378,-1.431,-0.007,0.062,22
16.650,-43.800,39.450,-0.122,-7.594,6.179,-1.423,-0.001,0.066,22
16.650,-43.800,39.450,-0.220,-7.824,5.928,-1.411,0.001,0.067,22
16.500,-43.800,39.450,-0.110,-8.100,5.926,-1.411,-0.006,0.055,23
16.500,-43.950,31.350,-0.199,-8.368,5.435,-1.397,-0.015,0.058,22
16.500,-43.950,31.350,-0.182,-8.346,5.145,-1.394,-0.007,0.062,22
15.150,-44.550,27.900,-0.213,-8.449,4.951,-1.378,-0.024,0.053,22
15.150,-44.550,27.900,-0.132,-8.736,4.982,-1.366,-0.023,0.060,22
16.650,-45.000,26.400,-0.366,-9.301,4.738,-1.337,-0.016,0.065,22
16.650,-45.000,26.400,-0.175,-9.112,4.034,-1.282,-0.027,0.055,23
16.200,-44.550,22.350,-0.098,-9.534,4.271,-1.258,-0.013,0.057,22
16.200,-44.550,22.350,-0.134,-9.428,3.797,-1.197,-0.004,0.043,22
16.200,-44.550,22.350,-0.050,-9.433,3.747,-1.146,-0.008,0.039,22
16.200,-44.550,22.350,-0.057,-9.735,3.450,-1.119,0.008,0.037,22
16.200,-44.550,22.350,-0.268,-9.764,3.287,-1.065,0.011,0.039,22
18.000,-44.700,16.500,-0.247,-9.747,3.151,-1.018,0.016,0.033,23
18.000,-44.700,16.500,-0.273,-9.878,3.007,-0.974,0.002,0.033,22
18.000,-44.700,16.500,-0.160,-9.716,2.734,-0.954,0.015,0.029,22
18.000,-44.700,16.500,-0.223,-9.859,2.337,-0.901,0.008,0.025,22
18.900,-43.350,11.850,-0.275,-10.139,2.670,-0.869,0.007,0.027,22
18.900,-43.350,11.850,-0.271,-10.041,2.107,-0.819,-0.003,0.022,22
16.200,-43.050,10.050,-0.297,-10.336,2.325,-0.768,0.008,0.017,23
16.200,-43.050,10.050,-0.235,-10.218,1.906,-0.694,0.012,0.007,22
16.200,-43.050,10.050,-0.261,-10.156,1.772,-0.646,0.011,0.009,22
17.700,-42.150,8.850,-0.275,-10.063,1.563,-0.614,0.018,0.012,22
17.700,-42.150,8.850,-0.280,-10.183,1.697,-0.554,0.013,0.005,22
17.400,-41.850,8.100,-0.328,-10.003,1.367,-0.540,0.026,0.003,22
17.400,-41.850,8.100,-0.254,-9.989,1.437,-0.527,0.028,-0.003,23
17.400,-41.850,8.100,-0.362,-9.953,1.168,-0.524,0.022,0.003,22
17.400,-41.850,8.100,-0.244,-10.127,1.118,-0.512,0.029,0.001,22
16.500,-42.000,5.400,-0.299,-9.931,1.049,-0.500,0.026,-0.003,22
16.500,-42.000,5.400,-0.354,-10.089,1.010,-0.488,0.021,-0.009,22
16.500,-42.000,5.400,-0.409,-10.084,0.931,-0.458,0.018,0.003,22
15.750,-41.550,3.150,-0.376,-10.089,0.642,-0.447,0.004,0.005,23
15.750,-41.550,3.150,-0.350,-10.092,0.661,-0.436,-0.001,0.016,22
16.200,-40.950,3.600,-0.160,-10.125,0.661,-0.408,0.004,0.006,22
16.200,-40.950,3.600,0.381,-12.627,1.528,-0.062,0.025,-0.041,22
19.050,-41.250,2.400,-1.377,-11.763,-0.381,0.041,0.046,-0.040,22
19.050,-41.250,2.400,0.390,-9.522,1.140,-0.079,0.010,0.024,22
19.050,-41.250,2.400,-0.596,-9.313,0.014,-0.140,-0.017,0.028,23
19.050,-41.250,2.400,-0.618,-10.858,0.658,-0.046,0.014,0.001,22
19.050,-41.250,2.400,0.115,-10.250,0.419,-0.026,0.082,-0.014,22
16.950,-39.900,2.100,-0.642,-9.998,0.484,-0.026,0.007,-0.011,22
16.950,-39.900,2.100,-0.239,-10.326,0.843,-0.036,0.014,-0.003,22
16.950,-39.900,2.100,-0.120,-10.209,0.517,-0.003,-0.009,-0.011,22
16.950,-39.900,2.100,-0.357,-10.228,0.508,0.005,0.010,0.002,22
16.650,-40.950,3.600,-0.555,-10.013,0.543,0.056,-0.030,0.011,23
16.650,-40.950,3.600,-0.481,-10.379,0.948,0.106,-0.037,0.020,22
19.350,-40.950,2.850,-0.512,-10.003,0.721,0.143,-0.039,0.032,22
19.350,-40.950,2.850,-0.249,-10.398,0.967,0.179,-0.071,0.037,22
19.350,-40.950,2.850,-0.251,-10.113,0.613,0.231,-0.048,0.008,22
18.900,-40.650,4.050,-0.163,-10.386,1.137,0.282,-0.051,-0.013,22
18.900,-40.650,4.050,-0.108,-9.972,0.445,0.278,-0.023,-0.016,23
18.150,-41.850,4.350,-0.134,-10.104,0.761,0.350,-0.029,-0.025,22
18.150,-41.850,4.350,-0.285,-10.467,1.369,0.392,-0.020,-0.018,22
18.150,-41.850,4.350,-0.136,-10.173,1.104,0.428,-0.011,-0.023,22
18.150,-41.850,4.350,-0.247,-10.264,1.446,0.487,-0.011,-0.029,22
16.200,-43.050,8.550,-0.170,-10.142,1.293,0.535,0.005,-0.026,22
16.200,-43.050,8.550,-0.371,-10.087,1.516,0.591,-0.008,-0.028,23
16.200,-43.050,8.550,-0.352,-10.367,1.946,0.634,-0.009,-0.014,22
18.300,-42.450,8.700,-0.244,-10.257,1.808,0.704,-0.006,-0.019,22
18.300,-42.450,8.700,-0.225,-10.276,2.162,0.767,-0.006,-0.033,22
17.250,-43.200,11.250,-0.297,-10.149,1.906,0.804,0.004,-0.023,22
17.250,-43.200,11.250,-0.464,-9.220,2.210,0.800,-0.029,-0.022,22
17.400,-43.050,13.650,-0.338,-9.752,2.938,0.833,-0.030,-0.019,23
17.400,-43.050,13.650,-0.587,-9.811,2.334,0.860,-0.017,-0.013,22
17.400,-43.050,13.650,-0.555,-10.228,2.856,0.916,-0.056,-0.012,22
17.400,-43.050,13.650,-0.503,-9.665,2.684,0.963,-0.076,-0.012,22
17.400,-43.050,13.650,-0.429,-9.668,3.428,0.986,-0.093,-0.019,22
16.650,-45.000,17.400,-0.244,-9.357,3.527,0.987,-0.090,-0.010,22
16.650,-45.000,17.400,-0.316,-9.048,3.445,0.964,-0.083,-0.009,23
17.700,-45.000,19.650,-0.187,-9.143,4.058,0.958,-0.082,-0.012,22
17.700,-45.000,19.650,-0.060,-9.024,3.876,0.957,-0.066,-0.009,22
16.800,-45.450,21.750,-0.175,-9.062,4.171,0.972,-0.071,-0.016,22
16.800,-45.450,21.750,-0.108,-9.069,4.587,0.989,-0.049,-0.015,22
16.500,-45.900,25.800,-0.120,-8.878,4.559,1.013,-0.043,-0.008,22
16.500,-45.900,25.800,-0.187,-8.921,4.822,1.050,-0.043,-0.008,23
16.500,-45.900,25.800,-0.244,-8.478,4.784,1.051,-0.032,-0.004,22
17.400,-45.300,27.900,-0.254,-8.535,5.341,1.071,-0.037,-0.011,22
17.400,-45.300,27.900,-0.208,-8.456,5.598,1.077,-0.041,-0.005,22
16.950,-45.750,30.450,-0.146,-8.054,5.409,1.099,-0.038,-0.017,22
16.950,-45.750,30.450,-0.053,-8.191,6.057,1.128,-0.028,-0.020,22
16.950,-45.750,30.450,-0.002,-7.879,5.801,1.136,-0.017,-0.022,23
16.950,-45.750,30.450,-0.105,-7.638,6.218,1.156,-0.017,-0.039,22
18.600,-43.800,36.750,-0.163,-7.415,6.512,1.160,-0.008,-0.048,22
18.600,-43.800,36.750,-0.113,-7.151,6.486,1.162,-0.001,-0.048,22
19.050,-43.500,39.600,-0.199,-7.142,6.838,1.160,-0.006,-0.046,22
19.050,-43.500,39.600,-0.136,-6.823,6.859,1.156,-0.005,-0.046,22
19.050,-43.500,39.600,-0.189,-6.503,7.132,1.141,-0.011,-0.048,23
18.000,-42.000,42.600,-0.134,-6.318,7.333,1.130,-0.012,-0.044,22
18.000,-42.000,42.600,-0.156,-6.120,7.501,1.118,-0.009,-0.042,22
16.200,-39.450,45.450,-0.098,-6.053,7.592,1.108,-0.011,-0.046,22
16.200,-39.450,45.450,-0.055,-5.820,7.685,1.100,-0.005,-0.048,22
16.200,-39.450,45.450,-0.065,-5.617,7.786,1.088,-0.006,-0.050,22
16.200,-39.450,45.450,-0.060,-5.389,8.092,1.081,-0.000,-0.055,23
18.600,-39.450,49.800,-0.146,-5.334,8.298,1.070,-0.004,-0.045,22
18.600,-39.450,49.800,-0.038,-5.030,8.150,1.079,-0.000,-0.044,22
18.600,-39.450,49.800,-0.057,-4.951,8.581,1.088,-0.004,-0.049,22
18.600,-37.950,52.500,-0.098,-4.609,8.475,1.085,0.004,-0.057,22
18.600,-37.950,52.500,0.019,-4.164,8.672,1.065,-0.002,-0.066,22
18.000,-37.350,54.900,-0.089,-3.917,8.808,1.048,-0.008,-0.071,23
18.000,-37.350,54.900,-0.031,-3.761,8.820,1.017,-0.007,-0.072,22
17.700,-34.350,58.050,-0.134,-3.658,8.904,0.994,-0.003,-0.065,22
17.700,-34.350,58.050,-0.105,-3.472,8.973,0.977,-0.009,-0.055,22
17.700,-34.350,58.050,0.000,-3.067,9.201,0.967,-0.002,-0.052,22
17.700,-34.350,58.050,-0.024,-2.775,9.167,0.933,0.006,-0.043,22
17.700,-34.350,58.050,-0.031,-2.672,9.215,0.908,0.005,-0.041,23
18.000,-30.300,60.900,-0.113,-2.416,9.285,0.877,0.001,-0.051,22
18.000,-30.300,60.900,0.053,-2.344,9.421,0.857,0.000,-0.042,22
18.000,-30.300,60.900,0.010,-1.970,9.517,0.807,0.002,-0.036,22
18.000,-30.300,60.900,0.000,-1.796,9.345,0.767,0.003,-0.029,22
18.150,-28.500,65.100,-0.012,-1.561,9.448,0.733,-0.005,-0.032,22
18.150,-28.500,65.100,0.007,-1.475,9.471,0.675,0.001,-0.026,22
17.250,-28.650,66.450,0.055,-1.369,9.541,0.637,0.008,-0.027,23
17.250,-28.650,66.450,-0.007,-1.183,9.637,0.616,0.002,-0.027,22
17.250,-28.650,66.450,-0.036,-1.132,9.661,0.591,0.008,-0.035,22
17.250,-26.700,66.750,0.117,-0.891,9.572,0.563,0.006,-0.028,22
17.250,-26.700,66.750,-0.084,-0.838,9.656,0.545,0.011,-0.039,22
18.000,-26.700,68.250,-0.002,-0.761,9.675,0.521,0.002,-0.031,23
18.000,-26.700,68.250,0.026,-0.496,9.618,0.491,0.004,-0.027,22
18.000,-26.700,68.250,0.101,-0.467,9.699,0.473,0.004,-0.028,22
18.000,-26.700,68.250,-0.002,-0.338,9.716,0.446,0.007,-0.022,22
17.250,-25.200,70.200,0.067,-0.153,9.639,0.430,0.006,-0.024,22
17.250,-25.200,70.200,-0.077,-0.103,9.725,0.395,0.003,-0.028,22
17.250,-25.200,70.200,0.048,0.168,10.479,0.347,0.018,-0.026,22
18.150,-23.850,69.600,-0.074,1.173,9.328,0.272,0.007,-0.026,23
18.150,-23.850,69.600,0.273,1.322,9.476,0.029,0.022,-0.018,22
18.750,-24.750,68.700,-0.005,1.511,9.199,-0.131,0.017,-0.009,22
18.750,-24.750,68.700,-0.084,0.761,9.457,-0.208,0.020,0.003,22
18.000,-22.800,69.450,0.043,-0.484,9.878,-0.217,0.025,0.012,22
18.000,-22.800,69.450,0.074,-0.682,10.001,-0.155,0.010,-0.004,22
18.000,-22.800,69.450,-0.043,-0.678,9.910,-0.100,0.002,-0.019,23
18.000,-22.800,69.450,0.012,-0.579,9.919,-0.051,-0.004,-0.020,22
18.000,-22.800,69.450,0.024,-0.122,9.685,-0.052,0.007,-0.024,22
18.000,-23.250,69.750,-0.041,0.192,9.754,-0.098,0.006,-0.031,22
18.000,-23.250,69.750,0.034,0.366,9.610,-0.135,-0.001,-0.025,22
18.000,-23.250,69.750,0.017,0.268,9.737,-0.205,0.003,-0.032,22
18.000,-23.250,69.750,0.074,0.491,9.491,-0.323,0.010,-0.026,22
18.300,-25.500,70.200,0.156,0.407,9.677,-0.394,0.012,-0.024,23
18.300,-25.500,70.200,0.093,0.136,9.689,-0.477,0.019,-0.025,22
18.150,-25.350,68.850,-0.010,0.110,9.546,-0.587,0.008,-0.023,22
18.150,-25.350,68.850,-0.043,-0.002,9.538,-0.645,0.009,-0.023,22
18.150,-25.350,68.850,-0.045,-0.172,9.591,-0.717,0.010,-0.018,22
18.900,-26.550,68.550,0.041,-0.259,9.730,-0.814,0.027,-0.001,23
18.900,-26.550,68.550,-0.026,-0.654,9.443,-0.869,0.027,-0.000,22
17.400,-28.500,67.350,-0.318,-1.001,9.273,-0.926,0.027,0.010,22
17.400,-28.500,67.350,-0.060,-1.003,9.342,-0.977,0.023,0.021,22
17.400,-28.500,67.350,0.093,-1.365,9.479,-1.038,0.011,0.042,22
17.400,-28.500,67.350,0.120,-1.676,9.488,-1.064,0.020,0.044,22
17.550,-29.850,64.650,-0.124,-2.006,9.917,-1.081,0.029,0.041,23
17.550,-29.850,64.650,0.074,-2.818,9.366,-1.034,0.023,0.042,22
17.550,-31.800,61.200,0.000,-3.017,10.319,-1.025,0.009,0.033,22
17.550,-31.800,61.200,0.393,-2.416,8.902,-1.053,0.036,0.021,22
17.550,-31.800,61.200,-0.079,-3.117,9.131,-1.022,0.027,0.024,23
17.700,-34.350,59.850,-0.180,-3.426,9.069,-0.971,0.027,0.029,22
17.700,-34.350,59.850,0.048,-3.524,9.201,-0.975,0.036,0.030,22
17.400,-33.600,57.750,-0.048,-3.689,9.179,-0.934,0.023,0.018,22
17.400,-33.600,57.750,0.129,-3.989,9.325,-0.917,0.014,0.020,22
17.400,-33.600,57.750,0.117,-3.804,8.820,-0.919,0.010,0.023,22
17.400,-33.600,57.750,-0.067,-4.171,8.763,-0.900,0.019,0.025,22
18.000,-36.450,54.450,0.180,-4.355,8.784,-0.882,0.014,0.030,22
18.000,-36.450,54.450,-0.031,-4.585,8.983,-0.859,0.023,0.016,23
18.000,-36.450,54.450,0.000,-4.580,8.507,-0.854,0.025,0.009,22
17.700,-36.750,53.250,-0.237,-4.853,8.760,-0.824,0.017,0.007,22
17.700,-36.750,53.250,-0.134,-4.992,8.507,-0.823,0.023,0.011,23
17.700,-38.700,53.250,-0.043,-4.925,8.325,-0.836,0.024,0.019,22
17.700,-38.700,53.250,-0.093,-5.102,8.483,-0.831,0.017,0.023,22
17.550,-38.100,51.600,-0.050,-5.272,8.210,-0.853,0.023,0.024,22
17.550,-38.100,51.600,-0.139,-5.365,8.167,-0.860,0.017,0.015,22
17.550,-38.100,51.600,-0.012,-5.473,7.982,-0.868,0.019,0.013,22
17.550,-38.100,51.600,-0.055,-5.607,7.836,-0.891,0.022,0.017,22
17.550,-38.100,51.600,-0.132,-5.722,7.745,-0.929,0.024,0.021,22
17.550,-41.550,45.150,-0.098,-5.765,7.530,-0.966,0.021,0.027,22
17.550,-41.550,45.150,-0.017,-5.964,7.503,-0.999,0.022,0.025,23
17.550,-41.550,45.150,-0.251,-6.258,7.317,-1.042,0.022,0.018,22
17.550,-41.550,45.150,-0.175,-6.297,7.087,-1.096,0.018,0.015,22
17.250,-42.750,41.550,-0.098,-6.483,7.008,-1.130,0.017,0.014,22
17.250,-42.750,41.550,-0.110,-6.665,6.852,-1.170,0.024,0.021,22
17.250,-43.200,39.300,-0.170,-6.869,6.749,-1.207,0.033,0.032,22
17.250,-43.200,39.300,-0.158,-7.233,6.397,-1.214,0.023,0.038,23
17.250,-43.200,39.300,0.012,-7.348,6.330,-1.236,0.024,0.032,22
17.400,-43.800,36.000,-0.057,-7.532,6.110,-1.247,0.032,0.016,22
17.400,-43.800,36.000,-0.208,-7.700,6.000,-1.272,0.031,0.009,22
17.700,-43.350,34.200,-0.266,-7.963,5.911,-1.273,0.033,0.006,22
17.700,-43.350,34.200,-0.290,-8.363,5.425,-1.270,0.027,0.011,22
17.700,-43.350,34.200,-0.302,-8.569,5.466,-1.242,0.022,0.033,23
17.700,-43.350,34.200,-0.280,-8.602,5.040,-1.219,0.015,0.048,22
18.000,-45.150,28.050,-0.345,-8.830,5.069,-1.185,0.009,0.042,22
18.000,-45.150,28.050,-0.333,-8.995,4.733,-1.143,0.008,0.046,22
18.000,-45.150,28.050,-0.187,-9.127,4.671,-1.096,0.009,0.037,22
18.600,-44.550,22.650,-0.019,-9.237,4.405,-1.068,0.020,0.038,22
18.600,-44.550,22.650,-0.180,-9.414,4.068,-1.015,0.028,0.027,23
16.650,-43.800,20.400,-0.373,-9.476,4.219,-0.944,0.016,0.023,22
16.650,-43.800,20.400,-0.302,-9.438,3.881,-0.900,0.013,0.019,22
18.600,-45.000,19.350,-0.168,-9.462,3.864,-0.873,0.018,0.021,22
18.600,-45.000,19.350,-0.132,-9.448,3.452,-0.844,0.018,0.007,22
18.600,-45.000,19.350,-0.362,-9.529,3.390,-0.818,0.028,0.001,22
18.600,-45.000,19.350,-0.302,-9.524,3.242,-0.808,0.028,-0.002,23
18.600,-45.000,19.350,-0.311,-9.675,3.112,-0.772,0.022,-0.002,22
18.150,-45.000,14.400,-0.287,-9.871,3.005,-0.729,0.015,0.004,22
18.150,-45.000,14.400,-0.239,-9.919,2.861,-0.693,0.021,0.016,22
18.750,-43.500,15.450,-0.268,-9.984,2.811,-0.642,0.018,0.014,22
18.750,-43.500,15.450,-0.311,-9.871,2.617,-0.604,0.023,0.007,22
19.050,-44.400,13.200,-0.352,-9.962,2.526,-0.549,0.011,-0.007,22
19.050,-44.400,13.200,-0.376,-9.917,2.435,-0.532,0.019,0.004,23
18.600,-43.050,11.850,-0.294,-9.878,2.231,-0.485,0.011,0.005,22
18.600,-43.050,11.850,-0.244,-9.962,2.114,-0.450,0.003,0.010,22
18.600,-43.050,11.850,-0.235,-9.850,2.066,-0.439,0.007,0.005,22
18.600,-43.050,11.850,-0.235,-9.783,1.994,-0.443,0.013,0.001,22
18.600,-43.050,11.850,-0.299,-9.682,1.856,-0.458,0.025,-0.001,22
17.550,-42.750,7.950,-0.350,-9.776,1.856,-0.451,0.015,0.003,23
17.550,-42.750,7.950,-0.283,-9.859,1.614,-0.463,0.019,-0.000,22
17.550,-42.750,7.950,-0.223,-9.831,1.705,-0.466,0.025,-0.005,22
17.550,-42.750,7.950,-0.275,-9.888,1.580,-0.462,0.026,-0.002,22
19.050,-42.750,6.750,-0.383,-9.979,1.528,-0.456,0.011,0.003,22
19.050,-42.750,6.750,-0.290,-9.819,1.441,-0.458,0.014,0.000,22
18.900,-42.150,7.350,-0.206,-9.847,1.180,-0.465,0.023,0.002,23
18.900,-42.150,7.350,-0.316,-10.032,1.259,-0.442,0.024,0.005,22
18.900,-42.150,7.350,-0.316,-10.051,1.030,-0.434,0.019,0.004,22
17.400,-44.100,5.850,-0.390,-10.221,1.173,-0.404,0.011,0.001,22
17.400,-44.100,5.850,-0.330,-10.185,0.991,-0.369,0.012,0.003,22
16.650,-42.600,4.050,-0.306,-10.034,0.883,-0.353,0.014,-0.004,22
16.650,-42.600,4.050,-0.316,-9.955,0.785,-0.342,0.017,-0.002,23
16.650,-42.600,4.050,-0.364,-9.917,0.702,-0.355,0.013,-0.008,22
16.650,-42.600,4.050,-0.373,-10.025,0.814,-0.339,0.011,0.000,22
18.300,-40.800,3.450,-0.333,-10.247,0.687,-0.308,0.008,0.006,22
18.300,-40.800,3.450,-0.283,-10.391,0.678,-0.265,0.004,0.007,22
18.300,-40.800,3.450,-0.366,-11.562,-0.376,-0.059,-0.007,-0.022,22
17.400,-40.950,2.850,-1.128,-12.086,0.460,0.103,-0.033,-0.006,23
17.400,-40.950,2.850,-0.311,-9.615,0.690,0.041,0.001,0.027,22
18.300,-42.450,3.450,-0.534,-10.412,0.345,0.051,0.050,0.008,22
18.300,-42.450,3.450,-0.333,-9.541,0.563,0.031,-0.010,0.002,22
18.600,-40.950,3.600,-0.012,-10.846,0.991,0.097,-0.017,-0.037,22
18.600,-40.950,3.600,-0.543,-9.361,-0.275,0.034,0.008,-0.012,22
18.600,-40.950,3.600,-0.395,-10.874,1.571,0.152,-0.007,-0.011,23
18.600,-40.950,3.600,-0.591,-10.760,0.761,0.227,-0.000,-0.003,22
18.600,-40.950,3.600,-0.414,-10.242,0.965,0.290,0.002,-0.014,22
17.700,-42.150,5.550,0.007,-10.623,1.192,0.379,0.011,-0.021,22
17.700,-42.150,5.550,-0.261,-10.235,0.625,0.418,0.017,-0.009,22
17.700,-42.150,5.550,-0.615,-10.312,1.353,0.477,-0.013,-0.029,22
17.700,-42.150,5.550,-0.378,-10.542,1.822,0.465,0.021,-0.029,23
16.800,-43.500,6.450,-0.469,-9.804,1.006,0.534,0.006,-0.024,22
16.800,-43.500,6.450,-0.251,-10.482,1.779,0.600,-0.007,-0.030,22
16.800,-43.500,7.200,0.002,-10.017,1.204,0.612,0.024,-0.025,22
16.800,-43.500,7.200,-0.508,-10.360,2.059,0.698,0.005,-0.037,22
16.800,-43.500,7.200,-0.421,-10.295,2.176,0.730,-0.001,-0.024,22
18.150,-44.100,10.350,-0.273,-10.130,2.076,0.782,-0.014,-0.029,23
18.150,-44.100,10.350,0.122,-9.950,2.387,0.812,-0.015,-0.024,22
18.150,-45.000,13.650,-0.697,-9.237,2.004,0.776,-0.019,-0.023,22
18.150,-45.000,13.650,-0.129,-9.811,3.091,0.833,-0.004,-0.029,22
18.150,-45.000,13.650,-0.424,-10.154,3.031,0.810,-0.009,-0.026,22
18.150,-45.000,13.650,-0.132,-9.416,2.744,0.862,-0.001,-0.031,22
18.150,-44.550,16.650,-0.139,-9.792,3.371,0.902,-0.010,-0.022,23
18.150,-44.550,16.650,-0.321,-9.500,3.093,0.909,-0.005,-0.018,22
18.150,-44.550,16.650,-0.414,-9.467,3.594,0.933,-0.023,-0.023,22
16.800,-43.950,19.500,-0.304,-9.431,3.737,0.957,-0.011,-0.029,22
16.800,-43.950,19.500,-0.235,-9.163,3.776,0.988,-0.019,-0.042,22
17.700,-45.750,20.850,-0.206,-9.064,4.166,0.977,0.009,-0.039,22
17.700,-45.750,20.850,-0.354,-9.009,4.154,0.994,-0.004,-0.031,23
17.550,-45.900,24.750,-0.326,-9.127,4.573,1.032,-0.020,-0.037,22
17.550,-45.900,24.750,-0.350,-8.763,4.853,1.025,-0.010,-0.030,22
17.550,-45.900,24.750,-0.268,-8.423,4.791,1.042,-0.019,-0.035,22
17.550,-45.900,24.750,-0.172,-8.406,5.308,1.027,-0.007,-0.042,22
17.550,-45.900,24.750,-0.206,-8.294,5.121,1.018,-0.006,-0.039,22
20.100,-43.350,28.650,-0.105,-8.368,5.454,1.021,-0.006,-0.039,23
20.100,-43.350,28.650,-0.242,-8.114,5.816,1.024,0.007,-0.048,22
18.150,-43.800,33.450,-0.239,-7.817,5.729,1.047,0.002,-0.055,22
18.150,-43.800,33.450,-0.180,-7.858,6.225,1.035,0.002,-0.054,22
18.900,-43.800,35.700,-0.218,-7.530,6.029,1.028,-0.007,-0.051,22
18.900,-43.800,35.700,-0.196,-7.463,6.400,1.029,-0.004,-0.046,22
16.500,-43.200,38.850,-0.180,-7.360,6.680,1.030,-0.000,-0.041,23
16.500,-43.200,38.850,-0.141,-7.118,6.752,1.038,-0.003,-0.047,22
16.500,-43.200,38.850,-0.077,-6.864,6.977,1.040,-0.002,-0.052,22
18.750,-43.200,40.800,-0.172,-6.891,7.013,1.052,0.008,-0.061,22
18.750,-43.200,40.800,-0.148,-6.850,7.216,1.066,-0.007,-0.067,22
18.900,-41.400,43.200,-0.029,-6.505,7.491,1.099,-0.001,-0.064,22
18.900,-41.400,43.200,-0.089,-6.213,7.621,1.113,0.003,-0.065,23
18.900,-41.400,43.200,-0.151,-6.115,7.733,1.128,-0.001,-0.076,22
18.900,-41.400,43.200,-0.048,-5.909,7.731,1.129,-0.002,-0.077,22
18.300,-39.300,49.350,-0.153,-5.665,7.884,1.132,0.000,-0.074,22
18.300,-39.300,49.350,-0.211,-5.337,8.210,1.144,-0.005,-0.069,22
17.700,-38.250,51.000,-0.132,-5.143,8.329,1.149,-0.008,-0.065,22
17.700,-38.250,51.000,-0.103,-4.877,8.296,1.156,-0.005,-0.048,23
17.700,-38.250,51.000,-0.038,-4.700,8.432,1.153,0.001,-0.044,22
16.800,-37.350,54.150,-0.079,-4.396,8.554,1.136,-0.000,-0.048,22
16.800,-37.350,54.150,-0.057,-3.972,8.701,1.121,-0.002,-0.054,22
18.000,-35.700,54.900,-0.036,-3.785,8.830,1.088,-0.002,-0.052,22
18.000,-35.700,54.900,-0.036,-3.663,8.878,1.077,-0.005,-0.037,22
18.000,-35.700,54.900,-0.041,-3.400,8.935,1.066,0.001,-0.042,22
18.000,-35.700,54.900,-0.069,-2.962,8.942,1.000,-0.005,-0.039,23
18.000,-33.450,60.450,0.084,-2.674,9.189,0.976,-0.004,-0.048,22
18.000,-33.450,60.450,0.036,-2.543,9.254,0.944,0.000,-0.044,22
18.000,-33.450,60.450,-0.036,-2.289,9.199,0.913,0.003,-0.043,22
17.400,-32.400,62.850,-0.060,-2.270,9.345,0.875,-0.003,-0.041,22
17.400,-32.400,62.850,0.007,-2.081,9.419,0.845,-0.000,-0.041,22
17.550,-30.600,64.950,0.043,-1.669,9.457,0.815,0.002,-0.044,23
17.550,-30.600,64.950,-0.034,-1.523,9.507,0.769,0.004,-0.036,22
18.900,-28.500,64.800,0.034,-1.317,9.462,0.735,-0.001,-0.028,22
18.900,-28.500,64.800,0.019,-1.188,9.498,0.704,0.000,-0.026,22
18.900,-28.500,64.800,0.010,-1.130,9.651,0.676,0.001,-0.027,22
18.900,-28.500,64.800,-0.055,-0.867,9.584,0.618,0.001,-0.033,22
18.900,-28.500,64.800,-0.019,-0.706,9.673,0.588,0.005,-0.026,23
16.950,-28.500,66.600,0.110,-0.546,9.639,0.552,0.007,-0.025,22
16.950,-28.500,66.600,0.086,-0.340,9.615,0.489,0.005,-0.029,22
16.950,-28.500,66.600,-0.043,-0.242,9.629,0.440,0.008,-0.022,22
16.950,-28.500,66.600,0.029,-0.110,9.541,0.377,0.004,-0.026,22
18.000,-24.750,69.000,0.048,0.060,9.665,0.317,0.008,-0.019,22
18.000,-24.750,69.000,0.079,-0.012,9.694,0.242,0.010,-0.015,23
18.300,-24.000,69.000,0.043,0.048,9.752,0.204,0.005,-0.025,22
18.300,-24.000,69.000,-0.024,0.029,9.718,0.166,0.005,-0.026,22
18.300,-24.000,69.000,-0.043,-0.002,9.685,0.120,0.002,-0.026,22
19.050,-23.250,70.200,-0.069,0.421,9.658,0.067,0.002,-0.012,22
19.050,-23.250,70.200,0.002,0.441,9.579,0.009,0.002,-0.006,22
18.000,-24.750,68.700,0.077,0.101,9.838,-0.026,0.017,0.002,23
18.000,-24.750,68.700,0.007,0.012,9.737,-0.054,0.020,0.014,22
18.000,-24.750,68.700,0.002,-0.067,9.677,-0.059,0.015,0.006,22
18.000,-24.750,68.700,-0.055,-0.057,9.768,-0.069,0.017,-0.014,22
17.400,-24.600,68.850,-0.024,0.172,9.656,-0.091,0.008,-0.007,22
17.400,-24.600,68.850,-0.084,0.000,9.831,-0.110,0.003,-0.002,22
17.400,-24.600,68.850,0.086,0.105,9.682,-0.141,0.018,0.004,23
17.700,-25.350,70.350,0.050,0.089,9.785,-0.157,0.020,-0.004,22
17.700,-25.350,70.350,-0.081,0.263,9.639,-0.224,0.011,-0.011,22
17.400,-23.850,69.300,0.144,0.328,9.491,-0.290,0.013,0.005,22
17.400,-23.850,69.300,0.110,0.438,9.548,-0.375,0.018,0.006,22
18.150,-23.850,68.850,0.187,0.591,9.555,-0.547,0.019,-0.013,22
18.150,-23.850,68.850,-0.041,0.390,9.503,-0.661,-0.005,-0.023,23
18.150,-23.850,68.850,0.127,0.127,9.395,-0.779,0.001,-0.018,22
18.150,-23.850,68.850,0.010,-0.029,9.373,-0.871,0.007,-0.013,22
18.150,-23.850,68.850,-0.053,-0.299,9.558,-1.006,0.017,0.019,22
17.550,-26.700,67.200,0.165,-0.632,9.431,-1.082,0.031,0.031,22
17.550,-26.700,67.200,-0.134,-1.001,9.610,-1.135,0.016,0.041,22
17.700,-28.500,65.100,-0.294,-1.317,9.129,-1.224,0.021,0.043,23
17.700,-28.500,65.100,-0.098,-1.776,9.385,-1.274,0.023,0.050,22
18.600,-31.950,63.300,0.096,-1.858,9.100,-1.294,0.032,0.046,22
18.600,-31.950,63.300,1.231,-2.112,9.045,-1.313,0.042,0.040,22
16.950,-31.950,61.050,0.182,-3.124,9.361,-1.335,-0.004,0.036,22
16.950,-31.950,61.050,-0.220,-2.725,8.961,-1.358,0.033,0.022,22
16.950,-31.950,61.050,-0.029,-3.634,9.175,-1.373,0.014,0.040,23
17.400,-35.550,59.550,-0.079,-3.627,8.890,-1.361,0.029,0.047,22
17.400,-35.550,59.550,-0.043,-3.859,8.990,-1.340,0.025,0.034,22
16.950,-35.550,55.500,-0.086,-4.159,8.502,-1.335,0.014,0.033,22
16.950,-35.550,55.500,-0.122,-4.453,8.392,-1.314,0.010,0.025,22
16.950,-35.550,55.500,0.067,-4.659,8.466,-1.313,0.028,0.027,22
16.950,-35.550,55.500,0.074,-4.961,8.468,-1.313,0.035,0.030,23
18.600,-39.000,49.500,0.053,-5.112,8.262,-1.312,0.035,0.037,22
18.600,-39.000,49.500,0.017,-5.334,8.250,-1.323,0.016,0.035,22
18.600,-39.000,49.500,-0.055,-5.691,7.839,-1.314,0.021,0.032,22
18.600,-39.900,48.000,-0.098,-5.796,7.671,-1.330,0.029,0.038,22
18.600,-39.900,48.000,-0.127,-6.148,7.527,-1.321,0.021,0.043,22
18.750,-41.250,44.400,-0.048,-6.481,7.705,-1.296,0.023,0.031,23
18.750,-41.250,44.400,-0.017,-6.579,7.309,-1.274,0.025,0.028,22
17.700,-42.600,41.250,-0.124,-7.080,7.240,-1.218,0.023,0.019,22
17.700,-42.600,41.250,-0.120,-7.211,7.068,-1.162,0.027,0.024,22
17.700,-42.600,41.250,-0.153,-7.475,6.955,-1.125,0.029,0.023,22
17.700,-42.600,41.250,-0.053,-7.630,6.845,-1.067,0.022,0.018,22
17.700,-44.550,38.250,-0.158,-7.908,6.747,-0.965,0.024,0.032,23
17.700,-44.550,38.250,-0.326,-8.140,6.543,-0.891,0.023,0.038,22
17.700,-44.550,38.250,-0.223,-8.282,6.357,-0.822,0.015,0.031,22
17.400,-43.800,34.950,-0.160,-8.523,6.412,-0.735,0.013,0.021,22
17.400,-43.800,34.950,-0.093,-8.605,6.376,-0.588,0.031,0.017,22
18.300,-45.450,34.050,-0.256,-8.753,6.347,-0.471,0.024,0.007,22
18.300,-45.450,34.050,-0.247,-8.892,6.287,-0.354,0.018,0.005,23
18.300,-45.150,32.850,-0.139,-9.005,6.275,-0.167,0.013,0.001,22
18.300,-45.150,32.850,-0.175,-9.076,6.340,-0.039,0.006,-0.005,22
18.300,-45.150,32.850,-0.141,-8.971,6.184,0.077,0.010,-0.008,22
18.300,-45.150,32.850,-0.366,-8.270,6.108,0.157,-0.009,-0.012,22
18.300,-45.150,32.850,0.074,-8.538,5.729,0.270,0.020,-0.014,22
18.900,-44.550,33.450,0.129,-8.361,6.716,0.330,-0.007,-0.018,22
18.900,-44.550,33.450,-0.259,-8.229,6.199,0.413,-0.003,-0.017,23
18.900,-44.550,33.450,0.019,-8.274,6.311,0.505,0.004,-0.031,22
18.900,-44.550,33.450,-0.072,-7.918,6.524,0.539,0.022,-0.027,22
16.800,-42.750,35.850,-0.141,-7.927,6.457,0.598,0.003,-0.029,22
16.800,-42.750,35.850,-0.206,-7.831,6.656,0.646,0.011,-0.030,22
18.300,-43.500,37.050,-0.156,-7.688,6.656,0.722,0.011,-0.040,22
18.300,-43.500,37.050,-0.218,-7.556,6.893,0.773,-0.006,-0.044,23
18.300,-43.500,37.050,-0.168,-7.549,6.831,0.807,0.002,-0.040,22
18.600,-43.800,39.450,-0.010,-7.271,6.965,0.887,0.002,-0.043,22
18.600,-43.800,39.450,-0.192,-7.298,7.317,0.948,0.002,-0.042,22
16.500,-42.450,42.600,-0.103,-6.998,7.259,1.000,0.004,-0.044,22
16.500,-42.450,42.600,-0.144,-6.529,7.326,1.013,-0.009,-0.056,22
16.500,-42.450,42.600,0.017,-5.820,7.319,0.963,0.007,-0.055,23
16.500,-42.450,42.600,-0.103,-6.002,7.527,0.940,0.005,-0.046,22
16.800,-40.800,47.850,-0.254,-5.631,7.827,0.928,0.001,-0.047,22
16.800,-40.800,47.850,-0.089,-5.581,7.851,0.891,-0.004,-0.038,22
16.800,-40.800,47.850,-0.086,-5.636,7.970,0.887,0.000,-0.033,22
17.400,-39.450,48.300,-0.074,-5.373,8.083,0.876,-0.000,-0.042,22
17.400,-39.450,48.300,-0.041,-5.227,8.296,0.866,0.003,-0.044,23
17.400,-38.250,51.000,-0.062,-4.946,8.408,0.857,0.002,-0.042,22
17.400,-38.250,51.000,-0.022,-4.733,8.399,0.837,0.002,-0.038,22
17.250,-36.900,50.850,-0.024,-4.685,8.562,0.831,0.001,-0.043,22
17.250,-36.900,50.850,-0.134,-4.535,8.547,0.817,-0.003,-0.037,22
17.250,-36.900,50.850,-0.022,-4.341,8.653,0.808,0.013,-0.033,22
17.250,-36.900,50.850,-0.113,-4.017,8.748,0.807,-0.003,-0.043,23
17.250,-36.900,50.850,-0.050,-3.754,8.832,0.774,0.005,-0.042,22
17.550,-35.700,57.150,-0.019,-3.673,8.806,0.729,0.000,-0.046,22
17.550,-35.700,57.150,-0.067,-3.462,8.938,0.690,-0.005,-0.048,22
18.150,-35.100,57.000,0.084,-2.954,9.048,0.625,-0.006,-0.039,22
18.150,-35.100,57.000,0.062,-2.579,8.978,0.513,0.005,-0.038,22
18.000,-34.200,58.950,0.103,-2.411,9.086,0.397,0.005,-0.039,23
18.000,-34.200,58.950,-0.019,-2.116,8.899,0.273,0.010,-0.029,22
18.750,-33.750,59.700,-0.031,-2.119,9.055,0.145,0.010,-0.017,22
18.750,-33.750,59.700,0.022,-2.030,9.079,-0.046,0.009,-0.012,22
18.750,-33.750,59.700,-0.031,-2.181,8.985,-0.165,0.017,-0.010,22
18.750,-32.250,58.950,0.072,-2.512,9.316,-0.263,0.024,-0.019,22
18.750,-32.250,58.950,-0.053,-2.430,9.007,-0.408,0.009,-0.020,23
17.250,-34.200,57.900,-0.079,-2.466,9.012,-0.497,0.008,-0.015,22
17.250,-34.200,57.900,-0.038,-2.674,9.026,-0.600,0.007,0.009,22
17.250,-34.200,57.900,0.084,-2.619,8.792,-0.696,0.014,0.021,22
17.250,-34.200,57.900,-0.045,-2.835,8.820,-0.848,0.017,0.020,22
18.600,-35.100,55.800,-0.132,-3.055,8.703,-0.953,0.015,0.028,22
18.600,-35.100,55.800,-0.338,-3.383,8.279,-1.044,-0.016,0.031,23
18.600,-35.100,55.800,0.244,-3.737,8.399,-1.147,0.031,0.038,22
16.800,-35.700,54.900,0.115,-4.027,8.396,-1.228,0.025,0.042,22
16.800,-35.700,54.900,-0.098,-4.434,8.435,-1.280,0.015,0.039,22
18.150,-37.950,51.750,-0.010,-4.556,7.970,-1.336,0.003,0.045,22
18.150,-37.950,51.750,-0.115,-5.100,7.676,-1.354,0.043,0.034,22
18.000,-40.800,49.350,-0.347,-5.662,8.049,-1.362,0.016,0.038,23
18.000,-40.800,49.350,0.010,-5.306,7.415,-1.362,0.020,0.032,22
18.000,-40.800,49.350,0.395,-6.311,7.824,-1.334,0.022,0.031,22
18.000,-40.800,49.350,-0.151,-6.132,7.190,-1.396,0.046,0.044,22
18.000,-40.800,49.350,-0.096,-6.129,7.077,-1.386,0.025,0.024,22
18.150,-41.400,42.750,-0.199,-6.493,6.584,-1.361,0.003,0.029,22
18.150,-41.400,42.750,-0.172,-7.163,7.314,-1.408,0.035,0.043,23
18.150,-43.350,39.750,0.029,-6.874,6.251,-1.394,0.028,0.041,22
18.150,-43.350,39.750,-0.239,-7.659,6.833,-1.365,0.034,0.037,22
17.550,-42.750,37.050,-0.134,-7.458,6.235,-1.342,0.031,0.044,22
17.550,-42.750,37.050,-0.180,-7.855,6.328,-1.318,0.022,0.035,22
18.900,-44.100,33.150,-0.117,-8.155,5.909,-1.276,0.025,0.021,22
18.900,-44.100,33.150,-0.089,-8.298,5.799,-1.211,0.029,0.022,23
16.800,-43.950,30.600,-0.400,-8.504,5.765,-1.180,0.016,0.027,22
16.800,-43.950,30.600,-0.235,-8.528,5.198,-1.152,0.029,0.025,22
16.800,-43.950,30.600,-0.151,-8.880,5.610,-1.079,0.021,0.014,22
17.400,-43.800,28.200,-0.182,-9.122,5.291,-1.005,0.026,0.008,22
17.400,-43.800,28.200,-0.158,-8.952,4.839,-0.974,0.025,0.012,22
17.400,-43.800,28.200,-0.352,-9.060,4.659,-0.928,0.022,0.013,23
17.400,-43.800,28.200,-0.192,-9.136,4.879,-0.870,0.014,0.018,22
16.500,-45.150,23.550,-0.215,-9.072,4.243,-0.832,0.009,0.024,22
16.500,-45.150,23.550,-0.184,-9.512,4.331,-0.790,0.019,0.020,22
19.050,-44.400,20.550,-0.146,-9.541,4.130,-0.729,0.016,0.016,22
19.050,-44.400,20.550,-0.115,-9.618,4.266,-0.644,0.022,0.003,22
19.050,-44.400,20.550,-0.230,-9.670,4.077,-0.588,0.017,0.005,23
17.700,-44.100,21.150,-0.318,-9.814,4.046,-0.507,0.017,0.015,22
17.700,-44.100,21.150,-0.230,-9.936,3.812,-0.380,0.007,0.009,22
16.950,-45.000,18.150,-0.187,-10.142,3.948,-0.288,0.013,0.008,22
16.950,-45.000,18.150,-0.192,-10.264,3.864,-0.176,0.015,0.002,22
16.950,-45.000,18.150,-0.321,-10.312,3.905,-0.049,0.005,0.001,22
16.950,-45.000,18.150,-0.113,-10.216,3.680,0.096,0.040,0.008,22
18.150,-44.100,19.350,-0.247,-9.534,4.343,0.191,-0.030,-0.015,22
18.150,-44.100,19.350,-0.055,-9.469,3.158,0.204,0.058,-0.007,23
18.150,-44.100,19.350,-0.297,-9.950,4.563,0.339,-0.033,-0.030,22
17.550,-45.450,19.800,-0.237,-9.646,4.092,0.379,0.017,-0.021,22
17.550,-45.450,19.800,-0.371,-9.869,4.367,0.461,-0.002,-0.018,22
16.650,-43.800,20.400,-0.611,-9.570,4.135,0.543,0.013,-0.014,22
16.650,-43.800,20.400,-0.292,-9.443,4.238,0.624,0.022,-0.019,23
16.650,-43.350,23.400,0.062,-9.629,4.738,0.725,-0.035,-0.033,22
16.650,-43.350,23.400,-0.158,-9.177,4.226,0.715,0.008,-0.011,22
16.650,-43.350,23.400,-0.098,-9.091,4.697,0.773,0.022,-0.029,22
16.650,-43.350,23.400,-0.618,-8.997,4.702,0.861,-0.010,-0.043,22
16.650,-43.350,23.400,-0.306,-9.208,5.164,0.883,-0.023,-0.023,22
18.900,-44.550,27.450,0.089,-8.882,4.990,0.947,-0.000,-0.033,23
18.900,-44.550,27.450,-0.005,-8.921,5.174,0.983,0.018,-0.038,22
18.900,-44.550,27.450,-0.551,-8.171,5.485,1.000,-0.019,-0.036,22
18.900,-44.550,27.450,-0.297,-8.325,5.540,1.011,-0.002,-0.043,22
18.750,-44.700,32.850,0.002,-7.980,5.729,1.000,-0.006,-0.036,22
18.750,-44.700,32.850,-0.211,-7.717,5.753,1.020,0.002,-0.042,22
18.300,-44.700,33.600,-0.158,-7.793,6.213,1.017,0.007,-0.042,23
18.300,-44.700,33.600,-0.105,-7.558,6.220,1.019,0.006,-0.052,22
18.300,-44.700,33.600,-0.115,-7.221,6.318,1.012,-0.002,-0.058,22
18.150,-43.350,35.700,-0.242,-7.178,6.448,0.998,0.008,-0.050,22
18.150,-43.350,35.700,-0.096,-6.879,6.879,0.988,0.001,-0.050,22
16.200,-41.850,39.000,-0.275,-6.627,6.883,0.947,0.000,-0.058,22
16.200,-41.850,39.000,0.005,-6.598,7.046,0.924,0.006,-0.042,22
16.200,-41.850,39.000,0.144,-6.524,7.508,0.919,-0.027,-0.023,23
16.200,-41.850,39.000,0.096,-6.076,7.333,0.872,0.009,-0.035,22
18.150,-40.950,43.500,-0.194,-5.801,7.147,0.837,0.012,-0.064,22
18.150,-40.950,43.500,-0.498,-6.098,7.831,0.825,-0.014,-0.061,22
18.150,-40.950,43.500,-0.129,-5.409,7.379,0.754,0.001,-0.055,22
17.550,-40.050,45.150,0.091,-5.222,7.669,0.687,0.010,-0.042,23
17.550,-40.050,45.150,-0.156,-5.231,8.061,0.653,0.006,-0.035,22
18.000,-40.500,47.100,-0.129,-4.987,7.997,0.575,0.005,-0.026,22
18.000,-40.500,47.100,-0.026,-4.798,7.980,0.517,0.002,-0.030,22
16.950,-40.200,49.050,0.127,-4.700,8.169,0.387,0.006,-0.033,22
16.950,-40.200,49.050,-0.019,-4.190,8.124,0.288,0.008,-0.032,22
16.950,-40.200,49.050,-0.122,-4.022,8.071,0.162,0.013,-0.025,23
16.950,-40.200,49.050,-0.079,-3.809,8.013,-0.054,0.011,-0.010,22
16.950,-40.200,49.050,-0.081,-3.953,8.064,-0.194,0.011,-0.002,22
17.550,-39.600,51.150,0.014,-4.334,8.289,-0.309,0.021,0.006,22
17.550,-39.600,51.150,-0.026,-4.465,8.023,-0.409,0.007,0.015,22
17.550,-39.600,51.150,0.002,-4.290,7.956,-0.565,0.013,0.006,22
17.550,-39.600,51.150,-0.055,-4.662,7.992,-0.681,0.028,0.013,23
18.150,-39.450,48.750,-0.105,-4.611,7.822,-0.788,0.012,0.016,22
18.150,-39.450,48.750,-0.089,-4.879,7.805,-0.930,0.018,0.031,22
18.150,-40.950,46.200,-0.158,-5.394,7.542,-0.996,0.013,0.035,22
18.150,-40.950,46.200,-0.326,-5.595,7.544,-1.084,0.036,0.038,22
16.800,-40.800,44.400,-0.213,-6.060,7.274,-1.137,0.021,0.040,22
16.800,-40.800,44.400,-0.180,-6.292,7.616,-1.139,0.011,0.025,23
16.800,-40.800,44.400,0.007,-6.409,7.151,-1.166,0.026,0.026,22
15.900,-42.150,42.450,-0.034,-7.266,6.936,-1.158,0.010,0.025,22
15.900,-42.150,42.450,-0.072,-7.345,7.034,-1.070,0.018,0.030,22
15.900,-42.150,42.450,-0.180,-7.341,6.926,-1.063,0.015,0.029,22
15.900,-42.150,42.450,-0.105,-7.113,6.613,-1.055,0.035,0.015,22
18.600,-42.150,36.000,-0.225,-7.482,6.479,-1.043,0.034,0.015,23
18.600,-42.150,36.000,-0.256,-7.542,6.091,-1.032,0.017,0.024,22
19.350,-43.800,33.150,-0.093,-7.927,6.206,-1.033,0.025,0.023,22
19.350,-43.800,33.150,-0.235,-7.858,5.837,-1.025,0.019,0.013,22
19.350,-43.800,33.150,-0.333,-8.159,6.134,-0.997,0.015,0.016,22
20.250,-43.500,31.800,-0.074,-8.040,5.404,-1.014,0.032,0.015,22
20.250,-43.500,31.800,-0.215,-8.258,5.404,-1.001,0.025,0.008,23
18.300,-44.400,29.550,-0.215,-8.444,5.339,-0.985,0.020,0.001,22
18.300,-44.400,29.550,-0.242,-8.633,5.040,-0.974,0.021,0.013,22
18.300,-44.400,29.550,-0.165,-8.696,4.932,-0.960,0.025,0.022,22
18.300,-44.400,29.550,-0.239,-8.741,4.958,-0.935,0.014,0.024,22
17.550,-45.450,24.300,-0.163,-9.045,4.633,-0.895,0.007,0.021,22
17.550,-45.450,24.300,-0.148,-9.041,4.460,-0.871,0.011,0.020,23
17.550,-45.450,24.300,-0.225,-9.098,4.233,-0.859,0.030,0.014,22
18.300,-45.450,23.550,-0.278,-9.155,4.276,-0.837,0.014,0.021,22
18.300,-45.450,23.550,-0.347,-9.244,4.128,-0.800,0.003,0.021,22
17.550,-43.950,20.550,-0.048,-9.457,3.996,-0.792,0.011,0.021,22
17.550,-43.950,20.550,-0.067,-9.304,3.677,-0.756,0.015,0.010,22
18.300,-45.900,17.700,-0.352,-9.476,3.797,-0.723,0.021,0.005,23
18.300,-45.900,17.700,-0.302,-9.400,3.433,-0.719,0.020,0.008,22
17.400,-44.100,17.850,-0.297,-9.658,3.438,-0.679,0.010,0.004,22
17.400,-44.100,17.850,-0.388,-9.740,3.153,-0.640,0.021,0.008,22
17.400,-44.100,17.850,-0.314,-9.692,3.184,-0.614,0.019,0.013,22
18.150,-43.350,17.850,-0.347,-9.651,3.084,-0.584,0.010,0.007,22
18.150,-43.350,17.850,-0.271,-9.711,3.010,-0.556,0.018,0.007,23
18.150,-43.350,17.850,-0.215,-9.871,2.947,-0.510,0.011,0.005,22
18.150,-43.350,17.850,-0.311,-10.080,2.768,-0.474,0.014,0.007,22
18.300,-44.700,13.950,-0.318,-10.041,2.653,-0.420,0.007,0.008,22
18.300,-44.700,13.950,-0.280,-10.118,2.653,-0.343,0.001,0.008,22
18.150,-45.300,14.400,-0.297,-10.192,2.631,-0.279,0.009,0.005,22
18.150,-45.300,14.400,-0.304,-10.293,2.636,-0.198,0.003,0.010,22
18.150,-45.300,14.400,-0.259,-10.333,2.576,-0.113,0.005,0.001,23
16.800,-42.750,12.750,-0.213,-10.329,2.509,0.016,0.010,-0.006,22
16.800,-42.750,12.750,-0.273,-10.041,2.370,0.058,0.031,-0.002,22
18.000,-42.750,13.950,-0.168,-9.723,2.698,0.097,0.018,-0.013,22
18.000,-42.750,13.950,-0.333,-10.065,2.595,0.176,0.018,-0.017,22
18.000,-42.750,13.950,-0.127,-9.883,2.942,0.186,-0.014,-0.011,22
18.000,-42.750,13.950,-0.388,-10.003,2.789,0.239,0.016,-0.012,23
18.000,-42.750,14.250,-0.342,-10.060,2.820,0.288,-0.016,-0.003,22
18.000,-42.750,14.250,-0.139,-9.840,3.259,0.375,-0.003,-0.017,22
18.000,-42.750,14.250,-0.362,-10.041,2.744,0.418,-0.007,-0.005,22
18.600,-44.550,14.100,-0.275,-10.075,3.002,0.480,-0.013,-0.012,22
18.600,-44.550,14.100,-0.156,-9.845,3.079,0.549,-0.006,-0.025,22
17.550,-44.700,16.950,-0.168,-9.807,3.175,0.566,0.011,-0.032,23
17.550,-44.700,16.950,-0.244,-9.610,3.323,0.617,0.003,-0.030,22
17.250,-43.950,17.700,-0.242,-9.737,3.608,0.658,0.007,-0.027,22
17.250,-43.950,17.700,-0.249,-9.567,3.515,0.711,0.008,-0.043,22
18.300,-46.650,20.250,-0.275,-9.598,3.924,0.753,0.011,-0.037,22
18.300,-46.650,20.250,-0.278,-9.503,3.903,0.803,0.008,-0.037,22
18.600,-46.650,20.250,-0.347,-9.553,4.120,0.852,0.001,-0.048,23
18.600,-44.550,22.650,-0.302,-8.909,3.958,0.838,0.005,-0.064,22
18.600,-44.550,22.650,0.026,-8.641,4.633,0.849,0.014,-0.068,22
18.600,-44.550,22.650,-0.587,-9.103,4.458,0.869,0.031,-0.064,22
18.600,-44.550,22.650,-0.330,-8.784,4.848,0.922,0.003,-0.052,22
18.300,-45.150,27.750,-0.232,-8.923,4.872,0.946,0.009,-0.042,22
18.300,-45.150,27.750,-0.201,-8.902,5.073,0.986,-0.001,-0.031,23
16.200,-44.550,28.200,-0.196,-8.394,5.289,1.039,-0.006,-0.040,22
16.200,-44.550,28.200,-0.285,-8.387,5.571,1.050,0.004,-0.033,22
16.200,-44.550,28.200,-0.153,-8.011,5.581,1.057,-0.002,-0.048,22
17.550,-45.150,31.050,0.000,-7.985,5.847,1.066,0.010,-0.048,22
17.550,-45.150,31.050,-0.309,-7.908,5.988,1.063,0.002,-0.045,22
17.550,-44.400,34.350,-0.158,-7.477,6.316,1.055,0.000,-0.038,23
17.550,-44.400,34.350,-0.034,-7.405,6.426,1.047,-0.005,-0.041,22
17.550,-44.400,34.350,-0.096,-6.881,6.450,1.012,-0.011,-0.046,22
17.550,-44.400,34.350,0.002,-6.910,6.850,0.993,0.009,-0.035,22
17.400,-42.600,40.500,-0.153,-6.548,6.481,0.931,0.003,-0.047,22
17.400,-42.600,40.500,-0.060,-6.697,7.128,0.875,0.001,-0.050,22
17.700,-41.400,42.000,-0.103,-6.237,7.317,0.823,0.008,-0.049,23
17.700,-41.400,42.000,-0.115,-5.935,7.072,0.756,0.003,-0.041,22
17.700,-41.400,42.000,-0.223,-5.741,7.412,0.687,0.007,-0.043,22
17.550,-41.550,42.900,-0.072,-5.416,7.386,0.543,0.007,-0.035,22
17.550,-41.550,42.900,-0.141,-5.262,7.386,0.431,-0.001,-0.029,22
16.650,-40.950,45.750,-0.182,-4.872,7.570,0.295,0.001,-0.022,22
16.650,-40.950,45.750,-0.175,-4.707,7.487,0.073,0.001,-0.009,22
16.650,-40.950,45.750,-0.093,-4.755,7.566,-0.068,0.004,-0.004,23
16.650,-40.950,45.750,0.029,-4.863,7.484,-0.207,0.011,-0.003,22
16.650,-40.650,45.750,0.041,-5.459,7.860,-0.278,0.015,-0.010,22
16.650,-40.650,45.750,0.177,-5.241,7.707,-0.409,0.007,-0.005,22
16.650,-40.650,45.750,0.057,-5.466,7.599,-0.499,0.012,0.010,22
16.650,-40.650,45.750,-0.101,-5.763,7.784,-0.570,0.010,0.017,23
16.650,-40.650,45.750,-0.165,-5.614,7.125,-0.672,0.018,0.012,22
16.800,-42.750,43.650,-0.132,-5.861,7.415,-0.743,0.011,0.009,22
16.800,-42.750,43.650,-0.213,-6.141,7.405,-0.800,0.014,0.019,22
17.250,-42.000,42.600,-0.199,-6.167,6.974,-0.856,0.029,0.030,22
17.250,-42.000,42.600,-0.048,-6.620,6.989,-0.929,0.021,0.020,22
18.750,-42.450,38.850,-0.045,-6.601,6.713,-0.979,0.017,0.021,23
18.750,-42.450,38.850,0.093,-6.900,6.874,-1.007,0.030,0.029,22
18.750,-42.450,38.850,-0.067,-7.154,6.610,-1.037,0.015,0.032,22
16.650,-43.800,38.250,-0.244,-7.460,6.491,-1.035,0.020,0.031,22
16.650,-43.800,38.250,-0.122,-7.901,6.704,-0.995,0.012,0.037,22
16.650,-43.800,38.250,-0.271,-7.843,5.899,-0.965,0.009,0.032,22
16.650,-43.800,38.250,-0.129,-7.738,6.215,-0.958,0.033,0.011,23
19.050,-45.150,32.850,-0.237,-8.315,5.950,-0.979,0.029,0.010,22
19.050,-45.150,32.850,-0.129,-8.073,5.669,-0.957,0.023,0.019,22
17.550,-44.700,29.550,-0.180,-8.238,5.588,-0.942,0.022,0.023,22
17.550,-44.700,29.550,-0.292,-8.514,5.514,-0.918,0.020,0.021,22
17.550,-44.700,29.550,-0.223,-8.449,5.227,-0.905,0.013,0.020,22
19.050,-44.400,28.050,-0.158,-8.674,5.018,-0.899,0.021,0.012,23
19.050,-44.400,28.050,-0.278,-8.703,4.920,-0.872,0.018,0.021,22
19.350,-43.350,25.650,-0.273,-8.820,4.817,-0.865,0.014,0.021,22
19.350,-43.350,25.650,-0.230,-8.914,4.590,-0.847,0.011,0.024,22
19.350,-43.350,25.650,-0.302,-8.933,4.439,-0.824,0.016,0.028,22
19.350,-43.350,25.650,-0.232,-9.096,4.269,-0.813,0.012,0.030,22
18.600,-45.300,22.650,-0.309,-9.155,4.137,-0.791,0.016,0.026,23
18.600,-45.300,22.650,-0.242,-9.187,3.970,-0.784,0.013,0.027,22
18.600,-45.300,22.650,-0.215,-9.349,3.967,-0.754,0.013,0.025,22
18.000,-45.150,20.250,-0.211,-9.290,3.828,-0.737,0.022,0.019,22
18.000,-45.150,20.250,-0.196,-9.378,3.493,-0.723,0.019,0.010,22
16.800,-45.150,19.050,-0.316,-9.529,3.646,-0.687,0.021,0.006,22
16.800,-45.150,19.050,-0.335,-9.510,3.196,-0.665,0.006,0.013,23
18.150,-46.500,16.650,-0.266,-9.651,3.515,-0.634,0.005,0.008,22
18.150,-46.500,16.650,-0.151,-9.543,3.065,-0.613,0.025,0.008,22
18.150,-46.500,16.650,-0.247,-9.574,3.005,-0.580,0.016,-0.001,22
18.150,-46.500,16.650,-0.251,-9.618,2.899,-0.582,0.030,0.003,22
18.150,-46.500,16.650,-0.290,-9.730,2.875,-0.567,0.019,0.000,22
18.750,-43.500,14.700,-0.247,-9.711,2.638,-0.537,0.021,0.004,22
18.750,-43.500,14.700,-0.204,-9.845,2.698,-0.511,0.026,0.002,22
18.750,-43.500,14.700,-0.271,-9.706,2.567,-0.497,0.026,0.000,23
18.750,-43.500,14.700,-0.359,-9.821,2.394,-0.482,0.029,-0.003,22
17.400,-44.550,12.150,-0.306,-9.747,2.284,-0.471,0.020,-0.015,23
17.400,-44.550,12.150,-0.335,-9.814,2.243,-0.462,0.034,-0.009,22
18.150,-42.600,11.550,-0.718,-9.890,2.389,-0.444,-0.009,-0.004,22
18.150,-42.600,11.550,0.029,-10.307,2.222,-0.395,0.019,-0.004,22
18.150,-42.600,11.550,-0.532,-9.991,1.834,-0.319,0.031,-0.010,22
18.600,-43.350,9.300,-0.397,-10.329,2.373,-0.273,0.024,-0.010,22
18.600,-43.350,9.300,-0.237,-10.178,1.853,-0.223,0.002,-0.002,22
18.000,-42.750,9.450,-0.304,-10.223,2.090,-0.140,0.007,0.014,22
18.000,-42.750,9.450,-0.369,-10.369,1.990,-0.089,0.004,0.007,22
18.000,-42.750,9.450,-0.290,-10.257,2.025,-0.024,-0.020,0.000,23
18.000,-42.750,9.450,-0.187,-9.886,1.688,0.017,0.012,0.001,22
17.700,-43.350,10.800,-0.196,-10.034,2.239,0.053,0.009,-0.007,22
17.700,-43.350,10.800,-0.316,-9.711,1.674,0.038,0.027,-0.012,22
18.900,-44.100,10.350,-0.333,-10.020,0.962,0.099,0.007,-0.033,22
18.900,-44.100,10.350,0.065,-10.192,2.777,0.149,0.017,-0.019,22
18.900,-44.100,10.350,-0.108,-10.384,2.217,0.275,0.003,-0.023,23
16.950,-43.350,10.050,-0.388,-10.602,2.224,0.343,-0.013,-0.016,22
16.950,-43.350,10.050,-0.201,-10.113,2.377,0.464,-0.010,-0.009,22
18.000,-43.500,13.500,-0.417,-10.274,2.236,0.531,-0.011,0.003,22
18.000,-43.500,13.500,-0.206,-9.917,2.176,0.585,-0.024,-0.004,22
18.000,-43.500,13.500,-0.122,-9.955,2.907,0.646,-0.005,-0.019,22
18.000,-43.500,13.500,-0.057,-9.675,2.442,0.651,0.011,-0.023,23
16.650,-45.000,15.600,-0.213,-9.756,2.993,0.678,0.001,-0.044,22
16.650,-45.000,15.600,-0.225,-9.670,3.213,0.673,0.021,-0.052,22
16.650,-45.000,15.600,-0.242,-9.524,2.981,0.693,0.019,-0.060,22
16.650,-45.000,15.600,-0.239,-9.646,3.314,0.730,0.024,-0.063,22
16.650,-45.000,15.600,-0.194,-9.586,3.349,0.757,0.030,-0.059,22
18.900,-45.750,20.100,-0.333,-9.773,3.476,0.770,0.026,-0.068,23
18.900,-45.750,20.100,0.029,-9.127,4.223,0.750,0.018,-0.057,22
17.700,-45.000,19.650,-0.266,-9.060,3.565,0.768,0.010,-0.053,22
17.700,-45.000,19.650,-0.287,-9.141,4.539,0.727,-0.001,-0.040,22
18.150,-44.550,23.400,-0.290,-8.578,3.783,0.718,0.015,-0.040,22
18.150,-44.550,23.400,-0.400,-9.151,4.523,0.751,-0.011,-0.037,22
18.150,-44.550,23.400,0.050,-8.909,4.930,0.742,0.004,-0.031,23
16.800,-45.450,24.750,-0.115,-8.708,4.583,0.750,0.005,-0.029,22
16.800,-45.450,24.750,-0.335,-8.734,4.915,0.764,-0.005,-0.024,22
16.800,-45.450,24.750,-0.266,-8.514,4.978,0.768,-0.002,-0.026,22
16.800,-45.450,24.750,-0.158,-8.583,5.207,0.785,-0.002,-0.027,22
18.000,-45.150,28.800,-0.031,-8.341,5.447,0.796,0.006,-0.041,22
18.000,-45.150,28.800,-0.263,-8.289,5.447,0.814,0.009,-0.044,23
18.000,-44.400,31.050,-0.285,-8.104,5.471,0.820,0.006,-0.032,22
18.000,-44.400,31.050,-0.153,-7.994,5.746,0.821,-0.003,-0.032,22
18.000,-44.400,31.050,-0.184,-7.843,5.827,0.801,0.004,-0.040,22
18.600,-44.100,32.700,0.022,-7.664,6.033,0.759,0.018,-0.049,22
18.600,-44.100,32.700,-0.189,-7.283,6.148,0.730,0.005,-0.050,22
16.650,-44.100,34.950,-0.314,-7.369,6.345,0.688,-0.003,-0.042,23
16.650,-44.100,34.950,-0.208,-7.082,6.242,0.648,0.001,-0.027,22
16.650,-44.100,34.950,-0.084,-6.998,6.625,0.607,0.002,-0.017,22
16.650,-44.100,34.950,-0.117,-6.711,6.400,0.505,0.004,-0.023,22
17.250,-43.200,38.100,-0.158,-6.333,6.670,0.422,0.005,-0.041,22
17.250,-43.200,38.100,-0.156,-6.388,6.637,0.331,-0.012,-0.032,22
17.250,-43.200,38.100,-0.045,-6.290,6.673,0.237,0.006,-0.021,23
17.550,-43.500,38.100,-0.050,-6.187,6.718,0.090,0.014,-0.027,22
17.550,-43.500,38.100,-0.129,-6.213,6.792,-0.010,0.018,-0.029,22
16.050,-42.000,38.100,-0.050,-6.153,6.812,-0.094,0.009,-0.046,22
16.050,-42.000,38.100,0.010,-6.546,7.017,-0.204,0.013,-0.057,22
15.450,-43.050,38.700,0.026,-6.505,6.747,-0.266,0.026,-0.053,22
15.450,-43.050,38.700,-0.215,-6.337,6.879,-0.341,0.016,-0.054,23
17.550,-41.550,38.850,-0.192,-6.632,6.922,-0.438,0.026,-0.044,22
17.550,-41.550,38.850,-0.101,-6.503,6.498,-0.536,0.033,-0.019,22
17.550,-41.550,38.850,-0.036,-6.606,6.680,-0.619,0.027,0.001,22
18.750,-42.450,37.050,-0.024,-6.553,6.170,-0.692,0.042,-0.001,22
18.750,-42.450,37.050,-0.148,-6.972,6.524,-0.792,0.027,0.003,22
18.750,-42.450,37.050,-0.196,-6.874,6.096,-0.871,0.030,0.016,22
18.750,-42.450,37.050,-0.172,-7.288,5.729,-0.903,0.013,0.024,23
16.800,-43.200,34.050,-0.132,-7.582,6.065,-0.944,0.017,0.040,22
16.800,-43.200,34.050,-0.002,-7.621,5.722,-1.011,0.030,0.048,22
18.300,-43.950,32.550,-0.074,-7.841,5.662,-1.023,0.028,0.040,22
18.300,-43.950,32.550,-0.144,-7.848,5.519,-1.063,0.035,0.036,22
17.400,-43.950,32.550,-0.211,-8.933,5.535,-1.036,0.024,0.038,23
17.400,-44.100,29.700,-0.505,-8.681,4.896,-1.028,0.013,0.048,22
17.400,-44.100,29.700,-0.235,-8.473,4.887,-1.006,-0.002,0.041,22
16.650,-44.550,27.150,-0.062,-8.672,4.975,-1.007,0.023,0.041,22
16.650,-44.550,27.150,-0.204,-8.777,4.604,-1.001,0.005,0.039,22
16.650,-44.550,27.150,-0.074,-8.921,4.300,-0.985,0.009,0.032,22
16.650,-44.550,27.150,-0.192,-9.285,4.178,-0.975,0.030,0.022,23
17.250,-44.400,22.050,-0.182,-9.203,3.998,-0.946,0.024,0.017,22
17.250,-44.400,22.050,-0.160,-9.254,4.015,-0.933,0.026,0.007,22
15.900,-45.300,20.400,-0.268,-9.488,3.701,-0.899,0.023,0.014,22
15.900,-45.300,20.400,-0.227,-9.440,3.773,-0.885,0.024,0.015,22
15.900,-45.300,20.400,-0.249,-9.445,3.314,-0.858,0.020,0.022,22
17.400,-44.550,17.400,-0.237,-9.615,3.347,-0.828,0.012,0.013,22
17.400,-44.550,17.400,-0.139,-9.507,3.033,-0.825,0.029,0.014,23
17.550,-42.750,15.000,-0.290,-9.740,3.074,-0.787,0.022,0.019,22
17.550,-42.750,15.000,-0.429,-9.907,2.840,-0.749,0.008,0.022,22
17.550,-42.750,15.000,-0.340,-9.938,2.770,-0.711,-0.015,0.026,22
17.550,-42.750,15.000,-0.268,-9.883,2.576,-0.667,-0.007,0.035,22
16.800,-43.500,12.450,-0.132,-9.859,2.421,-0.626,0.002,0.041,22
16.800,-43.500,12.450,-0.232,-9.941,2.363,-0.594,0.001,0.037,23
16.800,-43.500,12.450,-0.177,-9.845,2.231,-0.596,0.017,0.016,22
16.800,-43.500,12.450,-0.194,-9.898,2.049,-0.564,0.025,-0.005,22
16.800,-43.500,12.450,-0.247,-9.914,1.875,-0.555,0.023,-0.003,22
18.300,-42.750,9.000,-0.335,-9.804,1.925,-0.540,0.024,-0.003,22
18.300,-42.750,9.000,-0.328,-9.773,1.686,-0.559,0.021,-0.003,22
17.700,-43.050,8.850,-0.323,-9.668,1.590,-0.569,0.024,-0.007,23
17.700,-43.050,8.850,-0.268,-9.881,1.578,-0.570,0.027,-0.005,22
16.950,-42.600,7.350,-0.328,-9.749,1.267,-0.578,0.030,0.001,22
16.950,-42.600,7.350,-0.421,-9.826,1.405,-0.584,0.022,0.002,22
16.950,-42.600,7.350,-0.362,-10.022,1.252,-0.567,0.014,0.007,22
16.800,-40.800,6.750,-0.285,-10.092,1.063,-0.560,0.013,0.008,22
16.800,-40.800,6.750,-0.249,-10.020,0.860,-0.541,0.020,0.011,23
16.800,-40.800,6.750,-0.328,-10.204,1.018,-0.510,0.020,0.010,22
16.800,-40.800,6.750,-0.500,-10.175,0.706,-0.488,0.011,0.010,22
18.750,-40.500,4.650,-0.467,-10.183,0.824,-0.460,-0.005,0.013,22
18.750,-40.500,4.650,-0.309,-10.168,0.594,-0.424,0.003,0.012,22
16.950,-41.850,3.300,0.170,-11.693,5.028,-0.182,0.047,0.012,22
16.950,-41.850,3.300,0.587,-10.786,1.899,0.153,0.010,-0.014,23
16.950,-41.850,3.300,-0.433,-9.969,-1.489,0.003,0.019,0.002,22
17.550,-41.250,3.150,-0.405,-8.890,-0.024,-0.113,0.047,-0.041,22
17.550,-41.250,3.150,-0.716,-10.137,0.929,-0.057,0.059,-0.048,22
17.400,-40.650,3.300,-0.455,-10.118,0.129,-0.029,0.003,-0.031,22
17.400,-40.650,3.300,-0.251,-9.785,1.082,-0.042,0.000,-0.013,22
17.400,-40.650,3.300,-0.230,-9.610,-0.005,-0.072,0.008,0.003,23
17.400,-40.650,3.300,-0.278,-10.252,0.943,-0.036,0.009,-0.011,22
17.250,-40.800,2.700,-0.273,-9.924,0.656,-0.044,0.013,-0.004,22
17.250,-40.800,2.700,-0.366,-9.900,0.587,-0.056,0.006,-0.007,22
17.250,-40.800,2.700,-0.309,-10.005,0.529,-0.044,0.009,-0.007,22
17.250,-40.800,2.700,-0.290,-9.934,0.625,-0.044,-0.001,-0.004,22
17.250,-40.800,2.700,-0.421,-9.886,0.455,-0.049,0.005,0.005,23
17.250,-41.250,3.900,-0.266,-10.099,0.553,-0.039,0.004,0.008,22
17.250,-41.250,3.900,-0.280,-10.106,0.508,-0.017,-0.001,-0.002,22
16.200,-40.650,3.300,-0.366,-10.221,0.522,0.001,0.004,0.006,22
16.200,-40.650,3.300,-0.378,-10.163,0.460,0.022,0.005,0.006,22
17.700,-40.950,2.850,-0.393,-10.266,0.886,0.067,-0.001,0.000,22
17.700,-40.950,2.850,-0.062,-10.290,0.613,0.096,-0.003,-0.001,23
17.700,-40.950,2.850,-0.330,-10.429,0.828,0.183,-0.012,-0.005,22
17.400,-40.650,2.850,-0.251,-10.602,0.555,0.239,0.009,-0.006,22
17.400,-40.650,2.850,-0.575,-10.489,0.622,0.296,-0.001,-0.007,22
17.400,-40.650,2.850,-0.199,-10.513,1.015,0.391,-0.000,-0.021,22
17.400,-40.650,2.850,-0.357,-10.561,1.269,0.450,0.001,-0.023,22
18.150,-42.600,5.850,-0.292,-10.314,1.104,0.531,0.008,-0.031,22
18.150,-42.600,5.850,-0.328,-10.515,1.609,0.592,-0.004,-0.034,23
19.050,-41.550,5.700,-0.395,-10.238,1.099,0.662,-0.002,-0.033,22
19.050,-41.550,5.700,-0.333,-10.523,1.748,0.752,-0.010,-0.038,22
19.050,-41.550,5.700,-0.311,-10.446,1.932,0.792,0.009,-0.033,22
18.600,-44.100,8.850,-0.335,-10.171,1.750,0.877,0.009,-0.037,22
18.600,-44.100,8.850,-0.481,-10.379,2.090,0.945,-0.006,-0.042,23
18.000,-43.950,11.700,-0.273,-10.056,1.693,0.952,0.013,-0.039,22
18.000,-43.950,11.700,-0.189,-9.117,2.387,0.929,0.005,-0.058,22
18.000,-43.950,11.700,-0.778,-9.838,2.354,0.937,0.018,-0.039,22
18.000,-43.950,11.700,-0.247,-9.706,2.969,0.937,-0.026,-0.033,22
18.300,-44.700,16.950,-0.256,-9.239,2.782,0.957,-0.001,-0.044,22
18.300,-44.700,16.950,-0.108,-9.603,3.249,0.960,0.007,-0.041,23
17.700,-45.750,20.400,-0.292,-9.421,3.244,0.955,0.001,-0.037,22
17.700,-45.750,20.400,-0.445,-9.225,3.639,0.964,-0.002,-0.038,22
17.700,-45.750,20.400,-0.199,-9.318,4.010,0.958,-0.017,-0.040,22
16.650,-44.550,21.900,-0.105,-9.100,4.128,0.978,-0.003,-0.036,22
16.650,-44.550,21.900,-0.218,-9.017,4.116,0.990,-0.004,-0.034,22
18.750,-44.400,22.800,-0.362,-9.151,4.408,1.018,-0.009,-0.034,23
18.750,-44.400,22.800,-0.187,-8.950,4.831,1.058,-0.013,-0.039,22
18.750,-44.400,22.800,-0.158,-8.736,4.810,1.075,-0.003,-0.033,22
18.750,-44.400,22.800,-0.172,-8.499,5.114,1.086,-0.005,-0.031,22
18.150,-44.550,29.700,-0.158,-8.677,5.289,1.122,-0.009,-0.038,22
18.150,-44.550,29.700,-0.306,-8.581,5.490,1.168,-0.004,-0.046,22
18.150,-44.550,29.700,-0.117,-8.238,5.873,1.198,0.004,-0.053,23
18.150,-44.550,29.700,-0.230,-8.116,5.861,1.235,-0.001,-0.057,22
18.150,-44.550,29.700,-0.201,-7.870,6.096,1.275,-0.003,-0.047,22
16.950,-43.800,34.950,-0.156,-7.647,6.282,1.286,-0.000,-0.052,22
16.950,-43.800,34.950,-0.136,-7.357,6.433,1.288,0.004,-0.059,22
18.900,-43.050,40.200,-0.151,-7.044,6.572,1.303,-0.003,-0.060,22
18.900,-43.050,40.200,-0.172,-6.835,7.159,1.306,-0.005,-0.059,23
17.400,-43.050,42.750,-0.153,-6.713,7.080,1.309,-0.002,-0.051,22
17.400,-43.050,42.750,-0.134,-6.510,7.333,1.314,-0.006,-0.061,22
17.400,-43.050,42.750,-0.129,-6.105,7.362,1.302,-0.004,-0.049,22
16.950,-40.650,45.750,-0.117,-6.000,7.707,1.292,-0.009,-0.052,22
16.950,-40.650,45.750,0.031,-5.478,7.810,1.273,-0.002,-0.056,22
16.950,-40.650,45.750,-0.041,-5.291,7.954,1.239,0.002,-0.060,22
16.950,-40.650,45.750,-0.160,-5.035,8.045,1.211,-0.004,-0.074,23
18.000,-37.650,52.350,-0.096,-4.726,8.133,1.167,-0.005,-0.075,22
18.000,-37.650,52.350,-0.117,-4.571,8.322,1.133,-0.004,-0.068,22
16.800,-38.850,53.700,-0.055,-4.278,8.602,1.094,-0.003,-0.063,22
16.800,-38.850,53.700,-0.105,-4.135,8.698,1.071,-0.004,-0.051,22
16.800,-38.850,53.700,-0.086,-4.094,8.803,1.062,-0.001,-0.042,22
17.700,-35.100,56.250,-0.036,-3.857,8.921,1.063,0.002,-0.040,23
17.700,-35.100,56.250,-0.002,-3.579,9.005,1.068,-0.005,-0.040,22
16.950,-36.000,57.750,-0.034,-3.400,9.093,1.072,0.000,-0.042,22
16.950,-36.000,57.750,0.057,-3.091,9.079,1.076,-0.001,-0.046,22
16.950,-36.000,57.750,-0.002,-2.998,9.199,1.069,-0.001,-0.044,22
16.950,-36.000,57.750,0.022,-2.658,9.266,1.063,0.000,-0.045,22
17.400,-30.450,61.800,0.002,-2.181,9.347,1.055,-0.008,-0.048,23
17.400,-30.450,61.800,0.024,-1.901,9.261,1.013,-0.004,-0.052,22
17.400,-30.450,61.800,-0.093,-1.712,9.404,0.981,-0.001,-0.048,22
18.150,-28.950,65.100,0.101,-1.389,9.498,0.949,0.002,-0.038,22
18.150,-28.950,65.100,0.038,-1.346,9.517,0.916,0.003,-0.035,22
17.400,-28.950,65.850,0.017,-1.135,9.462,0.861,-0.001,-0.044,22
17.400,-28.950,65.850,0.029,-0.740,9.534,0.815,0.001,-0.045,23
18.000,-26.700,67.200,-0.153,-0.469,9.531,0.767,0.013,-0.043,22
18.000,-26.700,67.200,0.026,-0.405,9.467,0.693,0.007,-0.040,22
17.550,-26.400,67.950,0.002,-0.338,9.651,0.650,0.001,-0.032,22
17.550,-26.400,67.950,0.041,-0.251,9.653,0.625,0.003,-0.027,22
17.550,-26.400,67.950,0.029,-0.084,9.689,0.599,-0.001,-0.030,22
17.250,-23.250,69.450,-0.101,0.345,10.815,0.517,0.006,-0.034,23
17.250,-23.250,69.450,0.618,1.949,9.493,0.260,0.006,-0.014,22
17.250,-23.250,69.450,0.287,2.241,6.993,0.034,0.104,0.009,22
17.250,-23.250,69.450,-0.955,1.954,9.033,-0.166,0.025,0.000,22
18.150,-23.850,70.800,-1.027,0.271,10.247,-0.222,0.052,0.019,22
18.150,-23.850,70.800,0.644,-0.124,9.474,-0.249,0.028,0.072,22
16.950,-23.850,69.600,1.120,-0.656,9.998,-0.251,0.050,0.065,23
16.950,-23.850,69.600,0.476,-0.912,10.309,-0.147,0.026,0.026,22
16.950,-23.850,69.600,0.103,-0.697,9.785,-0.091,0.043,0.015,22
18.300,-24.000,68.250,-0.172,-0.436,9.855,-0.031,0.015,-0.003,22
18.300,-24.000,68.250,0.163,-0.323,9.948,-0.008,0.015,-0.018,22
17.550,-24.000,69.450,0.328,0.002,9.922,-0.039,0.023,-0.024,22
17.550,-24.000,69.450,0.086,0.208,9.658,-0.073,0.008,-0.033,23
17.550,-24.000,69.450,-0.120,0.208,9.646,-0.124,-0.006,-0.042,22
17.550,-24.000,69.450,-0.117,-0.038,9.668,-0.166,0.007,-0.048,22
18.300,-23.250,69.450,0.129,-0.002,9.922,-0.180,-0.005,-0.036,22
18.300,-23.250,69.450,0.251,0.060,9.831,-0.225,0.004,-0.018,22
16.950,-24.150,70.350,0.290,0.220,9.718,-0.305,0.025,0.002,22
16.950,-24.150,70.350,0.089,0.268,9.615,-0.378,0.025,0.009,23
16.950,-24.150,70.350,-0.108,0.283,9.567,-0.450,0.028,0.005,22
16.800,-25.200,68.700,0.177,0.062,9.639,-0.537,-0.001,-0.005,22
16.800,-25.200,68.700,0.172,0.000,9.675,-0.652,0.020,-0.009,22
17.400,-25.800,67.350,0.148,-0.196,9.565,-0.723,0.018,-0.007,22
17.400,-25.800,67.350,-0.086,-0.448,9.768,-0.784,0.013,-0.012,23
17.700,-28.050,66.300,-0.005,-0.924,9.536,-0.860,0.027,-0.006,22
17.700,-28.050,66.300,0.026,-0.931,9.086,-0.894,0.019,-0.003,22
17.700,-28.500,65.100,-0.041,-1.209,9.742,-0.936,0.019,0.012,22
17.700,-28.500,65.100,0.187,-1.195,9.369,-0.982,0.026,0.022,22
17.700,-28.500,65.100,-0.041,-1.518,9.550,-1.053,0.019,0.025,22
17.700,-28.500,65.100,-0.148,-1.741,9.491,-1.097,0.015,0.030,22
17.700,-28.500,65.100,0.182,-1.793,9.656,-1.138,0.001,0.026,23
16.800,-33.000,62.700,0.558,-2.272,9.637,-1.168,0.028,0.031,22
16.800,-33.000,62.700,0.397,-2.538,9.117,-1.212,0.028,0.027,22
17.400,-34.050,59.250,0.124,-2.624,9.311,-1.251,0.036,0.031,22
17.400,-34.050,59.250,-0.283,-3.031,8.504,-1.246,0.024,0.031,22
17.550,-34.950,57.900,-0.199,-3.637,9.017,-1.278,0.018,0.037,22
17.550,-34.950,57.900,0.019,-3.771,8.665,-1.298,0.025,0.038,23
17.550,-34.950,57.900,-0.019,-4.266,8.978,-1.265,0.018,0.032,22
17.700,-37.500,56.250,-0.122,-4.341,8.717,-1.241,0.017,0.037,22
17.700,-37.500,56.250,0.067,-4.834,8.401,-1.231,0.018,0.041,22
17.700,-37.500,56.250,0.029,-4.954,8.504,-1.212,0.026,0.040,22
17.700,-37.500,56.250,0.105,-5.186,8.387,-1.193,0.030,0.028,22
18.600,-39.000,49.800,-0.029,-5.207,8.298,-1.189,0.023,0.024,23
18.600,-39.000,49.800,-0.151,-5.341,8.042,-1.196,0.023,0.033,22
17.700,-39.900,47.250,-0.053,-5.780,7.829,-1.176,0.016,0.028,22
17.700,-39.900,47.250,-0.043,-6.009,7.954,-1.172,0.030,0.034,22
17.700,-39.900,47.250,-0.005,-6.122,7.630,-1.164,0.024,0.035,22
17.400,-43.050,45.000,0.029,-6.316,7.697,-1.147,0.019,0.028,22
17.400,-43.050,45.000,-0.096,-6.335,7.341,-1.146,0.026,0.027,23
17.700,-43.800,42.450,-0.215,-6.601,7.173,-1.146,0.029,0.028,22
17.700,-43.800,42.450,-0.182,-6.754,6.970,-1.155,0.024,0.022,22
18.600,-42.150,40.200,-0.067,-6.962,6.855,-1.153,0.030,0.016,22
18.600,-42.150,40.200,-0.124,-7.092,6.716,-1.159,0.024,0.021,22
16.950,-42.150,37.200,-0.158,-7.247,6.721,-1.162,0.026,0.029,22
16.950,-42.150,37.200,-0.165,-7.623,6.352,-1.161,0.020,0.037,23
16.950,-42.150,37.200,-0.165,-7.590,6.057,-1.156,0.012,0.040,22
16.950,-42.150,37.200,-0.134,-7.736,5.993,-1.167,0.021,0.039,22
16.950,-42.150,37.200,-0.249,-7.946,5.835,-1.161,0.015,0.043,22
17.700,-44.550,31.650,-0.204,-8.102,5.708,-1.156,0.017,0.042,22
17.700,-44.550,31.650,-0.163,-8.461,5.291,-1.148,0.012,0.035,22
18.000,-45.150,28.800,-0.220,-8.535,5.183,-1.142,0.011,0.037,22
18.000,-45.150,28.800,-0.177,-8.614,5.025,-1.129,0.015,0.037,23
19.050,-45.450,27.000,-0.170,-8.760,4.922,-1.099,0.012,0.027,22
19.050,-45.450,27.000,-0.115,-8.871,4.551,-1.078,0.018,0.025,22
19.050,-45.450,27.000,-0.259,-9.048,4.446,-1.049,0.026,0.019,22
18.000,-44.700,24.300,-0.225,-9.249,4.307,-1.024,0.026,0.014,22
18.000,-44.700,24.300,-0.309,-9.117,4.132,-0.990,0.047,0.013,22
18.000,-44.700,24.300,-0.491,-9.210,4.144,-0.954,0.007,0.013,23
18.000,-44.700,24.300,-0.259,-9.278,3.824,-0.939,0.014,0.014,22
17.700,-45.000,18.600,-0.077,-9.560,3.773,-0.897,0.034,0.013,22
17.700,-45.000,18.600,-0.268,-9.438,3.431,-0.854,0.036,0.009,22
19.350,-43.800,17.400,-0.263,-9.481,3.486,-0.831,0.037,0.005,22
19.350,-43.800,17.400,-0.247,-9.546,3.081,-0.837,0.047,0.007,22
19.350,-43.800,17.400,-0.508,-9.558,2.964,-0.840,0.046,0.002,23
17.250,-42.750,15.450,-0.201,-9.661,2.811,-0.841,0.029,0.004,22
17.250,-42.750,15.450,-0.151,-9.639,2.619,-0.813,0.039,0.001,22
17.400,-45.000,13.350,-0.129,-9.874,2.684,-0.779,0.048,0.008,22
17.400,-45.000,13.350,-0.093,-9.737,2.346,-0.766,0.040,0.001,22
16.650,-43.800,12.150,-0.297,-9.819,2.133,-0.753,0.053,0.011,22
16.650,-43.800,12.150,-0.414,-9.883,1.930,-0.719,0.040,0.000,22
19.500,-43.200,10.950,-0.393,-9.984,1.899,-0.701,0.036,0.005,23
19.500,-43.200,10.950,-0.330,-9.929,1.884,-0.688,0.037,0.005,22
19.500,-43.200,10.950,-0.263,-10.003,1.508,-0.672,0.031,0.003,22
19.500,-43.200,10.950,-0.366,-10.228,1.757,-0.624,0.031,0.006,22
19.500,-43.200,10.950,-0.400,-10.245,1.448,-0.621,0.033,0.015,22
19.350,-43.350,7.350,-0.366,-9.821,0.936,-0.596,0.022,0.006,23
19.350,-43.350,7.350,-0.292,-10.017,1.355,-0.592,0.014,0.001,22
17.550,-41.550,5.400,-0.074,-10.041,0.986,-0.569,0.031,0.005,22
17.550,-41.550,5.400,-0.223,-10.039,1.116,-0.551,0.036,0.006,22
16.950,-41.850,4.350,-0.378,-10.159,0.807,-0.536,0.031,0.013,22
16.950,-41.850,4.350,-0.512,-10.221,0.682,-0.514,0.007,0.019,22
16.950,-40.200,3.300,-0.460,-10.108,0.522,-0.480,0.017,0.020,23
16.950,-40.200,3.300,-0.081,-10.209,0.869,-0.449,0.025,0.016,22
16.950,-40.200,3.300,0.017,-10.096,0.620,-0.433,0.057,0.019,22
16.950,-40.200,3.300,0.802,-9.651,4.075,-0.100,0.064,-0.020,22
16.950,-40.200,3.300,1.267,-10.171,0.464,-0.002,0.150,0.015,22
17.250,-39.600,1.650,-1.463,-9.306,-0.225,-0.122,0.242,0.076,22
17.250,-39.600,1.650,-1.310,-9.029,0.283,-0.175,0.017,-0.005,23
17.700,-40.200,2.550,0.192,-11.296,-0.045,-0.083,0.124,0.015,22
17.700,-40.200,2.550,-0.244,-10.348,0.419,-0.067,0.088,0.013,22
16.800,-41.250,1.950,-0.848,-9.548,-0.098,-0.048,0.005,-0.007,22
16.800,-41.250,1.950,0.280,-10.319,0.170,-0.022,-0.029,-0.019,22
16.800,-41.250,1.950,-0.069,-10.240,0.170,-0.067,0.029,0.013,22
17.550,-40.500,2.700,-0.359,-10.051,-0.132,-0.005,0.011,0.004,23
17.550,-40.500,2.700,-0.723,-10.077,-0.043,0.062,-0.019,-0.005,22
17.550,-40.500,2.700,-0.539,-10.479,0.804,0.083,-0.013,-0.003,22
17.550,-40.500,2.700,-0.311,-9.850,-0.069,0.105,-0.005,0.003,22
18.600,-40.200,3.300,-0.225,-10.218,0.733,0.111,0.006,0.002,22
18.600,-40.200,3.300,-0.414,-10.238,0.376,0.154,0.017,-0.005,22
NEW_MEASUREMENTS
0.000,-25.050,64.800,0.096,-1.860,10.803,-0.078,-0.039,-0.042,38
0.000,-25.050,64.800,-1.097,-0.747,9.266,-0.110,-0.004,-0.001,23
-1.800,-24.600,65.100,-0.287,-1.369,9.900,-0.043,0.010,-0.028,23
-1.800,-24.600,65.100,0.275,-1.279,10.132,-0.043,-0.003,-0.029,23
-1.050,-24.600,66.300,0.227,-1.216,9.910,-0.051,0.014,-0.011,22
-1.050,-24.600,66.300,-0.242,-1.053,9.412,-0.032,0.007,-0.011,22
-0.150,-23.550,65.700,-0.302,-1.326,9.567,-0.018,-0.012,-0.013,22
-0.150,-23.550,65.700,0.225,-0.943,9.428,-0.045,-0.002,-0.005,22
-0.150,-23.550,65.700,0.457,-1.128,9.950,-0.023,0.005,-0.010,22
-1.050,-25.800,65.550,0.323,-1.140,9.819,-0.034,-0.003,-0.007,22
-1.050,-25.800,65.550,-0.144,-0.994,9.462,-0.060,-0.009,-0.012,22
-1.050,-25.800,65.550,-0.405,-0.972,9.443,-0.043,-0.006,-0.001,22
-1.050,-25.800,65.550,-0.007,-1.152,9.807,-0.043,0.006,-0.009,22
-0.900,-24.000,67.200,0.373,-1.089,9.701,-0.056,0.002,-0.011,22
-0.900,-24.000,67.200,0.184,-1.053,9.589,-0.052,0.000,-0.010,22
0.300,-24.600,66.300,0.156,-1.104,9.622,-0.051,0.004,-0.011,22
0.300,-24.600,66.300,0.014,-1.006,9.634,-0.068,0.020,-0.011,22
0.300,-24.600,66.300,0.048,-1.053,9.735,-0.083,0.003,-0.010,22
-0.300,-25.350,66.300,0.335,-1.056,9.929,-0.080,0.010,-0.008,22
-0.300,-25.350,66.300,0.160,-0.860,9.474,-0.104,0.010,-0.010,22
0.000,-25.800,67.050,-0.038,-1.135,9.634,-0.118,-0.006,-0.011,22
0.000,-25.800,67.050,0.053,-0.314,8.959,-0.248,0.043,-0.001,22
-0.900,-26.400,66.000,0.091,-1.192,10.025,-0.189,-0.005,-0.015,23
-0.900,-26.400,66.000,0.134,-0.769,9.558,-0.259,-0.022,0.000,23
0.900,-26.400,64.950,0.031,-1.211,9.845,-0.389,0.013,0.025,22
0.900,-26.400,64.950,-0.043,-1.030,9.167,-0.336,-0.009,0.017,22
0.900,-26.400,64.950,0.235,-1.369,10.118,-0.404,0.016,0.023,22
0.900,-26.400,64.950,0.378,-0.776,9.062,-0.499,0.033,0.014,22
0.900,-26.400,64.950,0.144,-1.470,10.089,-0.507,0.013,-0.005,22
-0.300,-25.800,65.100,-0.055,-1.389,9.665,-0.586,0.017,0.005,22
-0.300,-25.800,65.100,0.148,-1.413,9.479,-0.645,0.006,0.021,22
0.000,-28.050,62.850,0.084,-1.480,9.412,-0.708,-0.003,0.026,22
0.000,-28.050,62.850,0.170,-1.882,9.555,-0.750,-0.000,0.027,22
-0.300,-29.700,62.850,0.445,-2.049,9.263,-0.802,0.022,0.033,23
-0.300,-29.700,62.850,0.060,-2.136,8.985,-0.840,-0.004,0.037,23
-0.300,-29.700,62.850,-0.196,-2.507,9.433,-0.845,0.000,0.032,22
-1.200,-31.800,62.700,-0.062,-2.602,9.239,-0.870,0.003,0.040,22
-1.200,-31.800,62.700,0.263,-2.717,9.388,-0.898,-0.007,0.038,22
-1.200,-31.800,62.700,0.184,-3.014,9.340,-0.887,-0.027,0.046,22
-1.200,-31.800,62.700,0.160,-3.469,9.768,-0.909,-0.004,0.059,22
-0.750,-31.200,58.050,0.069,-3.527,8.806,-0.883,-0.023,0.056,22
-0.750,-31.200,58.050,0.163,-3.737,9.153,-0.880,-0.026,0.042,22
-0.300,-33.600,58.050,0.278,-3.843,8.985,-0.884,-0.007,0.045,22
-0.300,-33.600,58.050,0.158,-4.022,8.827,-0.887,-0.001,0.041,22
-0.300,-33.600,58.050,0.283,-4.037,8.607,-0.889,0.008,0.036,22
-0.450,-35.700,54.150,0.084,-4.322,8.818,-0.917,0.019,0.030,22
-0.450,-35.700,54.150,-0.012,-4.345,8.576,-0.933,0.014,0.029,23
0.450,-35.700,53.400,0.055,-4.626,8.595,-0.948,0.006,0.037,22
0.450,-35.700,53.400,0.053,-4.721,8.425,-0.967,0.011,0.043,22
0.450,-35.700,53.400,0.041,-4.994,8.255,-0.972,0.004,0.044,22
0.450,-35.700,53.400,0.124,-5.092,8.193,-0.988,0.002,0.043,22
0.750,-37.950,51.000,0.043,-5.404,8.200,-1.011,0.001,0.035,22
0.750,-37.950,51.000,0.333,-5.406,7.973,-1.027,0.012,0.033,23
0.750,-37.950,51.000,0.201,-5.684,7.920,-1.041,0.022,0.025,22
-1.200,-38.100,47.850,0.113,-5.775,7.642,-1.065,0.029,0.026,22
-1.200,-38.100,47.850,-0.062,-6.029,7.558,-1.092,0.022,0.027,22
0.000,-39.000,45.750,0.103,-6.076,7.475,-1.109,0.013,0.026,22
0.000,-39.000,45.750,0.055,-6.345,7.274,-1.136,0.022,0.024,22
0.150,-40.050,43.350,-0.024,-6.421,7.008,-1.172,0.025,0.032,23
0.150,-40.050,43.350,-0.026,-6.776,6.809,-1.175,0.018,0.023,22
-0.900,-40.500,40.350,-0.036,-6.974,6.893,-1.193,0.018,0.031,22
-0.900,-40.500,40.350,0.089,-7.106,6.584,-1.207,0.023,0.033,22
-0.900,-40.500,40.350,0.189,-7.353,6.424,-1.232,0.037,0.026,22
0.000,-42.150,37.950,0.065,-7.412,6.256,-1.242,0.027,0.029,22
0.000,-42.150,37.950,-0.163,-7.997,6.038,-1.251,0.034,0.032,23
0.000,-42.150,37.950,0.067,-8.018,5.753,-1.229,0.025,0.043,23
0.000,-42.150,37.950,-0.014,-8.337,5.737,-1.194,0.017,0.041,23
-0.900,-43.500,33.300,-0.134,-8.425,5.588,-1.177,0.014,0.044,23
-0.900,-43.500,33.300,-0.196,-8.753,5.301,-1.123,-0.003,0.050,23
0.000,-42.600,29.400,-0.153,-8.806,5.078,-1.066,-0.022,0.050,22
0.000,-42.600,29.400,-0.129,-9.074,5.061,-1.039,-0.016,0.050,22
0.300,-42.600,27.900,0.055,-8.954,4.604,-0.974,-0.007,0.037,23
0.300,-42.600,27.900,-0.019,-9.249,4.745,-0.920,-0.011,0.026,22
0.300,-42.600,27.900,0.117,-9.201,4.417,-0.901,0.003,0.029,22
0.900,-43.200,25.050,-0.005,-9.208,4.324,-0.864,0.013,0.026,22
0.900,-43.200,25.050,-0.084,-9.222,3.972,-0.832,0.017,0.017,22
0.900,-43.200,25.050,-0.132,-9.337,4.094,-0.808,0.013,0.012,22
0.900,-43.200,25.050,-0.041,-9.146,3.747,-0.805,0.027,0.006,22
-0.300,-43.800,21.600,-0.105,-9.383,3.929,-0.771,0.013,0.010,22
-0.300,-43.800,21.600,-0.158,-9.548,3.522,-0.758,0.012,0.011,22
0.300,-42.150,21.150,-0.120,-9.649,3.311,-0.743,0.008,0.018,22
0.300,-42.150,21.150,-0.148,-9.692,3.311,-0.693,-0.004,0.018,22
0.300,-42.150,21.150,-0.146,-9.950,3.259,-0.626,0.001,0.016,22
1.200,-41.250,19.500,-0.101,-9.749,3.112,-0.597,0.014,0.014,22
1.200,-41.250,19.500,-0.144,-9.680,2.847,-0.535,0.001,0.005,22
0.000,-41.850,17.850,-0.055,-9.926,2.983,-0.481,0.009,0.017,22
0.000,-41.850,17.850,-0.168,-9.785,2.782,-0.472,-0.001,0.013,22
0.000,-41.850,17.850,-0.177,-9.776,2.591,-0.439,0.009,0.009,23
0.000,-41.850,17.850,-0.175,-9.857,2.780,-0.392,-0.003,0.007,23
1.050,-40.950,15.600,-0.208,-9.946,2.674,-0.369,-0.004,0.005,23
1.050,-40.950,15.600,-0.120,-9.867,2.418,-0.338,-0.000,0.006,22
1.050,-40.950,15.600,-0.134,-9.991,2.569,-0.304,-0.007,-0.004,22
0.450,-42.000,13.950,-0.124,-9.991,2.471,-0.258,0.002,0.003,22
0.450,-42.000,13.950,-0.141,-9.902,2.265,-0.242,0.004,-0.005,22
0.900,-41.550,13.500,-0.036,-9.811,2.229,-0.199,0.004,-0.009,22
0.900,-41.550,13.500,-0.144,-9.926,2.325,-0.160,0.007,-0.014,22
-1.050,-43.050,15.150,-0.124,-9.886,2.205,-0.146,0.011,-0.011,22
-1.050,-43.050,15.150,-0.048,-9.895,2.263,-0.125,0.015,-0.010,22
0.750,-41.850,13.650,-0.067,-9.814,2.229,-0.108,0.015,-0.011,22
0.750,-41.850,13.650,-0.134,-9.776,2.243,-0.104,0.017,-0.011,22
0.750,-41.850,13.650,-0.199,-9.697,2.102,-0.110,0.017,-0.010,22
1.950,-43.200,15.000,-0.275,-9.728,2.210,-0.099,0.009,-0.013,22
1.950,-43.200,15.000,-0.079,-9.744,2.128,-0.098,0.009,-0.004,22
1.950,-43.200,15.000,-0.129,-9.776,2.150,-0.098,0.007,-0.002,22
1.950,-43.200,15.000,-0.127,-9.747,2.078,-0.096,0.014,-0.001,22
1.200,-42.000,13.950,-0.108,-9.744,2.143,-0.095,0.008,-0.009,22
1.200,-42.000,13.950,-0.235,-9.847,2.131,-0.078,0.006,-0.015,22
0.150,-42.750,13.500,-0.204,-9.900,2.105,-0.062,0.003,-0.009,22
0.150,-42.750,13.500,-0.077,-9.955,2.155,-0.041,0.009,-0.012,22
0.150,-42.750,13.500,-0.120,-9.826,2.088,-0.021,0.014,-0.007,22
2.250,-42.150,14.850,-0.110,-9.893,2.126,-0.010,0.020,-0.012,22
2.250,-42.150,14.850,0.019,-9.680,2.009,0.003,0.023,-0.008,22
1.050,-42.600,14.100,-0.156,-9.902,2.488,-0.004,0.035,-0.012,22
1.050,-42.600,14.100,-0.338,-9.845,1.958,0.017,0.006,-0.010,22
1.050,-42.600,14.100,-0.333,-10.195,2.380,0.090,-0.013,-0.004,22
1.050,-42.600,14.100,-0.017,-9.867,2.619,0.121,-0.016,-0.011,22
1.950,-40.800,15.750,-0.421,-10.235,2.495,0.155,-0.015,-0.008,22
1.950,-40.800,15.750,-0.242,-9.946,1.518,0.221,-0.023,0.001,22
1.950,-40.800,15.750,-0.146,-10.329,2.507,0.271,-0.021,-0.012,22
1.050,-43.050,15.600,-0.146,-9.740,2.270,0.268,0.001,-0.011,22
1.050,-43.050,15.600,-0.146,-9.926,2.449,0.300,-0.002,-0.017,23
2.550,-41.850,16.650,0.012,-9.737,2.679,0.332,0.011,-0.021,22
2.550,-41.850,16.650,0.000,-9.864,2.717,0.352,0.013,-0.031,22
1.650,-41.550,17.700,-0.237,-9.744,2.602,0.379,0.014,-0.024,22
1.650,-41.550,17.700,-0.232,-9.876,2.928,0.427,0.004,-0.018,23
0.450,-40.500,18.000,-0.208,-9.852,3.160,0.462,0.001,-0.026,22
0.450,-40.500,18.000,-0.069,-9.706,3.045,0.498,0.004,-0.025,22
0.450,-40.500,18.000,-0.017,-9.598,3.237,0.530,0.010,-0.025,22
1.050,-42.600,19.350,-0.053,-9.656,3.297,0.574,0.012,-0.035,22
1.050,-42.600,19.350,-0.218,-9.673,3.352,0.608,0.009,-0.033,22
1.050,-42.600,19.350,-0.223,-9.620,3.587,0.644,0.009,-0.031,22
1.050,-42.600,19.350,-0.055,-9.637,3.771,0.711,0.001,-0.030,23
0.750,-43.050,22.350,0.177,-9.380,3.680,0.717,-0.006,-0.033,22
0.750,-43.050,22.350,-0.168,-8.686,3.421,0.686,0.012,-0.033,22
0.150,-43.200,25.500,0.134,-8.847,4.216,0.673,0.048,-0.025,22
0.150,-43.200,25.500,-0.517,-9.041,3.979,0.677,0.011,-0.023,22
0.150,-43.200,25.500,-0.417,-9.014,4.448,0.711,-0.019,-0.029,22
0.150,-42.450,27.300,-0.057,-8.815,4.408,0.709,-0.015,-0.027,23
0.150,-42.450,27.300,-0.168,-9.112,4.738,0.747,-0.024,-0.017,22
-0.300,-43.050,28.200,-0.010,-8.756,4.630,0.756,-0.013,-0.009,22
-0.300,-43.050,28.200,-0.072,-8.662,4.985,0.794,-0.035,-0.006,22
-0.300,-43.050,28.200,-0.062,-8.653,5.265,0.797,-0.023,-0.007,22
-0.300,-43.050,28.200,-0.060,-8.509,5.310,0.836,-0.027,-0.018,22
-0.300,-43.050,30.450,-0.024,-8.425,5.399,0.844,-0.025,-0.019,23
-0.300,-43.050,30.450,0.031,-8.370,5.545,0.863,-0.020,-0.021,22
-0.300,-43.050,30.450,0.067,-8.301,5.868,0.904,-0.016,-0.021,22
0.300,-42.600,33.450,-0.086,-8.114,5.875,0.936,-0.011,-0.033,22
0.300,-42.600,33.450,-0.036,-8.191,6.151,0.970,-0.012,-0.042,22
0.000,-42.600,36.750,0.144,-7.839,6.273,0.991,0.006,-0.036,22
0.000,-42.600,36.750,0.022,-7.578,6.400,1.018,0.001,-0.041,23
1.050,-41.400,38.700,-0.144,-7.484,6.594,1.026,-0.007,-0.039,23
1.050,-41.400,38.700,0.012,-7.281,6.677,1.041,-0.012,-0.029,22
1.050,-41.400,38.700,0.043,-7.003,6.795,1.047,-0.013,-0.031,22
1.050,-41.400,38.700,0.007,-7.020,7.207,1.070,-0.013,-0.031,22
0.900,-39.300,42.900,0.208,-6.804,7.096,1.071,-0.006,-0.028,22
0.900,-39.300,42.900,0.115,-6.388,7.276,1.086,-0.004,-0.034,22
0.900,-39.300,42.900,0.081,-6.191,7.623,1.100,-0.016,-0.038,22
0.900,-39.300,42.900,0.072,-6.009,7.640,1.090,-0.006,-0.046,22
0.900,-39.300,42.900,0.089,-5.748,7.767,1.081,-0.007,-0.050,22
-0.300,-37.050,49.500,0.093,-5.662,7.930,1.077,0.003,-0.050,22
-0.300,-37.050,49.500,0.043,-5.289,8.147,1.069,0.001,-0.050,22
0.900,-36.900,49.350,0.045,-5.138,8.215,1.056,0.001,-0.046,23
0.900,-36.900,49.350,0.055,-4.949,8.267,1.058,-0.004,-0.051,22
1.050,-36.300,53.550,0.175,-4.767,8.408,1.038,-0.001,-0.043,22
1.050,-36.300,53.550,0.057,-4.453,8.423,1.013,0.005,-0.042,22
1.050,-36.300,53.550,0.072,-4.128,8.614,1.001,-0.000,-0.045,22
0.750,-34.350,55.050,0.081,-4.116,8.775,0.990,-0.002,-0.045,22
0.750,-34.350,55.050,0.223,-3.852,8.820,0.975,0.003,-0.049,22
0.750,-34.350,55.050,0.194,-3.761,8.973,0.965,0.007,-0.049,23
0.750,-34.350,55.050,0.182,-3.539,9.041,0.966,0.005,-0.057,22
-0.750,-32.400,59.550,0.156,-3.067,9.062,0.934,0.001,-0.058,22
-0.750,-32.400,59.550,0.024,-2.971,9.141,0.914,0.003,-0.056,22
1.650,-30.300,60.150,0.192,-2.710,9.227,0.898,0.008,-0.056,22
1.650,-30.300,60.150,0.206,-2.543,9.246,0.856,0.010,-0.042,23
1.650,-30.300,60.150,0.038,-2.421,9.333,0.833,0.009,-0.037,22
-0.450,-29.100,62.400,0.062,-2.164,9.424,0.815,0.002,-0.039,22
-0.450,-29.100,62.400,0.139,-1.992,9.493,0.804,-0.005,-0.035,22
0.150,-29.100,63.150,0.218,-1.765,9.483,0.773,0.006,-0.028,22
0.150,-29.100,63.150,0.232,-1.602,9.486,0.745,0.008,-0.032,22
0.150,-29.100,63.150,0.108,-1.504,9.515,0.724,-0.004,-0.036,23
0.150,-29.100,63.150,0.170,-1.247,9.574,0.693,0.006,-0.035,22
0.000,-25.800,65.100,0.151,-1.142,9.639,0.676,0.009,-0.034,22
0.000,-25.800,65.100,0.165,-0.927,9.615,0.656,0.004,-0.033,22
0.000,-25.800,65.100,0.153,-0.824,9.713,0.635,-0.001,-0.031,23
0.150,-25.200,65.700,0.206,-0.721,9.682,0.615,0.004,-0.025,23
0.150,-25.200,65.700,0.227,-0.412,9.574,0.589,0.007,-0.023,23
1.050,-24.600,68.850,0.160,-0.299,9.685,0.554,0.002,-0.029,22
1.050,-24.600,68.850,0.393,0.144,9.438,0.471,0.002,-0.042,22
0.000,-22.200,68.850,0.735,1.506,9.685,0.241,-0.017,-0.053,22
0.000,-22.200,68.850,0.232,1.156,7.582,0.050,0.078,-0.055,22
0.150,-22.500,69.000,-0.529,0.433,9.266,-0.112,0.131,-0.006,23
0.150,-22.500,69.000,-0.874,-0.302,9.459,-0.126,0.059,0.026,23
0.150,-22.050,68.250,-0.536,-0.120,9.768,-0.167,0.038,0.062,22
0.150,-22.050,68.250,0.163,-0.278,9.902,-0.202,-0.002,0.099,22
0.150,-22.050,68.250,0.249,-0.390,10.013,-0.198,0.003,0.071,22
0.150,-22.050,68.250,0.373,-0.330,9.938,-0.196,-0.007,0.031,22
0.150,-22.050,68.250,0.713,-0.563,10.075,-0.183,0.005,-0.015,22
-0.750,-22.950,68.550,0.682,-0.505,10.175,-0.181,0.015,-0.033,22
-0.750,-22.950,68.550,0.283,-0.306,9.996,-0.211,0.020,-0.031,22
0.150,-24.000,67.500,0.055,0.065,9.488,-0.266,0.036,-0.018,22
0.150,-24.000,67.500,-0.120,-0.029,9.519,-0.324,0.013,-0.009,22
-0.900,-24.000,68.250,0.019,-0.371,9.608,-0.358,0.025,-0.002,22
-0.900,-24.000,68.250,0.127,-0.364,9.802,-0.394,0.023,0.005,22
-0.900,-24.000,68.250,0.239,-0.649,9.735,-0.409,0.020,0.012,22
0.750,-25.350,67.350,0.227,-0.709,9.668,-0.448,0.009,0.013,22
0.750,-25.350,67.350,0.105,-0.761,9.754,-0.472,0.011,0.010,22
0.750,-25.350,67.350,0.108,-0.733,9.584,-0.493,0.014,0.014,22
0.750,-25.350,67.350,0.146,-0.845,9.744,-0.542,0.008,0.019,22
0.300,-26.100,65.850,0.089,-0.891,9.527,-0.587,0.018,0.012,22
0.300,-26.100,65.850,0.089,-0.953,9.481,-0.633,0.009,0.007,22
0.000,-26.100,65.850,0.280,-1.226,9.574,-0.693,0.010,0.013,22
0.000,-26.100,65.100,0.263,-1.223,9.529,-0.767,0.017,0.027,22
0.000,-26.100,65.100,0.141,-1.355,9.467,-0.811,0.020,0.030,23
1.050,-26.100,64.350,-0.007,-1.551,9.567,-0.865,0.015,0.031,23
1.050,-26.100,64.350,0.124,-1.765,9.369,-0.924,0.009,0.030,22
1.050,-27.750,65.100,-0.194,-2.248,8.801,-0.954,0.017,0.034,22
1.050,-27.750,65.100,0.275,-2.066,9.998,-0.957,0.020,0.033,22
1.050,-27.750,65.100,0.584,-2.411,9.627,-0.957,0.004,0.039,22
1.050,-27.750,65.100,0.175,-2.902,9.299,-1.015,0.013,0.038,22
0.900,-31.800,59.400,0.057,-2.842,9.522,-1.044,0.015,0.050,22
0.900,-31.800,59.400,-0.184,-3.256,8.868,-1.028,-0.004,0.054,22
0.900,-31.800,59.400,-0.048,-3.716,9.184,-1.058,-0.001,0.063,22
0.900,-31.800,59.400,0.189,-3.768,8.796,-1.054,-0.007,0.059,22
0.900,-31.800,59.400,0.156,-3.891,8.875,-1.049,-0.002,0.051,22
0.150,-34.950,56.400,-0.017,-4.065,8.643,-1.076,0.004,0.043,22
0.150,-34.950,56.400,0.342,-4.238,8.689,-1.100,0.019,0.034,22
0.900,-35.400,53.400,-0.024,-4.319,8.363,-1.111,0.022,0.034,22
0.900,-35.400,53.400,-0.007,-4.544,8.430,-1.159,0.030,0.045,22
2.400,-35.700,52.350,0.081,-4.793,8.217,-1.181,0.019,0.042,23
2.400,-35.700,52.350,0.098,-5.203,8.344,-1.200,0.020,0.029,22
2.400,-35.700,52.350,0.239,-5.203,7.932,-1.220,0.027,0.018,22
1.200,-37.650,49.650,-0.031,-5.782,7.894,-1.237,0.027,0.026,22
1.200,-37.650,49.650,0.074,-5.729,7.616,-1.250,0.025,0.030,22
1.200,-37.650,49.650,0.129,-5.935,7.582,-1.268,0.029,0.026,22
1.200,-37.650,49.650,-0.069,-6.127,7.353,-1.290,0.028,0.025,23
1.050,-40.650,44.250,0.122,-6.397,7.276,-1.292,0.034,0.024,22
1.050,-40.650,44.250,-0.002,-6.826,7.092,-1.302,0.024,0.032,22
0.750,-40.650,41.700,0.019,-7.075,6.907,-1.299,0.025,0.043,22
0.750,-40.650,41.700,0.069,-7.219,6.644,-1.286,0.023,0.034,22
0.750,-40.650,41.700,-0.043,-7.563,6.548,-1.249,0.021,0.029,22
0.450,-41.550,38.550,0.091,-7.599,6.443,-1.221,0.033,0.029,23
0.450,-41.550,38.550,-0.122,-7.839,6.182,-1.192,0.028,0.025,22
1.050,-43.350,35.400,-0.120,-7.997,6.029,-1.172,0.028,0.023,22
1.050,-43.350,35.400,-0.048,-8.176,5.897,-1.135,0.024,0.025,22
1.050,-43.350,35.400,0.007,-8.066,5.523,-1.144,0.031,0.032,22
1.050,-43.350,35.400,-0.002,-8.250,5.557,-1.125,0.024,0.025,22
2.250,-43.350,31.200,0.074,-8.373,5.368,-1.114,0.016,0.023,23
2.250,-43.350,31.200,-0.091,-8.447,5.066,-1.132,0.027,0.024,22
2.250,-43.350,31.200,-0.172,-8.583,4.671,-1.136,0.028,0.030,22
1.650,-42.750,27.300,-0.129,-8.748,4.903,-1.122,0.018,0.024,22
1.650,-42.750,27.300,0.038,-8.863,4.326,-1.116,0.023,0.023,22
1.800,-43.050,26.400,-0.014,-9.117,4.159,-1.110,0.029,0.024,22
1.800,-43.050,26.400,-0.165,-9.210,4.039,-1.087,0.028,0.022,23
1.050,-43.050,23.400,-0.163,-9.376,3.982,-1.050,0.023,0.025,22
1.050,-43.050,23.400,-0.170,-9.388,3.687,-1.022,0.018,0.019,22
1.050,-43.050,23.400,-0.132,-9.541,3.548,-0.995,0.014,0.019,22
1.050,-43.050,23.400,-0.101,-9.668,3.321,-0.964,0.024,0.027,22
1.050,-43.050,23.400,-0.187,-9.790,3.043,-0.912,0.017,0.021,22
1.650,-41.550,20.250,-0.146,-9.807,3.084,-0.874,0.016,0.021,23
1.650,-41.550,20.250,-0.194,-9.914,2.871,-0.829,0.012,0.017,22
1.500,-41.850,17.400,-0.115,-9.878,2.749,-0.774,0.016,0.013,22
1.500,-41.850,17.400,-0.204,-9.886,2.411,-0.746,0.018,0.012,22
1.650,-42.450,14.700,-0.304,-9.859,2.332,-0.725,0.013,0.015,22
1.650,-42.450,14.700,-0.158,-9.953,2.286,-0.689,0.013,0.006,22
2.550,-42.600,13.350,-0.153,-9.934,2.054,-0.660,0.017,0.003,23
2.550,-42.600,13.350,-0.163,-10.058,2.188,-0.622,0.006,0.007,22
2.550,-42.600,13.350,-0.124,-10.084,1.923,-0.584,0.013,0.008,22
-0.150,-42.750,12.000,-0.172,-10.192,1.765,-0.533,0.009,0.007,22
-0.150,-42.750,12.000,-0.187,-10.163,1.724,-0.491,0.011,0.005,22
1.050,-42.600,10.800,-0.096,-10.156,1.609,-0.458,0.007,0.008,22
1.050,-42.600,10.800,-0.194,-10.156,1.585,-0.408,0.014,0.008,23
1.050,-42.600,10.800,-0.194,-10.075,1.456,-0.383,0.011,0.005,22
1.050,-42.600,10.800,-0.144,-10.039,1.444,-0.357,0.010,0.000,22
1.800,-40.650,10.050,-0.254,-10.022,1.228,-0.339,0.014,0.002,22
1.800,-40.650,10.050,-0.124,-10.010,1.238,-0.323,0.012,-0.004,23
1.050,-40.650,10.050,-0.220,-9.962,1.279,-0.320,0.015,-0.001,22
1.050,-39.900,7.800,-0.254,-9.902,0.989,-0.323,0.013,-0.006,22
1.050,-39.900,7.800,-0.160,-9.979,0.931,-0.320,0.009,0.005,22
0.450,-40.800,7.950,-0.196,-9.986,1.022,-0.318,0.008,-0.003,22
0.450,-40.800,7.950,-0.235,-9.957,1.015,-0.305,0.010,0.000,22
1.200,-40.500,7.200,-0.168,-9.965,0.821,-0.311,0.014,-0.002,22
1.200,-40.500,7.200,-0.227,-9.900,0.699,-0.306,0.016,-0.002,22
1.200,-40.500,7.200,-0.275,-10.020,0.699,-0.296,0.022,0.005,22
1.200,-40.500,7.200,-0.218,-9.919,0.704,-0.293,0.016,-0.008,23
1.200,-40.500,7.200,-0.201,-9.981,0.601,-0.289,0.016,-0.002,22
1.650,-39.600,7.950,-0.249,-10.008,0.565,-0.290,0.010,-0.006,22
1.650,-39.600,7.950,-0.187,-10.044,0.560,-0.280,0.014,-0.006,22
2.250,-40.650,6.600,-0.213,-10.001,0.524,-0.271,0.009,-0.005,22
2.250,-40.650,6.600,-0.843,-12.488,-3.165,-0.209,0.058,-0.028,22
0.750,-39.450,4.800,0.024,-9.874,-0.785,-0.235,-0.027,-0.018,23
0.750,-39.450,4.800,0.278,-9.917,1.578,-0.198,-0.015,-0.010,22
1.200,-40.500,6.450,-0.354,-10.628,1.097,-0.247,0.006,0.007,22
1.200,-40.500,6.450,-0.148,-9.756,-0.747,-0.232,0.006,-0.006,22
1.200,-40.500,6.450,-0.098,-10.288,0.558,-0.191,0.027,-0.003,22
1.200,-40.500,6.450,0.024,-10.458,0.086,-0.174,-0.005,-0.011,22
1.200,-40.500,6.450,-0.534,-11.186,1.142,-0.034,0.017,-0.041,23
1.650,-39.300,4.650,0.134,-9.455,0.002,0.015,-0.036,-0.019,22
1.650,-39.300,4.650,0.524,-10.080,0.577,-0.033,0.011,0.006,22
1.650,-39.300,4.650,-0.330,-9.807,-0.050,-0.063,0.046,-0.003,22
1.650,-39.300,4.650,-0.563,-10.384,0.654,-0.012,-0.005,-0.011,22
1.500,-39.450,5.100,-0.101,-10.147,0.457,0.003,0.007,-0.016,22
1.500,-39.450,5.100,-0.266,-10.048,0.560,-0.018,0.039,-0.009,23
1.200,-39.600,4.650,-0.084,-9.732,0.132,-0.016,0.044,-0.004,22
1.200,-39.600,4.650,-0.204,-10.072,0.261,0.006,0.016,-0.014,22
1.200,-39.600,4.650,-0.400,-10.025,0.244,0.001,0.015,-0.001,22
3.150,-40.500,5.400,-0.263,-10.206,0.419,0.037,0.001,-0.018,22
3.150,-40.500,5.400,-0.124,-10.257,0.486,0.068,0.010,-0.021,22
0.450,-40.050,5.400,-0.227,-10.125,0.438,0.074,0.025,-0.013,22
0.450,-40.050,5.400,-0.192,-10.276,0.479,0.101,0.009,-0.002,23
0.450,-40.050,5.400,-0.383,-10.360,0.395,0.157,0.000,-0.011,22
0.450,-40.050,5.400,-0.065,-10.156,0.730,0.197,0.008,-0.021,22
1.950,-40.800,5.400,0.036,-10.195,0.405,0.221,0.016,-0.020,22
1.950,-40.800,5.400,-0.175,-10.230,0.725,0.290,0.006,-0.017,22
1.950,-40.800,5.400,-0.263,-10.259,0.730,0.323,0.020,-0.017,23
1.200,-40.500,7.500,-0.134,-10.341,0.924,0.361,0.018,-0.017,22
1.200,-40.500,7.500,-0.330,-10.130,0.831,0.382,0.015,-0.026,22
2.250,-39.900,8.850,-0.163,-10.295,1.082,0.452,0.012,-0.035,22
2.250,-39.900,8.850,-0.393,-10.343,1.137,0.489,0.012,-0.028,22
3.000,-40.650,7.800,-0.259,-10.324,1.271,0.531,0.001,-0.027,22
3.000,-40.650,7.800,-0.213,-10.259,1.214,0.604,-0.004,-0.024,23
3.000,-40.650,7.800,-0.053,-10.333,1.468,0.653,0.005,-0.029,22
3.000,-40.650,7.800,-0.048,-10.108,1.513,0.674,0.009,-0.033,22
3.000,-40.650,7.800,-0.225,-10.068,1.647,0.709,0.010,-0.041,22
1.950,-41.250,13.200,-0.055,-9.819,1.413,0.736,0.007,-0.051,22
1.950,-41.250,13.200,0.311,-9.076,1.628,0.661,0.047,-0.048,22
1.800,-43.050,13.650,0.062,-9.407,2.468,0.658,0.076,-0.034,23
1.800,-43.050,13.650,-0.730,-9.701,2.176,0.658,0.028,-0.047,22
1.050,-41.400,15.600,-0.670,-9.457,2.447,0.673,0.022,-0.041,22
1.050,-41.400,15.600,-0.105,-9.491,2.808,0.657,-0.012,-0.030,22
1.950,-42.750,16.200,-0.098,-9.641,2.751,0.650,-0.022,-0.021,22
1.950,-42.750,16.200,-0.050,-9.380,2.708,0.636,-0.005,-0.019,22
1.950,-42.750,16.200,-0.098,-9.505,3.263,0.629,-0.003,-0.021,23
0.000,-43.050,20.100,-0.373,-9.426,3.144,0.644,0.006,-0.022,22
0.000,-43.050,20.100,-0.187,-9.390,3.484,0.660,-0.011,-0.021,22
1.650,-42.750,19.800,-0.199,-9.359,3.510,0.668,-0.018,-0.006,23
1.650,-42.750,19.800,-0.215,-9.282,3.677,0.667,-0.027,-0.002,22
1.650,-42.750,19.800,0.036,-9.340,4.056,0.688,-0.027,0.007,22
1.650,-42.750,19.800,-0.101,-9.275,4.025,0.710,-0.022,-0.005,22
0.300,-42.600,23.850,-0.081,-9.254,4.137,0.731,-0.017,-0.018,22
0.300,-42.600,23.850,-0.115,-9.337,4.345,0.769,-0.012,-0.041,22
0.300,-42.600,23.850,-0.045,-9.184,4.444,0.821,-0.002,-0.040,22
-0.300,-44.550,27.150,-0.170,-9.096,4.518,0.856,-0.013,-0.027,22
-0.300,-44.550,27.150,0.002,-8.899,4.903,0.878,-0.005,-0.029,22
1.200,-42.750,27.300,-0.165,-8.897,5.119,0.935,-0.010,-0.034,23
1.200,-42.750,27.300,-0.117,-8.851,5.030,0.972,-0.008,-0.046,22
1.500,-42.600,29.700,-0.069,-8.741,5.356,1.010,-0.010,-0.056,22
1.500,-42.600,29.700,0.019,-8.418,5.346,1.030,-0.001,-0.055,22
1.500,-42.600,29.700,-0.096,-8.248,5.720,1.068,-0.005,-0.046,22
1.500,-42.600,29.700,-0.043,-8.061,5.875,1.079,-0.001,-0.049,22
0.900,-42.600,29.700,-0.067,-7.992,6.024,1.109,-0.001,-0.056,23
0.900,-41.550,34.800,-0.077,-7.841,6.120,1.132,0.001,-0.050,22
0.900,-41.550,34.800,0.000,-7.748,6.450,1.158,-0.002,-0.053,22
1.500,-41.850,36.000,0.005,-7.420,6.730,1.177,0.002,-0.061,22
1.500,-41.850,36.000,0.041,-7.242,6.891,1.193,0.001,-0.059,22
1.500,-40.200,42.450,0.055,-7.075,6.965,1.233,-0.005,-0.065,22
1.500,-40.200,42.450,0.103,-6.871,7.120,1.251,0.002,-0.060,22
1.650,-38.850,44.100,-0.048,-6.680,7.262,1.261,0.001,-0.057,23
1.650,-38.850,44.100,0.014,-6.297,7.446,1.279,-0.010,-0.064,22
1.650,-38.850,44.100,0.117,-5.885,7.535,1.305,-0.003,-0.063,22
1.650,-38.850,44.100,-0.048,-5.902,7.932,1.296,0.006,-0.065,22
1.650,-38.850,44.100,0.017,-5.593,7.776,1.306,-0.006,-0.067,22
0.750,-37.500,50.250,0.026,-5.435,8.188,1.309,-0.002,-0.068,23
0.750,-37.500,50.250,0.010,-5.164,8.459,1.313,-0.006,-0.052,22
0.750,-37.500,50.250,0.081,-4.671,8.332,1.340,-0.004,-0.049,22
0.750,-37.500,50.250,0.177,-4.642,8.708,1.353,-0.010,-0.058,22
-0.150,-33.750,55.200,0.230,-4.092,8.557,1.336,0.003,-0.064,22
-0.150,-33.750,55.200,0.172,-3.936,8.701,1.322,0.008,-0.070,22
-0.450,-31.800,58.200,0.158,-3.259,8.744,1.308,0.016,-0.085,22
-0.450,-31.800,58.200,-0.019,-3.050,9.002,1.258,0.014,-0.075,23
-0.450,-31.800,58.200,-0.101,-2.512,8.892,1.204,0.011,-0.058,22
0.450,-30.600,60.150,-0.110,-2.346,9.048,1.155,-0.005,-0.039,22
0.450,-30.600,60.150,-0.041,-2.169,9.210,1.063,-0.015,-0.041,22
0.000,-30.000,61.350,0.292,-1.537,9.249,1.001,-0.011,-0.044,22
0.000,-30.000,61.350,0.304,-1.358,9.249,0.910,0.006,-0.044,22
0.000,-30.000,61.350,0.165,-1.104,9.414,0.784,0.004,-0.045,23
0.000,-30.000,61.350,0.146,-0.962,9.409,0.698,0.002,-0.042,23
-0.300,-26.550,64.050,0.156,-0.816,9.515,0.621,0.002,-0.036,23
-0.300,-26.550,64.050,0.163,-0.804,9.531,0.525,0.005,-0.034,22
-0.300,-26.550,64.050,0.165,-0.795,9.550,0.469,0.006,-0.040,22
0.000,-24.600,65.850,0.081,-0.599,9.515,0.410,0.007,-0.041,22
0.000,-24.600,65.850,0.072,-0.639,9.615,0.358,0.007,-0.020,22
-1.050,-25.800,68.100,0.086,-0.637,9.608,0.303,0.008,0.000,23
-1.050,-25.800,68.100,0.180,-0.675,9.699,0.275,0.002,0.007,23
1.050,-23.850,67.350,0.060,-0.797,9.809,0.260,-0.006,0.000,22
1.050,-23.850,67.350,0.146,-0.687,9.720,0.257,-0.004,0.001,22
1.050,-23.850,67.350,0.268,-0.658,9.823,0.256,-0.002,0.003,22
1.050,-23.850,67.350,0.213,-0.546,9.845,0.254,0.005,-0.002,22
1.050,-23.850,67.350,0.189,-0.481,9.768,0.256,0.008,-0.010,22
1.050,-22.200,68.850,-0.002,-0.445,9.761,0.243,-0.008,-0.011,22
1.050,-22.200,68.850,0.280,0.230,9.237,0.168,0.002,-0.017,22
-0.150,-22.050,67.500,0.321,0.625,9.931,0.075,0.013,-0.018,22
-0.150,-22.050,67.500,0.321,0.644,9.309,-0.069,0.012,-0.007,22
-1.500,-23.400,68.550,0.022,-0.079,9.632,-0.138,0.015,0.022,22
-1.500,-23.400,68.550,0.148,-0.340,9.670,-0.143,0.011,0.015,22
-0.150,-22.800,68.700,0.204,-0.704,9.898,-0.144,0.022,0.004,22
-0.150,-22.800,68.700,0.043,-0.534,9.811,-0.110,0.011,-0.020,22
-0.150,-22.800,68.700,0.215,-0.634,9.907,-0.085,0.010,-0.027,22
-0.300,-23.400,67.350,0.165,-0.388,9.768,-0.094,0.017,-0.024,22
-0.300,-23.400,67.350,0.235,-0.237,9.699,-0.116,0.017,-0.022,22
1.050,-22.950,68.100,0.103,-0.345,9.910,-0.145,0.016,-0.015,22
1.050,-22.950,68.100,-0.077,-0.144,9.766,-0.189,0.010,-0.011,22
1.050,-22.950,68.100,0.079,-0.115,9.515,-0.225,0.010,0.007,22
1.050,-22.950,68.100,0.160,-0.151,9.682,-0.263,0.012,0.007,22
-0.150,-22.500,67.200,0.151,-0.213,9.773,-0.320,0.013,-0.003,22
-0.150,-22.500,67.200,0.065,-0.364,9.570,-0.362,0.009,0.002,23
-0.150,-22.500,67.200,0.074,-0.500,9.646,-0.399,0.010,0.012,22
-0.750,-24.150,67.050,0.117,-0.429,9.917,-0.449,0.005,0.024,22
-0.750,-24.150,67.050,0.268,-0.625,9.708,-0.489,0.011,0.026,22
-0.300,-24.150,65.850,0.196,-0.613,9.637,-0.533,0.014,0.023,22
-0.300,-24.150,65.850,0.232,-0.713,9.565,-0.602,0.016,0.014,22
-0.300,-27.300,66.300,0.199,-0.792,9.572,-0.651,0.013,0.001,23
-0.300,-27.300,66.300,0.187,-0.982,9.498,-0.701,0.028,0.006,22
-0.300,-27.300,66.300,0.084,-1.252,9.349,-0.736,0.025,0.003,22
-0.300,-27.300,66.300,0.271,-1.607,9.823,-0.789,0.025,0.015,22
-0.300,-27.300,66.300,0.290,-1.650,9.278,-0.827,0.035,0.018,22
0.150,-28.350,63.900,0.204,-1.654,9.500,-0.845,0.024,0.005,22
0.150,-28.350,63.900,0.007,-1.944,9.471,-0.893,0.011,0.018,23
0.150,-28.650,61.950,0.084,-2.174,9.318,-0.952,0.021,0.031,22
0.150,-28.650,61.950,0.275,-2.583,9.210,-0.949,0.003,0.033,22
1.950,-30.300,62.700,-0.007,-3.282,10.417,-0.984,-0.023,0.031,22
1.950,-30.300,62.700,0.558,-2.313,8.909,-1.028,0.033,0.018,22
0.750,-31.950,59.550,-0.053,-2.938,8.784,-1.032,0.018,0.022,22
0.750,-31.950,59.550,-0.043,-3.218,8.746,-1.063,0.025,0.028,23
0.750,-31.950,59.550,-0.002,-3.529,9.098,-1.106,0.030,0.037,22
0.750,-31.950,59.550,-0.002,-3.740,9.021,-1.112,0.011,0.034,22
0.750,-31.950,59.550,0.170,-3.869,8.808,-1.133,0.016,0.032,22
-0.750,-34.350,55.050,0.081,-4.096,8.842,-1.142,0.010,0.034,22
-0.750,-34.350,55.050,0.120,-4.571,8.566,-1.140,0.003,0.050,22
1.200,-34.200,52.650,0.163,-4.805,8.535,-1.138,-0.002,0.045,23
1.200,-34.200,52.650,0.098,-4.932,8.401,-1.135,0.008,0.041,22
0.900,-36.900,51.150,0.170,-5.186,8.317,-1.113,0.015,0.036,22
0.900,-36.900,51.150,0.120,-5.277,8.155,-1.112,0.017,0.030,22
-1.200,-36.150,48.150,0.024,-5.509,8.124,-1.113,0.018,0.028,22
-1.200,-36.150,48.150,0.187,-5.698,7.932,-1.106,0.020,0.026,22
-1.200,-36.150,48.150,0.127,-5.863,7.764,-1.120,0.028,0.016,23
0.000,-39.900,46.500,-0.072,-5.830,7.709,-1.138,0.025,0.025,22
0.000,-39.900,46.500,-0.010,-6.007,7.477,-1.158,0.018,0.032,22
1.500,-39.900,43.500,-0.026,-6.155,7.219,-1.214,0.031,0.026,23
1.500,-39.900,43.500,0.079,-6.395,6.984,-1.247,0.026,0.021,22
1.500,-39.900,43.500,0.031,-6.570,6.912,-1.303,0.028,0.027,22
1.500,-39.900,43.500,-0.096,-6.656,6.613,-1.329,0.021,0.037,22
0.450,-40.050,38.850,0.000,-6.917,6.445,-1.386,0.027,0.032,22
0.450,-40.050,38.850,-0.057,-7.377,6.196,-1.417,0.038,0.026,22
0.450,-40.050,38.850,-0.136,-7.630,6.045,-1.431,0.028,0.028,22
0.750,-41.850,34.950,-0.215,-7.750,5.708,-1.456,0.018,0.041,22
0.750,-41.850,34.950,0.014,-7.918,5.578,-1.454,0.020,0.043,22
0.750,-41.400,32.700,-0.115,-8.238,5.327,-1.464,0.018,0.032,23
0.750,-41.400,32.700,-0.168,-8.557,4.942,-1.472,0.023,0.037,22
0.300,-42.600,30.150,-0.057,-8.691,4.769,-1.469,0.009,0.045,22
0.300,-42.600,30.150,-0.192,-8.741,4.317,-1.459,0.008,0.045,22
0.300,-42.600,30.150,-0.089,-8.993,4.312,-1.459,0.015,0.052,22
0.300,-42.600,30.150,0.019,-9.005,4.010,-1.456,0.010,0.048,22
0.300,-42.600,30.150,-0.086,-9.297,3.924,-1.432,0.014,0.043,22
1.950,-42.450,21.750,-0.034,-9.759,3.627,-1.381,0.012,0.043,23
1.950,-42.450,21.750,-0.115,-9.689,3.108,-1.336,0.019,0.036,22
0.900,-42.000,18.750,-0.175,-9.898,3.038,-1.277,0.019,0.035,22
0.900,-42.000,18.750,-0.208,-9.957,2.818,-1.235,0.011,0.029,22
0.450,-42.750,15.450,-0.122,-9.902,2.579,-1.197,0.014,0.027,22
0.450,-42.750,15.450,-0.218,-10.252,2.385,-1.110,0.005,0.028,22
-0.900,-42.000,14.250,-0.299,-10.321,2.265,-1.028,-0.018,0.025,23
-0.900,-42.000,14.250,-0.259,-10.326,2.083,-0.974,-0.013,0.029,22
-0.900,-42.000,14.250,-0.103,-10.350,1.879,-0.895,-0.024,0.026,22
-0.900,-42.000,14.250,-0.158,-10.319,1.800,-0.811,-0.015,0.024,22
-0.900,-42.000,14.250,0.103,-10.166,1.551,-0.780,0.007,0.019,22
1.200,-41.550,10.950,-0.072,-10.041,1.298,-0.754,0.024,-0.007,22
1.200,-41.550,10.950,-0.211,-10.235,1.164,-0.696,0.033,-0.008,23
1.200,-41.550,10.950,-0.294,-10.266,1.144,-0.658,0.035,0.004,22
1.200,-41.550,10.950,-0.285,-10.353,1.077,-0.610,0.021,0.013,22
2.400,-41.550,7.950,-0.124,-10.333,0.883,-0.563,0.012,0.005,22
2.400,-41.550,7.950,-0.187,-10.247,0.709,-0.511,0.023,-0.008,22
2.400,-41.550,7.950,-0.144,-10.204,0.656,-0.486,0.033,-0.015,22
1.650,-38.550,7.200,-0.237,-10.226,0.560,-0.458,0.033,-0.002,23
1.650,-38.550,7.200,-0.373,-10.257,0.474,-0.411,0.004,0.003,22
1.500,-39.900,4.800,-0.172,-10.096,0.345,-0.387,0.007,0.010,22
1.500,-39.900,4.800,-0.299,-10.168,0.397,-0.386,-0.000,0.005,22
2.400,-39.300,5.400,-0.151,-10.065,0.132,-0.361,-0.006,0.010,22
2.400,-39.300,5.400,-2.042,-14.789,-2.571,-0.015,-0.190,-0.043,22
2.400,-39.300,5.400,0.278,-11.497,-0.036,0.004,-0.065,-0.024,23
2.400,-39.300,5.400,0.158,-9.292,0.050,-0.098,0.049,0.012,22
2.400,-39.300,5.400,-0.093,-11.236,0.785,-0.050,0.085,0.017,22
3.600,-40.050,4.950,-1.240,-9.950,-0.010,-0.007,-0.027,-0.002,22
3.600,-40.050,4.950,-0.453,-9.361,0.014,-0.050,-0.010,-0.023,22
1.950,-38.550,4.950,0.148,-9.658,0.062,-0.080,-0.002,-0.020,22
1.950,-38.550,4.950,-0.769,-10.197,0.292,-0.037,0.006,-0.019,23
1.050,-40.200,4.800,0.045,-9.522,-0.177,-0.048,0.008,-0.013,22
1.050,-40.200,4.800,0.053,-10.288,0.479,-0.074,0.019,-0.019,22
1.650,-39.300,5.400,-0.304,-10.154,0.136,-0.039,0.024,-0.006,22
1.650,-39.300,5.400,-0.220,-9.898,-0.077,-0.049,0.007,0.002,22
1.650,-39.300,5.400,-0.330,-9.938,0.316,-0.046,0.013,-0.010,22
1.650,-39.300,5.400,-0.180,-9.960,0.160,-0.050,0.014,-0.002,23
1.650,-39.300,5.400,-0.251,-10.151,0.242,-0.027,0.010,0.003,22
1.050,-39.900,5.550,-0.278,-10.120,0.208,-0.015,0.008,-0.007,22
1.050,-39.900,5.550,-0.057,-10.060,0.124,-0.004,0.022,-0.000,22
0.900,-39.300,3.450,-0.316,-10.281,0.364,0.039,0.024,-0.002,22
0.900,-39.300,3.450,-0.414,-10.305,0.354,0.079,0.007,0.001,22
0.450,-39.600,4.650,-0.426,-10.302,0.244,0.115,-0.006,-0.005,23
0.450,-39.600,4.650,-0.273,-10.223,0.290,0.156,-0.003,0.008,22
1.650,-40.050,4.950,-0.259,-10.532,0.692,0.215,-0.027,-0.001,22
1.650,-40.050,4.950,-0.172,-10.551,0.757,0.243,0.007,-0.004,22
1.650,-40.050,4.950,0.000,-10.376,0.685,0.314,-0.014,-0.018,22
1.650,-40.050,4.950,-0.326,-10.458,0.685,0.389,0.003,-0.021,22
1.650,-40.050,4.950,-0.232,-10.534,0.709,0.461,0.000,-0.028,22
1.050,-39.000,8.850,-0.177,-10.513,0.783,0.530,0.013,-0.026,23
1.050,-39.000,8.850,-0.232,-10.360,0.790,0.634,-0.001,-0.035,22
1.050,-39.000,8.850,-0.196,-10.613,1.379,0.690,0.000,-0.032,22
1.050,-39.000,8.850,-0.180,-10.388,1.219,0.759,-0.011,-0.038,22
1.650,-42.000,11.250,-0.175,-10.424,1.463,0.813,0.001,-0.039,22
1.650,-42.000,11.250,-0.129,-10.408,1.590,0.908,-0.003,-0.048,23
1.650,-42.000,11.250,0.443,-10.044,1.860,0.962,0.007,-0.048,22
2.700,-42.000,13.500,-0.417,-9.380,1.791,0.941,0.031,-0.070,22
2.700,-42.000,13.500,-0.024,-9.864,2.737,0.953,0.050,-0.051,22
1.650,-42.750,13.500,-0.072,-9.847,2.157,0.959,0.037,-0.052,22
1.650,-42.750,13.500,-0.615,-9.953,2.373,0.975,0.019,-0.076,22
2.400,-42.750,17.250,0.086,-9.658,3.045,1.003,0.000,-0.072,23
2.400,-42.750,17.250,-0.326,-9.548,3.038,1.013,0.015,-0.063,22
2.400,-42.750,17.250,-0.093,-9.512,3.287,1.042,0.015,-0.047,23
2.400,-42.750,17.250,-0.132,-9.330,3.426,1.032,0.005,-0.050,22
2.400,-42.750,17.250,-0.225,-9.285,3.409,1.042,0.001,-0.053,22
0.750,-42.150,21.150,-0.017,-9.014,3.778,1.061,-0.005,-0.047,22
0.750,-42.150,21.150,-0.012,-9.048,4.149,1.057,0.004,-0.048,22
1.050,-44.550,24.900,-0.048,-8.899,4.180,1.052,0.006,-0.036,22
1.050,-44.550,24.900,0.005,-8.765,4.542,1.043,0.010,-0.046,22
1.650,-42.750,28.500,-0.124,-8.588,4.573,1.018,0.012,-0.046,22
1.650,-42.750,28.500,-0.335,-8.595,5.145,1.003,0.007,-0.034,22
0.900,-43.950,31.050,-0.206,-8.394,5.092,1.007,-0.018,-0.025,22
0.900,-43.950,31.050,-0.057,-8.416,5.447,1.017,-0.027,-0.027,23
0.900,-43.950,31.050,-0.034,-8.143,5.394,1.009,-0.021,-0.026,22
0.900,-43.950,31.050,-0.036,-8.210,5.650,1.028,-0.025,-0.031,22
0.900,-43.950,31.050,0.048,-7.942,5.952,1.047,-0.016,-0.032,22
0.450,-42.750,34.800,-0.069,-7.848,6.158,1.053,-0.009,-0.028,22
0.450,-42.750,34.800,-0.002,-7.614,6.273,1.079,-0.016,-0.020,22
0.450,-42.750,34.800,-0.010,-7.623,6.493,1.112,-0.011,-0.023,23
0.450,-42.750,34.800,-0.002,-7.508,6.560,1.128,-0.008,-0.040,22
0.450,-42.000,40.800,0.086,-7.032,6.761,1.147,0.002,-0.052,22
0.450,-42.000,40.800,0.089,-6.876,7.058,1.156,0.005,-0.065,22
0.450,-42.000,40.800,0.007,-6.713,7.068,1.166,0.015,-0.066,22
1.050,-41.850,43.200,0.065,-6.517,7.178,1.171,0.010,-0.069,22
1.050,-41.850,43.200,0.012,-6.342,7.448,1.169,0.003,-0.069,23
0.900,-39.600,44.400,0.029,-6.000,7.731,1.168,0.007,-0.086,22
0.900,-39.600,44.400,-0.055,-5.792,7.822,1.168,0.001,-0.088,22
1.200,-37.350,48.600,0.120,-5.626,7.918,1.165,0.003,-0.088,22
1.200,-37.350,48.600,0.060,-5.382,8.016,1.167,0.008,-0.089,22
1.200,-37.350,48.600,0.086,-5.148,8.059,1.154,0.016,-0.077,22
1.200,-37.350,48.600,0.019,-4.772,8.413,1.137,0.013,-0.067,22
1.200,-37.350,48.600,0.120,-4.583,8.480,1.125,0.010,-0.062,23
1.050,-35.100,52.800,0.182,-4.329,8.600,1.107,0.004,-0.055,22
1.050,-35.100,52.800,0.091,-4.190,8.657,1.092,0.006,-0.059,22
0.450,-34.500,55.200,0.153,-3.903,8.734,1.080,0.005,-0.054,22
0.450,-34.500,55.200,0.057,-3.783,8.933,1.063,0.010,-0.054,22
-0.900,-33.450,57.900,0.043,-3.371,8.997,1.042,0.004,-0.056,22
-0.900,-33.450,57.900,-0.024,-3.077,9.093,1.032,-0.008,-0.038,23
0.150,-30.600,59.700,0.101,-2.883,9.012,1.011,-0.006,-0.031,22
0.150,-30.600,59.700,0.192,-2.703,9.206,0.962,-0.003,-0.036,22
0.150,-30.600,59.700,0.247,-2.473,9.304,0.933,0.002,-0.038,22
0.150,-30.600,59.700,0.182,-2.002,9.309,0.880,0.006,-0.032,22
0.150,-30.600,59.700,0.251,-1.709,9.292,0.798,0.006,-0.042,22
1.200,-27.900,63.150,0.256,-1.571,9.402,0.739,0.003,-0.052,23
1.200,-27.900,63.150,0.081,-1.448,9.378,0.675,0.008,-0.043,22
1.050,-27.300,63.300,0.163,-1.142,9.481,0.602,0.010,-0.036,22
1.050,-27.300,63.300,0.050,-0.974,9.479,0.520,0.004,-0.020,22
0.450,-28.350,65.700,0.124,-0.996,9.531,0.459,0.001,-0.020,22
0.450,-28.350,65.700,0.148,-0.886,9.519,0.407,-0.002,-0.011,22
0.150,-24.750,64.950,0.215,-1.018,9.685,0.354,0.005,-0.010,22
0.150,-24.750,64.950,0.108,-0.941,9.646,0.314,0.007,-0.007,23
0.150,-24.750,64.950,0.156,-0.836,9.704,0.282,0.003,-0.010,22
0.150,-24.750,64.950,0.194,-0.745,9.706,0.255,0.003,-0.006,22
0.150,-24.750,64.950,0.177,-0.668,9.732,0.215,0.009,-0.008,22
0.450,-24.000,67.500,0.177,-0.704,9.670,0.189,0.003,-0.003,22
0.450,-24.000,67.500,0.247,-0.721,9.680,0.174,0.001,-0.008,23
0.450,-24.000,67.500,0.261,-0.742,9.826,0.160,0.002,-0.005,22
0.450,-24.000,67.500,0.146,-0.721,9.780,0.154,0.009,-0.011,22
1.500,-22.650,68.100,0.165,-0.673,9.778,0.155,0.008,-0.013,22
1.500,-22.650,68.100,0.180,-0.646,9.776,0.150,0.009,-0.016,22
1.500,-22.650,68.100,0.263,-0.558,9.776,0.131,0.010,-0.020,22
0.900,-24.750,67.500,0.146,-0.385,9.701,0.124,0.011,-0.022,23
0.900,-24.750,67.500,0.158,-0.453,9.744,0.098,0.008,-0.013,22
-0.300,-23.850,68.100,0.213,-0.488,9.878,0.087,0.013,-0.016,22
-0.300,-23.850,68.100,0.316,-0.278,9.874,0.070,0.015,-0.011,22
1.200,-23.250,69.000,0.098,-0.194,9.625,0.033,0.008,-0.011,22
1.200,-23.250,69.000,0.127,-0.101,9.570,-0.020,0.020,-0.009,22
1.200,-23.250,69.000,0.187,-0.350,9.809,-0.062,0.017,-0.006,23
1.200,-23.250,69.000,0.122,-0.204,9.754,-0.081,0.010,-0.005,22
1.200,-23.250,69.000,0.182,-0.189,9.656,-0.105,0.014,-0.007,22
0.150,-24.450,68.700,0.146,-0.443,9.922,-0.115,0.015,-0.005,22
0.150,-24.450,68.700,0.189,-0.405,9.809,-0.132,0.014,-0.006,22
0.000,-25.050,67.800,0.204,-0.271,9.785,-0.162,0.011,-0.019,22
0.000,-25.050,67.800,0.218,-0.072,9.634,-0.227,0.018,-0.022,23
0.000,-23.400,68.850,0.192,0.002,9.618,-0.282,0.013,-0.012,23
0.000,-23.400,68.850,0.031,-0.151,9.735,-0.350,0.023,-0.003,23
1.500,-25.050,68.100,0.079,-0.134,9.495,-0.445,0.012,0.016,23
1.500,-25.050,68.100,0.079,-0.397,9.663,-0.501,0.003,0.012,22
1.500,-25.050,68.100,0.180,-0.443,9.637,-0.551,0.011,0.022,22
1.500,-25.050,68.100,0.187,-0.577,9.663,-0.600,0.013,0.021,22
1.500,-25.050,68.100,0.110,-0.706,9.541,-0.675,0.016,0.033,22
0.450,-25.500,67.500,0.196,-0.948,9.546,-0.731,0.015,0.039,22
0.450,-25.500,67.500,0.278,-1.106,9.438,-0.771,0.019,0.045,22
0.450,-25.500,67.500,0.208,-1.329,9.579,-0.827,0.019,0.043,22
0.450,-25.500,67.500,0.117,-1.408,9.249,-0.877,0.019,0.032,22
0.150,-27.900,63.450,0.227,-1.647,9.373,-0.919,0.022,0.020,22
0.150,-27.900,63.450,0.220,-1.848,9.407,-0.965,0.019,0.018,22
0.150,-27.900,63.450,0.122,-2.061,9.330,-1.027,0.027,0.026,22
-0.300,-30.900,62.850,0.196,-2.164,9.225,-1.055,0.005,0.036,22
-0.300,-30.900,62.850,0.249,-2.677,10.302,-1.076,0.030,0.047,22
0.000,-30.450,61.050,0.311,-3.359,9.143,-1.058,0.015,0.038,22
0.000,-30.450,61.050,0.022,-3.086,9.210,-1.108,0.002,0.030,22
0.900,-32.550,57.450,0.007,-3.254,8.777,-1.148,0.013,0.035,23
0.900,-32.550,57.450,-0.086,-3.208,8.827,-1.175,0.017,0.025,22
0.900,-32.550,57.450,-0.117,-3.627,8.825,-1.212,0.015,0.036,22
0.900,-32.550,57.450,0.060,-3.761,8.631,-1.254,0.026,0.045,22
0.900,-32.550,57.450,0.146,-4.319,8.423,-1.245,0.021,0.045,22
-0.900,-34.950,54.450,0.232,-4.743,8.871,-1.265,0.019,0.044,22
-0.900,-34.950,54.450,0.230,-4.810,8.392,-1.262,0.034,0.037,22
1.050,-36.300,52.050,0.242,-5.083,8.406,-1.244,0.028,0.030,22
1.050,-36.300,52.050,0.105,-5.258,8.229,-1.245,0.029,0.028,22
0.750,-37.500,49.800,-0.005,-5.562,8.030,-1.244,0.028,0.031,22
0.750,-37.500,49.800,0.045,-5.674,7.740,-1.252,0.029,0.028,22
2.250,-38.700,46.500,-0.026,-5.892,7.757,-1.251,0.022,0.033,23
2.250,-38.700,46.500,0.000,-6.036,7.477,-1.265,0.021,0.037,22
2.250,-38.700,46.500,-0.022,-6.235,7.412,-1.277,0.025,0.032,22
2.250,-38.700,46.500,-0.038,-6.543,7.044,-1.283,0.032,0.023,22
2.250,-38.700,46.500,0.014,-6.790,7.156,-1.284,0.023,0.022,22
3.000,-41.400,42.750,0.048,-7.183,6.742,-1.275,0.027,0.047,22
3.000,-41.400,42.750,0.034,-7.405,6.780,-1.246,0.019,0.042,23
0.300,-40.200,39.750,0.019,-7.444,6.567,-1.216,0.028,0.034,22
0.300,-40.200,39.750,0.043,-7.822,6.246,-1.193,0.025,0.033,22
0.300,-43.050,36.000,-0.065,-7.903,6.072,-1.157,0.037,0.022,22
0.300,-43.050,36.000,-0.072,-8.102,6.122,-1.113,0.025,0.019,22
2.400,-43.200,33.600,-0.074,-8.009,5.701,-1.120,0.030,0.031,22
2.400,-43.200,33.600,-0.026,-8.128,5.780,-1.105,0.022,0.023,23
2.400,-43.200,33.600,-0.069,-8.406,5.308,-1.084,0.023,0.022,22
2.400,-43.200,33.600,0.000,-8.447,5.332,-1.079,0.021,0.021,22
2.400,-43.200,33.600,-0.139,-8.602,5.018,-1.073,0.021,0.026,22
1.800,-43.350,27.900,-0.084,-8.780,4.927,-1.042,0.012,0.026,22
1.800,-43.350,27.900,-0.117,-8.859,4.829,-1.016,0.007,0.031,22
1.800,-43.350,27.900,-0.089,-9.029,4.597,-0.994,0.017,0.034,22
1.800,-43.350,27.900,-0.091,-9.000,4.257,-0.968,0.013,0.028,23
1.200,-42.000,24.000,-0.101,-9.017,4.271,-0.960,0.013,0.030,22
1.200,-42.000,24.000,-0.163,-9.108,4.015,-0.958,0.004,0.032,22
1.200,-42.000,24.000,-0.093,-9.304,3.924,-0.931,0.009,0.043,22
1.500,-42.600,22.350,-0.175,-9.529,3.603,-0.908,-0.007,0.046,22
1.500,-42.600,22.350,-0.136,-9.603,3.610,-0.872,0.002,0.049,22
0.450,-43.500,19.800,0.065,-9.732,3.563,-0.833,0.003,0.034,23
0.450,-43.500,19.800,-0.129,-9.807,3.354,-0.758,0.019,0.012,22
2.550,-42.600,18.600,0.029,-9.819,3.189,-0.716,0.016,0.001,22
2.550,-42.600,18.600,-0.383,-9.871,2.847,-0.667,0.021,0.006,22
2.550,-42.600,18.600,-0.285,-9.773,2.705,-0.632,0.013,0.023,22
2.550,-42.600,18.600,0.074,-9.531,2.751,-0.628,0.023,0.013,22
2.550,-42.600,18.600,-0.141,-9.517,2.574,-0.638,0.033,-0.003,23
1.950,-41.250,15.450,-0.271,-9.555,2.385,-0.658,0.022,-0.024,22
1.950,-41.250,15.450,-0.285,-9.804,2.255,-0.655,0.017,0.002,22
1.500,-41.400,14.100,-0.206,-9.776,2.164,-0.649,0.010,0.017,22
1.500,-41.400,14.100,-0.144,-9.878,2.100,-0.634,0.026,0.005,22
2.250,-43.050,14.100,-0.201,-10.008,2.047,-0.606,0.011,0.005,22
2.250,-43.050,14.100,-0.294,-9.938,1.836,-0.578,0.017,0.006,23
1.050,-41.400,12.150,-0.153,-10.099,1.841,-0.561,0.010,0.006,22
1.050,-41.400,12.150,-0.215,-10.025,1.583,-0.527,0.015,0.013,22
1.050,-41.400,12.150,-0.158,-10.051,1.650,-0.487,0.009,0.007,22
1.050,-41.400,12.150,-0.204,-10.015,1.489,-0.468,0.010,0.013,22
1.050,-41.400,12.150,-0.187,-10.082,1.386,-0.443,0.011,0.011,22
2.250,-42.150,10.350,-0.160,-10.025,1.202,-0.424,0.020,0.008,23
2.250,-42.150,10.350,-0.259,-10.056,1.168,-0.405,0.015,0.001,22
3.000,-42.150,8.850,-0.333,-9.946,1.140,-0.390,0.017,-0.001,22
3.000,-42.150,8.850,-0.194,-10.068,1.140,-0.372,0.020,-0.009,22
2.700,-40.050,7.950,-0.208,-10.106,1.006,-0.348,0.014,-0.003,22
2.700,-40.050,7.950,-0.218,-10.005,0.948,-0.320,0.014,-0.003,22
2.700,-40.050,7.950,-0.256,-9.934,0.824,-0.308,0.026,-0.008,23
3.150,-41.550,7.500,-0.227,-9.926,0.867,-0.305,0.022,-0.015,22
3.150,-41.550,7.500,-0.237,-9.931,0.721,-0.307,0.015,-0.004,22
3.150,-41.550,7.500,-0.172,-9.917,0.735,-0.314,0.022,-0.013,22
3.150,-41.550,7.500,-0.129,-9.960,0.551,-0.314,0.025,-0.009,22
0.900,-40.800,6.450,-0.213,-10.111,0.594,-0.297,0.021,-0.009,22
0.900,-40.800,6.450,-0.271,-10.065,0.496,-0.278,0.023,-0.003,23
0.900,-40.800,6.450,-0.294,-10.104,0.481,-0.260,0.010,0.007,22
0.900,-40.800,6.450,-0.275,-10.068,0.481,-0.250,0.009,0.011,22
0.900,-40.800,6.450,-0.180,-10.104,0.397,-0.228,0.010,0.005,22
2.250,-39.450,4.350,-0.196,-10.020,0.393,-0.220,0.010,-0.002,22
2.250,-39.450,4.350,-0.275,-9.950,0.187,-0.209,0.015,-0.002,22
2.400,-39.300,6.000,-0.302,-9.957,0.311,-0.216,0.004,0.000,23
2.400,-39.300,6.000,-0.283,-10.029,0.144,-0.220,0.016,-0.003,22
1.200,-39.300,4.200,-0.163,-9.924,0.165,-0.222,0.021,-0.009,22
1.200,-39.300,4.200,-1.058,-11.044,0.752,-0.064,-0.015,-0.035,22
0.900,-40.050,4.650,-0.110,-10.183,-1.551,-0.049,0.036,-0.010,22
0.900,-40.050,4.650,0.124,-10.317,2.002,-0.037,0.013,-0.006,22
0.900,-40.050,4.650,0.086,-9.567,-0.220,-0.094,0.051,0.011,23
0.900,-40.050,4.650,-0.280,-10.314,0.716,-0.032,0.002,-0.014,22
0.900,-40.050,4.650,-0.266,-9.436,0.036,-0.027,-0.028,-0.023,22
1.200,-38.850,4.950,-0.239,-10.056,0.158,-0.048,0.050,-0.010,22
1.200,-38.850,4.950,-0.043,-10.185,0.366,-0.030,0.011,-0.003,22
2.550,-39.900,5.100,-0.247,-10.135,-0.103,-0.017,0.042,0.009,22
2.550,-39.900,5.100,-0.280,-10.065,0.306,-0.009,0.015,-0.005,23
1.800,-38.700,4.050,0.024,-9.907,0.287,-0.010,0.011,-0.007,22
1.800,-38.700,4.050,-0.383,-10.027,0.297,0.008,0.003,-0.001,22
1.800,-38.700,4.050,-0.328,-10.082,0.385,0.012,0.003,-0.003,22
1.950,-38.550,5.400,-0.101,-10.245,0.376,0.048,0.005,-0.006,22
1.950,-38.550,5.400,-0.196,-10.080,0.230,0.054,0.011,-0.010,22
1.950,-38.550,5.400,-0.254,-10.044,0.644,0.050,0.016,-0.016,23
1.950,-38.550,5.400,-0.373,-10.238,0.328,0.068,0.008,-0.014,22
1.650,-39.600,4.200,-0.235,-10.221,0.445,0.089,0.001,-0.014,22
1.650,-39.600,4.200,-0.089,-10.221,0.512,0.145,0.002,-0.019,22
1.050,-40.650,6.600,-0.089,-10.252,0.393,0.177,0.012,-0.008,22
1.050,-40.650,6.600,-0.314,-10.276,0.642,0.222,0.002,-0.012,22
2.250,-40.950,5.850,-0.263,-10.355,0.668,0.277,0.009,-0.018,23
2.250,-40.950,5.850,-0.180,-10.319,0.725,0.318,0.006,-0.013,22
2.250,-40.950,5.850,-0.223,-10.223,0.795,0.355,0.002,-0.020,22
1.200,-40.500,7.200,-0.134,-10.209,0.795,0.389,0.006,-0.026,22
1.200,-40.500,7.200,-0.275,-10.149,0.879,0.432,0.001,-0.025,22
1.200,-40.500,7.200,-0.304,-10.233,1.113,0.458,-0.001,-0.024,22
1.200,-40.500,7.200,-0.182,-10.125,1.073,0.493,-0.001,-0.029,22
1.800,-41.400,9.600,-0.072,-10.178,1.348,0.535,0.007,-0.025,23
1.800,-41.400,9.600,-0.194,-10.084,1.336,0.559,0.013,-0.033,22
1.800,-41.400,9.600,-0.283,-10.084,1.623,0.582,0.007,-0.033,22
1.800,-41.400,9.600,-0.194,-10.070,1.635,0.609,-0.000,-0.030,22
1.800,-41.400,9.600,-0.172,-9.989,1.779,0.651,0.000,-0.032,22
2.700,-42.450,11.250,-0.117,-9.821,1.532,0.635,0.022,-0.044,22
2.700,-42.450,11.250,0.371,-9.378,1.815,0.594,0.073,-0.023,23
2.250,-41.850,15.600,-0.357,-9.689,2.181,0.611,0.037,-0.014,22
2.250,-41.850,15.600,-0.273,-9.850,2.650,0.604,0.017,-0.028,22
1.050,-42.600,17.100,-0.431,-9.541,2.365,0.602,-0.005,-0.042,22
1.050,-42.600,17.100,-0.220,-9.625,2.784,0.632,-0.010,-0.032,22
1.650,-42.450,18.750,0.017,-9.708,2.622,0.631,-0.004,-0.029,23
1.650,-42.450,18.750,-0.266,-9.505,2.942,0.634,0.024,-0.031,22
1.650,-42.450,18.750,-0.127,-9.586,3.072,0.660,0.013,-0.036,22
1.650,-42.450,18.750,-0.287,-9.646,3.237,0.671,0.001,-0.037,22
1.650,-42.450,18.750,-0.232,-9.438,3.237,0.668,0.003,-0.037,22
1.800,-42.150,21.150,-0.024,-9.486,3.572,0.685,-0.005,-0.034,22
1.800,-42.150,21.150,-0.146,-9.431,3.737,0.705,0.012,-0.028,22
1.800,-43.350,22.650,-0.208,-9.321,3.898,0.735,0.007,-0.030,23
1.800,-43.350,22.650,-0.134,-9.285,3.943,0.763,0.002,-0.037,22
1.650,-43.500,24.750,-0.283,-9.232,4.053,0.779,-0.009,-0.036,22
1.650,-43.500,24.750,0.029,-9.143,4.204,0.823,0.005,-0.046,22
1.650,-43.500,24.750,-0.050,-9.069,4.523,0.835,0.010,-0.053,22
0.900,-42.750,25.050,-0.225,-8.976,4.597,0.870,0.006,-0.041,22
0.900,-42.750,25.050,-0.148,-8.758,4.736,0.886,0.007,-0.039,23
0.900,-42.750,25.050,-0.165,-8.765,5.097,0.924,-0.010,-0.038,22
0.900,-42.750,25.050,-0.113,-8.904,5.162,0.964,-0.007,-0.038,22
0.750,-43.050,30.900,-0.060,-8.538,5.353,0.997,-0.002,-0.043,22
0.750,-43.050,30.900,-0.098,-8.449,5.528,1.042,0.008,-0.050,22
0.750,-43.050,32.400,-0.139,-8.428,5.765,1.077,-0.006,-0.046,22
0.750,-43.050,32.400,-0.022,-8.231,5.823,1.106,-0.007,-0.044,23
0.750,-43.050,32.400,0.029,-8.104,6.055,1.140,-0.008,-0.037,22
1.800,-42.150,34.950,0.000,-7.752,6.316,1.185,-0.004,-0.046,22
1.800,-42.150,34.950,0.055,-7.649,6.512,1.216,0.002,-0.063,22
0.450,-42.000,37.800,-0.050,-7.496,6.591,1.233,0.007,-0.071,22
0.450,-42.000,37.800,0.036,-7.190,6.852,1.265,-0.004,-0.057,22
0.450,-42.000,37.800,-0.084,-6.936,6.852,1.279,-0.003,-0.046,23
0.450,-42.000,37.800,0.050,-6.661,7.221,1.290,-0.003,-0.049,22
1.200,-39.300,44.850,-0.017,-6.373,7.429,1.298,-0.005,-0.059,22
1.200,-39.300,44.850,0.182,-6.194,7.489,1.306,0.004,-0.053,22
1.200,-39.300,44.850,0.026,-5.971,7.638,1.308,-0.001,-0.056,22
1.200,-39.300,44.850,0.180,-5.586,7.733,1.293,0.005,-0.062,22
1.200,-39.300,44.850,0.096,-4.796,8.040,1.226,-0.003,-0.069,22
2.250,-37.050,50.250,0.000,-4.640,8.009,1.184,-0.007,-0.072,23
2.250,-37.050,50.250,0.014,-4.640,8.432,1.116,0.006,-0.067,22
0.900,-37.350,52.650,0.136,-4.216,8.131,1.071,0.001,-0.071,22
0.900,-37.350,52.650,0.132,-4.022,8.511,0.971,0.012,-0.082,22
-0.150,-34.950,54.900,0.014,-3.857,8.794,0.883,0.024,-0.085,22
-0.150,-34.950,54.900,-0.007,-3.462,8.607,0.828,0.012,-0.083,23
-0.150,-34.950,54.900,-0.170,-3.460,8.866,0.754,-0.002,-0.049,22
0.150,-34.500,56.400,-0.120,-3.261,8.914,0.691,0.000,-0.019,22
0.150,-34.500,56.400,0.034,-3.237,8.940,0.644,-0.009,0.002,22
0.150,-34.500,56.400,0.146,-3.158,9.088,0.612,-0.016,0.004,22
0.150,-34.500,56.400,0.153,-3.275,9.261,0.584,-0.014,-0.004,22
0.750,-31.200,59.250,0.285,-3.136,9.210,0.570,-0.009,-0.013,23
0.750,-31.200,59.250,0.247,-3.144,9.313,0.567,-0.003,-0.013,22
0.450,-33.450,61.200,0.302,-3.019,9.311,0.567,0.006,-0.030,22
0.450,-33.450,61.200,0.108,-2.789,9.397,0.567,0.003,-0.031,22
0.450,-33.450,61.200,0.156,-2.605,9.395,0.565,0.007,-0.040,22
0.900,-30.600,61.950,0.086,-2.459,9.510,0.560,0.004,-0.045,22
0.900,-30.600,61.950,0.029,-2.337,9.455,0.546,0.005,-0.038,23
0.750,-28.500,61.350,0.144,-2.148,9.479,0.527,0.003,-0.041,22
0.750,-28.500,61.350,0.081,-1.997,9.529,0.513,0.001,-0.028,22
0.750,-28.500,61.350,0.268,-1.913,9.491,0.489,0.009,-0.024,22
0.750,-28.500,61.350,0.192,-1.839,9.639,0.477,0.003,-0.037,22
0.300,-28.050,64.800,0.175,-1.583,9.330,0.451,0.006,-0.038,22
0.300,-28.050,64.800,0.036,-1.554,9.656,0.426,0.014,-0.024,23
0.300,-28.050,64.800,0.077,-1.334,9.629,0.404,0.017,-0.035,22
0.300,-28.050,64.800,0.148,-1.338,9.656,0.372,0.008,-0.032,22
0.300,-28.050,64.800,0.223,-1.183,9.534,0.350,0.010,-0.027,22
1.200,-24.750,65.700,0.201,-1.104,9.708,0.308,0.005,-0.022,22
1.200,-24.750,65.700,0.242,-0.965,9.629,0.277,0.006,-0.026,22
0.000,-26.100,66.300,0.283,-0.745,9.603,0.233,0.009,-0.028,23
0.000,-26.100,66.300,0.089,-0.584,9.625,0.145,0.019,-0.027,22
0.150,-26.700,66.450,0.005,-0.539,9.620,0.079,0.016,-0.011,23
0.150,-26.700,66.450,-0.077,-0.615,9.572,0.030,0.001,0.001,22
-0.450,-26.400,66.750,0.022,-0.752,9.716,-0.011,0.005,0.011,22
-0.450,-26.400,66.750,0.117,-1.120,9.823,-0.013,-0.002,0.019,22
-0.450,-26.400,66.750,0.199,-1.247,9.862,0.009,-0.007,0.014,22
-0.450,-26.400,66.750,0.350,-1.116,9.783,0.027,-0.005,-0.002,22
-0.450,-26.400,66.750,0.357,-1.116,9.764,0.043,0.006,-0.017,22
-0.150,-25.200,67.200,0.194,-1.092,9.819,0.056,0.014,-0.021,22
-0.150,-25.200,67.200,0.136,-1.022,9.878,0.069,0.008,-0.015,22
1.500,-25.050,66.600,0.184,-1.082,9.783,0.083,0.011,-0.011,22
1.500,-25.050,66.600,0.180,-0.953,9.797,0.103,0.012,-0.018,23
-0.300,-25.050,68.550,0.160,-0.879,9.823,0.112,0.008,-0.013,22
-0.300,-25.050,68.550,0.163,-0.812,9.809,0.117,0.007,-0.014,22
-0.300,-25.050,68.550,0.177,-0.795,9.730,0.118,0.013,-0.016,22
0.450,-23.250,66.450,0.180,-0.632,9.792,0.108,0.006,-0.014,22
0.450,-23.250,66.450,0.232,-0.520,9.799,0.098,0.010,-0.015,22
0.450,-23.250,66.450,0.201,-0.560,9.783,0.088,0.013,-0.018,23
0.450,-23.250,66.450,0.153,-0.503,9.744,0.057,0.009,-0.011,22
0.300,-25.800,67.800,0.148,-0.364,9.651,0.023,0.013,-0.016,22
0.300,-25.800,67.800,0.168,-0.304,9.708,-0.006,0.015,-0.013,22
0.150,-24.000,66.750,0.110,-0.426,9.713,-0.047,0.009,-0.006,22
0.150,-24.000,66.750,0.065,-0.505,9.807,-0.063,0.008,-0.003,22
0.150,-24.000,66.750,0.144,-0.690,9.838,-0.056,0.004,0.002,23
-0.750,-24.150,67.800,0.177,-0.716,9.847,-0.046,0.004,-0.004,22
-0.750,-24.150,67.800,0.225,-0.682,9.759,-0.024,0.012,-0.013,22
1.950,-25.500,67.500,0.180,-0.613,9.821,-0.017,0.008,-0.012,22
1.950,-25.500,67.500,0.144,-0.658,9.819,-0.004,0.009,-0.012,22
-0.150,-22.050,67.950,0.127,-0.713,9.864,0.014,0.012,-0.010,22
-0.150,-22.050,67.950,0.189,-0.706,9.819,0.022,0.011,-0.006,23
-1.050,-23.400,66.600,0.254,-0.594,9.857,0.047,0.010,-0.017,22
-1.050,-23.400,66.600,0.227,-0.644,9.833,0.062,0.016,-0.023,22
-1.050,-23.400,66.600,0.160,-0.429,9.926,0.075,0.010,-0.021,22
-1.050,-23.400,66.600,0.084,-0.251,9.658,0.038,0.007,-0.018,22
-1.050,-23.400,66.600,0.141,-0.103,9.629,0.009,0.011,-0.011,22
-1.050,-22.200,69.600,0.204,-0.335,9.962,-0.017,0.016,-0.001,23
-1.050,-22.200,69.600,0.256,-0.381,9.768,-0.029,0.008,-0.010,22
1.050,-22.950,69.600,0.211,-0.175,9.673,-0.051,0.013,-0.012,22
1.050,-22.950,69.600,0.144,-0.318,9.910,-0.052,0.009,-0.011,22
-1.050,-22.650,68.550,0.091,-0.342,9.720,-0.063,0.004,0.004,22
-1.050,-22.650,68.550,0.194,-0.419,9.807,-0.070,0.007,-0.003,22
-1.050,-22.650,68.550,0.177,-0.412,9.732,-0.064,0.004,-0.002,22
1.200,-23.250,67.500,0.254,-0.378,9.790,-0.074,0.008,-0.008,23
1.200,-23.250,67.500,0.194,-0.323,9.706,-0.089,0.012,-0.002,22
1.200,-23.250,67.500,0.223,-0.350,9.802,-0.101,0.013,-0.008,22
1.200,-23.250,67.500,0.180,-0.378,9.752,-0.120,0.017,-0.015,22
0.300,-23.850,68.100,0.163,-0.455,9.893,-0.139,0.015,-0.017,22
0.300,-23.850,68.100,0.215,-0.323,9.685,-0.155,0.019,-0.012,22
-0.450,-22.800,66.750,0.299,-0.144,9.682,-0.194,0.016,-0.014,23
-0.450,-22.800,66.750,0.103,-0.285,9.677,-0.252,0.021,-0.007,22
-0.450,-22.800,66.750,0.256,-0.110,9.546,-0.307,0.022,-0.011,22
0.000,-25.050,68.550,0.194,-0.062,9.644,-0.373,0.012,-0.009,22
0.000,-25.050,68.550,0.067,-0.122,9.574,-0.428,0.016,0.004,22
0.150,-24.000,69.450,0.048,-0.251,9.412,-0.537,0.011,0.029,23
0.150,-24.000,69.450,0.182,-0.371,9.661,-0.596,0.008,0.034,22
0.150,-24.000,69.450,0.297,-0.666,9.584,-0.651,-0.002,0.034,22
0.150,-24.000,69.450,0.309,-0.903,9.622,-0.737,0.020,0.031,22
0.300,-26.100,67.050,0.213,-0.984,9.457,-0.776,0.019,0.036,22
0.300,-26.100,67.050,-0.017,-1.195,9.661,-0.813,0.009,0.020,22
0.300,-26.100,67.050,0.036,-1.219,9.304,-0.879,0.015,0.009,22
0.300,-26.100,67.050,0.247,-1.566,9.407,-0.917,0.028,0.015,23
0.300,-26.100,67.050,0.124,-1.836,9.483,-0.956,0.028,0.016,22
1.200,-27.450,62.400,0.175,-1.982,9.347,-1.003,0.023,0.014,22
1.200,-27.450,62.400,0.072,-2.246,9.404,-1.043,0.033,0.021,22
0.000,-31.200,60.300,0.469,-2.521,9.373,-1.036,0.047,0.043,22
0.000,-31.200,60.300,0.045,-2.875,8.777,-1.033,0.016,0.026,22
0.900,-30.600,60.150,0.184,-3.141,8.246,-1.052,0.018,0.047,23
0.900,-30.600,60.150,0.019,-3.407,9.550,-1.045,0.030,0.062,22
1.650,-33.000,58.200,0.146,-3.448,8.950,-1.047,0.035,0.035,22
1.650,-33.000,58.200,0.136,-3.407,8.952,-1.088,0.049,0.024,22
1.650,-33.000,58.200,-0.110,-3.910,8.768,-1.096,0.015,0.024,22
1.650,-33.000,58.200,0.000,-3.955,8.727,-1.114,0.018,0.019,22
1.650,-33.000,58.200,0.213,-4.314,8.677,-1.116,0.004,0.022,23
1.050,-33.600,54.300,0.127,-4.604,8.368,-1.138,0.032,0.035,23
1.050,-33.600,54.300,-0.014,-4.829,8.748,-1.126,0.026,0.029,22
1.500,-35.550,49.500,-0.055,-5.315,8.466,-1.124,0.022,0.022,22
1.500,-35.550,49.500,0.232,-5.349,8.133,-1.098,0.029,0.030,22
0.900,-37.650,48.900,0.227,-5.646,8.226,-1.061,0.021,0.032,22
0.900,-37.650,48.900,0.144,-5.813,8.167,-1.037,0.024,0.020,22
0.900,-37.650,48.900,0.163,-6.043,8.104,-1.005,0.021,0.012,22
0.150,-37.650,48.150,-0.091,-6.088,7.839,-0.997,0.027,0.018,22
0.150,-37.650,48.150,-0.053,-6.067,7.604,-0.980,0.023,0.014,22
0.150,-37.650,48.150,0.000,-6.213,7.585,-0.992,0.027,0.020,22
0.150,-37.650,48.150,0.017,-6.304,7.365,-0.999,0.027,0.014,22
0.300,-39.450,43.950,-0.062,-6.433,7.264,-1.019,0.031,0.005,22
0.300,-39.450,43.950,0.084,-6.747,7.128,-1.024,0.017,0.002,23
1.050,-40.200,40.500,0.007,-6.886,6.905,-1.036,0.022,0.011,22
1.050,-40.200,40.500,-0.041,-7.041,6.804,-1.033,0.023,0.027,22
1.050,-40.200,40.500,-0.022,-7.238,6.802,-1.021,0.016,0.026,22
1.200,-40.500,38.550,0.091,-7.235,6.527,-1.035,0.028,0.026,22
1.200,-40.500,38.550,0.000,-7.558,6.215,-1.026,0.015,0.025,23
0.750,-42.150,36.000,-0.158,-7.781,6.134,-1.023,0.013,0.024,22
0.750,-42.150,36.000,-0.043,-7.731,6.086,-1.028,0.027,0.028,22
0.750,-42.150,36.000,-0.065,-7.875,5.830,-1.028,0.009,0.027,22
0.750,-42.150,36.000,0.053,-7.944,5.765,-1.036,0.024,0.022,22
1.500,-41.850,31.200,-0.067,-8.260,5.492,-1.041,0.028,0.015,22
1.500,-41.850,31.200,-0.141,-8.286,5.258,-1.030,0.023,0.017,23
1.500,-41.850,31.200,-0.194,-8.435,5.167,-1.032,0.013,0.018,22
1.500,-41.850,31.200,-0.081,-8.430,4.970,-1.041,0.021,0.026,22
1.500,-41.850,31.200,-0.108,-8.550,4.834,-1.051,0.017,0.022,22
2.250,-42.150,27.900,-0.148,-8.674,4.458,-1.053,0.025,0.022,22
2.250,-42.150,27.900,-0.122,-8.724,4.384,-1.072,0.020,0.025,22
1.200,-42.750,24.300,-0.045,-8.873,4.271,-1.089,0.017,0.024,23
1.200,-42.750,24.300,-0.101,-8.976,4.001,-1.104,0.013,0.027,22
1.050,-41.400,22.650,-0.124,-9.009,3.797,-1.112,0.023,0.026,22
1.050,-41.400,22.650,-0.165,-9.316,3.462,-1.121,0.023,0.021,22
1.050,-41.400,22.650,-0.184,-9.383,3.259,-1.125,0.027,0.028,22
1.200,-43.200,21.750,-0.129,-9.510,3.153,-1.119,0.021,0.024,22
1.200,-43.200,21.750,-0.184,-9.704,2.983,-1.088,0.016,0.033,23
1.200,-43.200,21.750,-0.105,-9.735,2.823,-1.066,0.019,0.036,22
1.200,-43.200,21.750,-0.136,-9.876,2.543,-1.048,0.013,0.017,22
2.400,-41.550,15.750,-0.321,-9.900,2.346,-1.014,0.024,0.017,22
2.400,-41.550,15.750,-0.139,-9.991,2.078,-0.981,0.024,0.019,22
1.650,-41.250,12.450,-0.096,-10.017,2.030,-0.949,0.018,0.010,22
1.650,-41.250,12.450,-0.225,-10.072,1.879,-0.922,0.018,0.009,23
1.500,-41.250,12.450,-0.244,-10.245,1.595,-0.873,0.013,0.011,22
1.500,-40.650,11.550,-0.132,-10.149,1.420,-0.847,-0.001,0.018,22
1.500,-40.650,11.550,-0.213,-10.223,1.051,-0.804,0.016,0.014,22
1.650,-40.500,9.000,-0.060,-10.326,1.305,-0.764,0.025,0.010,22
1.650,-40.500,9.000,-0.069,-10.276,1.010,-0.692,0.029,0.007,22
1.650,-40.500,9.000,-0.232,-10.417,0.953,-0.647,0.023,0.001,23
1.650,-40.500,9.000,-0.153,-10.558,0.651,-0.590,0.020,0.003,22
1.950,-38.850,5.700,-0.218,-10.475,0.654,-0.504,0.021,-0.003,22
1.950,-38.850,5.700,-0.206,-10.432,0.515,-0.454,0.020,0.005,22
1.950,-39.600,5.700,-0.184,-10.312,0.543,-0.410,0.019,0.006,22
1.950,-39.600,5.700,-0.287,-10.266,0.395,-0.357,0.012,0.005,22
1.950,-39.600,5.700,-0.249,-10.240,0.309,-0.323,0.006,-0.002,23
1.650,-40.500,6.450,-0.204,-10.252,0.299,-0.298,0.007,0.000,22
1.650,-40.500,6.450,-0.757,-11.332,0.797,-0.278,0.070,0.011,22
2.400,-39.300,4.200,0.625,-9.934,1.860,0.048,-0.197,-0.037,22
2.400,-39.300,4.200,1.489,-9.234,-0.723,0.006,-0.059,0.003,22
2.400,-39.300,4.200,-0.970,-10.159,0.534,-0.102,0.091,0.020,22
2.400,-39.300,4.200,-0.819,-10.740,0.994,-0.011,0.017,-0.009,23
2.700,-39.600,4.950,-0.441,-9.941,-0.069,-0.003,-0.010,-0.019,22
2.700,-39.600,4.950,-0.467,-9.096,-0.402,-0.108,-0.011,0.001,22
2.700,-39.600,4.950,0.093,-10.235,0.857,-0.058,-0.002,-0.019,22
2.700,-39.600,4.950,-0.524,-10.290,0.110,-0.032,0.005,-0.004,22
2.700,-39.600,4.950,-0.314,-9.558,0.129,-0.043,0.029,-0.004,22
0.450,-39.300,4.200,-0.177,-9.730,0.211,-0.068,0.021,-0.009,22
0.450,-39.300,4.200,-0.311,-10.300,0.436,-0.032,0.015,-0.017,23
3.000,-39.000,4.800,0.089,-9.919,0.436,-0.038,-0.004,-0.014,22
3.000,-39.000,4.800,0.002,-9.802,0.340,-0.060,0.009,-0.009,22
1.800,-39.000,5.100,-0.424,-9.876,-0.034,-0.041,0.019,-0.014,22
1.800,-39.000,5.100,-0.378,-10.271,0.400,-0.030,-0.000,-0.009,22
1.800,-39.000,5.100,-0.194,-10.036,-0.005,-0.030,0.013,-0.009,22
2.400,-40.500,5.400,-0.098,-10.266,0.369,-0.002,0.032,-0.021,22
2.400,-40.500,5.400,-0.098,-10.307,0.412,0.029,0.023,-0.012,23
2.400,-40.500,5.400,0.000,-9.862,0.211,0.021,0.047,-0.004,22
2.400,-40.500,5.400,-0.402,-10.144,0.436,0.049,0.030,-0.004,22
1.800,-40.650,4.050,-0.570,-10.154,0.160,0.062,0.016,-0.008,22
1.800,-40.650,4.050,-0.196,-9.843,0.127,0.063,0.018,-0.012,22
2.400,-39.600,4.650,-0.290,-10.283,0.273,0.101,0.000,-0.015,23
2.400,-39.600,4.650,-0.335,-10.525,0.220,0.127,0.007,-0.019,22
2.400,-39.600,4.650,-0.079,-10.353,0.613,0.201,0.018,-0.016,22
2.400,-38.850,6.450,-0.113,-10.312,0.560,0.256,0.016,-0.015,22
2.400,-38.850,6.450,-0.223,-10.566,0.656,0.316,0.015,-0.013,22
0.900,-40.500,5.700,-0.316,-10.329,0.831,0.365,0.010,-0.013,22
0.900,-40.500,5.700,-0.285,-10.391,0.764,0.436,0.003,-0.025,23
0.900,-40.500,5.700,-0.237,-10.460,0.996,0.485,-0.005,-0.022,22
0.900,-40.500,5.700,-0.077,-10.290,1.075,0.550,-0.004,-0.019,22
2.550,-40.200,8.100,-0.165,-10.465,0.986,0.625,-0.008,-0.026,22
2.550,-40.200,8.100,-0.158,-10.293,1.396,0.670,-0.001,-0.023,22
2.550,-40.200,8.100,-0.120,-10.202,1.420,0.723,0.001,-0.038,22
1.800,-40.200,10.800,-0.168,-10.187,1.458,0.746,0.004,-0.033,22
1.800,-40.200,10.800,-0.189,-10.187,1.714,0.813,0.003,-0.038,23
2.550,-41.850,12.600,-0.158,-10.130,1.386,0.797,-0.002,-0.048,22
2.550,-41.850,12.600,0.220,-9.409,2.861,0.747,0.053,-0.052,22
-0.150,-42.750,14.250,-0.208,-9.651,2.394,0.744,0.021,-0.043,22
-0.150,-42.750,14.250,-0.402,-9.538,2.219,0.736,0.018,-0.050,22
1.200,-42.450,16.500,-0.342,-9.550,2.478,0.731,0.025,-0.054,23
1.200,-42.450,16.500,-0.247,-9.395,2.847,0.716,-0.000,-0.040,22
1.200,-42.450,16.500,-0.120,-9.606,2.854,0.698,0.012,-0.034,22
1.800,-41.400,18.900,0.057,-9.433,3.127,0.691,0.003,-0.035,22
1.800,-41.400,18.900,-0.141,-9.311,3.220,0.684,0.007,-0.036,22
1.800,-41.400,18.900,-0.340,-9.452,3.311,0.692,-0.012,-0.030,22
1.800,-41.400,18.900,-0.067,-9.414,3.500,0.709,-0.003,-0.027,23
0.750,-43.050,20.850,-0.151,-9.323,3.699,0.723,0.000,-0.028,22
0.750,-43.050,20.850,-0.081,-9.400,3.917,0.746,-0.002,-0.023,22
2.400,-43.500,23.550,-0.048,-9.313,3.953,0.784,-0.002,-0.014,22
2.400,-43.500,23.550,-0.244,-9.263,4.118,0.816,-0.010,-0.022,22
2.400,-43.500,23.550,-0.077,-9.270,4.278,0.847,-0.007,-0.032,22
1.800,-43.050,25.200,-0.072,-9.100,4.549,0.899,0.005,-0.034,23
1.800,-43.050,25.200,-0.017,-9.096,4.647,0.932,0.008,-0.041,22
0.900,-43.200,27.300,0.017,-8.818,4.887,0.963,0.012,-0.049,22
0.900,-43.200,27.300,-0.239,-8.866,5.176,1.002,0.000,-0.054,22
0.900,-43.200,27.300,-0.330,-8.863,5.088,1.071,-0.001,-0.057,22
0.900,-43.200,27.300,0.055,-8.490,5.466,1.114,0.006,-0.058,22
1.950,-42.750,33.600,-0.019,-8.593,5.768,1.153,0.010,-0.067,23
1.950,-42.750,33.600,-0.031,-8.416,5.854,1.215,0.011,-0.069,22
1.500,-41.850,35.400,-0.036,-8.083,5.983,1.249,0.005,-0.072,22
1.500,-41.850,35.400,-0.098,-7.932,6.100,1.282,-0.000,-0.074,22
1.500,-41.850,35.400,0.026,-7.463,6.582,1.295,0.000,-0.085,22
1.650,-40.500,38.850,-0.050,-7.044,6.622,1.293,0.002,-0.083,22
1.650,-40.500,38.850,-0.124,-7.001,6.807,1.299,-0.009,-0.079,22
2.700,-40.500,42.600,-0.060,-6.649,6.886,1.274,-0.005,-0.066,23
2.700,-40.500,42.600,-0.089,-6.414,6.895,1.251,0.000,-0.058,22
2.700,-40.500,42.600,0.062,-6.002,7.259,1.236,-0.007,-0.051,22
2.700,-40.500,42.600,0.091,-5.909,7.635,1.199,0.005,-0.044,22
0.000,-38.250,47.700,0.043,-5.722,7.678,1.160,0.001,-0.045,22
0.000,-38.250,47.700,0.019,-5.495,7.968,1.142,-0.007,-0.041,23
0.000,-38.250,47.700,0.108,-5.389,7.997,1.130,-0.004,-0.033,23
0.000,-38.250,47.700,-0.010,-5.282,8.320,1.135,-0.009,-0.015,23
0.000,-38.250,47.700,0.024,-5.042,8.231,1.147,-0.007,-0.009,23
0.750,-36.000,51.750,0.005,-4.877,8.552,1.160,-0.009,-0.008,23
0.750,-36.000,51.750,0.103,-4.688,8.511,1.175,-0.017,-0.015,22
1.200,-33.750,54.150,0.156,-4.233,8.717,1.180,-0.014,-0.031,22
1.200,-33.750,54.150,0.266,-4.005,8.880,1.180,-0.013,-0.050,22
1.500,-33.600,56.550,0.335,-3.689,8.815,1.170,-0.006,-0.069,22
1.500,-33.600,56.550,0.199,-3.436,8.993,1.142,0.004,-0.072,22
1.500,-33.600,56.550,0.026,-3.024,8.825,1.108,0.003,-0.064,22
0.750,-31.950,60.600,0.108,-2.667,9.072,1.090,-0.001,-0.060,22
0.750,-31.950,60.600,0.223,-2.442,9.098,1.036,0.006,-0.055,22
0.750,-31.950,60.600,0.151,-2.282,9.266,0.997,0.005,-0.059,22
0.750,-31.950,60.600,0.285,-1.973,9.299,0.952,0.011,-0.065,22
1.050,-28.950,63.300,0.208,-1.705,9.299,0.891,0.013,-0.063,22
1.050,-28.950,63.300,-0.062,-1.465,9.337,0.810,0.011,-0.056,22
1.200,-27.150,64.200,0.182,-1.178,9.397,0.740,0.013,-0.041,22
1.200,-27.150,64.200,0.079,-0.965,9.610,0.679,0.009,-0.033,22
1.200,-27.150,64.200,0.007,-0.728,9.483,0.606,-0.004,-0.031,22
NEW_MEASUREMENTS
-11.700,-9.300,68.550,0.259,-0.165,9.797,-0.050,0.012,-0.006,22
-11.700,-9.300,68.550,0.196,-0.211,9.787,-0.046,0.009,-0.005,24
-12.150,-9.000,68.550,0.266,-0.165,9.807,-0.048,0.012,-0.009,22
-12.150,-9.000,68.550,0.259,-0.237,9.768,-0.049,0.011,-0.009,23
-12.150,-9.000,68.550,0.189,-0.266,9.766,-0.052,0.009,-0.010,22
-12.150,-9.000,68.550,0.218,-0.187,9.795,-0.055,0.007,-0.009,22
-10.050,-9.150,69.000,0.304,-0.204,9.816,-0.050,0.012,-0.005,22
-10.050,-9.150,69.000,0.261,-0.227,9.838,-0.057,0.011,-0.005,22
-10.050,-9.150,69.000,0.254,-0.275,9.886,-0.054,0.007,-0.013,22
-10.050,-9.150,69.000,0.263,-0.239,9.831,-0.049,0.010,-0.004,23
-10.050,-9.150,69.000,0.199,-0.242,9.816,-0.049,0.013,-0.006,22
-13.050,-9.450,70.200,0.259,-0.283,9.802,-0.054,0.016,-0.010,22
-13.050,-9.450,70.200,0.335,-0.182,9.776,-0.067,0.013,-0.013,22
-10.350,-10.350,68.700,0.213,-0.098,9.744,-0.080,0.011,-0.010,22
-10.350,-10.350,68.700,0.148,-0.086,9.792,-0.098,0.017,-0.011,22
-11.850,-9.450,69.750,0.136,-0.113,9.756,-0.122,0.008,-0.009,23
-11.850,-9.450,69.750,0.218,-0.256,9.778,-0.130,0.009,-0.004,22
-10.500,-9.300,70.050,0.194,-0.397,9.816,-0.126,0.012,-0.010,22
-10.500,-9.300,70.050,0.244,-0.172,9.778,-0.125,0.006,-0.019,22
-10.500,-9.300,70.050,0.187,0.036,9.675,-0.141,0.006,-0.013,22
-10.500,-9.300,70.050,0.462,0.318,10.070,-0.166,-0.002,-0.018,22
-10.500,-9.300,70.050,0.235,0.223,9.792,-0.299,0.030,-0.003,23
-12.150,-11.250,68.850,0.144,0.204,9.369,-0.407,0.038,0.011,22
-12.150,-11.250,68.850,-0.144,0.065,9.244,-0.400,0.000,0.005,22
-12.150,-11.250,68.550,0.409,-0.498,9.977,-0.472,0.004,0.025,22
-12.150,-11.250,68.550,0.625,-0.175,9.443,-0.527,0.036,0.019,22
-10.800,-11.400,70.500,0.342,-0.680,9.888,-0.536,0.017,-0.002,22
-10.800,-11.400,70.500,0.206,-0.634,9.586,-0.576,0.025,0.002,23
-10.350,-13.050,67.500,0.160,-0.766,9.697,-0.609,0.014,0.019,22
-10.350,-13.050,67.500,0.196,-0.950,9.649,-0.655,0.005,0.030,22
-10.350,-13.050,67.500,0.290,-1.132,9.558,-0.679,0.021,0.029,22
-11.550,-13.050,67.200,0.263,-1.147,9.730,-0.711,0.023,0.017,22
-11.550,-13.050,67.200,0.278,-1.197,9.445,-0.768,0.012,0.015,22
-10.350,-15.000,67.500,0.127,-1.444,9.400,-0.785,0.015,0.017,23
-10.350,-15.000,67.500,0.199,-1.626,9.445,-0.837,0.017,0.025,22
-10.350,-15.000,67.500,0.175,-1.686,9.385,-0.872,0.019,0.026,22
-10.350,-15.000,67.500,0.242,-2.006,9.424,-0.934,0.018,0.015,22
-11.250,-17.100,65.850,0.350,-1.980,9.421,-0.958,0.028,0.026,22
-11.250,-17.100,65.850,0.900,-2.286,9.488,-0.975,-0.023,0.022,22
-11.250,-17.100,65.850,0.263,-2.684,8.863,-1.039,0.028,0.009,23
-10.350,-19.650,66.450,0.242,-2.811,9.306,-1.047,0.023,0.022,22
-10.350,-19.650,66.450,0.239,-3.151,9.251,-1.090,0.014,0.032,22
-11.700,-20.250,64.050,-0.038,-3.132,8.751,-1.103,0.015,0.048,22
-11.700,-20.250,64.050,0.263,-3.450,8.657,-1.130,0.025,0.030,22
-10.800,-22.800,62.400,0.084,-3.742,8.897,-1.161,0.017,0.013,22
-10.800,-22.800,62.400,0.091,-4.046,8.698,-1.193,0.016,0.031,23
-10.800,-22.800,62.400,0.057,-4.185,8.495,-1.215,0.009,0.042,22
-10.800,-22.800,62.400,0.189,-4.480,8.576,-1.228,0.014,0.043,22
-10.800,-22.800,62.400,0.412,-5.131,8.444,-1.232,0.019,0.033,22
-9.750,-26.100,59.550,0.026,-5.382,8.382,-1.216,0.028,0.033,22
-9.750,-26.100,59.550,-0.031,-5.567,8.076,-1.164,0.013,0.038,22
-11.250,-27.750,57.300,0.136,-5.842,8.135,-1.132,0.010,0.038,23
-11.250,-27.750,57.300,0.124,-5.887,7.989,-1.103,0.017,0.035,22
-11.100,-29.850,56.400,0.103,-6.184,7.913,-1.057,0.027,0.032,22
-11.100,-29.850,56.400,-0.029,-6.282,7.640,-1.015,0.020,0.034,22
-11.100,-29.550,54.450,0.043,-6.486,7.769,-1.003,0.015,0.031,22
-11.100,-29.550,54.450,0.151,-6.378,7.436,-0.982,0.022,0.027,22
-11.100,-29.550,54.450,0.170,-6.565,7.389,-0.972,0.022,0.019,23
-11.850,-31.800,53.400,0.014,-6.661,7.017,-0.968,0.019,0.018,22
-11.850,-31.800,53.400,0.168,-6.879,7.082,-0.980,0.026,0.014,22
-10.500,-31.200,51.300,0.007,-6.902,6.857,-0.990,0.024,0.017,22
-10.500,-31.200,51.300,0.036,-7.072,6.819,-0.995,0.020,0.021,22
-10.500,-31.200,51.300,-0.010,-7.262,6.608,-0.991,0.021,0.021,22
-10.500,-31.200,51.300,0.124,-7.535,6.486,-0.976,0.017,0.031,23
-11.700,-34.350,47.250,0.122,-7.681,6.383,-0.962,0.019,0.027,22
-11.700,-34.350,47.250,0.043,-7.779,6.132,-0.950,0.025,0.017,22
-11.700,-34.350,47.250,0.139,-7.867,6.117,-0.939,0.024,0.017,22
-12.150,-35.100,47.250,0.060,-8.045,5.938,-0.912,0.019,0.013,22
-12.150,-35.100,47.250,0.012,-8.250,5.792,-0.908,0.026,0.018,22
-11.250,-35.100,44.700,-0.026,-8.205,5.471,-0.889,0.018,0.019,23
-11.250,-35.100,44.700,-0.038,-8.363,5.557,-0.866,0.018,0.016,22
-10.950,-35.550,41.250,-0.017,-8.375,5.234,-0.861,0.021,0.016,22
-10.950,-35.550,41.250,-0.012,-8.645,5.361,-0.840,0.014,0.016,22
-10.950,-35.550,41.250,0.050,-8.600,5.023,-0.828,0.021,0.019,22
-10.950,-35.550,41.250,-0.105,-8.820,4.867,-0.796,0.018,0.018,22
-10.950,-35.550,41.250,0.019,-8.780,4.597,-0.770,0.009,0.015,22
-10.050,-36.900,41.850,-0.017,-9.031,4.903,-0.749,0.014,0.015,23
-10.050,-36.900,41.850,-0.057,-8.954,4.345,-0.724,0.016,0.015,22
-10.050,-36.900,41.850,-0.057,-9.160,4.496,-0.703,0.002,0.019,22
-10.050,-36.900,41.850,-0.144,-9.031,4.185,-0.673,0.004,0.023,22
-10.800,-36.450,37.050,-0.081,-9.184,4.250,-0.669,0.010,0.019,22
-10.800,-36.450,37.050,-0.022,-9.009,3.936,-0.667,0.002,0.014,22
-10.950,-37.950,34.950,-0.098,-9.136,3.984,-0.669,0.008,0.018,23
-10.950,-37.950,34.950,-0.002,-9.115,3.630,-0.670,0.004,0.021,22
-10.950,-37.950,34.950,-0.074,-9.311,3.563,-0.677,0.005,0.013,22
-11.250,-36.750,36.450,-0.113,-9.290,3.390,-0.671,0.010,0.012,22
-11.250,-36.750,36.450,0.012,-9.416,3.479,-0.658,0.017,0.011,22
-11.100,-36.900,32.850,-0.010,-9.500,3.397,-0.645,0.018,0.008,22
-11.100,-36.900,32.850,-0.127,-9.687,3.182,-0.617,0.013,0.007,23
-11.100,-36.900,32.850,-0.043,-9.673,2.988,-0.599,0.008,0.005,22
-11.100,-36.900,32.850,0.041,-9.809,2.995,-0.574,0.013,0.012,22
-10.500,-39.450,31.200,-0.141,-9.716,2.811,-0.548,0.017,0.005,22
-10.500,-39.450,31.200,-0.156,-9.723,2.782,-0.524,0.009,0.005,22
-10.800,-40.800,29.550,-0.105,-9.646,2.591,-0.514,0.014,0.005,22
-10.800,-40.800,29.550,-0.077,-9.651,2.461,-0.510,0.012,0.004,23
-10.800,-40.800,29.550,-0.084,-9.673,2.246,-0.508,0.012,0.004,22
-10.800,-40.500,28.500,-0.134,-9.888,2.497,-0.490,0.015,0.007,22
-10.800,-40.500,28.500,-0.005,-9.876,2.207,-0.473,0.015,0.011,22
-9.750,-39.450,28.650,-0.151,-9.986,2.263,-0.427,0.011,0.008,22
-9.750,-39.450,28.650,-0.050,-9.931,2.073,-0.393,0.019,0.004,22
-9.750,-39.450,28.650,-0.081,-9.912,2.078,-0.378,0.012,0.003,23
-9.750,-39.450,28.650,-0.175,-9.857,1.954,-0.368,0.009,0.002,22
-10.350,-37.350,27.300,-0.249,-9.850,1.879,-0.365,0.004,0.008,22
-10.350,-37.350,27.300,-0.089,-9.900,1.954,-0.348,0.009,0.005,22
-10.350,-37.350,27.300,-0.148,-9.821,1.788,-0.366,0.015,0.000,22
-8.700,-40.950,25.200,-0.113,-9.756,1.616,-0.371,0.009,0.007,22
-8.700,-40.950,25.200,-0.141,-9.864,1.592,-0.369,0.007,0.005,22
-8.850,-38.850,25.500,-0.081,-9.804,1.556,-0.374,0.012,0.006,23
-8.850,-38.850,25.500,-0.055,-9.878,1.381,-0.374,0.018,-0.004,22
-9.000,-39.000,24.150,-0.132,-9.914,1.420,-0.355,0.013,-0.001,22
-9.000,-39.000,24.150,-0.148,-10.046,1.346,-0.336,0.015,0.003,22
-8.850,-39.600,25.050,-0.089,-9.989,1.245,-0.323,0.018,0.004,22
-8.850,-39.600,25.050,-0.086,-10.092,1.235,-0.294,0.020,-0.002,23
-8.850,-39.600,25.050,-0.199,-9.936,1.202,-0.288,0.014,0.001,22
-9.000,-40.200,24.900,-0.057,-10.048,1.111,-0.270,0.008,0.003,22
-9.000,-40.200,24.900,-0.146,-9.960,1.089,-0.258,0.015,-0.010,22
-9.000,-40.200,24.900,-0.237,-9.886,0.950,-0.262,0.018,-0.011,22
-9.000,-40.200,24.900,-0.077,-9.888,0.974,-0.263,0.011,-0.008,22
-9.000,-38.700,22.650,-0.038,-9.957,0.931,-0.256,0.013,-0.002,23
-9.000,-38.700,22.650,-0.148,-9.895,0.824,-0.260,0.022,-0.010,22
-10.200,-39.450,21.600,-0.160,-9.991,0.958,-0.252,0.018,-0.006,22
-10.200,-39.450,21.600,-0.148,-10.029,0.740,-0.251,0.013,-0.004,22
-10.200,-39.450,21.600,-0.146,-9.974,0.637,-0.240,0.015,-0.002,22
-9.000,-39.000,20.850,-0.115,-10.015,0.790,-0.221,0.017,-0.007,22
-9.000,-39.000,20.850,-0.192,-10.027,0.570,-0.215,0.016,-0.004,23
-8.850,-39.300,22.800,-0.067,-9.943,0.632,-0.203,0.007,-0.005,22
-8.850,-39.300,22.800,-0.098,-10.017,0.572,-0.203,0.013,-0.005,22
-8.850,-39.300,22.800,-0.105,-9.972,0.527,-0.201,0.005,-0.003,22
-8.850,-39.300,22.800,-0.227,-10.010,0.572,-0.187,0.015,-0.001,22
-8.100,-38.100,20.550,-0.215,-9.929,0.493,-0.191,0.018,-0.006,22
-8.100,-38.100,20.550,-0.156,-9.890,0.419,-0.204,0.018,-0.007,22
-8.100,-38.100,20.550,-0.113,-10.025,0.383,-0.198,0.007,-0.006,23
-10.050,-38.550,20.550,-0.043,-9.969,0.510,-0.196,0.020,-0.010,22
-10.050,-38.550,20.550,-0.105,-9.950,0.426,-0.185,0.015,-0.002,22
-9.300,-38.850,21.000,-0.187,-10.056,0.371,-0.180,0.006,-0.006,22
-9.300,-38.850,21.000,-0.146,-10.036,0.275,-0.169,0.009,-0.005,22
-9.000,-39.000,18.900,-0.129,-10.063,0.275,-0.150,0.018,-0.005,23
-9.000,-39.000,18.900,-0.232,-10.290,0.314,-0.116,0.012,-0.008,22
-8.700,-39.900,20.400,-0.192,-10.274,0.261,-0.085,0.010,-0.006,22
-8.700,-39.900,20.400,-0.093,-10.168,0.381,-0.053,0.010,-0.003,22
-8.700,-39.900,20.400,-0.096,-10.087,0.215,-0.029,0.008,-0.008,22
-8.250,-39.450,20.400,-0.170,-9.957,0.232,-0.022,0.020,-0.001,22
-8.250,-39.450,20.400,-0.290,-10.027,0.275,-0.025,0.017,-0.001,23
-8.250,-39.450,20.400,-0.232,-9.902,0.249,-0.034,0.006,-0.007,22
-8.250,-39.450,20.400,-0.110,-10.075,0.266,-0.036,0.001,-0.003,22
-8.250,-38.250,19.650,-0.218,-9.948,0.239,-0.035,0.007,-0.001,22
-8.250,-38.250,19.650,-0.103,-10.084,0.395,-0.015,0.004,-0.004,22
-9.750,-40.200,20.100,-0.079,-10.013,0.287,-0.011,0.010,-0.007,22
-9.750,-40.200,20.100,-0.132,-10.106,0.381,0.007,0.014,-0.008,23
-9.750,-40.200,20.100,-0.208,-10.015,0.309,0.005,0.013,-0.006,22
-9.000,-38.700,20.400,-0.192,-9.998,0.263,0.001,0.021,-0.011,22
-9.000,-38.700,20.400,-0.220,-9.967,0.239,-0.006,0.015,-0.014,22
-8.700,-38.700,20.100,-0.184,-10.068,0.577,0.004,0.007,-0.011,22
-8.700,-38.700,20.100,-0.148,-10.017,0.208,0.016,0.015,-0.005,22
-8.700,-38.700,20.100,-0.232,-10.245,0.493,0.067,0.005,-0.013,23
-8.700,-38.700,20.100,-0.290,-10.326,0.378,0.114,0.010,-0.011,22
-9.300,-37.650,21.000,-0.077,-10.264,0.462,0.146,0.013,-0.010,22
-9.300,-37.650,21.000,-0.002,-10.230,0.630,0.202,0.017,-0.010,22
-9.300,-37.650,21.000,-0.347,-10.185,0.579,0.238,0.000,-0.011,22
-9.300,-37.650,21.000,-0.225,-10.051,0.757,0.260,0.012,-0.016,22
-9.300,-37.650,21.000,-0.043,-10.168,0.706,0.293,0.000,-0.018,22
-9.600,-40.500,21.750,-0.062,-10.214,0.929,0.327,0.016,-0.018,23
-9.600,-40.500,21.750,-0.208,-10.130,0.795,0.350,0.006,-0.021,22
-9.300,-38.100,23.550,-0.254,-10.180,1.039,0.387,0.002,-0.025,22
-9.300,-38.100,23.550,-0.254,-10.221,1.080,0.422,-0.004,-0.025,22
-10.050,-38.100,23.250,-0.160,-10.082,1.118,0.446,-0.005,-0.026,22
-10.050,-38.100,23.250,-0.062,-10.116,1.360,0.478,-0.001,-0.027,23
-9.450,-39.000,24.450,-0.017,-10.120,1.425,0.501,0.006,-0.028,22
-9.450,-39.000,24.450,-0.187,-10.094,1.472,0.540,0.011,-0.029,22
-9.450,-39.000,24.450,-0.117,-10.065,1.786,0.563,-0.008,-0.027,22
-9.450,-39.000,24.450,-0.168,-9.960,1.638,0.586,-0.001,-0.025,22
-9.450,-39.000,24.450,0.089,-9.835,1.508,0.598,-0.001,-0.029,22
-9.450,-39.450,27.450,-0.347,-9.299,2.006,0.529,0.014,-0.032,23
-9.450,-39.450,27.450,-0.177,-9.349,1.980,0.499,0.016,-0.031,22
-10.050,-38.100,28.500,-0.136,-9.459,1.784,0.510,-0.012,-0.037,22
-10.050,-38.100,28.500,0.335,-9.874,3.862,0.517,-0.015,-0.036,22
-9.000,-38.250,31.200,-0.055,-9.232,1.539,0.465,0.020,-0.013,22
-9.000,-38.250,31.200,0.194,-10.206,3.213,0.565,-0.002,-0.018,22
-9.000,-38.250,31.200,-0.077,-9.402,2.332,0.547,0.011,-0.011,23
-9.600,-38.100,32.100,-0.517,-9.455,2.816,0.532,0.017,-0.011,22
-9.600,-38.100,32.100,-0.124,-9.503,2.634,0.541,-0.020,-0.030,22
-9.600,-38.100,32.100,0.223,-9.744,4.781,0.491,-0.021,-0.016,22
-9.600,-38.100,32.100,-0.239,-8.710,2.114,0.467,0.030,0.008,22
-10.500,-37.500,32.400,-0.453,-9.867,4.058,0.537,-0.014,-0.016,22
-10.500,-37.500,32.400,-0.079,-9.297,3.527,0.535,-0.022,-0.012,23
-9.300,-38.550,35.100,0.136,-9.716,3.783,0.545,0.037,0.013,22
-9.300,-38.550,35.100,-0.134,-9.266,3.874,0.568,0.002,0.009,22
-9.300,-38.550,35.100,-0.405,-9.103,3.900,0.577,-0.029,0.004,22
-9.600,-38.100,34.050,-0.072,-9.280,4.092,0.611,-0.013,0.003,22
-9.600,-38.100,34.050,-0.010,-9.139,4.183,0.651,-0.017,0.013,22
-10.500,-37.950,36.750,-0.199,-9.177,4.480,0.684,0.002,0.033,23
-10.500,-37.950,36.750,-0.057,-9.225,4.508,0.699,-0.019,0.044,22
-10.350,-36.450,39.300,-0.330,-8.847,4.298,0.759,-0.023,0.027,22
-10.350,-36.450,39.300,-0.096,-8.971,4.709,0.766,-0.070,0.016,22
-10.200,-36.750,40.200,0.144,-9.081,4.709,0.781,-0.034,0.034,22
-10.200,-36.750,40.200,-0.302,-8.863,4.614,0.788,0.004,0.030,22
-10.200,-36.750,40.200,-0.309,-8.626,5.016,0.797,0.019,-0.005,22
-10.200,-36.750,40.200,0.002,-8.420,5.485,0.817,0.019,-0.021,23
-10.200,-36.750,40.200,-0.010,-8.543,5.581,0.839,0.008,-0.031,22
-9.600,-36.450,43.650,-0.177,-8.167,5.179,0.858,-0.007,-0.026,22
-9.600,-36.450,43.650,0.187,-8.241,5.545,0.870,0.010,-0.004,22
-9.300,-34.950,45.900,0.086,-8.140,5.911,0.892,0.028,0.001,22
-9.300,-34.950,45.900,-0.242,-8.040,6.294,0.923,0.009,-0.016,22
-10.500,-34.800,46.950,-0.306,-7.774,6.148,0.942,0.009,-0.035,23
-10.500,-34.800,46.950,0.045,-7.556,6.529,0.975,0.011,-0.050,22
-10.500,-34.800,46.950,0.127,-7.453,6.711,0.984,0.019,-0.045,22
-8.700,-32.850,50.250,0.077,-7.228,6.701,1.013,0.033,-0.047,22
-8.700,-32.850,50.250,0.041,-7.250,6.831,1.032,0.028,-0.045,22
-8.700,-32.850,50.250,-0.103,-7.197,6.898,1.054,0.016,-0.040,22
-8.700,-32.850,50.250,-0.230,-6.898,7.178,1.073,0.032,-0.023,23
-9.000,-31.200,54.300,-0.232,-6.639,7.314,1.100,0.032,-0.032,22
-9.000,-31.200,54.300,-0.378,-6.493,7.889,1.093,0.020,-0.059,22
-9.000,-31.200,54.300,-0.476,-6.270,7.211,1.114,-0.005,-0.071,22
-9.000,-31.200,54.300,-0.213,-6.263,7.659,1.127,0.009,-0.049,22
-9.000,-31.200,54.300,-0.259,-6.050,7.568,1.121,-0.011,-0.038,22
-10.050,-28.350,57.450,-0.014,-5.291,8.265,1.128,-0.001,-0.033,23
-10.050,-28.350,57.450,0.079,-5.186,8.006,1.134,-0.001,-0.055,22
-9.600,-27.450,60.450,0.024,-5.428,8.581,1.159,0.000,-0.064,22
-9.600,-27.450,60.450,-0.101,-4.604,8.162,1.130,0.006,-0.059,22
-10.950,-25.050,60.600,-0.120,-4.369,8.562,1.123,0.001,-0.051,22
-10.950,-25.050,60.600,-0.096,-4.171,8.586,1.088,0.002,-0.047,22
-10.350,-22.050,62.700,-0.048,-3.821,8.842,1.050,0.008,-0.052,22
-10.350,-22.050,62.700,-0.141,-3.560,8.775,1.021,-0.007,-0.053,23
-10.350,-22.050,62.700,-0.019,-3.546,8.978,0.974,-0.007,-0.042,22
-10.350,-22.050,62.700,0.034,-3.376,8.964,0.944,-0.004,-0.043,22
-10.350,-22.050,62.700,0.053,-2.904,9.088,0.899,-0.005,-0.040,22
-9.450,-19.050,65.100,-0.036,-2.775,9.141,0.868,0.003,-0.047,22
-9.450,-19.050,65.100,0.045,-2.665,9.210,0.829,-0.004,-0.040,23
-9.750,-17.100,65.100,-0.072,-2.521,9.258,0.798,-0.004,-0.040,22
-9.750,-17.100,65.100,0.022,-2.310,9.268,0.762,0.002,-0.041,22
-10.950,-18.000,66.600,0.069,-2.030,9.428,0.736,0.006,-0.048,22
-10.950,-18.000,66.600,0.110,-1.975,9.620,0.708,0.001,-0.034,22
-11.250,-15.150,67.350,-0.115,-1.628,9.392,0.665,-0.000,-0.028,22
-11.250,-15.150,67.350,-0.101,-1.669,9.641,0.612,-0.002,-0.025,23
-11.250,-15.150,67.350,0.017,-1.290,9.474,0.569,-0.007,-0.022,22
-11.250,-15.150,67.350,0.060,-1.130,9.555,0.507,0.003,-0.029,22
-11.250,-15.150,67.350,0.103,-0.979,9.412,0.468,0.001,-0.042,22
-11.700,-13.200,67.800,0.043,-0.931,9.637,0.394,0.009,-0.034,22
-11.700,-13.200,67.800,-0.084,-0.761,9.469,0.327,0.003,-0.021,22
-11.700,-13.200,67.800,-0.057,-0.876,9.718,0.295,0.003,-0.019,23
-11.700,-13.200,67.800,0.089,-0.852,9.697,0.263,0.007,-0.013,22
-10.200,-12.900,68.550,0.060,-0.898,9.740,0.232,0.012,-0.018,22
-10.200,-12.900,68.550,0.017,-0.912,9.749,0.231,0.008,-0.018,22
-10.200,-12.900,68.550,0.084,-0.804,9.706,0.226,0.007,-0.019,22
-9.750,-12.000,68.850,-0.002,-0.630,9.742,0.192,0.009,-0.015,22
-9.750,-12.000,68.850,-0.005,-0.737,9.852,0.180,0.012,-0.014,23
-10.950,-11.250,68.550,0.007,-0.702,9.776,0.174,0.005,-0.014,22
-10.950,-11.250,68.550,0.124,-0.697,9.752,0.168,0.009,-0.019,22
-10.350,-10.350,69.450,0.115,-0.611,9.845,0.169,0.007,-0.023,22
-10.350,-10.350,69.450,0.077,-0.622,9.828,0.165,0.015,-0.018,22
-10.350,-10.350,69.450,0.029,-0.460,9.692,0.167,0.005,-0.021,22
-10.350,-10.350,69.450,-0.010,-0.515,9.871,0.156,0.009,-0.017,23
-10.350,-10.350,69.450,0.029,-0.357,9.740,0.140,0.007,-0.012,22
-10.800,-9.450,69.000,-0.081,-0.223,9.989,0.125,0.008,-0.017,22
-10.800,-9.450,69.000,-0.053,0.146,9.479,0.062,-0.002,-0.011,22
-11.250,-10.500,68.550,-0.005,-0.105,9.831,-0.011,0.012,0.003,22
-11.250,-10.500,68.550,-0.005,0.014,9.620,-0.054,0.009,0.006,22
-12.450,-9.750,70.050,0.067,-0.019,9.821,-0.082,0.003,-0.004,23
-12.450,-9.750,70.050,0.151,-0.136,9.598,-0.131,0.014,-0.013,22
-11.250,-10.500,70.050,0.079,-0.388,9.871,-0.137,0.013,-0.015,22
-11.250,-10.500,70.050,0.072,-0.376,9.840,-0.142,0.002,-0.010,22
-11.250,-10.500,70.050,0.225,-0.426,9.867,-0.167,0.013,-0.009,22
-11.250,-10.500,70.050,0.141,-0.086,9.505,-0.206,0.012,-0.016,22
-11.250,-10.500,70.050,-0.029,-0.139,9.771,-0.249,0.010,-0.016,23
-10.350,-10.350,69.000,-0.041,-0.069,9.579,-0.318,0.017,-0.007,22
-10.350,-10.350,69.000,0.103,-0.213,9.464,-0.382,0.018,-0.005,22
-10.350,-10.350,69.000,0.053,-0.333,9.603,-0.441,0.013,0.004,22
-10.350,-10.350,69.000,-0.057,-0.357,9.656,-0.503,0.014,0.008,22
-10.050,-11.400,68.250,0.041,-0.414,9.706,-0.581,0.012,0.021,22
-10.050,-11.400,68.250,0.129,-0.567,9.570,-0.617,0.016,0.018,23
-10.050,-11.400,68.250,0.005,-0.922,9.697,-0.673,0.019,0.019,22
-11.550,-12.300,69.750,0.062,-0.972,9.500,-0.699,0.017,0.014,22
-11.550,-12.300,69.750,0.034,-1.211,9.529,-0.756,0.018,0.007,22
-10.950,-13.950,68.100,0.002,-1.252,9.560,-0.795,0.012,-0.002,22
-10.950,-13.950,68.100,0.124,-1.408,9.553,-0.829,0.016,0.008,22
-10.800,-16.950,67.500,-0.022,-1.776,9.369,-0.883,0.023,0.024,23
-10.800,-16.950,67.500,0.024,-1.932,9.412,-0.916,0.016,0.017,22
-10.800,-16.950,67.500,0.045,-2.073,9.414,-0.944,0.017,0.010,22
-10.800,-16.950,67.500,0.074,-2.188,9.208,-0.968,0.026,0.025,22
-10.800,-16.950,67.500,-0.139,-2.895,9.814,-0.981,-0.005,0.032,22
-11.100,-18.900,66.450,0.151,-2.715,9.294,-0.987,-0.000,0.029,22
-11.100,-18.900,66.450,-0.077,-3.062,8.887,-0.983,0.003,0.016,22
-10.950,-20.250,63.600,0.101,-3.342,8.969,-1.019,0.030,0.024,23
-10.950,-20.250,63.600,-0.007,-3.338,9.108,-1.009,0.024,0.029,22
-9.600,-22.050,64.200,-0.306,-3.709,9.165,-0.988,0.017,0.021,22
-9.600,-22.050,64.200,0.103,-4.192,9.048,-0.990,0.009,0.033,22
-10.500,-23.850,62.550,0.081,-4.053,8.885,-0.986,0.013,0.026,22
-10.500,-23.850,62.550,-0.050,-4.216,8.899,-0.964,0.018,0.027,22
-10.500,-23.850,62.550,-0.002,-4.489,8.712,-0.970,0.030,0.031,23
-10.500,-23.850,62.550,-0.077,-4.525,8.672,-0.985,0.017,0.015,22
-10.500,-23.850,62.550,0.115,-4.628,8.313,-0.986,0.020,0.023,22
-10.950,-25.050,59.850,-0.153,-5.066,8.507,-1.005,0.026,0.018,22
-10.950,-25.050,59.850,-0.196,-4.987,8.176,-1.009,0.022,0.030,22
-10.950,-25.050,59.850,-0.132,-5.152,8.217,-1.032,0.011,0.026,22
-10.950,-25.050,59.850,-0.026,-5.365,7.999,-1.048,0.020,0.032,23
-9.750,-27.750,57.750,-0.086,-5.657,7.891,-1.057,0.023,0.030,22
-9.750,-27.750,57.750,-0.247,-5.799,7.678,-1.069,0.017,0.037,22
-9.750,-27.750,57.750,-0.144,-5.930,7.604,-1.092,0.023,0.030,22
-11.100,-27.450,55.650,0.014,-6.127,7.503,-1.095,0.025,0.019,22
-11.100,-27.450,55.650,-0.022,-6.172,7.365,-1.122,0.029,0.020,22
-8.850,-30.600,52.650,-0.160,-6.565,7.173,-1.147,0.023,0.022,23
-8.850,-30.600,52.650,-0.158,-6.685,6.977,-1.155,0.028,0.028,22
-9.750,-31.200,53.250,-0.105,-6.929,6.850,-1.164,0.018,0.021,22
-9.750,-31.200,53.250,-0.019,-7.061,6.668,-1.187,0.025,0.019,22
-9.750,-31.200,53.250,-0.201,-7.266,6.627,-1.183,0.030,0.024,22
-9.750,-31.200,53.250,-0.096,-7.621,6.318,-1.177,0.019,0.031,22
-9.450,-32.850,46.950,-0.050,-7.949,6.093,-1.168,0.031,0.024,23
-9.450,-32.850,46.950,-0.103,-7.793,5.878,-1.153,0.034,0.017,22
-9.450,-32.850,46.950,-0.220,-8.047,5.832,-1.145,0.030,0.016,22
-9.300,-34.200,45.150,-0.263,-8.100,5.586,-1.142,0.032,0.018,22
-9.300,-34.200,45.150,-0.275,-8.210,5.578,-1.127,0.023,0.028,22
-9.600,-36.150,42.900,-0.225,-8.435,5.102,-1.134,0.023,0.019,22
-9.600,-36.150,42.900,-0.239,-8.519,4.932,-1.131,0.025,0.027,23
-9.600,-34.950,41.100,-0.160,-8.547,4.841,-1.140,0.020,0.024,22
-9.600,-34.950,41.100,-0.309,-8.775,4.659,-1.142,0.017,0.026,22
-8.850,-38.100,38.550,-0.278,-8.911,4.508,-1.128,0.012,0.029,22
-8.850,-38.100,38.550,-0.213,-9.160,4.226,-1.122,0.007,0.028,22
-8.850,-38.100,38.550,-0.184,-9.371,4.099,-1.078,0.020,0.036,22
-10.200,-39.450,34.950,-0.110,-9.522,3.752,-1.040,0.026,0.029,23
-10.200,-39.450,34.950,-0.352,-9.634,3.879,-0.986,0.011,0.029,22
-10.200,-39.450,34.950,-0.330,-9.565,3.553,-0.957,0.009,0.034,22
-10.200,-39.450,34.950,-0.175,-9.735,3.349,-0.899,-0.004,0.031,22
-8.700,-38.250,33.150,-0.182,-9.658,3.110,-0.865,0.013,0.031,22
-8.700,-38.250,33.150,-0.294,-9.881,3.115,-0.823,0.012,0.024,22
-9.600,-38.850,31.800,-0.378,-9.852,2.875,-0.772,0.007,0.019,23
-9.600,-38.850,31.800,-0.290,-10.005,2.775,-0.740,0.001,0.009,22
-9.600,-38.850,31.800,-0.237,-9.893,2.583,-0.694,0.003,0.012,22
-8.850,-39.600,31.050,-0.213,-10.123,2.413,-0.658,0.009,0.014,22
-8.850,-39.600,31.050,-0.213,-10.008,2.437,-0.592,0.009,0.019,22
-8.250,-39.000,28.650,-0.201,-10.015,2.286,-0.562,0.017,0.009,22
-8.250,-39.000,28.650,-0.359,-9.823,2.064,-0.546,0.007,0.008,23
-8.250,-39.000,28.650,-0.244,-9.883,2.009,-0.533,0.008,0.006,22
-8.250,-39.000,28.650,-0.235,-9.831,1.815,-0.524,0.012,0.009,22
-8.700,-37.950,25.950,-0.330,-9.910,1.688,-0.504,0.013,0.001,22
-8.700,-37.950,25.950,-0.364,-9.893,1.693,-0.493,0.016,-0.001,22
-8.700,-37.950,25.950,-0.352,-9.881,1.611,-0.495,0.018,0.005,22
-9.300,-39.300,25.800,-0.256,-9.850,1.492,-0.489,0.019,0.005,23
-9.300,-39.300,25.800,-0.311,-9.831,1.343,-0.497,0.025,0.007,22
-8.400,-38.850,24.000,-0.306,-9.902,1.346,-0.491,0.014,0.005,22
-8.400,-38.850,24.000,-0.409,-9.876,1.223,-0.486,0.007,0.007,22
-8.850,-39.300,24.300,-0.309,-9.914,1.018,-0.487,0.014,0.011,22
-8.850,-39.300,24.300,-0.395,-9.826,0.848,-0.506,0.021,0.000,22
-8.850,-39.300,24.300,-0.429,-9.914,0.900,-0.505,0.008,0.004,23
-8.850,-39.300,24.300,-0.290,-9.888,0.797,-0.505,0.014,0.010,22
-8.850,-39.300,24.300,-0.309,-10.056,0.718,-0.499,0.019,0.013,22
-8.850,-40.050,22.500,-0.373,-9.981,0.627,-0.491,0.015,0.005,22
-8.850,-40.050,22.500,-0.412,-10.125,0.488,-0.485,0.013,0.002,22
-8.850,-40.050,22.500,-0.328,-10.072,0.448,-0.464,0.014,0.006,22
-8.850,-40.050,22.500,-0.275,-10.147,0.441,-0.443,0.019,0.002,23
-9.000,-38.250,19.350,-0.484,-10.087,0.194,-0.431,0.014,0.004,22
-9.000,-38.250,19.350,-0.498,-10.195,0.311,-0.406,-0.001,0.004,22
-9.750,-39.000,19.650,-0.232,-10.154,0.141,-0.386,0.016,0.000,22
-9.750,-39.000,19.650,-0.476,-10.075,0.108,-0.362,0.019,0.000,22
-9.750,-39.000,19.650,-0.421,-10.060,0.024,-0.337,0.015,0.003,22
-8.250,-38.700,18.600,-0.397,-10.139,-0.067,-0.329,0.014,-0.002,22
-8.250,-38.700,18.600,-0.390,-10.089,-0.230,-0.323,0.017,0.002,23
-8.700,-39.450,17.850,-0.311,-10.044,-0.206,-0.304,0.014,0.002,22
-8.700,-39.450,17.850,-0.438,-10.132,-0.393,-0.301,0.018,-0.005,22
-8.700,-39.450,17.850,-0.345,-10.171,-0.204,-0.278,0.014,-0.008,22
-8.700,-39.450,17.850,-0.405,-10.147,-0.311,-0.256,0.012,-0.002,22
-8.700,-38.250,18.600,-0.342,-10.048,-0.436,-0.252,0.007,-0.002,23
-8.700,-38.250,18.600,-0.390,-10.051,-0.417,-0.246,0.011,-0.004,22
-8.700,-38.250,18.600,-0.400,-10.051,-0.587,-0.230,0.015,-0.005,22
-8.400,-38.550,17.250,-0.388,-10.041,-0.534,-0.230,0.008,-0.004,22
-8.400,-38.550,17.250,-0.340,-9.986,-0.508,-0.217,0.013,-0.001,22
-8.400,-38.100,16.500,-0.335,-10.163,-0.476,-0.195,0.019,0.002,22
-8.400,-38.100,16.500,-0.421,-10.254,-0.532,-0.161,0.015,-0.006,23
-8.250,-37.950,15.150,-0.436,-10.245,-0.546,-0.130,0.004,-0.004,22
-8.250,-37.950,15.150,-0.364,-10.355,-0.596,-0.087,0.009,-0.006,22
-8.100,-38.850,16.200,-0.314,-10.381,-0.567,-0.019,0.012,-0.009,22
-8.100,-38.850,16.200,-0.335,-10.235,-0.637,0.012,0.020,0.002,22
-7.500,-39.000,15.900,-0.172,-9.754,-1.528,0.037,0.029,0.009,22
-7.500,-39.000,15.900,-0.069,-10.369,0.007,0.049,0.040,-0.028,23
-7.500,-39.000,15.900,-0.716,-9.895,-1.329,0.020,0.030,-0.008,22
-7.500,-39.000,15.900,-0.630,-10.568,-0.441,0.093,0.004,-0.023,22
-7.500,-39.000,15.900,-0.498,-9.737,-1.109,0.076,-0.005,-0.017,22
-8.700,-39.450,15.900,-0.400,-10.309,-0.376,0.128,0.004,-0.014,22
-8.700,-39.450,15.900,-0.632,-10.106,-0.687,0.160,0.018,-0.016,22
-9.300,-38.100,17.700,-0.407,-10.491,0.022,0.228,0.018,-0.027,23
-9.300,-38.100,17.700,-0.424,-10.010,-0.601,0.201,0.018,-0.023,22
-7.950,-39.000,18.600,-0.436,-10.542,0.000,0.277,0.004,-0.026,22
-7.950,-39.000,18.600,-0.323,-10.496,-0.139,0.323,0.006,-0.025,22
-7.950,-39.000,18.600,-0.383,-10.209,-0.144,0.362,0.004,-0.017,22
-8.250,-38.700,18.900,-0.352,-10.343,-0.057,0.408,0.012,-0.026,22
-8.250,-38.700,18.900,-0.311,-10.278,-0.022,0.454,0.011,-0.030,23
-8.250,-38.700,18.900,-0.263,-10.285,0.158,0.501,0.021,-0.033,22
-8.250,-38.700,18.900,-0.357,-10.226,0.251,0.530,0.004,-0.033,22
-8.850,-40.050,19.500,-0.443,-10.398,0.603,0.580,0.009,-0.031,22
-8.850,-40.050,19.500,-0.364,-10.151,0.407,0.622,0.004,-0.033,22
-8.100,-39.300,22.500,-0.498,-10.400,0.828,0.657,-0.002,-0.037,22
-8.100,-39.300,22.500,-0.431,-10.072,0.704,0.700,-0.008,-0.029,23
-8.100,-39.300,22.500,-0.565,-9.342,0.845,0.676,0.011,-0.041,22
-8.100,-38.100,25.050,-0.405,-10.132,1.571,0.650,0.003,-0.037,22
-8.100,-38.100,25.050,-0.283,-10.015,1.188,0.684,-0.011,-0.032,22
-6.900,-39.600,24.300,-0.249,-9.902,1.049,0.688,0.005,-0.027,22
-6.900,-39.600,24.300,-0.273,-10.168,1.975,0.730,-0.008,-0.028,22
-7.650,-39.300,27.000,-0.235,-10.130,2.071,0.723,-0.002,-0.024,22
-7.650,-39.300,27.000,-0.266,-9.567,1.702,0.729,-0.000,-0.029,23
-10.050,-38.850,29.550,-0.259,-9.811,2.167,0.746,0.004,-0.031,22
-10.050,-38.850,29.550,-0.323,-9.656,2.234,0.739,0.006,-0.030,22
-10.050,-38.850,29.550,-0.350,-9.665,2.284,0.721,-0.005,-0.028,22
-10.050,-38.850,29.550,-0.215,-9.546,2.574,0.714,-0.005,-0.026,22
-10.050,-38.850,29.550,-0.290,-9.579,2.753,0.719,-0.002,-0.027,22
-8.250,-39.450,31.950,-0.273,-9.373,2.887,0.713,-0.000,-0.023,23
-8.250,-39.450,31.950,-0.225,-9.505,3.144,0.722,-0.004,-0.028,22
-9.750,-39.000,33.150,-0.359,-9.275,3.036,0.701,-0.001,-0.025,22
-9.750,-39.000,33.150,-0.340,-9.244,3.359,0.714,0.000,-0.028,22
-10.200,-38.700,34.650,-0.225,-9.306,3.682,0.702,-0.008,-0.020,22
-10.200,-38.700,34.650,-0.182,-9.292,3.757,0.711,-0.001,-0.026,22
-10.200,-38.700,34.650,-0.318,-9.220,3.826,0.720,0.004,-0.028,23
-10.200,-39.450,36.750,-0.285,-9.347,4.106,0.750,-0.004,-0.044,22
-10.200,-39.450,36.750,-0.256,-9.201,4.295,0.764,-0.006,-0.037,22
-10.200,-39.450,36.750,-0.268,-8.906,4.247,0.769,-0.001,-0.033,22
-10.200,-39.450,36.750,-0.134,-9.031,4.683,0.792,0.005,-0.040,22
-8.850,-36.900,38.850,-0.227,-8.909,4.626,0.824,-0.004,-0.046,22
-8.850,-36.900,38.850,-0.247,-8.866,4.772,0.840,-0.005,-0.039,23
-9.450,-37.050,40.950,-0.117,-8.600,4.946,0.857,-0.008,-0.035,22
-9.450,-37.050,40.950,-0.184,-8.612,5.234,0.861,-0.001,-0.029,22
-9.450,-37.050,40.950,-0.144,-8.509,5.212,0.892,0.010,-0.031,22
-9.000,-36.000,42.450,-0.141,-8.535,5.768,0.929,0.005,-0.048,22
-9.000,-36.000,42.450,-0.120,-8.428,5.586,0.962,0.006,-0.049,22
-9.300,-34.950,46.650,-0.170,-8.298,6.069,1.028,0.005,-0.050,23
-9.300,-34.950,46.650,-0.196,-8.157,6.194,1.077,0.000,-0.048,22
-8.400,-32.550,47.850,-0.201,-8.092,6.258,1.124,-0.002,-0.054,22
-8.400,-32.550,47.850,-0.158,-7.894,6.304,1.163,-0.005,-0.059,22
-9.600,-31.050,48.900,-0.175,-7.640,6.603,1.229,0.001,-0.055,22
-9.600,-31.050,48.900,-0.122,-7.482,6.673,1.264,-0.006,-0.053,22
-9.600,-31.050,48.900,-0.096,-7.049,7.116,1.291,-0.008,-0.061,22
-9.600,-31.050,48.900,-0.089,-6.910,7.113,1.326,-0.007,-0.062,23
-9.600,-31.050,48.900,0.005,-6.582,7.219,1.335,-0.004,-0.068,22
-10.050,-29.850,53.100,-0.045,-6.419,7.422,1.342,-0.002,-0.071,22
-10.050,-29.850,53.100,-0.086,-6.041,7.465,1.332,-0.001,-0.073,22
-11.250,-28.950,54.750,-0.136,-5.533,7.748,1.304,-0.012,-0.067,22
-11.250,-28.950,54.750,-0.084,-5.183,7.784,1.284,-0.012,-0.059,22
-10.050,-25.500,58.650,-0.113,-4.975,8.143,1.253,-0.003,-0.053,23
-10.050,-25.500,58.650,0.105,-4.784,8.174,1.201,0.008,-0.036,22
-10.050,-25.500,58.650,-0.055,-4.685,8.461,1.180,-0.003,-0.053,22
-10.500,-25.800,59.550,-0.026,-4.063,8.648,1.123,-0.002,-0.061,22
-10.500,-25.800,59.550,-0.045,-3.828,8.586,1.084,0.001,-0.057,22
-10.500,-25.800,59.550,-0.041,-3.881,8.837,1.033,0.002,-0.027,22
-10.500,-25.800,59.550,-0.177,-3.771,8.803,1.012,0.001,-0.017,23
-10.200,-21.450,62.850,0.007,-3.254,9.064,0.996,-0.005,-0.035,22
-10.200,-21.450,62.850,0.213,-2.923,8.947,0.953,-0.009,-0.062,22
-10.950,-18.300,64.350,0.002,-2.796,9.086,0.891,0.004,-0.056,22
-10.950,-18.300,64.350,-0.043,-2.696,9.062,0.843,-0.004,-0.041,22
-10.350,-18.450,66.000,0.060,-2.449,9.290,0.802,-0.001,-0.034,22
-10.350,-18.450,66.000,0.074,-2.121,9.275,0.723,0.002,-0.036,23
-10.350,-18.450,66.000,0.002,-2.100,9.345,0.678,0.011,-0.040,22
-10.500,-19.050,65.550,-0.141,-1.798,9.400,0.630,0.001,-0.036,22
-10.500,-19.050,65.550,-0.014,-1.638,9.318,0.532,-0.001,-0.022,22
-10.800,-17.400,66.450,0.000,-1.686,9.498,0.493,0.003,-0.015,22
-10.800,-17.400,66.450,0.122,-1.707,9.452,0.455,0.006,-0.010,22
-10.500,-16.350,66.300,0.180,-1.468,9.565,0.423,0.001,-0.012,22
-10.500,-16.350,66.300,0.081,-1.415,9.661,0.368,0.003,-0.016,23
-10.500,-16.350,66.300,-0.067,-1.513,9.598,0.340,0.002,-0.009,22
-10.500,-16.350,66.300,-0.026,-1.439,9.651,0.321,0.001,-0.016,22
-10.500,-16.350,66.300,-0.050,-1.348,9.596,0.296,0.007,-0.022,22
-11.100,-13.800,67.500,0.014,-1.283,9.641,0.292,0.011,-0.026,22
-11.100,-13.800,67.500,0.249,-1.185,9.728,0.279,0.002,-0.028,23
-10.800,-13.050,68.700,0.098,-1.144,9.701,0.250,0.012,-0.032,22
-10.800,-13.050,68.700,-0.113,-1.109,9.610,0.240,0.001,-0.023,22
-9.300,-12.600,68.700,0.024,-1.006,9.900,0.232,-0.001,-0.016,22
-9.300,-12.600,68.700,0.153,-1.034,9.790,0.215,0.007,-0.015,22
-10.800,-12.300,68.250,0.120,-1.001,9.718,0.216,0.011,-0.024,22
-10.800,-12.300,68.250,-0.019,-0.996,9.845,0.222,0.005,-0.027,23
-10.800,-12.300,68.250,0.034,-0.924,9.699,0.232,0.010,-0.028,22
-10.800,-12.300,68.250,0.029,-0.984,9.792,0.237,0.011,-0.034,22
-10.800,-12.300,68.250,0.060,-0.656,9.847,0.241,0.002,-0.029,22
-9.750,-11.700,69.600,0.189,-0.323,9.728,0.224,0.005,-0.026,22
-9.750,-11.700,69.600,-0.029,-0.491,9.821,0.206,-0.001,-0.017,22
-10.200,-10.500,70.350,-0.084,-0.376,9.637,0.168,0.011,-0.003,23
-10.200,-10.500,70.350,-0.024,-0.402,9.795,0.153,0.009,-0.006,22
-11.100,-12.300,69.750,0.062,-0.453,9.852,0.151,0.006,-0.011,22
-11.100,-12.300,69.750,0.079,-0.235,9.871,0.129,0.008,-0.014,22
-11.100,-12.300,69.750,0.041,0.275,9.285,0.048,0.008,0.001,22
-10.050,-10.650,69.750,0.120,0.110,10.010,-0.005,0.015,0.002,22
-10.050,-10.650,69.750,0.170,0.034,9.474,-0.067,0.013,0.011,22
-10.500,-10.950,69.600,-0.012,-0.249,9.541,-0.094,0.006,0.009,23
-10.500,-10.950,69.600,0.045,-0.445,9.821,-0.107,0.005,0.001,22
-10.200,-10.500,70.050,0.079,-0.330,9.768,-0.105,0.001,-0.012,22
-10.200,-10.500,70.050,-0.077,-0.302,9.735,-0.113,0.011,-0.009,22
-10.200,-10.500,70.050,0.096,-0.306,9.761,-0.139,0.016,-0.010,22
-10.200,-10.500,70.050,0.012,-0.132,9.764,-0.169,0.015,-0.016,23
-10.200,-10.500,70.050,-0.060,0.089,9.560,-0.222,0.009,-0.007,22
-11.100,-10.650,69.450,0.038,-0.012,9.668,-0.315,0.015,0.002,22
-11.100,-10.650,69.450,-0.031,-0.156,9.677,-0.369,0.013,0.014,22
-9.600,-11.100,70.200,0.086,-0.129,9.541,-0.435,0.013,0.010,22
-9.600,-11.100,70.200,0.048,-0.326,9.629,-0.530,0.018,0.011,22
-9.750,-11.700,68.850,0.074,-0.414,9.601,-0.567,0.009,0.010,23
-9.750,-11.700,68.850,-0.057,-0.479,9.474,-0.636,0.020,0.015,22
-10.800,-11.850,68.700,0.026,-0.565,9.450,-0.688,0.018,0.012,22
-10.800,-11.850,68.700,0.079,-0.761,9.694,-0.769,0.016,0.016,22
-10.800,-11.850,68.700,0.089,-1.231,9.483,-0.824,0.024,0.010,22
-10.800,-11.850,68.700,0.098,-1.202,9.479,-0.869,0.020,0.010,22
-10.800,-11.850,68.700,0.148,-1.401,9.412,-0.938,0.029,0.003,23
-11.550,-16.500,69.000,-0.026,-1.640,9.421,-0.978,0.033,0.009,22
-11.550,-16.500,69.000,-0.196,-1.812,9.342,-1.021,0.017,0.030,22
-11.550,-16.500,69.000,0.093,-2.274,9.400,-1.057,0.019,0.033,22
-11.550,-16.500,69.000,0.642,-2.387,9.637,-1.084,0.035,0.027,22
-9.750,-19.050,66.300,0.395,-3.203,9.438,-1.074,0.037,0.017,22
-9.750,-19.050,66.300,0.175,-2.708,9.136,-1.087,0.028,0.026,23
-10.050,-19.050,66.300,-0.043,-3.108,9.448,-1.107,0.017,0.042,22
-10.050,-20.400,64.200,-0.057,-3.584,9.064,-1.083,0.017,0.039,22
-10.050,-20.400,64.200,-0.259,-3.740,8.940,-1.094,0.021,0.036,22
-10.950,-23.400,63.600,-0.175,-3.970,8.765,-1.076,0.022,0.030,22
-10.950,-23.400,63.600,-0.084,-4.228,8.818,-1.064,0.010,0.034,22
-10.350,-23.550,62.400,-0.089,-4.310,8.717,-1.059,0.016,0.026,23
-10.350,-23.550,62.400,0.127,-4.721,8.586,-1.045,0.007,0.033,22
-10.350,-23.550,62.400,0.060,-4.939,8.703,-1.039,0.024,0.031,22
-10.350,-23.550,62.400,0.072,-4.877,8.478,-1.031,0.023,0.028,22
-10.350,-23.550,62.400,-0.055,-5.052,8.370,-1.039,0.017,0.025,22
-7.950,-26.100,59.250,-0.160,-5.191,8.090,-1.046,0.022,0.025,22
-7.950,-26.100,59.250,-0.060,-5.368,7.817,-1.062,0.024,0.022,23
-10.800,-28.350,57.450,0.010,-5.593,7.977,-1.083,0.021,0.019,22
-10.800,-28.350,57.450,0.098,-5.729,7.851,-1.102,0.032,0.023,22
-9.600,-29.100,54.900,-0.026,-5.895,7.712,-1.125,0.038,0.028,22
-9.600,-29.100,54.900,-0.156,-6.048,7.563,-1.128,0.021,0.030,22
-9.750,-30.900,53.550,-0.110,-6.512,7.398,-1.145,0.026,0.024,22
-9.750,-30.900,53.550,-0.031,-6.701,7.061,-1.130,0.018,0.019,22
-9.300,-30.600,52.350,-0.124,-6.960,7.063,-1.116,0.020,0.023,23
-9.300,-30.600,52.350,-0.084,-7.032,6.922,-1.113,0.031,0.023,22
-9.300,-30.600,52.350,-0.199,-7.230,6.938,-1.083,0.020,0.020,22
-10.950,-32.850,50.550,-0.038,-7.537,6.565,-1.057,0.015,0.023,22
-10.950,-32.850,50.550,-0.038,-7.525,6.472,-1.059,0.026,0.031,22
-10.950,-32.850,50.550,-0.134,-7.664,6.330,-1.047,0.031,0.023,22
-10.950,-32.850,50.550,-0.151,-7.915,6.239,-1.021,0.016,0.019,23
-10.500,-34.800,46.950,-0.160,-7.829,6.033,-1.011,0.024,0.015,22
-10.500,-34.800,46.950,-0.136,-8.210,5.744,-0.996,0.026,0.024,22
-9.300,-34.500,43.350,-0.057,-8.435,5.689,-0.963,0.023,0.030,22
-9.300,-34.500,43.350,-0.165,-8.456,5.626,-0.917,0.027,0.027,22
-9.300,-34.500,43.350,-0.278,-8.543,5.375,-0.894,0.020,0.019,22
-10.050,-35.700,41.850,-0.323,-8.475,5.291,-0.879,0.013,0.013,23
-10.050,-35.700,41.850,-0.098,-8.554,4.951,-0.872,0.010,0.015,22
-10.350,-36.450,41.850,-0.113,-8.581,4.872,-0.883,0.018,0.020,22
-10.350,-36.450,41.850,-0.204,-8.693,4.872,-0.875,0.023,0.020,22
-10.350,-36.450,41.850,-0.292,-8.576,4.365,-0.880,0.025,0.015,22
-10.350,-36.450,41.850,-0.333,-8.894,4.496,-0.893,0.013,0.015,22
-10.200,-38.250,38.250,-0.201,-9.093,4.211,-0.900,0.016,0.025,23
-10.200,-38.250,38.250,-0.134,-9.143,4.058,-0.890,0.015,0.023,22
-10.200,-38.250,38.250,-0.201,-9.227,3.907,-0.880,0.012,0.024,22
-8.700,-37.950,37.200,-0.321,-9.249,3.855,-0.873,0.010,0.017,22
-8.700,-37.950,37.200,-0.251,-9.246,3.606,-0.871,0.016,0.026,22
-9.000,-38.250,34.950,-0.314,-9.390,3.409,-0.849,0.020,0.022,22
-9.000,-38.250,34.950,-0.242,-9.457,3.448,-0.829,0.017,0.019,23
-7.950,-39.900,33.150,-0.278,-9.469,3.184,-0.826,0.015,0.016,22
-7.950,-39.900,33.150,-0.215,-9.620,2.873,-0.820,0.014,0.014,22
-9.750,-39.000,30.900,-0.201,-9.610,2.904,-0.816,0.020,0.007,22
-9.750,-39.000,30.900,-0.204,-9.618,2.646,-0.810,0.025,0.009,22
-9.750,-39.000,30.900,-0.357,-9.814,2.514,-0.789,0.037,0.007,22
-9.750,-37.950,28.650,-0.247,-9.871,2.231,-0.764,0.036,0.012,23
-9.750,-37.950,28.650,-0.268,-10.072,2.394,-0.714,0.029,0.010,22
-9.750,-37.950,28.650,-0.316,-10.029,2.078,-0.686,0.025,0.008,22
-9.750,-37.950,28.650,-0.328,-10.302,2.121,-0.627,0.016,0.003,22
-8.850,-39.300,24.750,-0.347,-10.355,1.970,-0.572,0.018,0.009,22
-8.850,-39.300,24.750,-0.342,-10.343,1.903,-0.476,0.011,0.002,22
-7.650,-40.500,25.800,-0.385,-10.173,1.695,-0.424,0.010,0.011,23
-7.650,-40.500,25.800,-0.290,-10.223,1.745,-0.383,0.002,0.004,22
-7.650,-40.500,25.800,-0.309,-10.025,1.571,-0.339,0.010,0.002,22
-8.400,-39.600,25.800,-0.326,-9.907,1.463,-0.324,0.007,-0.004,22
-8.400,-39.600,25.800,-0.268,-9.998,1.405,-0.311,0.012,0.000,22
-8.850,-38.850,24.750,-0.290,-9.941,1.353,-0.302,0.015,-0.005,22
-8.850,-38.850,24.750,-0.333,-9.900,1.377,-0.300,0.013,-0.004,22
-8.850,-38.850,24.750,-0.407,-9.876,1.226,-0.301,0.014,-0.001,23
-8.850,-38.850,24.750,-0.338,-9.934,1.195,-0.299,0.004,-0.001,22
-8.700,-39.450,23.400,-0.302,-9.941,1.216,-0.284,0.001,0.001,22
-8.700,-39.450,23.400,-0.326,-10.010,1.156,-0.282,-0.003,0.002,22
-8.700,-39.450,23.400,-0.385,-9.974,1.075,-0.266,-0.003,0.005,22
-8.700,-39.450,23.400,-0.275,-10.015,1.111,-0.244,-0.007,0.005,23
-8.700,-39.450,23.400,-0.350,-10.051,0.936,-0.232,0.003,0.002,22
-7.950,-39.000,22.650,-0.244,-9.953,0.979,-0.234,0.019,0.004,22
-7.950,-39.000,22.650,-0.306,-9.922,0.922,-0.225,0.010,-0.007,22
-8.250,-39.450,21.900,-0.407,-9.926,0.723,-0.228,0.019,-0.001,22
-8.250,-39.450,21.900,-0.345,-9.917,0.857,-0.232,0.011,-0.005,22
-8.400,-38.550,20.550,-0.342,-9.948,0.804,-0.232,0.003,-0.003,23
-8.400,-38.550,20.550,-0.290,-10.005,0.658,-0.221,0.010,0.005,22
-8.400,-38.550,20.550,-0.261,-10.010,0.661,-0.222,0.011,-0.004,22
-7.650,-38.550,20.250,-0.366,-10.027,0.730,-0.224,0.008,-0.007,22
-7.650,-38.550,20.250,-0.388,-9.876,0.651,-0.224,0.003,-0.008,22
-7.650,-38.550,20.250,-0.323,-9.957,0.599,-0.227,0.017,-0.011,22
-7.650,-38.550,20.250,-0.338,-9.981,0.584,-0.217,0.023,-0.000,23
-7.200,-39.000,21.600,-0.388,-9.993,0.481,-0.214,0.021,-0.010,22
-7.200,-39.000,21.600,-0.402,-10.020,0.388,-0.216,0.014,-0.006,22
-7.500,-39.900,19.650,-0.407,-9.950,0.412,-0.221,0.010,-0.002,22
-7.500,-39.900,19.650,-0.278,-10.015,0.357,-0.213,0.013,0.003,22
-8.100,-38.850,20.550,-0.342,-10.082,0.357,-0.205,0.014,-0.006,22
-8.100,-38.850,20.550,-0.292,-10.087,0.352,-0.191,0.019,0.002,23
-8.100,-38.850,20.550,-0.383,-10.065,0.359,-0.176,0.010,-0.007,22
-8.700,-39.450,19.650,-0.393,-10.151,0.297,-0.156,0.009,-0.011,22
-8.700,-39.450,19.650,-0.352,-10.180,0.352,-0.122,0.013,-0.002,22
-8.700,-39.450,19.650,-0.414,-10.309,0.316,-0.090,0.008,-0.001,22
-8.700,-39.450,19.650,-0.426,-10.221,0.259,-0.051,0.009,-0.006,22
-8.850,-38.850,19.050,-0.362,-10.226,0.180,-0.024,0.013,-0.016,22
-8.850,-38.850,19.050,-0.239,-10.010,0.175,-0.017,0.025,-0.007,23
-8.850,-38.850,19.050,-0.314,-9.981,0.359,-0.013,0.021,-0.002,22
-8.850,-38.850,19.050,-0.335,-10.005,0.220,-0.018,0.022,-0.009,22
-8.850,-38.850,19.050,-0.429,-10.072,0.199,-0.008,0.012,-0.019,22
-8.700,-40.200,20.100,-0.311,-10.297,0.445,0.039,0.011,-0.021,22
-8.700,-40.200,20.100,-0.330,-10.312,0.314,0.076,0.017,-0.015,23
-9.750,-39.450,20.100,-0.371,-10.017,0.352,0.118,0.031,-0.010,22
-9.750,-39.450,20.100,-0.431,-10.673,0.560,0.184,0.019,-0.016,22
-8.700,-38.250,20.850,-0.690,-10.563,0.053,0.239,0.007,-0.027,22
-8.700,-38.250,20.850,-0.290,-10.369,0.706,0.281,0.006,-0.014,22
-8.100,-40.800,19.800,-0.136,-10.453,0.967,0.359,0.013,-0.018,22
-8.100,-40.800,19.800,-0.491,-10.688,0.855,0.422,0.012,-0.018,23
-8.100,-40.800,19.800,-0.479,-10.166,0.907,0.468,-0.003,-0.023,22
-8.100,-40.800,19.800,-0.407,-10.350,1.156,0.520,-0.018,-0.020,22
-8.100,-40.800,19.800,-0.268,-10.101,0.725,0.570,-0.010,-0.017,22
-10.800,-39.600,22.800,-0.275,-10.384,1.255,0.623,-0.007,-0.018,22
-10.800,-39.600,22.800,-0.369,-10.199,1.468,0.646,0.003,-0.021,22
-8.850,-38.850,24.750,-0.345,-10.192,1.367,0.692,0.005,-0.031,23
-8.850,-38.850,24.750,-0.366,-10.108,1.607,0.726,-0.005,-0.038,22
-9.300,-40.500,25.800,-0.263,-10.144,1.832,0.760,-0.002,-0.033,22
-9.300,-40.500,25.800,-0.050,-9.962,1.077,0.762,0.018,-0.042,22
-9.300,-40.500,25.800,-0.429,-9.797,2.150,0.722,0.008,-0.047,22
-8.100,-38.550,27.300,-0.402,-10.010,2.030,0.759,-0.015,-0.040,22
-8.100,-38.550,27.300,-0.201,-9.656,1.856,0.735,0.000,-0.040,22
-8.100,-38.550,27.300,-0.213,-9.869,3.144,0.771,0.015,-0.052,23
-8.100,-38.550,27.300,-0.227,-9.491,2.655,0.788,0.006,-0.037,22
-9.000,-38.250,32.400,-0.314,-9.400,2.772,0.827,-0.004,-0.043,22
-9.000,-38.250,32.400,-0.194,-9.471,3.275,0.830,-0.006,-0.035,22
-7.950,-38.700,33.450,-0.297,-9.361,3.120,0.822,0.011,-0.021,22
-7.950,-38.700,33.450,-0.342,-9.335,3.383,0.817,-0.001,-0.030,22
-7.950,-38.700,33.450,-0.347,-9.210,3.706,0.825,-0.003,-0.037,23
-7.650,-37.650,34.350,-0.326,-9.313,3.960,0.822,-0.003,-0.029,22
-7.650,-37.650,34.350,-0.199,-8.997,3.879,0.823,-0.002,-0.020,22
-10.200,-37.050,36.450,-0.237,-9.189,4.334,0.836,-0.003,-0.026,22
-10.200,-37.050,36.450,-0.330,-8.959,4.159,0.843,-0.003,-0.028,22
-8.700,-36.750,38.700,-0.285,-9.029,4.484,0.868,-0.007,-0.023,22
-8.700,-36.750,38.700,-0.271,-8.770,4.683,0.868,-0.009,-0.031,23
-8.250,-36.750,41.250,-0.153,-8.744,4.918,0.871,-0.008,-0.028,22
-8.250,-36.750,41.250,-0.199,-8.775,5.090,0.912,-0.007,-0.041,22
-8.250,-36.750,41.250,-0.285,-8.753,5.128,0.936,-0.002,-0.043,22
-8.250,-36.750,41.250,-0.187,-8.583,5.320,0.965,-0.010,-0.044,22
-8.250,-36.750,41.250,-0.151,-8.547,5.600,1.020,-0.009,-0.043,22
-9.000,-34.800,44.700,-0.065,-8.296,5.799,1.059,-0.007,-0.038,23
-9.000,-34.800,44.700,-0.122,-8.061,5.909,1.083,-0.000,-0.049,22
-8.400,-34.200,46.650,-0.036,-7.934,6.079,1.113,0.002,-0.052,22
-8.400,-34.200,46.650,-0.084,-7.733,6.153,1.136,0.005,-0.067,22
-8.400,-32.550,50.850,-0.218,-7.444,6.472,1.149,0.006,-0.056,22
-8.400,-32.550,50.850,-0.249,-7.149,6.716,1.170,-0.004,-0.053,22
-10.350,-32.550,50.850,-0.283,-7.151,6.893,1.190,-0.011,-0.042,23
-10.350,-31.800,51.900,-0.151,-6.948,6.967,1.192,-0.007,-0.047,22
-10.350,-31.800,51.900,-0.081,-6.744,7.180,1.208,-0.009,-0.059,22
-10.350,-31.800,51.900,-0.084,-6.455,7.381,1.228,-0.005,-0.067,22
-10.350,-31.800,51.900,-0.067,-6.230,7.547,1.249,-0.004,-0.069,22
-9.750,-28.050,56.250,-0.158,-5.990,7.618,1.256,-0.002,-0.066,22
-9.750,-28.050,56.250,-0.079,-5.727,7.781,1.256,-0.002,-0.069,23
-9.750,-28.050,56.250,-0.115,-5.432,7.956,1.237,0.000,-0.072,22
-9.750,-28.050,56.250,-0.077,-5.040,8.112,1.229,-0.009,-0.069,22
-9.750,-28.050,56.250,-0.065,-4.762,8.219,1.206,-0.001,-0.067,22
-11.100,-24.450,59.700,-0.014,-4.513,8.413,1.185,-0.001,-0.067,22
-11.100,-24.450,59.700,-0.055,-4.283,8.574,1.141,-0.000,-0.045,22
-9.300,-23.250,62.400,-0.022,-4.096,8.499,1.108,-0.000,-0.038,22
-9.300,-23.250,62.400,-0.041,-3.704,8.732,1.084,-0.007,-0.041,22
-9.300,-22.050,63.900,0.062,-3.493,8.940,1.045,0.001,-0.050,23
-9.300,-22.050,63.900,-0.029,-3.338,8.938,1.003,-0.002,-0.038,22
-10.200,-20.700,63.600,-0.072,-3.172,8.959,0.975,0.003,-0.039,22
-10.200,-20.700,63.600,0.000,-2.942,9.124,0.944,-0.003,-0.027,22
-10.200,-20.700,63.600,0.053,-2.588,9.201,0.901,0.007,-0.036,23
-10.200,-20.700,63.600,-0.120,-2.399,9.206,0.863,0.011,-0.052,22
-10.200,-20.700,63.600,-0.146,-2.203,9.306,0.846,0.004,-0.058,22
-10.950,-16.350,67.800,-0.036,-1.879,9.383,0.765,-0.006,-0.038,22
-10.950,-16.350,67.800,0.077,-1.585,9.345,0.693,0.001,-0.032,22
-10.350,-16.200,67.500,0.127,-1.523,9.392,0.626,0.013,-0.023,22
-10.350,-16.200,67.500,-0.024,-1.353,9.519,0.557,0.008,-0.016,22
-9.300,-15.000,67.500,-0.019,-1.307,9.562,0.481,0.001,-0.033,23
-9.300,-15.000,67.500,0.072,-1.257,9.562,0.426,0.007,-0.031,22
-9.000,-14.400,67.050,-0.034,-1.178,9.562,0.386,0.008,-0.027,22
-9.000,-14.400,67.050,0.002,-1.185,9.680,0.333,0.004,-0.016,22
-9.000,-14.400,67.050,-0.045,-1.188,9.692,0.318,0.005,-0.015,22
-9.000,-14.400,67.050,0.086,-1.202,9.675,0.305,0.007,-0.013,23
-9.000,-14.400,67.050,-0.014,-1.192,9.725,0.300,0.007,-0.015,22
-10.050,-13.050,67.200,0.038,-1.097,9.713,0.295,0.004,-0.009,22
-10.050,-13.050,67.200,-0.022,-1.053,9.809,0.289,0.007,-0.008,22
-10.950,-13.650,68.850,0.060,-0.876,9.718,0.275,0.018,-0.018,22
-10.950,-13.650,68.850,-0.235,-0.855,9.639,0.268,0.004,-0.025,22
-10.200,-12.450,68.100,-0.043,-0.723,9.828,0.253,0.001,-0.017,23
-10.200,-12.450,68.100,0.062,-0.572,9.680,0.225,0.006,-0.011,22
-10.200,-12.450,68.100,0.122,-0.464,9.634,0.207,0.010,-0.013,22
-10.200,-10.500,69.600,0.029,-0.515,9.732,0.172,0.013,-0.020,22
-10.200,-10.500,69.600,0.029,-0.448,9.778,0.147,0.007,-0.020,22
-10.800,-11.100,68.700,0.022,-0.371,9.799,0.131,0.007,-0.018,22
-10.800,-11.100,68.700,0.208,-0.330,9.773,0.094,0.012,-0.013,22
-9.750,-12.450,70.350,0.072,-0.364,9.756,0.083,0.017,-0.022,23
-9.750,-12.450,70.350,-0.024,-0.323,9.778,0.060,0.015,-0.026,22
-9.750,-12.450,70.350,-0.034,-0.342,9.749,0.056,0.013,-0.020,22
-9.750,-12.450,70.350,-0.055,-0.227,9.720,0.020,0.006,-0.008,22
-9.750,-12.450,70.350,0.045,-0.086,9.673,-0.024,0.012,0.006,22
-8.100,-10.350,69.450,0.146,-0.165,9.821,-0.041,0.009,0.005,22
-8.100,-10.350,69.450,0.263,-0.395,9.874,-0.063,0.016,-0.004,23
-9.750,-10.050,68.850,0.103,-0.460,9.790,-0.061,0.026,-0.021,22
-9.750,-10.050,68.850,-0.098,-0.491,9.831,-0.063,0.013,-0.021,22
-10.200,-9.300,68.550,-0.105,-0.342,9.737,-0.063,0.002,-0.009,22
-10.200,-9.300,68.550,0.053,-0.278,9.754,-0.089,0.010,-0.001,22
-11.100,-10.350,70.500,0.136,-0.354,9.819,-0.104,0.021,-0.007,22
-11.100,-10.350,70.500,0.072,-0.378,9.974,-0.114,0.019,-0.019,22
-11.100,-10.350,70.500,0.079,-0.287,9.658,-0.132,0.018,-0.023,23
-11.100,-10.350,70.500,0.115,-0.299,9.811,-0.160,0.018,-0.018,22
-11.100,-10.350,70.500,-0.019,-0.304,9.756,-0.189,0.017,-0.004,22
-9.750,-9.750,70.800,-0.045,-0.067,9.752,-0.216,0.023,-0.004,22
-9.750,-9.750,70.800,0.000,-0.230,9.764,-0.294,0.013,-0.000,22
-9.600,-10.650,69.000,0.151,-0.180,9.577,-0.353,0.017,-0.003,23
-9.600,-10.650,69.000,-0.079,-0.223,9.572,-0.431,0.012,0.014,23
-10.200,-11.700,69.600,-0.026,-0.450,9.553,-0.499,0.011,0.017,22
-10.200,-11.700,69.600,0.038,-0.498,9.627,-0.549,0.015,0.028,22
-9.750,-12.450,69.600,-0.036,-0.673,9.620,-0.591,0.014,0.025,22
-9.750,-12.450,69.300,0.041,-0.795,9.618,-0.658,0.013,0.015,22
-9.750,-12.450,69.300,0.067,-0.924,9.629,-0.694,0.010,0.013,22
-11.250,-14.850,68.100,0.390,-0.948,9.392,-0.758,0.035,0.004,22
-11.250,-14.850,68.100,-0.160,-1.123,9.215,-0.787,0.029,-0.013,22
-10.050,-16.200,67.500,-0.225,-1.530,9.546,-0.870,0.017,0.000,22
-10.050,-16.200,67.500,-0.043,-1.439,9.428,-0.929,0.018,0.026,22
-10.050,-16.200,67.500,-0.129,-1.602,9.357,-0.965,0.009,0.035,22
-10.050,-16.200,67.500,0.077,-1.729,9.129,-1.049,0.021,0.017,23
-10.050,-16.200,67.500,0.996,-2.054,9.108,-1.088,0.030,0.027,22
-10.050,-18.150,64.950,0.177,-2.705,9.725,-1.100,0.010,0.028,22
-10.050,-18.150,64.950,0.069,-2.938,9.069,-1.160,0.006,0.035,22
-10.500,-21.000,65.850,0.136,-2.610,9.335,-1.212,0.024,0.027,22
-10.500,-21.000,65.850,0.192,-3.199,9.014,-1.236,0.025,0.025,22
-10.200,-22.950,63.300,-0.184,-3.474,8.839,-1.273,0.029,0.029,23
-10.200,-22.950,63.300,-0.093,-3.833,8.622,-1.327,0.018,0.036,22
-11.550,-22.800,61.950,-0.014,-4.008,8.602,-1.353,0.019,0.040,22
-11.550,-22.800,61.950,0.065,-4.204,8.487,-1.383,0.026,0.034,22
-11.550,-22.800,61.950,0.031,-4.377,8.169,-1.428,0.026,0.032,22
-11.550,-22.800,61.950,0.022,-4.930,8.124,-1.467,0.017,0.036,22
-11.550,-22.800,61.950,-0.050,-5.016,7.791,-1.502,0.020,0.030,23
-10.350,-27.900,57.900,-0.067,-5.420,7.963,-1.537,0.025,0.042,22
-10.350,-27.900,57.900,-0.148,-5.533,7.496,-1.581,0.034,0.048,22
-9.750,-29.700,55.800,-0.077,-5.684,7.432,-1.612,0.028,0.053,22
-9.750,-29.700,55.800,-0.091,-6.393,7.070,-1.643,0.028,0.054,22
-10.200,-31.650,52.500,-0.098,-6.682,6.797,-1.668,0.020,0.051,22
-10.200,-31.650,52.500,-0.251,-6.881,6.749,-1.690,0.022,0.055,23
-9.450,-33.600,49.500,-0.045,-7.329,6.407,-1.673,0.034,0.045,22
-9.450,-33.600,49.500,-0.060,-7.676,6.263,-1.667,0.029,0.043,22
-9.450,-33.600,49.500,-0.225,-7.951,5.981,-1.648,0.029,0.054,22
-9.750,-34.050,46.500,-0.122,-8.042,5.339,-1.626,0.039,0.040,22
-9.750,-34.050,46.500,-0.211,-8.394,5.526,-1.621,0.046,0.031,22
-10.500,-34.350,45.000,-0.378,-8.428,5.162,-1.599,0.025,0.036,23
-10.500,-34.350,45.000,-0.247,-8.815,4.949,-1.560,0.019,0.037,22
-10.500,-34.350,45.000,-0.129,-9.007,4.391,-1.524,0.016,0.040,22
-10.500,-34.350,45.000,-0.259,-9.335,4.496,-1.491,0.037,0.043,22
-8.700,-38.250,37.950,-0.412,-9.261,4.085,-1.413,0.023,0.038,22
-8.700,-38.250,37.950,-0.397,-9.618,4.154,-1.355,0.005,0.034,22
-8.700,-38.250,37.950,-0.115,-9.543,3.687,-1.320,0.022,0.035,23
-10.350,-37.650,34.350,-0.244,-9.658,3.318,-1.272,0.031,0.026,22
-10.350,-37.650,34.350,-0.417,-9.656,3.136,-1.212,0.028,0.023,22
-9.450,-39.450,32.400,-0.385,-9.797,3.057,-1.202,0.028,0.028,22
-9.450,-39.450,32.400,-0.364,-9.790,2.763,-1.165,0.013,0.023,22
-7.950,-38.250,30.150,-0.105,-9.989,2.713,-1.109,0.025,0.020,22
-7.950,-38.250,30.150,-0.373,-10.077,2.255,-1.070,0.027,0.021,23
-7.950,-38.250,30.150,-0.419,-10.104,1.999,-1.028,0.017,0.017,22
-7.950,-38.250,30.150,-0.321,-10.101,1.930,-0.993,0.009,0.018,22
-7.950,-38.250,30.150,-0.271,-10.197,1.875,-0.928,0.012,0.021,22
-8.400,-38.550,26.550,-0.208,-10.353,1.539,-0.875,0.022,0.026,22
-8.400,-38.550,26.550,-0.340,-10.178,1.403,-0.838,0.016,0.018,22
-8.400,-38.850,25.500,-0.362,-10.166,1.317,-0.774,-0.001,0.019,23
-8.400,-38.850,25.500,-0.278,-10.077,0.970,-0.759,0.015,0.012,22
-9.450,-39.450,23.100,-0.306,-10.202,0.974,-0.732,0.022,0.009,22
-9.450,-39.450,23.100,-0.345,-10.161,0.895,-0.721,0.017,0.015,22
-9.000,-38.700,20.850,-0.359,-10.156,0.520,-0.673,0.016,0.011,22
-9.000,-38.700,20.850,-0.235,-10.163,0.527,-0.651,0.013,0.004,22
-9.000,-38.700,20.850,-0.306,-10.238,0.397,-0.633,0.017,0.009,23
-9.000,-38.700,20.850,-0.395,-10.204,0.333,-0.588,0.014,0.009,22
-9.000,-38.700,20.850,-0.388,-10.223,0.165,-0.561,0.015,0.003,22
-8.700,-38.250,19.650,-0.417,-10.171,0.007,-0.530,0.018,0.001,22
-8.700,-38.250,19.650,-0.395,-10.324,0.024,-0.507,0.012,0.005,22
-8.700,-38.250,19.650,-0.338,-10.250,-0.151,-0.453,0.016,0.006,22
-8.700,-38.250,19.650,-0.333,-10.197,-0.060,-0.418,0.010,0.002,23
-7.650,-39.300,16.950,-0.438,-10.240,-0.177,-0.381,0.006,0.005,22
-7.650,-39.300,16.950,-0.297,-10.209,-0.275,-0.359,0.019,0.004,22
-7.650,-39.300,16.950,-0.402,-10.044,-0.582,-0.341,0.026,-0.002,22
-7.200,-39.450,15.150,-0.359,-10.070,-0.330,-0.332,0.031,-0.005,22
-7.200,-39.450,15.150,-0.285,-10.008,-0.594,-0.328,0.030,-0.011,22
-7.350,-39.300,16.200,-0.383,-9.855,-0.613,-0.345,0.038,-0.014,22
-7.350,-39.300,16.200,-0.347,-9.984,-0.711,-0.346,0.028,-0.008,23
-7.950,-39.000,14.850,-0.498,-10.171,-0.682,-0.339,0.026,-0.010,22
-7.950,-39.000,14.850,-0.414,-10.125,-0.797,-0.310,0.009,-0.001,22
-7.950,-39.000,14.850,-0.294,-10.077,-0.845,-0.280,0.010,0.005,22
-7.950,-39.000,14.850,-0.412,-10.027,-0.879,-0.272,0.017,0.007,22
-7.950,-39.000,14.850,-0.467,-9.907,-0.972,-0.272,0.012,0.003,22
-8.400,-38.100,15.450,-0.907,-11.504,0.326,-0.179,0.009,-0.002,23
-8.400,-38.100,15.450,-0.591,-10.781,-1.602,-0.000,0.027,0.008,22
-8.250,-37.500,14.100,0.139,-10.709,-0.632,0.012,0.087,0.020,22
-8.250,-37.500,14.100,-0.630,-9.941,-0.864,0.040,0.042,0.006,22
-8.250,-37.050,14.100,-1.223,-9.127,-1.269,-0.063,-0.025,-0.002,22
-8.250,-37.050,14.100,-0.467,-10.216,-0.766,-0.046,-0.005,-0.009,22
-8.700,-39.000,14.100,-0.685,-9.737,-1.434,-0.023,-0.006,-0.016,23
-8.700,-39.000,14.100,-0.419,-10.250,-0.721,0.012,-0.020,-0.028,22
-8.700,-39.000,14.100,0.192,-9.998,-1.238,0.012,0.053,-0.007,22
-7.500,-38.700,14.100,-0.443,-10.532,-0.237,0.097,0.016,-0.018,22
-7.500,-38.700,14.100,-0.409,-10.388,-0.582,0.138,0.011,-0.005,22
-7.350,-40.500,15.750,-0.122,-10.262,-0.759,0.117,-0.020,-0.001,22
-7.350,-40.500,15.750,-0.735,-10.142,-0.998,0.171,-0.034,-0.004,23
-7.350,-40.500,15.750,-0.306,-10.060,-0.850,0.201,-0.017,-0.009,22
-7.350,-40.500,15.750,-0.385,-10.436,-0.563,0.248,-0.014,-0.017,22
-6.600,-38.850,15.450,-0.290,-10.190,-0.773,0.261,0.013,-0.022,22
-6.600,-38.850,15.450,-0.424,-10.096,-0.680,0.292,0.024,-0.026,22
-8.850,-38.100,15.750,-0.333,-10.341,-0.278,0.331,0.026,-0.023,22
-8.850,-38.100,15.750,-0.445,-10.350,-0.350,0.372,0.008,-0.031,23
-8.850,-38.100,15.750,-0.412,-10.566,-0.012,0.396,0.004,-0.029,22
-9.450,-38.250,17.100,-0.330,-10.283,-0.326,0.473,0.002,-0.027,22
-9.450,-38.250,17.100,-0.376,-10.499,0.242,0.528,-0.003,-0.023,22
-8.700,-39.450,18.600,-0.455,-10.300,0.026,0.565,-0.006,-0.024,22
-8.700,-39.450,18.600,-0.223,-10.353,0.060,0.608,0.011,-0.030,22
-8.700,-39.450,18.600,-0.508,-10.147,0.227,0.655,0.005,-0.027,23
-8.700,-39.450,18.600,-0.328,-10.250,0.620,0.686,-0.002,-0.037,22
-9.000,-40.200,20.850,-0.369,-9.876,0.060,0.688,0.013,-0.047,22
-9.000,-40.200,20.850,-0.534,-9.495,0.570,0.637,-0.001,-0.042,22
-9.000,-40.200,20.850,-0.421,-10.250,1.247,0.678,-0.012,-0.038,22
-7.350,-38.550,22.800,-0.110,-10.046,0.929,0.690,0.016,-0.027,22
-7.350,-38.550,22.800,-0.539,-10.048,1.080,0.755,0.005,-0.028,23
-8.700,-38.700,25.200,-0.476,-10.039,1.702,0.777,-0.009,-0.019,22
-8.700,-38.700,25.200,-0.201,-9.993,1.326,0.788,-0.007,-0.022,22
-8.400,-39.600,25.800,-0.294,-9.809,1.607,0.788,-0.002,-0.027,22
-8.400,-39.600,25.800,-0.153,-9.881,1.958,0.785,0.009,-0.032,22
-9.450,-39.450,30.900,-0.567,-9.725,2.157,0.776,-0.009,-0.029,22
-9.450,-39.450,30.900,-0.350,-9.570,2.167,0.768,-0.003,-0.031,23
-9.450,-39.450,30.900,-0.177,-9.534,2.385,0.769,-0.001,-0.030,22
-9.450,-39.450,31.650,-0.101,-9.613,2.720,0.757,0.012,-0.041,22
-9.450,-39.450,31.650,-0.376,-9.469,2.519,0.740,0.006,-0.037,22
-9.450,-39.450,31.650,-0.268,-9.493,2.983,0.743,-0.001,-0.040,22
-9.450,-39.450,31.650,-0.232,-9.443,3.134,0.748,0.001,-0.050,22
-8.400,-38.100,32.100,-0.220,-9.227,3.206,0.738,0.013,-0.053,23
-8.400,-38.100,32.100,-0.247,-9.182,3.383,0.718,0.020,-0.060,22
-8.400,-38.550,34.050,-0.314,-9.318,3.512,0.718,0.020,-0.064,22
-8.400,-38.550,34.050,-0.259,-9.333,3.903,0.740,0.014,-0.047,22
-8.400,-38.550,34.050,-0.158,-9.306,3.974,0.768,0.002,-0.039,22
-10.200,-35.550,36.750,-0.180,-9.222,3.958,0.772,0.003,-0.038,22
-10.200,-35.550,36.750,-0.297,-9.038,4.204,0.790,0.002,-0.033,23
-9.000,-36.300,37.950,-0.254,-8.978,4.377,0.804,0.002,-0.036,22
-9.000,-36.300,37.950,-0.268,-8.940,4.657,0.820,0.004,-0.023,22
-9.000,-36.300,37.950,-0.139,-8.751,4.793,0.837,-0.004,-0.032,22
-9.000,-36.300,37.950,-0.256,-8.784,5.009,0.865,-0.004,-0.038,22
-10.200,-36.300,42.450,-0.151,-8.657,5.011,0.877,0.006,-0.036,22
-10.200,-36.300,42.450,-0.160,-8.583,5.241,0.901,-0.002,-0.034,23
-10.200,-36.300,42.450,-0.297,-8.540,5.567,0.940,-0.002,-0.031,22
-9.750,-35.550,43.200,-0.192,-8.363,5.617,0.956,-0.000,-0.041,22
-9.750,-35.550,43.200,-0.194,-8.229,5.741,0.988,-0.006,-0.047,22
-8.850,-34.200,44.100,-0.141,-8.059,5.940,1.012,0.001,-0.052,22
-8.850,-34.200,44.100,-0.081,-7.889,5.954,1.033,0.008,-0.062,22
-10.050,-34.200,47.400,-0.235,-7.513,6.239,1.034,0.013,-0.066,23
-10.050,-34.200,47.400,-0.304,-7.424,6.524,1.038,0.002,-0.070,22
-10.500,-34.050,50.550,-0.105,-7.163,6.608,1.025,0.004,-0.059,22
-10.500,-34.050,50.550,-0.005,-7.180,6.795,1.028,0.003,-0.057,22
-10.500,-34.050,50.550,-0.146,-7.070,6.828,1.026,0.003,-0.046,22
-10.200,-30.900,51.750,-0.158,-6.483,6.730,1.019,-0.009,-0.034,22
-10.200,-30.900,51.750,-0.124,-6.591,7.456,1.027,0.003,-0.029,23
-10.200,-30.900,51.750,-0.098,-6.483,7.468,1.025,-0.003,-0.038,22
-10.200,-30.900,51.750,-0.069,-6.189,7.367,1.038,0.008,-0.053,22
-10.050,-30.300,54.900,0.043,-6.093,7.673,1.043,-0.004,-0.043,22
-10.050,-30.300,54.900,-0.014,-5.622,7.752,1.042,-0.002,-0.036,22
-9.750,-28.050,57.000,0.010,-5.409,8.011,1.035,-0.005,-0.032,22
-9.750,-28.050,57.000,-0.215,-5.361,8.157,1.019,0.001,-0.040,23
-8.850,-28.050,57.000,-0.038,-5.310,8.176,1.019,0.003,-0.033,22
-8.850,-24.750,58.650,0.031,-5.001,8.329,1.020,0.007,-0.045,22
-8.850,-24.750,58.650,-0.086,-4.829,8.545,1.015,0.010,-0.049,22
-10.500,-24.150,60.300,-0.093,-4.568,8.533,1.025,0.002,-0.052,22
-10.500,-24.150,60.300,-0.036,-4.331,8.710,1.035,-0.007,-0.062,22
-10.500,-24.150,60.300,0.065,-4.113,8.657,1.007,-0.001,-0.056,23
-10.500,-24.150,60.300,0.005,-3.847,8.794,0.973,0.002,-0.048,22
-9.000,-21.000,63.300,-0.148,-3.371,8.933,0.954,-0.007,-0.046,22
-9.000,-21.000,63.300,-0.012,-3.249,9.052,0.906,-0.003,-0.023,22
-9.000,-21.000,63.300,0.079,-3.124,8.990,0.871,-0.013,-0.020,22
-9.000,-21.000,63.300,0.101,-2.784,9.043,0.809,-0.002,-0.040,22
-9.000,-21.000,63.300,0.043,-2.696,9.268,0.764,0.005,-0.045,23
-11.250,-18.750,63.600,0.057,-2.468,9.254,0.737,-0.000,-0.033,22
-11.250,-18.750,63.600,-0.026,-2.399,9.369,0.693,0.004,-0.027,22
-9.600,-17.400,64.950,-0.043,-2.303,9.369,0.658,0.005,-0.033,22
-9.600,-17.400,64.950,0.101,-2.207,9.467,0.638,-0.000,-0.037,22
-10.350,-18.150,66.450,0.034,-1.935,9.345,0.604,0.011,-0.031,22
-10.350,-18.150,66.450,0.041,-1.741,9.476,0.554,0.008,-0.026,22
-10.800,-16.200,66.750,0.043,-1.681,9.495,0.531,0.002,-0.030,23
-10.800,-16.200,66.750,0.067,-1.595,9.524,0.493,0.012,-0.023,22
-10.800,-16.200,66.750,-0.053,-1.518,9.646,0.453,0.005,-0.031,22
-10.800,-16.200,66.750,0.101,-1.326,9.553,0.431,0.000,-0.035,22
-10.800,-16.200,66.750,0.045,-1.247,9.661,0.400,0.018,-0.030,22
-10.200,-13.650,67.800,0.134,-1.267,9.639,0.386,0.007,-0.025,22
-10.200,-13.650,67.800,-0.005,-1.164,9.735,0.356,0.001,-0.020,23
-10.950,-13.650,67.800,0.053,-1.027,9.637,0.346,0.010,-0.024,22
-10.950,-13.650,67.800,0.048,-1.178,9.809,0.343,0.004,-0.022,22
-10.800,-12.600,68.250,-0.031,-0.998,9.902,0.329,0.006,-0.022,22
-10.800,-12.600,68.250,0.031,-0.771,9.634,0.314,0.006,-0.021,22
-10.800,-12.600,68.250,0.036,-0.855,9.768,0.320,0.009,-0.024,23
-9.750,-10.500,68.550,-0.048,-0.771,9.742,0.303,0.013,-0.012,22
-9.750,-10.500,68.550,0.034,-0.622,9.706,0.297,0.005,-0.017,22
-9.750,-10.500,68.550,0.062,-0.419,9.677,0.294,0.006,-0.021,22
-9.750,-10.500,68.550,-0.031,-0.395,9.787,0.276,0.013,-0.023,22
-12.150,-10.950,69.600,0.062,-0.321,9.797,0.251,0.013,-0.023,22
-12.150,-10.950,69.600,0.093,0.038,9.888,0.188,0.003,-0.020,23
-12.150,-10.950,69.600,0.117,0.417,9.443,0.087,0.019,-0.001,22
-12.150,-10.950,69.600,0.151,0.381,9.436,-0.013,0.020,0.017,22
-12.150,-10.950,69.600,-0.218,0.026,9.673,-0.113,0.017,0.029,22
-10.500,-9.000,69.300,-0.041,-0.235,9.601,-0.126,0.020,0.012,22
-10.500,-9.000,69.300,-0.014,-0.575,9.993,-0.128,0.007,-0.011,22
-11.100,-9.900,69.750,-0.031,-0.414,9.761,-0.112,0.006,-0.024,22
-11.100,-9.900,69.750,0.067,-0.170,9.627,-0.101,0.003,-0.027,23
-10.950,-9.000,68.100,0.053,-0.218,9.874,-0.125,0.005,-0.025,22
-10.950,-9.000,68.100,-0.029,-0.227,9.752,-0.152,0.011,-0.009,22
-10.500,-10.500,70.050,0.108,-0.373,9.713,-0.175,0.007,-0.017,22
-10.500,-10.500,70.050,-0.065,-0.170,9.737,-0.219,0.009,-0.007,22
-10.500,-10.500,70.050,0.005,-0.280,9.811,-0.280,0.020,0.004,22
-10.500,-10.500,70.050,0.067,-0.132,9.541,-0.351,0.014,0.012,23
-10.500,-10.500,70.050,0.014,-0.340,9.838,-0.381,0.009,0.005,22
-9.750,-12.450,70.350,0.086,-0.275,9.579,-0.457,0.017,-0.000,22
-9.750,-12.450,70.350,-0.005,-0.424,9.708,-0.489,0.010,0.006,22
-10.350,-11.850,68.250,0.029,-0.472,9.591,-0.560,0.011,0.021,22
-10.350,-11.850,68.250,0.247,-0.651,9.515,-0.616,0.010,0.013,22
-10.350,-13.500,67.950,0.103,-0.783,9.615,-0.678,0.017,0.001,23
-10.350,-13.500,67.950,-0.067,-0.967,9.467,-0.742,0.030,-0.000,22
-10.350,-13.500,67.950,-0.184,-1.166,9.591,-0.778,0.015,0.002,22
-10.950,-15.600,67.050,0.002,-1.166,9.404,-0.830,0.017,0.002,22
-10.950,-15.600,67.050,0.062,-1.508,9.445,-0.880,0.015,0.001,22
-10.950,-17.100,67.800,-0.101,-1.659,9.503,-0.940,0.017,0.019,22
-10.950,-17.100,67.800,0.012,-2.006,9.347,-0.972,0.023,0.031,22
-9.750,-18.000,67.050,0.139,-2.344,9.467,-0.975,0.017,0.036,23
-9.750,-18.000,67.050,0.002,-2.636,9.014,-0.945,0.047,0.037,22
-9.750,-18.000,67.050,0.093,-3.208,9.613,-0.909,0.020,0.012,22
-9.750,-18.000,67.050,0.292,-3.103,9.412,-0.902,0.026,0.020,22
-9.750,-18.000,67.050,0.163,-3.084,9.076,-0.869,0.013,0.023,22
-10.500,-20.700,64.800,0.134,-3.534,9.467,-0.829,0.019,0.022,23
-10.500,-20.700,64.800,0.000,-3.601,9.029,-0.829,0.014,0.020,22
-9.750,-21.450,64.350,0.043,-3.792,9.048,-0.819,0.012,0.015,22
-9.750,-21.450,64.350,-0.091,-3.807,8.897,-0.799,0.017,0.016,22
-10.800,-24.000,63.900,0.026,-3.931,9.038,-0.805,0.023,0.013,22
-10.800,-24.000,63.900,-0.223,-3.953,8.765,-0.808,0.018,0.019,22
-10.050,-23.550,61.650,0.014,-4.298,8.787,-0.803,0.017,0.020,23
-10.050,-23.550,61.650,0.014,-4.324,8.507,-0.798,0.033,0.016,22
-10.050,-23.550,61.650,-0.067,-4.633,8.863,-0.797,0.026,0.009,22
-10.050,-23.550,61.650,-0.062,-4.647,8.533,-0.808,0.026,0.011,22
-10.050,-23.550,61.650,-0.034,-4.767,8.602,-0.819,0.024,0.008,22
-9.600,-25.500,57.900,-0.323,-4.990,8.638,-0.798,0.003,0.019,22
-9.600,-25.500,57.900,0.204,-5.131,8.425,-0.838,0.026,0.019,23
-10.500,-26.550,59.250,-0.206,-5.157,8.133,-0.843,0.028,0.007,22
-10.500,-26.550,59.250,-0.141,-5.440,8.485,-0.828,0.010,0.012,22
-10.050,-28.650,57.900,0.057,-5.351,7.875,-0.864,0.025,0.021,22
-10.050,-28.650,57.900,-0.101,-5.748,8.186,-0.839,0.013,0.019,22
-10.800,-29.100,55.650,-0.182,-5.904,7.762,-0.832,0.014,0.006,22
-10.800,-29.100,55.650,-0.206,-6.144,7.985,-0.849,0.028,0.012,23
-10.800,-29.100,55.650,-0.153,-6.170,7.578,-0.816,0.005,0.014,22
-10.200,-29.700,56.250,-0.057,-6.433,7.810,-0.793,0.009,0.021,22
-10.200,-29.700,56.250,0.019,-6.302,7.487,-0.805,0.024,0.017,22
-10.200,-31.200,53.250,-0.055,-6.591,7.386,-0.785,0.009,0.013,22
-10.200,-31.200,53.250,-0.148,-6.752,7.331,-0.785,0.015,0.016,22
-10.200,-31.200,53.250,-0.074,-6.675,7.171,-0.782,0.014,0.025,23
-10.200,-31.200,53.250,-0.026,-6.821,7.108,-0.779,0.015,0.013,22
-8.700,-33.150,52.800,-0.108,-6.886,6.907,-0.787,0.019,0.012,22
-8.700,-33.150,52.800,-0.163,-7.147,6.883,-0.796,0.019,0.020,22
-8.700,-33.150,52.800,-0.105,-7.219,6.744,-0.791,0.016,0.020,22
-10.050,-33.450,50.400,0.012,-7.235,6.555,-0.797,0.020,0.017,22
-10.050,-33.450,50.400,-0.105,-7.290,6.443,-0.816,0.022,0.018,23
-9.600,-34.950,48.900,-0.266,-7.345,6.369,-0.841,0.024,0.023,22
-9.600,-34.950,48.900,-0.225,-7.599,6.170,-0.856,0.020,0.024,22
-9.600,-35.400,47.400,-0.124,-7.630,5.916,-0.870,0.016,0.024,22
-9.600,-35.400,47.400,-0.144,-7.750,5.904,-0.896,0.019,0.027,22
-9.600,-35.400,47.400,-0.263,-7.819,5.729,-0.909,0.024,0.024,22
-9.600,-35.400,47.400,-0.206,-7.906,5.720,-0.917,0.019,0.020,23
-9.600,-35.400,47.400,-0.196,-8.174,5.368,-0.938,0.018,0.020,22
-10.350,-37.650,43.650,-0.261,-8.358,5.370,-0.956,0.025,0.018,22
-10.350,-37.650,43.650,-0.254,-8.430,5.119,-0.944,0.016,0.019,22
-10.350,-37.650,43.650,-0.211,-8.641,4.992,-0.945,0.025,0.013,22
-10.350,-37.650,43.650,-0.113,-8.780,4.870,-0.916,0.017,0.016,22
-9.450,-36.000,39.450,-0.196,-8.873,4.511,-0.907,0.027,0.013,23
-9.450,-36.000,39.450,-0.225,-9.112,4.590,-0.875,0.019,0.015,22
-10.050,-38.100,38.550,-0.285,-9.146,4.334,-0.852,0.019,0.024,22
-10.050,-38.100,38.550,-0.232,-9.225,4.281,-0.820,0.022,0.015,22
-10.050,-38.100,38.550,-0.280,-9.280,4.017,-0.794,0.017,0.009,22
-9.750,-38.250,36.450,-0.259,-9.285,3.946,-0.776,0.023,0.017,22
-9.750,-38.250,36.450,-0.196,-9.349,3.673,-0.741,0.021,0.017,22
-8.400,-38.550,36.300,-0.316,-9.505,3.766,-0.709,0.013,0.014,23
-8.400,-38.550,36.300,-0.247,-9.445,3.464,-0.703,0.014,0.014,22
-8.400,-38.550,36.300,-0.259,-9.510,3.496,-0.667,0.008,0.013,22
-8.400,-38.550,36.300,-0.297,-9.522,3.194,-0.647,0.006,0.012,22
-10.200,-38.250,31.650,-0.278,-9.488,3.211,-0.643,0.015,0.012,22
-10.200,-38.250,31.650,-0.237,-9.486,2.890,-0.643,0.005,0.013,22
-10.200,-38.250,31.650,-0.235,-9.546,2.856,-0.643,0.018,0.002,23
-9.300,-40.050,30.300,-0.235,-9.641,2.749,-0.631,0.021,0.001,22
-9.300,-40.050,30.300,-0.316,-9.811,2.593,-0.617,0.022,0.004,22
-9.600,-38.850,30.300,-0.373,-9.917,2.523,-0.589,0.015,0.007,22
-9.600,-38.850,30.300,-0.328,-9.955,2.538,-0.545,0.012,0.008,22
-8.850,-38.850,28.800,-0.330,-9.926,2.346,-0.509,0.015,0.009,22
-8.850,-38.850,28.800,-0.182,-9.955,2.377,-0.475,0.019,0.008,23
-8.850,-38.850,28.800,-0.376,-9.907,2.164,-0.445,0.011,-0.001,22
-8.850,-38.850,28.800,-0.292,-9.795,1.987,-0.438,0.011,-0.000,22
-8.850,-38.850,28.800,-0.316,-9.811,1.997,-0.431,0.013,0.003,22
-8.400,-38.100,26.550,-0.314,-9.874,1.949,-0.426,0.011,0.005,22
-8.400,-38.100,26.550,-0.254,-9.893,1.779,-0.414,0.023,0.006,22
-8.100,-39.600,29.250,-0.335,-9.917,1.750,-0.406,0.016,-0.002,23
-8.100,-39.600,29.250,-0.338,-9.807,1.575,-0.406,0.018,0.001,22
-8.400,-40.050,25.050,-0.271,-9.847,1.590,-0.406,0.015,0.002,22
-8.400,-40.050,25.050,-0.316,-9.902,1.530,-0.404,0.015,-0.003,22
-8.700,-39.900,25.200,-0.294,-9.890,1.425,-0.403,0.017,-0.000,22
-8.700,-39.900,25.200,-0.321,-9.857,1.334,-0.396,0.012,0.002,22
-8.100,-39.900,25.200,-0.321,-10.005,1.317,-0.385,0.015,0.004,23
-8.100,-38.550,24.300,-0.345,-10.020,1.233,-0.377,0.017,0.002,22
-8.100,-38.550,24.300,-0.347,-9.953,1.176,-0.364,0.012,0.003,22
-8.100,-39.600,25.050,-0.263,-10.099,1.099,-0.338,0.014,-0.003,22
-8.100,-39.600,25.050,-0.340,-10.159,1.128,-0.314,0.014,0.002,22
-8.100,-39.600,25.050,-0.359,-10.178,0.831,-0.287,0.018,0.001,22
-8.100,-39.600,25.050,-0.342,-10.199,0.967,-0.239,0.015,-0.000,23
-8.400,-39.600,22.800,-0.376,-10.139,1.037,-0.213,0.010,-0.001,22
NEW_MEASUREMENTS
-14.400,3.450,70.800,0.539,-0.989,10.795,0.077,0.017,0.044,38
-14.400,3.450,70.800,0.144,-0.711,10.149,0.086,-0.010,0.030,23
-13.350,3.300,70.950,0.397,-0.742,9.886,0.066,-0.008,0.039,23
-13.350,3.300,70.950,0.584,-0.462,9.407,0.114,-0.027,0.021,22
-14.400,3.450,69.300,0.613,-0.378,9.653,0.084,-0.006,0.022,22
-14.400,3.450,69.300,0.687,-0.424,9.811,0.078,0.011,0.034,22
-13.050,2.850,70.500,0.491,-0.388,9.756,0.085,0.015,0.029,23
-13.050,2.850,70.500,0.309,-0.366,9.790,0.067,0.008,0.013,22
-12.450,3.450,69.300,0.491,-0.156,9.546,0.058,0.005,0.001,22
-12.450,3.450,69.300,0.553,-0.227,9.914,0.049,0.003,-0.001,22
-12.450,3.450,69.300,0.620,-0.019,9.778,0.001,0.014,-0.001,22
-12.450,3.450,69.300,0.572,0.074,9.527,-0.060,0.009,0.011,22
-12.450,3.450,69.300,0.364,-0.180,9.792,-0.085,0.015,0.011,22
-14.100,4.050,70.200,0.522,-0.227,9.620,-0.107,0.014,0.009,23
-14.100,4.050,70.200,0.393,-0.433,9.852,-0.094,0.010,0.008,22
-13.200,4.200,70.350,0.524,-0.457,9.773,-0.076,0.008,-0.010,22
-13.200,4.200,70.350,0.611,-0.204,9.665,-0.072,0.010,-0.016,22
-12.900,3.450,70.350,0.587,-0.402,9.929,-0.087,0.010,-0.019,22
-12.900,3.450,70.350,0.486,-0.230,9.663,-0.094,0.009,-0.009,23
-13.650,1.950,70.050,0.520,-0.292,9.814,-0.097,0.014,-0.011,22
-13.650,1.950,70.050,0.390,-0.069,9.527,-0.141,0.012,-0.006,22
-13.650,1.950,70.050,0.536,-0.134,9.761,-0.183,0.017,0.004,22
-11.850,4.050,70.950,0.419,-0.187,9.680,-0.200,0.012,-0.003,22
-11.850,4.050,70.950,0.508,-0.259,9.809,-0.227,0.014,-0.003,22
-12.900,4.950,68.850,0.512,-0.180,9.565,-0.264,0.006,-0.004,23
-12.900,4.950,68.850,0.680,-0.158,9.658,-0.333,0.019,-0.002,22
-12.900,4.950,68.850,0.453,-0.263,9.560,-0.361,0.016,0.003,22
-12.900,4.950,68.850,0.429,-0.450,9.625,-0.402,0.013,0.003,22
-11.850,1.350,69.750,0.675,-0.330,9.517,-0.487,0.027,0.009,22
-11.850,1.350,69.750,0.661,-0.642,9.768,-0.509,0.014,0.015,22
-11.850,1.350,69.750,0.591,-0.462,9.495,-0.565,0.029,0.020,23
-12.900,2.250,71.850,0.587,-0.955,9.732,-0.617,0.015,0.018,22
-12.900,2.250,71.850,0.524,-0.871,9.438,-0.660,0.021,0.015,22
-12.450,-0.300,70.050,0.433,-1.211,9.658,-0.694,0.022,0.023,22
-12.450,-0.300,70.050,0.429,-1.171,9.436,-0.735,0.016,0.023,22
-13.050,-2.100,70.200,0.376,-1.288,9.486,-0.799,0.011,0.022,22
-13.050,-2.100,70.200,0.407,-1.539,9.395,-0.835,0.015,0.041,23
-13.050,-2.100,70.200,0.534,-1.798,9.419,-0.868,0.012,0.039,22
-13.050,-2.100,70.200,0.323,-1.903,9.376,-0.912,0.015,0.057,22
-13.050,-2.100,70.200,0.462,-2.090,9.292,-0.955,0.019,0.060,22
-11.700,-3.450,70.350,1.336,-2.286,8.916,-0.941,-0.009,0.060,22
-11.700,-3.450,70.350,0.433,-3.067,9.845,-0.978,0.014,0.079,22
-13.200,-5.400,71.100,0.460,-2.696,9.191,-0.968,0.011,0.074,23
-13.200,-5.400,71.100,0.302,-3.249,9.519,-0.947,-0.012,0.065,22
-13.950,-9.000,69.300,0.294,-3.115,8.708,-0.982,0.006,0.077,22
-13.950,-9.000,69.300,0.350,-3.479,9.206,-0.945,-0.011,0.064,22
-13.800,-8.700,70.200,0.388,-3.740,9.005,-0.968,0.007,0.053,22
-13.800,-8.700,70.200,0.448,-3.891,8.957,-0.986,0.011,0.056,22
-13.800,-8.700,70.200,0.424,-4.046,8.801,-0.980,0.005,0.058,23
-11.850,-11.100,69.450,0.479,-4.355,8.837,-0.974,0.002,0.054,22
-11.850,-11.100,69.450,0.407,-4.518,8.693,-0.971,0.001,0.050,22
-13.200,-12.450,67.350,0.395,-4.820,8.698,-0.954,0.006,0.045,22
-13.200,-12.450,67.350,0.383,-4.831,8.425,-0.946,0.002,0.045,22
-13.200,-12.450,67.350,0.510,-5.057,8.418,-0.939,0.006,0.045,22
-13.200,-12.450,67.350,0.412,-5.121,8.270,-0.946,0.004,0.043,23
-12.900,-14.850,67.050,0.376,-5.313,8.253,-0.945,0.005,0.048,22
-12.900,-14.850,67.050,0.472,-5.569,8.025,-0.937,0.001,0.050,22
-12.900,-14.850,67.050,0.464,-5.698,7.968,-0.945,0.002,0.044,22
-12.300,-18.450,66.000,0.493,-5.643,7.812,-0.954,0.006,0.040,22
-12.300,-18.450,66.000,0.443,-5.725,7.700,-0.988,0.018,0.032,22
-12.450,-18.750,64.800,0.400,-5.935,7.652,-1.012,0.022,0.028,23
-12.450,-18.750,64.800,0.328,-6.428,7.479,-1.027,0.020,0.026,22
-12.150,-20.250,64.050,0.364,-6.558,7.367,-1.018,0.019,0.026,22
-12.150,-20.250,64.050,0.287,-6.639,7.276,-1.012,0.020,0.030,22
-12.150,-20.250,64.050,0.160,-6.744,7.166,-1.008,0.013,0.033,22
-12.150,-20.250,64.050,0.199,-6.843,6.864,-1.021,0.010,0.041,22
-12.600,-22.800,61.650,0.388,-7.104,6.713,-1.021,0.009,0.047,23
-12.600,-22.800,61.650,0.354,-7.276,6.651,-1.021,0.008,0.037,22
-12.600,-22.800,61.650,0.213,-7.635,6.613,-1.002,0.008,0.035,22
-12.600,-22.800,61.650,0.302,-7.728,6.328,-0.973,0.004,0.029,22
-12.600,-22.800,61.650,0.211,-7.989,6.467,-0.907,0.003,0.024,22
-10.950,-25.350,58.500,0.345,-8.291,6.155,-0.883,0.003,0.030,22
-10.950,-25.350,58.500,0.266,-8.193,5.789,-0.833,-0.002,0.027,23
-10.800,-27.150,58.200,0.113,-8.301,6.002,-0.779,-0.005,0.026,22
-10.800,-27.150,58.200,0.242,-8.332,5.612,-0.761,-0.002,0.032,22
-11.700,-28.950,55.800,0.189,-8.416,5.768,-0.724,-0.007,0.035,22
-11.700,-28.950,55.800,0.177,-8.440,5.456,-0.715,-0.012,0.036,22
-11.700,-28.950,55.800,0.180,-8.435,5.313,-0.693,-0.012,0.040,22
-11.250,-28.050,55.050,0.230,-8.526,5.318,-0.676,-0.035,0.047,23
-11.250,-28.050,55.050,0.208,-8.617,5.198,-0.665,-0.027,0.046,22
-11.250,-28.050,55.050,0.239,-8.665,4.961,-0.643,-0.035,0.040,22
-11.250,-28.050,55.050,0.089,-8.696,4.745,-0.627,-0.031,0.047,22
-10.950,-30.000,54.000,0.144,-8.823,4.836,-0.607,-0.042,0.048,22
-10.950,-30.000,54.000,0.084,-8.933,4.796,-0.602,-0.049,0.052,22
-12.450,-31.650,52.800,0.146,-8.906,4.523,-0.566,-0.059,0.053,23
-12.450,-31.650,52.800,0.280,-8.983,4.633,-0.549,-0.067,0.051,22
-12.450,-31.650,52.800,0.304,-9.002,4.413,-0.526,-0.068,0.049,22
-11.700,-31.950,51.750,0.192,-9.143,4.422,-0.510,-0.054,0.043,22
-11.700,-31.950,51.750,0.299,-8.990,4.092,-0.494,-0.052,0.047,22
-10.350,-31.050,50.100,0.373,-9.297,4.310,-0.465,-0.043,0.041,22
-10.350,-31.050,50.100,0.261,-9.120,4.068,-0.450,-0.037,0.037,23
-13.050,-33.000,49.350,0.259,-9.167,4.111,-0.452,-0.036,0.032,22
-13.050,-33.000,49.350,0.275,-9.182,3.792,-0.443,-0.034,0.029,22
-11.100,-33.450,50.100,0.268,-9.158,3.790,-0.437,-0.022,0.027,22
-11.100,-33.450,50.100,0.235,-9.201,3.783,-0.444,-0.021,0.023,22
-11.100,-33.450,50.100,0.201,-9.203,3.656,-0.444,-0.021,0.021,22
-11.100,-33.450,50.100,0.177,-9.210,3.491,-0.444,-0.019,0.015,23
-11.100,-33.450,50.100,0.266,-9.275,3.503,-0.459,-0.015,0.013,22
-11.850,-33.750,47.850,0.103,-9.369,3.536,-0.465,-0.020,0.011,22
-11.850,-33.750,47.850,0.146,-9.323,3.213,-0.462,-0.022,0.024,22
-12.900,-34.800,47.700,0.218,-9.550,3.402,-0.454,-0.024,0.020,22
-12.900,-34.800,47.700,0.129,-9.479,3.189,-0.454,-0.019,0.021,22
-10.950,-33.600,45.450,0.156,-9.591,3.086,-0.446,-0.021,0.020,23
-10.950,-33.600,45.450,0.194,-9.603,2.940,-0.431,-0.018,0.013,22
-10.950,-33.600,45.450,0.192,-9.689,3.019,-0.418,-0.021,0.013,22
-10.800,-33.750,45.900,0.158,-9.618,2.854,-0.398,-0.014,0.020,22
-10.800,-33.750,45.900,0.156,-9.665,2.847,-0.381,-0.022,0.022,22
-10.800,-33.750,45.900,0.067,-9.591,2.698,-0.379,-0.015,0.015,22
-10.800,-33.750,45.900,0.127,-9.641,2.586,-0.373,-0.012,0.010,22
-12.150,-35.550,43.200,0.108,-9.761,2.672,-0.369,-0.021,0.012,23
-12.150,-35.550,43.200,0.113,-9.586,2.509,-0.366,-0.017,0.016,22
-12.150,-35.550,43.200,0.093,-9.718,2.488,-0.349,-0.021,0.011,22
-12.150,-35.550,43.200,0.153,-9.773,2.421,-0.342,-0.021,0.008,22
-12.150,-35.550,43.200,0.072,-9.778,2.289,-0.325,-0.017,0.014,22
-12.150,-35.100,43.200,0.213,-9.898,2.291,-0.306,-0.021,0.012,22
-12.150,-35.100,43.200,0.208,-9.840,2.102,-0.289,-0.016,-0.003,23
-12.150,-36.300,41.250,0.192,-10.070,2.191,-0.259,-0.008,0.001,22
-12.150,-36.300,41.250,0.129,-10.221,2.157,-0.209,-0.005,-0.005,22
-10.950,-36.000,41.250,0.230,-10.302,2.289,-0.162,-0.001,0.001,22
-10.950,-36.000,41.250,0.163,-10.242,2.207,-0.061,-0.004,-0.001,22
-10.950,-35.550,42.000,0.177,-10.245,2.203,0.004,0.009,0.003,22
-10.950,-35.550,42.000,0.158,-9.776,2.136,0.028,0.008,-0.001,23
-10.950,-35.550,42.000,0.089,-9.716,2.296,0.021,0.014,-0.015,22
-10.950,-35.550,42.000,0.153,-9.912,2.248,0.073,-0.002,-0.014,22
-10.950,-35.550,42.000,-0.105,-10.034,2.291,0.074,-0.003,-0.009,22
-11.700,-36.300,42.750,0.129,-9.756,2.023,0.095,0.014,-0.008,22
-11.700,-36.300,42.750,-0.237,-10.331,2.643,0.180,-0.027,-0.010,22
-11.100,-34.500,43.350,-0.038,-10.283,2.531,0.234,-0.045,0.001,23
-11.100,-34.500,43.350,0.151,-10.101,2.679,0.271,-0.052,-0.000,22
-11.100,-34.500,43.350,0.177,-10.072,2.502,0.364,-0.052,-0.006,22
-11.100,-34.500,43.350,0.347,-10.001,2.380,0.398,-0.040,-0.007,22
-11.100,-34.500,43.350,0.187,-9.895,2.691,0.442,-0.037,-0.014,22
-11.850,-34.200,44.100,0.247,-9.871,2.866,0.492,-0.031,-0.018,22
-11.850,-34.200,44.100,0.151,-9.761,2.751,0.496,-0.005,-0.014,23
-12.450,-35.550,45.450,0.124,-9.783,3.036,0.545,-0.016,-0.020,22
-12.450,-35.550,45.450,0.225,-9.816,3.077,0.573,-0.000,-0.024,22
-11.700,-32.850,46.950,0.132,-9.641,3.065,0.612,0.007,-0.026,22
-11.700,-32.850,46.950,0.211,-9.596,3.285,0.645,-0.004,-0.026,22
-11.700,-32.850,46.950,0.129,-9.565,3.541,0.670,-0.001,-0.027,22
-11.700,-32.850,46.950,0.136,-9.462,3.603,0.707,0.002,-0.025,23
-12.900,-33.600,48.750,0.151,-9.462,3.594,0.717,-0.005,-0.027,22
-12.900,-33.600,48.750,-0.105,-8.650,3.589,0.665,0.000,-0.031,22
-12.900,-33.600,48.750,0.163,-9.038,4.274,0.663,-0.011,-0.033,22
-12.450,-31.950,49.500,0.146,-9.036,4.099,0.641,-0.014,-0.015,23
-12.450,-31.950,49.500,0.201,-8.899,4.470,0.642,0.001,-0.019,22
-13.050,-31.800,50.850,0.124,-8.746,4.369,0.647,-0.010,-0.025,22
-13.050,-31.800,50.850,0.201,-8.923,4.434,0.631,-0.009,-0.024,22
-10.800,-31.800,51.900,0.211,-8.574,4.855,0.617,-0.020,-0.020,22
-10.800,-31.800,51.900,0.077,-8.624,4.812,0.606,-0.022,-0.011,22
-10.800,-31.800,51.900,-0.002,-8.686,4.920,0.618,-0.029,-0.001,22
-10.800,-31.800,51.900,0.067,-8.736,5.241,0.648,-0.052,0.011,22
-10.800,-31.800,51.900,0.089,-8.562,5.174,0.664,-0.057,0.017,22
-11.250,-29.250,53.550,0.122,-8.473,5.418,0.687,-0.069,0.030,23
-11.250,-29.250,53.550,0.105,-8.356,5.449,0.713,-0.080,0.026,22
-11.250,-29.250,53.550,0.256,-8.315,5.725,0.732,-0.069,0.029,22
-11.250,-29.250,53.550,0.254,-8.286,5.765,0.748,-0.067,0.027,22
-10.500,-26.100,53.250,0.271,-8.157,5.737,0.765,-0.062,0.028,22
-10.500,-26.100,53.250,0.242,-7.882,6.009,0.781,-0.050,0.013,23
-13.950,-25.350,58.050,0.297,-7.697,6.084,0.797,-0.048,0.001,22
-13.950,-25.350,58.050,0.366,-7.573,6.347,0.787,-0.044,0.006,22
-13.950,-25.350,58.050,0.251,-7.475,6.407,0.797,-0.042,0.012,22
-12.300,-26.700,59.700,0.249,-7.319,6.555,0.794,-0.047,0.013,22
-12.300,-26.700,59.700,0.132,-7.254,6.701,0.815,-0.043,0.021,22
-12.600,-24.450,59.400,0.213,-7.329,6.967,0.830,-0.050,0.031,23
-12.600,-24.450,59.400,0.299,-7.214,6.893,0.879,-0.052,0.022,22
-12.600,-24.450,59.400,0.326,-7.089,7.175,0.914,-0.049,0.022,22
-12.600,-24.450,59.400,0.285,-6.981,7.226,0.949,-0.045,0.024,22
-12.150,-21.900,62.550,0.244,-6.634,7.503,0.989,-0.050,0.037,22
-12.150,-21.900,62.550,0.256,-6.503,7.515,1.021,-0.047,0.034,22
-12.150,-21.900,62.550,0.256,-6.309,7.671,1.045,-0.045,0.028,23
-11.100,-20.100,62.700,0.299,-6.086,7.824,1.062,-0.045,0.021,22
-11.100,-20.100,62.700,0.414,-5.789,7.841,1.070,-0.042,0.006,22
-11.100,-17.700,63.150,0.500,-5.428,8.124,1.069,-0.036,-0.009,22
-11.100,-17.700,63.150,0.541,-5.198,8.222,1.059,-0.018,-0.014,22
-12.300,-18.450,66.450,0.426,-5.018,8.159,1.043,-0.007,-0.037,22
-12.300,-18.450,66.450,0.323,-4.824,8.377,1.033,-0.008,-0.039,23
-11.250,-15.600,66.600,0.314,-4.578,8.353,1.008,-0.004,-0.039,22
-11.250,-15.600,66.600,0.397,-4.190,8.588,0.994,-0.007,-0.037,22
-11.250,-15.600,66.600,0.244,-4.068,8.641,0.957,-0.001,-0.026,22
-11.850,-13.050,67.200,0.261,-3.840,8.768,0.928,0.002,-0.024,22
-11.850,-13.050,67.200,0.328,-3.644,8.851,0.896,-0.011,-0.017,22
-11.850,-13.050,67.200,0.266,-3.361,8.909,0.837,-0.005,-0.009,23
-11.850,-13.050,67.200,0.208,-3.201,9.072,0.810,-0.006,0.003,22
-12.900,-11.250,70.350,0.263,-3.036,9.110,0.788,-0.012,0.009,22
-12.900,-11.250,70.350,0.318,-2.933,9.155,0.757,-0.013,0.018,22
-11.700,-10.950,67.800,0.347,-2.875,9.244,0.725,-0.013,0.036,22
-11.700,-10.950,67.800,0.397,-2.837,9.335,0.719,-0.010,0.039,22
-11.700,-10.950,67.800,0.366,-2.545,9.404,0.713,-0.003,0.044,23
-13.950,-7.800,67.800,0.366,-2.375,9.483,0.699,-0.010,0.038,22
-13.950,-7.800,67.800,0.373,-2.215,9.488,0.696,-0.012,0.041,22
-14.100,-6.450,69.450,0.448,-2.071,9.479,0.679,-0.005,0.038,22
-14.100,-6.450,69.450,0.397,-1.944,9.562,0.666,0.003,0.037,22
-14.100,-6.450,69.450,0.453,-1.592,9.538,0.637,-0.001,0.033,22
-14.100,-6.450,69.450,0.448,-1.293,9.553,0.603,-0.004,0.027,23
-13.050,-4.050,68.250,0.457,-1.077,9.464,0.552,-0.001,0.016,22
-13.050,-4.050,68.250,0.508,-0.838,9.644,0.453,-0.001,-0.003,22
-13.050,-4.050,68.250,0.479,-0.678,9.445,0.370,0.001,-0.009,22
-13.050,-4.050,68.250,0.472,-0.752,9.562,0.294,0.009,-0.000,22
-13.050,-4.050,68.250,0.338,-0.666,9.622,0.232,0.018,0.004,22
-14.400,-2.700,69.300,0.316,-0.747,9.687,0.156,0.013,0.005,22
-14.400,-2.700,69.300,0.333,-0.862,9.651,0.125,0.011,0.004,23
-13.050,-2.400,67.500,0.354,-0.943,9.656,0.100,0.011,0.001,22
-13.050,-2.400,67.500,0.381,-0.874,9.764,0.079,0.013,-0.003,22
-13.650,-1.950,68.550,0.302,-0.984,9.850,0.074,0.011,-0.013,22
-13.650,-1.950,68.550,0.436,-0.946,9.744,0.078,0.008,-0.010,22
-13.650,-1.050,70.350,0.309,-0.934,9.697,0.063,0.009,-0.008,23
-13.650,-1.050,70.350,0.280,-0.898,9.764,0.062,0.005,-0.001,22
-13.650,-1.050,70.350,0.457,-0.864,9.766,0.060,0.004,-0.002,22
-13.650,-1.050,70.350,0.347,-0.898,9.713,0.064,0.011,0.003,22
-13.650,-1.050,70.350,0.357,-0.867,9.759,0.067,0.011,0.005,22
-11.850,-0.900,71.250,0.445,-0.773,9.783,0.064,0.013,-0.001,22
-11.850,-0.900,71.250,0.390,-0.747,9.744,0.062,0.016,0.003,23
-13.050,-0.450,69.750,0.383,-0.759,9.768,0.069,0.007,0.008,22
-13.050,-0.450,69.750,0.390,-0.776,9.821,0.081,0.011,0.011,22
-13.950,-1.500,71.550,0.484,-0.680,9.797,0.080,0.009,0.006,22
-13.950,-1.500,71.550,0.421,-0.555,9.799,0.078,0.006,-0.008,22
-13.950,-1.500,71.550,0.354,-0.613,9.706,0.053,0.010,-0.001,22
-13.800,-1.350,69.750,0.464,-0.359,9.723,0.032,0.010,-0.010,23
-13.800,-1.350,69.750,0.436,-0.290,9.728,-0.006,0.006,-0.015,22
-14.400,-1.500,71.100,0.388,-0.189,9.641,-0.076,0.007,-0.007,22
-14.400,-1.500,71.100,0.424,-0.170,9.634,-0.120,0.012,-0.007,22
-13.050,-0.900,68.700,0.429,-0.297,9.728,-0.161,0.020,-0.011,22
-13.050,-0.900,68.700,0.486,-0.247,9.629,-0.210,0.008,-0.008,22
-13.050,-0.900,68.700,0.330,-0.294,9.536,-0.293,0.020,0.000,23
-13.050,-0.900,68.700,0.371,-0.266,9.517,-0.336,0.017,0.002,22
-13.050,-0.900,68.700,0.342,-0.376,9.582,-0.401,0.010,0.006,22
-12.450,-1.500,71.100,0.433,-0.354,9.685,-0.480,0.016,0.013,22
-12.450,-1.500,71.100,0.366,-0.723,9.603,-0.511,0.018,0.019,22
-14.700,-1.050,70.050,0.369,-0.888,9.632,-0.544,0.019,0.018,22
-14.700,-1.050,70.050,0.378,-0.907,9.548,-0.580,0.017,0.016,22
-13.800,-3.300,68.250,0.464,-1.099,9.670,-0.626,0.021,0.008,23
-13.800,-3.300,68.250,0.393,-1.156,9.495,-0.655,0.027,0.016,22
-14.400,-4.950,68.850,0.326,-1.269,9.610,-0.690,0.026,0.015,22
-14.400,-4.950,68.850,0.467,-1.477,9.562,-0.735,0.019,0.007,22
-14.400,-4.950,68.850,0.321,-1.676,9.361,-0.775,0.019,0.005,22
-14.400,-4.950,68.850,0.352,-1.860,9.555,-0.803,0.018,0.009,22
-14.400,-4.950,68.850,0.239,-1.927,9.400,-0.831,0.018,0.021,23
-13.200,-6.600,69.300,0.400,-2.349,9.538,-0.868,0.023,0.025,22
-13.200,-6.600,69.300,0.352,-2.497,9.234,-0.870,0.018,0.016,22
-13.200,-6.600,69.300,0.103,-2.942,9.009,-0.878,0.023,0.023,22
-13.200,-6.600,69.300,0.424,-3.144,9.689,-0.844,0.013,0.021,22
-14.550,-9.450,68.250,0.335,-3.285,9.507,-0.831,0.019,0.011,22
-14.550,-9.450,68.250,0.527,-3.373,9.256,-0.834,0.014,0.015,23
-14.550,-9.450,68.250,0.278,-3.510,9.079,-0.831,0.031,0.013,22
-13.950,-11.700,68.550,0.294,-3.369,9.041,-0.835,0.018,0.009,22
-13.950,-11.700,68.550,0.285,-3.843,9.115,-0.834,0.013,0.011,22
-12.450,-13.200,68.100,0.362,-3.843,8.942,-0.843,0.021,0.015,22
-12.450,-13.200,68.100,0.388,-3.888,8.938,-0.853,0.017,0.024,22
-13.350,-15.450,67.950,0.230,-4.338,8.875,-0.850,0.013,0.025,23
-13.350,-15.450,67.950,0.376,-4.398,8.717,-0.846,0.009,0.024,22
-13.350,-15.450,67.950,0.263,-4.554,8.693,-0.841,0.021,0.024,22
-13.350,-15.450,67.950,0.261,-4.741,8.679,-0.834,0.015,0.019,22
-13.350,-15.450,67.950,0.330,-4.798,8.595,-0.828,0.017,0.015,22
-12.450,-16.350,65.550,0.244,-5.100,8.394,-0.827,0.022,0.006,22
-12.450,-16.350,65.550,0.182,-5.150,8.274,-0.822,0.018,0.020,23
-12.450,-16.800,64.350,0.254,-5.298,8.286,-0.816,0.013,0.024,22
-12.450,-16.800,64.350,0.242,-5.404,8.274,-0.809,0.018,0.018,22
-12.450,-20.700,64.050,0.268,-5.564,8.061,-0.806,0.019,0.026,22
-12.450,-20.700,64.050,0.230,-5.808,7.944,-0.793,0.015,0.022,22
-12.600,-21.300,64.200,0.194,-5.827,7.915,-0.790,0.013,0.026,22
-12.600,-21.300,64.200,0.225,-5.954,7.882,-0.786,0.014,0.025,23
-12.600,-21.300,64.200,0.294,-6.009,7.743,-0.791,0.009,0.034,22
-12.450,-20.250,62.100,0.170,-6.108,7.659,-0.798,0.007,0.034,22
-12.450,-20.250,62.100,0.196,-6.321,7.508,-0.805,0.006,0.029,22
-11.550,-22.500,61.200,0.208,-6.464,7.353,-0.806,0.008,0.032,22
-11.550,-22.500,61.200,0.160,-6.548,7.326,-0.819,0.004,0.039,22
-11.550,-22.500,61.200,0.141,-6.598,7.166,-0.826,0.002,0.043,23
-11.550,-22.500,61.200,0.194,-6.845,7.168,-0.827,-0.003,0.043,22
-12.600,-25.500,59.400,0.187,-7.029,6.958,-0.828,-0.007,0.045,22
-12.600,-25.500,59.400,0.247,-7.120,6.713,-0.824,-0.010,0.047,22
-12.600,-25.500,59.400,0.194,-7.214,6.689,-0.823,-0.004,0.044,22
-12.150,-27.300,58.050,0.244,-7.422,6.704,-0.814,-0.008,0.041,22
-12.150,-27.300,58.050,0.153,-7.446,6.507,-0.807,-0.005,0.040,23
-12.900,-27.300,58.050,0.268,-7.649,6.352,-0.795,0.003,0.041,22
-12.900,-27.300,58.050,0.249,-7.738,6.179,-0.791,0.007,0.039,22
-11.250,-27.300,57.300,0.182,-7.762,6.184,-0.783,0.005,0.020,22
-11.250,-27.300,57.300,0.237,-7.841,5.909,-0.782,0.008,0.019,22
-11.700,-28.500,54.300,0.134,-8.061,5.851,-0.773,0.009,0.022,22
-11.700,-28.500,54.300,0.206,-8.243,5.722,-0.742,0.015,0.017,23
-11.850,-29.100,53.700,0.196,-8.351,5.588,-0.727,0.017,0.018,22
-11.850,-29.100,53.700,0.141,-8.519,5.720,-0.691,0.016,0.009,22
-11.850,-29.100,53.700,0.204,-8.528,5.454,-0.666,0.012,0.013,22
-11.850,-29.100,53.700,0.201,-8.619,5.473,-0.621,0.016,0.014,22
-11.850,-29.100,53.700,0.124,-8.660,5.246,-0.586,0.010,0.014,22
-12.600,-31.800,52.350,0.189,-8.617,5.150,-0.565,0.011,0.008,23
-12.600,-31.800,52.350,0.115,-8.619,4.999,-0.551,0.008,0.013,22
-12.450,-30.900,49.800,0.144,-8.703,4.860,-0.536,0.009,0.003,22
-12.450,-30.900,49.800,0.117,-8.665,4.872,-0.527,0.012,0.002,22
-12.600,-32.550,49.650,0.115,-8.768,4.729,-0.525,0.013,0.003,22
-12.600,-32.550,49.650,0.074,-8.789,4.666,-0.507,0.008,0.009,22
-12.600,-32.550,49.650,0.108,-9.000,4.590,-0.487,0.009,0.006,23
-12.600,-33.000,48.150,0.093,-9.072,4.587,-0.475,0.006,0.008,22
-12.600,-33.000,48.150,0.077,-9.055,4.384,-0.440,0.007,0.010,22
-12.600,-33.000,48.150,0.098,-9.177,4.281,-0.409,0.001,0.010,22
-12.600,-33.000,48.150,0.108,-9.170,4.281,-0.389,-0.005,0.011,22
-12.300,-33.450,48.150,0.177,-9.191,4.233,-0.366,0.000,0.013,22
-12.300,-33.450,48.150,0.113,-9.167,4.180,-0.338,-0.005,0.007,23
-12.300,-33.450,48.150,0.189,-9.005,4.029,-0.342,0.004,0.005,22
-12.300,-33.450,48.150,0.175,-9.208,4.046,-0.349,-0.002,0.004,22
-12.300,-33.450,48.150,0.127,-9.179,3.965,-0.336,-0.003,0.010,22
-12.600,-33.000,47.400,0.136,-9.237,3.967,-0.321,0.004,0.008,22
-12.600,-33.000,47.400,0.120,-9.239,3.857,-0.312,0.009,0.006,22
-12.600,-33.450,45.600,0.110,-9.263,3.855,-0.290,0.012,-0.003,23
-12.600,-33.450,45.600,0.144,-9.347,3.749,-0.282,0.015,-0.003,22
-13.050,-34.500,46.350,0.072,-9.390,3.747,-0.267,0.014,0.000,22
-13.050,-34.500,46.350,0.012,-9.450,3.752,-0.249,0.013,-0.001,22
-12.600,-34.500,44.850,0.084,-9.445,3.627,-0.208,0.012,-0.005,22
-12.600,-34.500,44.850,0.079,-9.527,3.694,-0.174,0.008,-0.007,22
-12.600,-34.500,44.850,0.079,-9.670,3.673,-0.139,0.014,-0.004,23
-12.600,-34.500,44.850,-0.017,-9.610,3.632,-0.096,0.008,0.000,22
-12.600,-34.500,44.850,-0.065,-9.670,3.685,-0.025,0.007,-0.001,22
-13.350,-33.750,45.600,0.129,-9.572,3.594,0.005,0.010,0.003,22
-13.350,-33.750,45.600,0.077,-9.469,3.594,0.022,0.014,0.000,22
-12.900,-34.800,44.700,-0.022,-9.306,3.718,0.038,-0.015,0.002,22
-12.900,-34.800,44.700,0.036,-9.357,3.524,0.054,-0.001,0.004,23
-11.850,-34.200,44.850,-0.362,-9.515,4.106,0.088,-0.012,0.010,22
-11.850,-34.200,44.850,0.124,-9.194,3.721,0.076,-0.013,0.003,22
-11.850,-34.200,44.850,-0.043,-9.388,3.816,0.122,-0.030,0.012,22
-11.100,-33.450,45.600,0.213,-9.354,3.469,0.171,-0.048,0.009,22
-11.100,-33.450,45.600,0.031,-9.543,4.147,0.187,-0.048,0.003,22
-10.950,-34.350,45.750,0.031,-9.301,3.630,0.226,-0.044,0.007,23
-10.950,-34.350,45.750,0.108,-9.366,3.977,0.262,-0.047,0.008,22
-11.850,-33.750,45.900,0.079,-9.242,3.986,0.282,-0.042,0.008,22
-11.850,-33.750,45.900,0.026,-9.234,4.094,0.293,-0.054,0.010,22
-11.850,-33.750,45.900,0.057,-9.268,4.262,0.313,-0.058,0.013,22
-11.850,-33.750,45.900,0.117,-9.098,4.197,0.331,-0.058,0.008,22
-11.850,-33.750,45.900,0.146,-9.141,4.341,0.352,-0.055,0.009,23
-10.200,-33.600,47.700,0.124,-9.074,4.302,0.377,-0.054,0.013,22
-10.200,-33.600,47.700,0.031,-9.012,4.480,0.392,-0.056,0.018,22
-12.150,-32.850,48.750,0.041,-8.997,4.515,0.413,-0.061,0.017,22
-12.150,-32.850,48.750,0.077,-9.000,4.559,0.426,-0.064,0.016,22
-11.850,-32.550,48.600,0.182,-8.911,4.633,0.456,-0.058,0.008,22
-11.850,-32.550,48.600,0.266,-8.930,4.767,0.479,-0.045,0.009,23
-9.750,-31.950,50.550,0.168,-8.770,4.968,0.495,-0.040,0.006,22
-9.750,-31.950,50.550,0.127,-8.679,4.932,0.524,-0.027,0.001,22
-9.750,-31.950,50.550,0.172,-8.645,5.061,0.534,-0.025,-0.007,22
-9.750,-31.950,50.550,0.117,-8.442,5.248,0.526,-0.019,-0.012,22
-9.750,-31.950,50.550,0.024,-8.406,5.198,0.507,-0.028,-0.012,22
-11.250,-30.000,52.050,0.120,-8.356,5.504,0.491,-0.024,-0.010,23
-11.250,-30.000,52.050,0.091,-8.351,5.246,0.490,-0.019,-0.004,22
-11.250,-30.000,52.050,0.101,-8.401,5.830,0.506,-0.019,0.002,22
-11.250,-30.000,52.050,0.077,-8.143,5.689,0.526,-0.019,0.001,22
-11.700,-29.250,53.250,0.010,-8.219,5.722,0.536,-0.034,0.005,22
-11.700,-29.250,53.250,0.010,-7.918,6.007,0.535,-0.042,0.020,22
-12.600,-29.100,55.200,-0.043,-7.901,6.041,0.539,-0.057,0.032,23
-12.600,-29.100,55.200,-0.005,-7.829,6.031,0.536,-0.067,0.038,22
-12.600,-29.100,55.200,0.110,-7.728,6.297,0.533,-0.074,0.038,22
-12.600,-28.650,54.900,0.184,-7.661,6.223,0.541,-0.069,0.044,22
-12.600,-28.650,54.900,0.113,-7.721,6.294,0.549,-0.073,0.058,22
-11.550,-26.700,55.950,0.211,-7.558,6.618,0.567,-0.077,0.065,22
-11.550,-26.700,55.950,0.165,-7.422,6.546,0.578,-0.070,0.058,23
-11.550,-26.700,55.950,0.251,-7.403,6.622,0.593,-0.059,0.044,22
-11.550,-26.700,55.950,0.220,-7.271,6.697,0.600,-0.058,0.030,22
-12.300,-25.950,57.450,0.366,-7.142,6.716,0.595,-0.045,0.023,22
-12.300,-25.950,57.450,0.338,-6.989,6.993,0.596,-0.034,0.023,22
-12.300,-25.950,57.450,0.244,-6.914,7.130,0.600,-0.023,0.015,22
-12.450,-25.800,60.600,0.122,-6.893,7.216,0.613,-0.024,0.008,22
-12.450,-25.800,60.600,0.108,-6.840,7.245,0.630,-0.030,0.005,23
-12.900,-24.150,59.550,0.074,-6.606,7.484,0.651,-0.046,0.022,22
-12.900,-24.150,59.550,0.242,-6.467,7.259,0.675,-0.035,0.022,22
-13.650,-21.900,59.850,-0.026,-6.457,7.697,0.693,-0.041,0.032,22
-13.650,-21.900,59.850,-0.038,-6.182,7.539,0.693,-0.041,0.043,22
-13.650,-21.900,59.850,0.079,-6.187,7.779,0.710,-0.052,0.057,22
-13.650,-21.900,59.850,0.223,-5.916,7.920,0.721,-0.060,0.052,23
-13.650,-21.900,59.850,0.338,-5.801,7.987,0.710,-0.056,0.058,22
-13.050,-21.600,61.950,0.311,-5.418,7.925,0.697,-0.052,0.036,22
-13.050,-21.600,61.950,0.235,-5.428,8.198,0.687,-0.047,0.026,22
-13.050,-21.600,61.950,0.383,-5.160,8.150,0.661,-0.035,0.019,22
-13.050,-21.600,61.950,0.316,-5.145,8.234,0.649,-0.028,0.019,22
-12.900,-18.750,63.600,0.297,-4.966,8.361,0.618,-0.021,0.015,23
-12.900,-18.750,63.600,0.180,-4.906,8.447,0.607,-0.016,0.015,22
-12.300,-16.950,62.700,0.318,-4.839,8.523,0.603,-0.018,0.015,22
-12.300,-16.950,62.700,0.323,-4.745,8.605,0.598,-0.012,0.009,22
-12.300,-16.950,62.700,0.237,-4.659,8.636,0.601,-0.006,0.010,22
-12.900,-18.300,65.100,0.318,-4.539,8.732,0.614,-0.005,0.009,22
-12.900,-18.300,65.100,0.273,-4.470,8.842,0.624,-0.007,0.005,23
-12.450,-15.150,66.300,0.180,-4.247,8.832,0.646,-0.003,-0.010,22
-12.450,-15.150,66.300,0.328,-4.190,8.969,0.657,0.000,-0.021,22
-12.450,-15.150,66.300,0.244,-4.077,8.935,0.659,0.001,-0.025,22
-12.450,-15.150,66.300,0.335,-3.915,9.062,0.693,0.002,-0.031,22
-12.150,-14.400,66.600,0.251,-3.812,9.096,0.709,-0.001,-0.037,22
-12.150,-14.400,66.600,0.093,-3.575,9.232,0.725,0.004,-0.042,23
-12.150,-14.400,66.600,0.206,-3.215,9.091,0.719,0.001,-0.050,22
-11.700,-13.200,67.800,0.242,-3.084,9.218,0.685,0.003,-0.052,22
-11.700,-13.200,67.800,0.290,-2.480,9.191,0.645,-0.002,-0.044,22
-12.900,-12.000,67.800,0.256,-2.397,9.278,0.592,0.001,-0.049,22
-12.900,-12.000,67.800,0.283,-2.193,9.227,0.492,0.000,-0.034,22
-13.050,-11.100,68.250,0.326,-1.992,9.266,0.420,0.008,-0.025,22
-13.050,-11.100,68.250,0.290,-2.030,9.383,0.357,0.002,-0.028,23
-12.300,-9.450,67.950,0.287,-1.784,9.357,0.290,0.007,-0.020,22
-12.300,-9.450,67.950,0.232,-1.911,9.517,0.197,0.015,-0.014,22
-12.300,-9.450,67.950,0.290,-1.853,9.383,0.157,0.008,-0.015,22
-12.900,-9.300,69.300,0.306,-1.822,9.493,0.090,0.006,-0.017,22
-12.900,-9.300,69.300,0.275,-1.702,9.335,-0.012,0.010,-0.004,23
-12.900,-9.300,69.300,0.215,-1.700,9.352,-0.077,0.011,-0.009,22
-12.900,-9.300,69.300,0.287,-1.913,9.483,-0.125,0.012,-0.009,22
-13.350,-9.150,68.250,0.350,-2.157,9.668,-0.157,0.016,-0.004,22
-13.350,-9.150,68.250,0.287,-2.076,9.498,-0.193,0.009,-0.006,22
-12.150,-10.500,66.600,0.350,-2.057,9.515,-0.217,0.011,-0.006,22
-12.150,-10.500,66.600,0.318,-2.037,9.443,-0.256,0.012,-0.006,23
-12.150,-10.500,66.600,0.268,-1.937,9.383,-0.323,0.009,-0.002,22
-13.650,-9.750,68.850,0.328,-2.059,9.371,-0.376,0.017,0.003,22
-13.650,-9.750,68.850,0.251,-2.193,9.373,-0.419,0.016,0.011,22
-12.900,-11.250,67.350,0.299,-2.258,9.412,-0.462,0.013,0.011,22
-12.900,-11.250,67.350,0.271,-2.401,9.239,-0.519,0.013,0.014,22
-14.400,-11.250,67.350,0.227,-2.600,9.330,-0.558,0.019,0.004,23
-14.400,-11.250,67.350,0.220,-2.557,9.175,-0.600,0.021,0.001,22
-13.050,-12.600,66.000,0.215,-2.665,9.246,-0.673,0.010,0.010,22
-13.050,-12.600,66.000,0.199,-2.734,9.108,-0.725,0.018,0.012,22
-13.050,-12.600,66.000,0.017,-3.175,8.997,-0.755,0.028,0.021,22
-13.050,-12.600,66.000,0.091,-3.354,8.847,-0.797,0.007,0.025,22
-13.050,-12.600,66.000,0.328,-3.584,8.973,-0.811,0.019,0.016,23
-13.050,-15.000,67.500,0.275,-3.828,9.064,-0.805,0.026,0.021,22
-13.050,-15.000,67.500,0.247,-3.828,9.036,-0.813,0.017,0.018,22
-12.600,-15.000,65.700,0.256,-4.357,9.076,-0.794,0.013,0.025,22
-12.600,-15.000,65.700,0.345,-4.616,8.823,-0.746,0.012,0.025,22
-12.150,-16.350,64.800,0.182,-4.975,8.803,-0.723,0.020,0.015,22
-12.150,-16.350,64.800,0.249,-4.841,8.851,-0.671,0.020,0.013,23
-12.150,-17.550,64.800,0.333,-4.724,8.746,-0.648,0.018,0.008,22
-12.150,-17.550,64.800,0.175,-4.896,8.660,-0.650,0.018,0.003,22
-12.150,-17.550,64.800,0.235,-4.743,8.466,-0.646,0.014,0.002,22
-12.150,-17.550,64.800,0.251,-5.001,8.545,-0.653,0.017,-0.004,22
-12.150,-17.550,64.800,0.218,-5.083,8.377,-0.658,0.016,0.000,22
-12.300,-20.400,63.150,0.211,-5.112,8.361,-0.659,0.019,0.010,23
-12.300,-20.400,63.150,0.275,-5.399,8.200,-0.642,0.015,0.011,23
-12.300,-20.400,63.150,0.232,-5.619,8.298,-0.638,0.023,0.009,22
-12.300,-20.400,63.150,0.160,-5.598,8.145,-0.629,0.018,0.006,22
-11.850,-21.300,63.900,0.204,-5.806,8.143,-0.607,0.015,0.012,22
-11.850,-21.300,63.900,0.204,-5.765,7.961,-0.605,0.015,0.019,22
-11.850,-21.300,63.900,0.235,-6.007,7.932,-0.592,0.013,0.009,22
-11.250,-23.400,61.800,0.247,-5.981,7.879,-0.583,0.022,0.004,22
-11.250,-23.400,61.800,0.213,-6.009,7.772,-0.590,0.017,0.009,22
-10.950,-23.400,61.800,0.134,-6.057,7.784,-0.590,0.017,0.003,22
-10.950,-23.400,61.800,0.151,-6.122,7.626,-0.603,0.015,0.003,22
-11.850,-23.550,60.150,0.177,-6.290,7.556,-0.605,0.020,0.004,22
-11.850,-23.550,60.150,0.175,-6.366,7.477,-0.609,0.018,0.004,23
-11.850,-23.550,60.150,0.136,-6.416,7.386,-0.614,0.023,-0.001,22
-11.850,-23.550,60.150,0.165,-6.476,7.259,-0.630,0.025,0.002,22
-11.850,-23.550,60.150,0.132,-6.546,7.247,-0.656,0.017,0.011,22
-12.150,-26.100,59.550,0.218,-6.709,7.106,-0.666,0.018,0.016,22
-12.150,-26.100,59.550,0.096,-6.914,6.981,-0.678,0.022,0.013,22
-11.700,-26.100,56.550,0.105,-6.996,6.981,-0.685,0.010,0.021,23
-11.700,-26.100,56.550,0.172,-7.120,6.888,-0.685,0.017,0.022,22
-12.300,-27.450,57.150,0.168,-7.199,6.747,-0.679,0.013,0.017,22
-12.300,-27.450,57.150,0.184,-7.398,6.682,-0.667,0.016,0.010,22
-11.850,-28.350,54.450,0.086,-7.520,6.428,-0.661,0.018,0.013,22
-11.850,-28.350,54.450,0.117,-7.621,6.572,-0.640,0.013,0.019,22
-11.850,-28.350,54.450,0.057,-7.580,6.383,-0.639,0.011,0.019,23
-12.450,-28.950,55.050,0.148,-7.661,6.407,-0.620,0.008,0.013,22
-12.450,-28.950,55.050,0.156,-7.812,6.155,-0.614,0.011,0.009,22
-12.150,-30.000,54.000,0.048,-7.887,6.120,-0.619,0.018,0.009,22
-12.150,-30.000,54.000,0.062,-7.891,5.993,-0.604,0.007,0.012,22
-12.150,-30.000,54.000,0.103,-8.073,5.921,-0.590,0.007,0.008,22
-12.150,-30.000,54.000,0.175,-8.047,5.792,-0.592,0.019,0.012,23
-13.350,-31.050,53.100,0.067,-8.042,5.511,-0.576,0.021,0.007,22
-13.350,-31.050,53.100,0.024,-8.179,5.540,-0.587,0.018,0.003,22
-13.350,-31.050,53.100,0.081,-8.217,5.490,-0.593,0.018,0.008,22
-12.450,-31.650,52.050,0.124,-8.250,5.468,-0.590,0.016,0.010,22
-12.450,-31.650,52.050,0.101,-8.387,5.399,-0.592,0.020,0.005,22
-11.550,-32.250,50.850,0.081,-8.550,5.186,-0.593,0.017,0.011,23
-11.550,-32.250,50.850,0.113,-8.473,5.045,-0.589,0.011,0.009,22
-12.450,-31.950,49.800,0.019,-8.600,5.071,-0.581,0.008,0.007,22
-12.450,-31.950,49.800,-0.017,-8.619,4.906,-0.576,0.012,0.011,22
-12.450,-31.950,49.800,0.091,-8.792,4.930,-0.558,0.010,0.007,22
-12.450,-31.950,49.800,0.072,-8.780,4.614,-0.540,0.009,0.011,22
-12.450,-31.950,49.800,0.129,-9.007,4.743,-0.528,0.014,0.007,23
-12.450,-32.850,46.950,0.117,-8.854,4.482,-0.508,0.017,0.002,22
-12.450,-32.850,46.950,0.022,-9.005,4.482,-0.494,0.015,0.007,22
-13.350,-33.000,47.400,0.034,-9.007,4.422,-0.482,0.018,0.008,22
-13.350,-33.000,47.400,0.041,-9.052,4.398,-0.467,0.014,0.006,22
-14.100,-33.750,46.650,-0.038,-9.076,4.269,-0.444,0.016,0.005,22
-14.100,-33.750,46.650,0.031,-9.148,4.173,-0.435,0.013,-0.001,23
-11.700,-35.100,45.000,0.045,-9.160,4.073,-0.421,0.016,-0.004,22
-11.700,-35.100,45.000,0.043,-9.191,4.075,-0.406,0.013,-0.001,22
-11.700,-35.100,45.000,0.062,-9.234,3.938,-0.402,0.016,0.002,22
-11.850,-34.500,42.900,-0.007,-9.280,3.826,-0.381,0.013,0.001,22
-11.850,-34.500,42.900,-0.045,-9.299,3.898,-0.353,0.011,0.003,22
-10.950,-36.000,43.500,0.007,-9.361,3.706,-0.339,0.012,0.002,23
-10.950,-36.000,43.500,0.029,-9.414,3.716,-0.314,0.009,0.001,22
-10.950,-36.000,43.500,-0.026,-9.448,3.721,-0.283,0.010,0.001,22
-10.950,-36.000,43.500,0.060,-9.613,3.661,-0.233,0.007,-0.002,22
-11.100,-34.500,42.150,0.029,-9.543,3.704,-0.198,0.008,-0.002,22
-11.100,-34.500,42.150,-0.010,-9.582,3.608,-0.166,0.011,0.001,22
-12.300,-36.150,43.350,0.029,-9.622,3.630,-0.119,0.009,0.000,22
-12.300,-36.150,43.350,-0.014,-9.464,3.577,-0.097,0.011,-0.005,23
-12.300,-36.150,43.350,0.038,-9.522,3.551,-0.070,0.008,0.003,22
-11.850,-35.400,42.600,-0.043,-9.476,3.519,-0.056,0.005,-0.004,22
-11.850,-35.400,42.600,-0.050,-9.380,3.527,-0.032,0.004,-0.002,22
-11.250,-36.300,42.450,-0.024,-9.414,3.524,-0.016,0.009,0.004,22
-11.250,-36.300,42.450,0.010,-9.438,3.570,0.004,0.011,0.001,22
-11.250,-36.300,42.450,-0.247,-9.330,3.634,0.017,-0.004,-0.002,23
-11.250,-36.300,42.450,-0.062,-9.450,3.634,0.053,-0.009,0.003,22
-11.850,-34.500,42.900,-0.160,-9.649,3.828,0.078,-0.018,0.017,22
-11.850,-34.500,42.900,-0.065,-9.392,3.215,0.095,-0.028,0.017,22
-11.850,-34.500,42.900,-0.031,-9.304,3.996,0.159,-0.025,0.009,22
-10.800,-36.150,42.900,0.144,-9.618,3.701,0.199,-0.025,-0.003,22
-10.800,-36.150,42.900,0.134,-9.450,3.864,0.233,-0.010,-0.001,23
-10.500,-35.550,43.950,-0.036,-9.498,3.699,0.300,-0.007,-0.012,22
-10.500,-35.550,43.950,0.117,-9.531,4.051,0.338,-0.005,-0.006,22
-10.500,-34.050,42.450,-0.079,-9.538,3.879,0.378,-0.007,-0.013,22
-10.500,-34.050,42.450,0.043,-9.512,4.199,0.416,-0.023,-0.007,22
-10.200,-34.800,45.450,0.034,-9.388,4.132,0.485,-0.012,-0.017,22
-10.200,-34.800,45.450,0.057,-9.359,4.283,0.532,-0.020,-0.021,23
-10.200,-34.800,45.450,-0.036,-9.266,4.243,0.561,-0.016,-0.027,22
-11.850,-34.200,46.650,0.134,-9.230,4.499,0.613,-0.009,-0.024,22
-11.850,-34.200,46.650,0.086,-9.019,4.547,0.649,-0.011,-0.026,22
-11.850,-34.200,46.650,0.053,-9.033,4.827,0.689,-0.002,-0.030,22
-11.850,-34.200,46.650,0.060,-8.947,4.846,0.711,-0.006,-0.030,22
-12.300,-33.450,48.900,0.000,-8.854,4.982,0.758,-0.003,-0.034,23
-12.300,-33.450,48.900,-0.034,-8.784,4.800,0.783,-0.004,-0.029,22
-12.300,-31.050,49.350,0.005,-8.064,5.176,0.772,-0.016,-0.027,23
-12.300,-31.050,49.350,0.089,-8.514,5.765,0.792,-0.020,-0.023,22
-12.300,-31.050,49.350,0.079,-8.157,5.284,0.770,-0.019,-0.015,22
-12.150,-30.900,51.750,0.022,-8.279,6.072,0.799,-0.022,-0.022,22
-12.150,-30.900,51.750,0.084,-7.803,5.626,0.793,-0.013,-0.018,22
-11.700,-28.500,53.250,0.007,-7.891,5.988,0.803,-0.018,-0.011,22
-11.700,-28.500,53.250,0.168,-7.690,6.215,0.811,-0.027,-0.001,22
-11.700,-28.500,53.250,0.034,-7.518,6.342,0.816,-0.023,-0.012,22
-11.700,-28.500,53.250,0.053,-7.484,6.309,0.810,-0.027,-0.002,22
-13.200,-27.750,55.500,0.053,-7.503,6.584,0.825,-0.028,0.002,22
-13.200,-27.750,55.500,0.077,-7.283,6.814,0.827,-0.024,-0.005,23
-13.200,-27.750,55.500,0.098,-7.025,6.766,0.837,-0.029,-0.011,22
-13.200,-26.100,57.300,0.005,-7.046,7.046,0.845,-0.031,-0.004,22
-13.200,-26.100,57.300,0.141,-6.783,6.993,0.835,-0.027,-0.005,22
-13.200,-26.100,57.000,0.196,-6.656,7.190,0.831,-0.029,-0.005,22
-13.200,-26.100,57.000,0.239,-6.318,7.415,0.824,-0.034,-0.007,22
-12.150,-26.100,59.850,0.160,-6.397,7.659,0.817,-0.024,-0.003,23
-12.150,-26.100,59.850,0.342,-6.155,7.561,0.822,-0.024,-0.002,22
-13.200,-23.850,60.300,0.213,-6.146,7.932,0.825,-0.024,-0.008,22
-13.200,-23.850,60.300,0.204,-5.760,7.551,0.814,-0.011,-0.014,22
-13.200,-23.850,60.300,0.268,-5.677,7.815,0.817,-0.013,-0.014,22
-11.850,-22.050,61.650,0.230,-5.600,8.033,0.816,-0.005,-0.015,22
-11.850,-22.050,61.650,0.254,-5.432,8.138,0.818,-0.002,-0.023,23
-11.850,-22.050,61.650,0.201,-5.320,8.253,0.819,-0.005,-0.032,22
-11.850,-22.050,61.650,0.285,-5.092,8.317,0.811,0.002,-0.039,22
-13.200,-20.250,62.850,0.148,-4.714,8.478,0.791,0.004,-0.035,22
-13.200,-20.250,62.850,0.218,-4.599,8.485,0.767,0.011,-0.033,22
-12.300,-17.400,64.200,0.235,-4.458,8.602,0.752,0.006,-0.036,22
-12.300,-17.400,64.200,0.268,-4.415,8.772,0.742,-0.000,-0.039,23
-12.300,-17.400,64.200,0.158,-4.161,8.708,0.713,0.003,-0.043,22
-12.600,-16.200,64.950,0.177,-3.919,8.851,0.692,0.006,-0.036,22
-12.600,-16.200,64.950,0.237,-3.831,8.935,0.673,-0.001,-0.037,22
-12.150,-16.350,65.100,0.206,-3.601,8.942,0.640,-0.002,-0.031,22
-12.150,-16.350,65.100,0.211,-3.519,9.009,0.589,0.005,-0.035,22
-12.150,-16.350,65.100,0.230,-3.400,8.985,0.558,0.006,-0.032,23
-12.150,-16.350,65.100,0.235,-3.144,9.086,0.518,0.002,-0.029,22
-12.900,-13.200,66.600,0.206,-3.136,9.096,0.473,0.004,-0.022,22
-12.900,-13.200,66.600,0.283,-3.029,9.177,0.444,0.001,-0.027,22
-12.900,-13.200,66.600,0.242,-2.959,9.215,0.418,0.004,-0.027,22
-12.900,-13.200,66.600,0.259,-2.842,9.347,0.389,0.007,-0.018,22
-12.900,-13.200,66.600,0.237,-2.761,9.294,0.368,0.002,-0.015,23
-12.150,-12.450,67.350,0.256,-2.737,9.414,0.338,0.006,-0.023,22
-12.150,-12.450,67.350,0.213,-2.662,9.479,0.329,0.007,-0.021,22
-11.100,-11.850,66.450,0.278,-2.650,9.541,0.322,0.009,-0.020,22
-11.100,-11.850,66.450,0.184,-2.713,9.474,0.324,0.006,-0.028,22
-13.200,-12.000,68.550,0.316,-2.418,9.510,0.319,0.002,-0.034,22
-13.200,-12.000,68.550,0.249,-2.351,9.419,0.300,0.005,-0.022,23
-11.850,-10.350,66.750,0.239,-2.392,9.500,0.291,0.015,-0.013,22
-11.850,-10.350,66.750,0.225,-2.267,9.457,0.281,0.005,-0.017,22
-11.850,-10.350,66.750,0.335,-2.148,9.378,0.267,0.004,-0.025,22
-11.850,-10.350,66.750,0.232,-2.088,9.625,0.264,0.011,-0.022,22
-11.850,-10.350,66.750,0.263,-2.076,9.538,0.265,0.007,-0.026,22
-12.900,-10.050,68.850,0.302,-2.114,9.692,0.250,0.004,-0.025,23
-12.900,-10.050,68.850,0.261,-1.889,9.455,0.242,0.006,-0.020,22
-12.900,-9.000,67.800,0.259,-1.899,9.778,0.255,0.012,-0.018,22
-12.900,-9.000,67.800,0.160,-1.767,9.668,0.238,0.014,-0.011,22
-14.550,-9.450,67.500,0.263,-1.731,9.541,0.220,0.011,-0.017,22
-14.550,-9.450,67.500,0.304,-1.604,9.598,0.213,0.009,-0.020,22
-14.550,-9.450,67.500,0.201,-1.664,9.629,0.201,0.014,-0.006,23
-13.050,-6.750,69.450,0.220,-1.513,9.507,0.195,0.011,-0.011,22
-13.050,-6.750,69.450,0.304,-1.618,9.658,0.195,0.007,-0.016,22
-13.050,-6.750,69.450,0.429,-1.475,9.787,0.199,0.007,-0.013,22
-13.050,-6.750,69.450,0.299,-1.389,9.673,0.196,0.004,-0.015,22
-13.200,-6.900,70.050,0.124,-1.307,9.555,0.185,0.012,-0.016,22
-13.200,-6.900,70.050,0.189,-1.221,9.622,0.167,0.003,-0.018,23
-13.200,-6.900,70.050,0.256,-1.171,9.632,0.146,0.014,-0.013,22
-13.200,-6.900,70.050,0.285,-1.154,9.740,0.134,0.006,-0.015,22
-13.200,-6.900,70.050,0.146,-1.106,9.670,0.106,-0.003,-0.018,22
-12.900,-4.950,69.300,0.314,-0.912,9.486,0.070,0.016,-0.014,22
-12.900,-4.950,69.300,0.239,-1.104,9.888,0.060,0.010,-0.017,22
-13.050,-5.550,69.000,0.381,-0.982,9.756,0.016,0.012,-0.018,23
-13.050,-5.550,69.000,0.283,-0.915,9.661,-0.037,0.018,-0.010,22
-13.650,-6.150,68.550,0.326,-1.001,9.687,-0.029,0.016,-0.013,22
-13.650,-6.150,68.550,0.338,-0.943,9.740,-0.066,0.015,-0.016,22
-12.150,-5.400,70.350,0.251,-0.876,9.536,-0.106,0.014,-0.018,22
-12.150,-5.400,70.350,0.268,-0.687,9.550,-0.124,0.009,-0.021,22
-12.150,-5.400,70.350,0.304,-0.711,9.673,-0.174,0.015,-0.027,23
-12.150,-5.400,70.350,0.304,-0.551,9.584,-0.241,0.016,-0.025,22
-12.150,-5.400,70.350,0.227,-0.587,9.500,-0.350,0.009,-0.025,22
-13.050,-6.750,69.450,0.251,-0.742,9.665,-0.417,0.015,-0.011,22
-13.050,-6.750,69.450,0.124,-0.883,9.572,-0.478,0.008,-0.007,22
-13.800,-6.450,69.000,0.273,-1.156,9.562,-0.556,0.007,0.008,22
-13.800,-6.450,69.000,0.294,-1.379,9.486,-0.592,0.015,0.022,23
-12.900,-9.000,70.350,0.306,-1.369,9.481,-0.633,0.019,0.027,22
-12.900,-9.000,70.350,0.244,-1.516,9.546,-0.674,0.010,0.017,22
-12.900,-9.000,70.350,0.414,-1.697,9.548,-0.735,0.022,0.016,22
-13.050,-9.450,68.700,0.024,-2.081,9.170,-0.760,0.023,0.013,22
-13.050,-9.450,68.700,0.383,-2.174,9.285,-0.779,0.018,0.023,22
-13.050,-9.450,68.700,0.328,-2.318,9.570,-0.811,0.014,0.015,23
-13.050,-9.450,68.700,0.352,-2.437,9.187,-0.843,0.022,0.013,22
-13.050,-12.600,67.500,0.156,-2.552,9.036,-0.850,0.016,0.009,22
-13.050,-12.600,67.500,0.256,-2.751,9.280,-0.891,0.017,0.023,22
-13.050,-12.600,67.500,0.321,-3.179,8.638,-0.930,0.009,0.040,22
-13.050,-12.600,67.500,0.287,-3.428,9.459,-0.900,0.009,0.047,22
-13.050,-12.600,67.500,0.098,-3.742,9.251,-0.906,0.019,0.024,23
-12.450,-14.400,67.050,0.223,-3.699,9.304,-0.926,0.013,0.017,22
-12.450,-14.400,67.050,0.261,-3.833,8.720,-0.916,0.011,0.026,22
-12.900,-15.600,65.550,0.196,-4.137,9.024,-0.933,0.021,0.028,22
-12.900,-15.600,65.550,0.283,-4.178,8.803,-0.934,0.016,0.021,22
-13.050,-18.450,64.950,0.275,-4.482,8.815,-0.915,0.014,0.023,22
-13.050,-18.450,64.950,0.280,-4.525,8.703,-0.916,0.025,0.019,22
-12.300,-18.450,63.900,0.182,-4.815,8.504,-0.913,0.025,0.019,23
-12.300,-18.450,63.900,0.065,-5.013,8.547,-0.897,0.017,0.013,22
-12.300,-18.450,63.900,0.158,-4.946,8.313,-0.918,0.023,0.020,22
-12.300,-18.450,63.900,0.304,-5.155,8.332,-0.912,0.019,0.021,22
-12.300,-18.450,63.900,0.141,-5.183,8.167,-0.933,0.021,0.029,22
-12.450,-21.450,62.550,0.196,-5.521,8.035,-0.965,0.023,0.028,22
-12.450,-21.450,62.550,0.192,-5.629,7.860,-0.984,0.016,0.024,23
-12.150,-22.650,60.300,0.189,-5.818,7.843,-0.996,0.022,0.025,22
-12.150,-22.650,60.300,0.218,-5.849,7.609,-1.025,0.021,0.027,22
-12.900,-25.800,59.550,0.168,-6.033,7.477,-1.046,0.020,0.025,22
-12.900,-25.800,59.550,0.101,-6.381,7.365,-1.065,0.022,0.024,22
-13.050,-24.750,58.950,0.086,-6.551,7.161,-1.078,0.019,0.034,22
-13.050,-24.750,58.950,0.168,-6.725,7.135,-1.089,0.024,0.029,23
-13.050,-24.750,58.950,0.170,-6.917,6.950,-1.088,0.023,0.028,22
-12.150,-27.750,57.300,0.115,-7.017,6.847,-1.086,0.023,0.025,22
-12.150,-27.750,57.300,0.101,-7.276,6.598,-1.093,0.019,0.031,22
-12.300,-28.350,55.200,0.139,-7.389,6.421,-1.089,0.025,0.024,22
-12.300,-28.350,55.200,0.139,-7.690,6.335,-1.083,0.034,0.020,22
-12.300,-28.350,55.200,0.113,-7.786,6.117,-1.073,0.028,0.020,23
-12.300,-28.350,55.200,0.132,-7.731,6.115,-1.073,0.037,0.015,22
-11.250,-30.900,52.500,-0.089,-8.298,5.598,-1.067,0.032,0.024,22
-11.250,-30.900,52.500,0.156,-8.413,5.808,-1.043,0.017,0.027,22
-11.250,-30.900,52.500,0.153,-8.449,5.370,-0.988,0.025,0.025,22
-11.100,-31.500,51.600,0.110,-8.595,5.449,-0.955,0.017,0.024,22
-11.100,-31.500,51.600,-0.053,-8.588,5.241,-0.929,0.012,0.017,23
-11.100,-31.800,49.650,0.012,-8.811,5.104,-0.898,0.005,0.025,22
-11.100,-31.800,49.650,0.041,-8.882,4.650,-0.873,0.010,0.023,22
-11.250,-32.850,48.000,0.024,-8.978,4.839,-0.842,0.016,0.019,22
-11.250,-32.850,48.000,0.089,-8.957,4.568,-0.837,0.018,0.017,22
-11.250,-32.850,48.000,0.043,-8.983,4.365,-0.819,0.021,0.016,22
-11.250,-32.850,48.000,0.043,-9.129,4.142,-0.799,0.014,0.016,23
-11.250,-32.850,48.000,-0.122,-9.155,4.039,-0.784,0.017,0.014,22
-11.700,-35.550,44.700,0.041,-9.306,3.838,-0.762,0.018,0.011,22
-11.700,-35.550,44.700,0.005,-9.304,3.946,-0.742,0.016,0.013,22
-11.700,-36.000,42.000,0.002,-9.263,3.646,-0.737,0.022,0.020,22
-11.700,-36.000,42.000,-0.127,-9.479,3.481,-0.721,0.010,0.023,22
-10.800,-34.950,41.550,0.026,-9.582,3.572,-0.696,0.002,0.014,23
-10.800,-34.950,41.550,-0.038,-9.448,3.328,-0.673,0.002,0.024,22
-12.450,-36.750,39.750,-0.036,-9.565,3.129,-0.653,0.003,0.026,22
-12.450,-36.750,39.750,-0.091,-9.541,3.158,-0.634,-0.011,0.025,22
-12.450,-36.750,39.750,-0.050,-9.675,2.959,-0.622,-0.013,0.024,22
-11.550,-37.350,39.600,-0.120,-9.708,2.787,-0.601,-0.022,0.025,22
-11.550,-37.350,39.600,-0.010,-9.821,2.739,-0.586,-0.023,0.028,23
-12.150,-36.300,38.700,0.005,-9.792,2.674,-0.548,-0.019,0.022,22
-12.150,-36.300,38.700,-0.079,-9.838,2.528,-0.530,-0.019,0.019,22
-12.150,-36.300,38.700,-0.213,-9.931,2.392,-0.513,-0.022,0.017,22
-12.150,-36.300,38.700,-0.182,-9.919,2.203,-0.471,-0.027,0.021,22
-11.700,-37.500,36.450,-0.091,-9.943,2.236,-0.447,-0.037,0.016,22
-11.700,-37.500,36.450,-0.026,-9.924,2.227,-0.418,-0.029,0.018,23
-11.700,-37.500,36.450,-0.067,-10.003,2.191,-0.382,-0.033,0.015,22
-10.800,-37.650,35.550,0.002,-9.972,1.994,-0.340,-0.022,0.011,22
-10.800,-37.650,35.550,-0.005,-9.948,1.942,-0.318,-0.014,0.006,22
-10.800,-38.550,34.350,0.014,-9.871,2.016,-0.298,-0.009,0.002,22
-10.800,-38.550,34.350,0.045,-9.902,1.827,-0.282,-0.001,-0.002,22
-10.800,-37.650,32.850,-0.036,-9.816,1.781,-0.279,0.007,-0.007,23
-10.800,-37.650,32.850,-0.012,-9.886,1.700,-0.271,0.012,-0.007,22
-10.800,-37.650,32.850,-0.050,-9.890,1.726,-0.270,0.013,-0.008,22
-10.800,-37.650,32.850,-0.002,-9.888,1.607,-0.247,0.017,-0.005,22
-10.800,-37.650,32.850,-0.048,-9.857,1.607,-0.238,0.016,-0.014,22
-11.850,-38.550,33.600,-0.117,-9.802,1.556,-0.244,0.018,-0.007,22
-11.850,-38.550,33.600,-0.084,-9.878,1.489,-0.245,0.011,-0.003,23
-11.850,-38.550,33.600,-0.014,-9.929,1.444,-0.235,0.012,0.000,22
-11.850,-38.550,33.600,-0.053,-9.941,1.444,-0.230,0.015,-0.003,22
-10.350,-37.650,33.300,-0.089,-9.912,1.346,-0.226,0.010,-0.007,22
-10.350,-37.650,33.300,-0.153,-9.900,1.338,-0.218,0.006,-0.004,22
-10.500,-37.500,32.400,-0.115,-9.855,1.274,-0.220,0.008,-0.002,22
-10.500,-37.500,32.400,-0.060,-9.826,1.180,-0.227,0.017,-0.002,23
-10.500,-37.500,32.400,-0.146,-9.831,1.226,-0.238,0.010,-0.005,22
-10.800,-38.100,32.100,-0.077,-9.876,1.231,-0.243,0.006,0.000,22
-10.800,-38.100,32.100,-0.101,-9.941,1.173,-0.237,0.015,-0.005,22
-9.600,-38.100,31.350,-0.184,-9.953,1.176,-0.232,0.012,-0.003,22
-9.600,-38.100,31.350,-0.084,-10.068,1.104,-0.213,0.009,0.002,22
-9.600,-38.100,31.350,-0.108,-10.142,1.094,-0.197,0.006,0.001,23
-9.600,-38.100,31.350,-0.038,-10.080,1.058,-0.174,0.010,-0.005,22
-10.350,-37.350,30.300,-0.038,-10.044,1.003,-0.153,0.012,-0.002,22
-10.350,-37.350,30.300,-0.122,-10.039,0.970,-0.138,0.009,0.001,22
-10.350,-37.350,30.300,-0.093,-10.001,0.924,-0.126,0.007,-0.003,22
-9.750,-37.500,30.900,-0.101,-10.027,0.955,-0.116,0.010,-0.005,22
-9.750,-37.500,30.900,-0.124,-9.981,0.931,-0.111,0.006,-0.006,23
-11.100,-38.850,29.850,-0.134,-9.989,0.922,-0.105,0.004,-0.009,22
-11.100,-38.850,29.850,-0.153,-9.981,0.907,-0.093,0.012,-0.008,22
-11.100,-38.850,30.300,-0.124,-9.989,0.917,-0.077,0.014,-0.013,22
-11.100,-38.850,30.300,-0.144,-10.005,0.960,-0.073,0.007,-0.014,22
-11.100,-38.850,30.300,-0.141,-10.087,0.874,-0.057,0.007,-0.008,22
-11.100,-38.850,30.300,-0.117,-10.108,0.900,-0.040,0.008,-0.010,23
-11.550,-36.450,30.600,-0.144,-10.027,0.862,-0.020,0.008,-0.008,22
-11.550,-36.450,30.600,-0.105,-9.883,0.960,-0.014,0.014,-0.007,22
-11.550,-36.450,30.600,-0.045,-9.960,0.862,-0.019,0.022,-0.001,22
-11.550,-36.450,30.600,-0.132,-10.034,1.075,-0.022,0.002,-0.007,22
-11.550,-36.450,30.600,-0.309,-9.682,0.737,-0.050,0.007,-0.009,22
-10.500,-38.250,30.150,-0.134,-9.874,0.860,-0.031,-0.002,-0.016,23
-10.500,-38.250,30.150,-0.108,-10.104,1.020,-0.014,-0.003,-0.010,22
-11.250,-37.500,31.950,-0.077,-10.013,0.883,-0.015,0.011,-0.010,22
-11.250,-37.500,31.950,-0.079,-9.986,0.869,0.005,0.003,-0.021,22
-10.350,-38.850,31.800,-0.065,-10.101,1.092,0.024,0.012,-0.015,22
-10.350,-38.850,31.800,-0.251,-10.094,0.905,0.045,0.013,-0.011,22
-10.350,-38.850,31.800,-0.132,-10.051,1.154,0.063,0.002,-0.012,23
-10.500,-37.500,31.200,-0.103,-10.388,1.338,0.093,-0.012,-0.017,22
-10.500,-37.500,31.200,-0.034,-10.278,0.962,0.157,0.002,-0.015,22
-10.500,-37.500,31.200,0.036,-10.326,1.286,0.223,0.002,-0.018,22
-10.500,-37.500,31.200,-0.103,-10.312,1.211,0.263,0.007,-0.011,22
-11.700,-38.700,32.700,-0.127,-10.319,1.432,0.311,0.010,-0.017,22
-11.700,-38.700,32.700,-0.050,-10.223,1.286,0.371,0.009,-0.019,23
-10.800,-38.100,32.850,-0.017,-10.290,1.590,0.423,0.015,-0.022,22
-10.800,-38.100,32.850,-0.311,-10.080,1.635,0.455,-0.008,-0.028,22
-10.800,-38.100,32.850,-0.124,-10.051,1.482,0.498,-0.003,-0.035,22
-11.700,-37.950,33.900,-0.065,-10.005,1.621,0.530,0.003,-0.027,22
-11.700,-37.950,33.900,-0.086,-10.127,1.968,0.576,-0.006,-0.028,22
-11.850,-38.100,35.850,-0.117,-10.036,2.054,0.624,0.002,-0.032,23
-11.850,-38.100,35.850,-0.062,-10.099,2.205,0.652,0.014,-0.036,22
-12.150,-37.050,37.200,-0.029,-10.060,2.291,0.707,0.009,-0.041,22
-12.150,-37.050,37.200,-0.067,-9.917,2.461,0.726,0.013,-0.044,22
-11.100,-36.900,38.850,-0.328,-9.567,2.291,0.724,0.027,-0.058,22
-11.100,-36.900,38.850,-0.074,-8.911,2.342,0.671,0.005,-0.053,22
-11.100,-36.900,38.850,-0.038,-9.641,3.220,0.695,0.001,-0.038,23
-11.100,-36.900,38.850,0.175,-9.670,3.591,0.664,0.003,-0.027,22
-11.100,-36.900,38.850,-0.057,-9.148,3.165,0.688,0.008,-0.042,22
-11.100,-37.350,40.350,-0.141,-9.553,3.436,0.683,0.005,-0.034,22
-11.100,-37.350,40.350,0.151,-9.254,3.421,0.695,0.002,-0.029,22
-12.300,-34.200,41.850,-0.026,-9.081,3.565,0.686,0.008,-0.033,22
-12.300,-34.200,41.850,-0.127,-9.072,3.845,0.670,0.009,-0.029,23
-10.200,-35.550,44.700,0.069,-9.067,4.063,0.666,-0.011,-0.024,22
-10.200,-35.550,44.700,-0.153,-9.050,4.010,0.673,0.001,-0.019,22
-10.200,-35.550,44.700,0.074,-9.153,4.202,0.676,0.004,-0.025,22
-12.450,-34.050,45.450,0.002,-8.902,4.290,0.683,-0.004,-0.023,22
-12.450,-34.050,45.450,-0.122,-8.959,4.578,0.696,-0.001,-0.024,22
-12.450,-34.050,45.450,0.029,-8.856,4.657,0.709,-0.005,-0.020,23
-12.450,-34.050,45.450,0.029,-8.844,4.920,0.732,-0.005,-0.017,22
-11.250,-33.150,48.300,-0.093,-8.693,4.896,0.741,-0.004,-0.015,22
-11.250,-33.150,48.300,0.029,-8.672,5.107,0.769,-0.008,-0.027,22
-13.200,-31.950,48.000,0.024,-8.547,5.262,0.785,-0.009,-0.031,22
-13.200,-31.950,48.000,0.036,-8.437,5.598,0.790,-0.004,-0.039,22
-13.200,-31.950,48.000,0.024,-8.260,5.471,0.812,-0.010,-0.035,23
-12.300,-30.600,51.600,0.065,-8.344,5.818,0.845,-0.008,-0.041,22
-12.300,-30.600,51.600,0.038,-8.025,5.847,0.860,-0.004,-0.036,22
-12.150,-30.450,52.050,0.110,-8.047,5.959,0.880,-0.005,-0.045,22
-12.150,-30.450,52.050,0.122,-7.767,6.249,0.884,-0.004,-0.038,22
-11.550,-29.550,53.700,0.069,-7.587,6.349,0.900,-0.004,-0.030,22
-11.550,-29.550,53.700,0.134,-7.345,6.421,0.906,-0.002,-0.044,22
-10.500,-28.950,55.800,0.151,-7.321,6.505,0.901,0.002,-0.049,23
-10.500,-28.950,55.800,0.060,-7.135,6.735,0.887,-0.001,-0.048,22
-10.500,-28.950,55.800,0.077,-6.823,6.840,0.871,0.004,-0.046,22
-10.500,-28.950,55.800,0.122,-6.661,7.068,0.852,0.002,-0.045,22
-10.500,-28.950,55.800,0.127,-6.519,7.132,0.838,0.002,-0.046,22
-11.250,-27.300,57.750,0.189,-6.390,7.379,0.812,0.003,-0.043,22
-11.250,-27.300,57.750,0.043,-6.256,7.355,0.787,-0.003,-0.041,23
-12.300,-24.750,59.700,0.122,-6.012,7.503,0.765,-0.003,-0.032,22
-12.300,-24.750,59.700,0.108,-5.962,7.685,0.734,-0.005,-0.034,22
-12.450,-24.600,60.600,0.136,-5.808,7.757,0.715,-0.003,-0.028,22
-12.450,-24.600,60.600,0.110,-5.784,7.922,0.699,-0.005,-0.021,22
-12.300,-22.500,61.650,0.172,-5.696,7.920,0.704,-0.006,-0.019,22
-12.300,-22.500,61.650,0.079,-5.583,8.095,0.707,-0.005,-0.007,23
-12.300,-22.500,61.650,0.096,-5.468,8.195,0.718,-0.003,-0.003,22
-12.300,-22.500,61.650,0.117,-5.341,8.243,0.720,-0.004,-0.009,22
-12.300,-22.500,61.650,0.086,-5.210,8.317,0.731,-0.018,-0.017,22
-13.200,-20.700,62.850,0.165,-5.126,8.449,0.736,-0.013,-0.013,22
-13.200,-20.700,62.850,0.201,-4.784,8.590,0.744,-0.008,-0.014,22
-13.800,-20.100,64.200,0.259,-4.707,8.600,0.744,-0.007,-0.019,23
-13.800,-20.100,64.200,0.196,-4.384,8.653,0.740,-0.007,-0.016,22
-12.300,-17.700,65.400,0.163,-4.305,8.701,0.730,-0.005,-0.018,22
-12.300,-17.700,65.400,0.175,-4.161,8.787,0.715,-0.006,-0.022,22
-12.300,-17.700,65.400,0.206,-3.886,8.885,0.691,-0.005,-0.021,22
-12.300,-16.500,66.000,0.227,-3.692,8.947,0.671,-0.007,-0.023,22
-12.300,-16.500,66.000,0.206,-3.687,9.002,0.660,-0.004,-0.019,23
-13.200,-16.350,65.550,0.196,-3.570,9.072,0.635,-0.003,-0.023,22
-13.200,-16.350,65.550,0.254,-3.352,9.062,0.625,-0.001,-0.024,22
-12.600,-13.500,64.950,0.433,-3.261,9.242,0.606,-0.002,-0.025,22
-12.600,-13.500,64.950,0.211,-3.077,9.278,0.583,-0.004,-0.032,22
-12.600,-13.500,64.950,0.232,-3.041,9.330,0.575,0.003,-0.029,22
-12.600,-13.500,64.950,0.148,-2.859,9.287,0.560,-0.005,-0.025,23
-12.600,-13.500,64.950,0.283,-2.749,9.438,0.543,-0.001,-0.030,22
-12.450,-12.000,68.550,0.397,-2.540,9.438,0.528,0.007,-0.026,22
-12.450,-12.000,68.550,0.225,-2.435,9.562,0.507,0.002,-0.028,22
-12.150,-11.250,67.050,0.192,-2.325,9.548,0.503,-0.001,-0.026,22
-12.150,-11.250,67.050,0.244,-2.243,9.486,0.479,0.001,-0.023,22
-12.450,-10.050,68.550,0.316,-2.105,9.498,0.455,0.007,-0.027,22
-12.450,-10.050,68.550,0.321,-1.899,9.531,0.436,0.002,-0.033,23
-13.200,-7.800,67.050,0.204,-1.815,9.582,0.415,0.002,-0.031,22
-13.200,-7.800,67.050,0.259,-1.690,9.574,0.379,0.008,-0.017,22
-13.200,-7.800,67.050,0.280,-1.652,9.471,0.358,0.007,-0.023,22
-13.200,-7.800,67.050,0.211,-1.597,9.615,0.325,0.007,-0.021,22
-13.200,-7.800,67.050,0.275,-1.528,9.543,0.313,0.002,-0.022,23
-12.450,-7.350,70.050,0.180,-1.439,9.601,0.288,0.009,-0.021,22
-12.450,-7.350,70.050,0.223,-1.432,9.641,0.272,0.007,-0.023,22
-13.050,-8.400,70.200,0.230,-1.324,9.603,0.264,0.007,-0.029,22
-13.050,-8.400,70.200,0.278,-1.221,9.756,0.239,0.010,-0.031,22
-14.100,-6.750,69.000,0.259,-1.061,9.651,0.217,0.008,-0.027,22
-14.100,-6.750,69.000,0.302,-0.800,9.677,0.172,0.003,-0.022,23
-14.100,-6.750,69.000,0.294,-0.704,9.620,0.122,0.010,-0.015,22
-12.150,-7.350,69.300,0.199,-0.584,9.543,0.027,0.013,-0.008,22
-12.150,-7.350,69.300,0.148,-0.654,9.531,-0.039,0.011,-0.003,22
-13.050,-6.750,67.950,0.345,-0.769,9.613,-0.096,0.011,0.001,22
-13.050,-6.750,67.950,0.213,-0.950,9.732,-0.143,0.011,0.001,22
-13.050,-6.750,69.000,0.175,-1.065,9.699,-0.168,0.008,-0.000,23
-13.050,-6.750,69.000,0.275,-1.106,9.668,-0.185,0.009,-0.002,22
-13.050,-6.750,69.000,0.330,-1.118,9.668,-0.196,0.020,-0.002,22
-13.050,-6.750,69.000,0.290,-1.003,9.661,-0.229,0.011,-0.010,22
-13.050,-6.750,69.000,0.242,-1.018,9.591,-0.263,0.010,-0.007,22
-13.650,-7.350,68.850,0.230,-0.934,9.584,-0.308,0.010,-0.003,22
-13.650,-7.350,68.850,0.187,-1.109,9.620,-0.374,0.013,0.008,23
-13.200,-8.550,69.300,0.204,-1.219,9.565,-0.407,0.012,0.012,22
-13.200,-8.550,69.300,0.321,-1.508,9.622,-0.430,0.017,0.017,22
-13.350,-9.450,67.950,0.306,-1.614,9.663,-0.440,0.020,0.014,22
-13.350,-9.450,67.950,0.225,-1.676,9.706,-0.451,0.014,0.007,22
-11.250,-10.050,68.550,0.244,-1.741,9.486,-0.469,0.017,0.007,22
-11.250,-10.050,68.550,0.208,-1.793,9.627,-0.480,0.013,0.007,23
-11.250,-10.050,68.550,0.187,-2.033,9.507,-0.512,0.013,0.010,22
-11.250,-10.050,68.550,0.208,-2.052,9.503,-0.529,0.027,0.015,22
-11.250,-10.050,68.550,0.201,-2.157,9.548,-0.532,0.019,0.013,22
-14.100,-11.850,67.500,0.115,-2.344,9.510,-0.541,0.025,0.009,22
-14.100,-11.850,67.500,0.146,-2.509,9.522,-0.535,0.019,0.017,22
-14.100,-11.850,67.500,0.218,-2.579,9.464,-0.534,0.013,0.017,23
-14.100,-11.850,67.500,0.156,-2.732,9.455,-0.540,0.020,0.021,22
-12.450,-12.450,67.350,0.151,-2.811,9.347,-0.534,0.008,0.018,22
-12.450,-12.450,67.350,0.251,-2.871,9.412,-0.541,0.014,0.019,22
-12.450,-12.450,67.350,0.182,-2.974,9.347,-0.542,0.011,0.020,22
-13.350,-13.500,67.500,0.177,-3.074,9.292,-0.541,0.010,0.025,22
-13.350,-13.500,67.500,0.453,-3.156,9.292,-0.538,0.011,0.032,23
-10.950,-13.950,66.600,0.261,-3.615,9.400,-0.509,0.004,0.026,22
-10.950,-13.950,66.600,0.338,-3.560,9.419,-0.500,0.018,0.023,22
-11.550,-15.000,66.000,0.254,-3.488,9.093,-0.485,0.014,0.013,22
-11.550,-15.000,66.000,0.163,-3.448,9.103,-0.484,0.012,0.014,22
-11.550,-15.000,66.000,0.156,-3.654,9.120,-0.492,0.016,0.020,22
-11.550,-15.000,66.000,0.287,-3.675,9.074,-0.501,0.011,0.018,23
-13.650,-17.100,66.300,0.156,-3.759,9.067,-0.510,0.012,0.017,22
-13.650,-17.100,66.300,0.180,-3.742,8.995,-0.533,0.011,0.020,22
-13.650,-17.100,66.300,0.144,-3.859,8.978,-0.540,0.009,0.019,22
-12.900,-18.300,67.350,0.067,-4.032,8.871,-0.563,0.011,0.022,22
-12.900,-18.300,67.350,0.204,-4.108,8.765,-0.585,0.011,0.027,22
-12.450,-19.500,65.850,0.148,-4.116,8.758,-0.605,0.007,0.029,23
-12.450,-19.500,65.850,0.199,-4.307,8.710,-0.626,0.007,0.027,22
-12.150,-18.300,65.550,0.144,-4.441,8.684,-0.649,0.012,0.028,22
-12.150,-18.300,65.550,0.041,-4.618,8.554,-0.652,0.009,0.037,22
-12.150,-18.300,65.550,0.103,-4.690,8.552,-0.662,0.005,0.044,22
-12.150,-18.300,65.550,0.117,-4.858,8.578,-0.668,-0.003,0.042,22
-12.150,-18.300,65.550,0.148,-4.920,8.449,-0.682,-0.000,0.041,23
-12.600,-20.400,63.450,0.156,-5.169,8.260,-0.685,0.006,0.039,22
-12.600,-20.400,63.450,0.187,-5.289,8.310,-0.697,0.004,0.031,22
-12.600,-20.400,63.450,0.144,-5.382,8.262,-0.699,0.009,0.024,22
-12.600,-20.400,63.450,0.134,-5.538,8.124,-0.694,0.001,0.024,22
-12.150,-20.700,60.300,0.129,-5.636,8.047,-0.695,0.009,0.027,22
-12.150,-20.700,60.300,0.072,-5.770,7.958,-0.695,0.013,0.014,23
-12.300,-24.000,59.700,0.177,-5.835,7.910,-0.701,0.013,0.013,22
-12.300,-24.000,59.700,0.208,-6.017,7.853,-0.702,0.016,0.010,22
-12.300,-24.000,59.700,0.148,-6.048,7.649,-0.708,0.012,0.016,22
-10.950,-26.550,58.500,0.115,-6.244,7.695,-0.705,0.013,0.010,22
-10.950,-26.550,58.500,0.194,-6.304,7.587,-0.709,0.016,0.011,22
-11.100,-27.150,58.650,0.117,-6.474,7.353,-0.714,0.014,0.012,23
-11.100,-27.150,58.650,0.079,-6.567,7.396,-0.706,0.012,0.012,22
-11.100,-27.150,58.650,0.079,-6.668,7.302,-0.707,0.018,0.010,22
-11.100,-27.150,58.650,0.096,-6.756,7.264,-0.710,0.015,0.014,22
-12.150,-26.550,57.300,0.156,-6.857,7.056,-0.709,0.019,0.017,22
-12.150,-26.550,57.300,0.163,-7.003,6.974,-0.703,0.019,0.010,22
-12.150,-26.550,57.300,0.074,-7.032,6.917,-0.706,0.017,0.012,23
-12.300,-29.550,57.450,-0.010,-7.178,6.788,-0.700,0.012,0.014,22
-12.300,-29.550,57.450,0.122,-7.254,6.632,-0.715,0.017,0.015,22
-10.950,-29.250,52.800,0.093,-7.341,6.618,-0.719,0.020,0.013,22
-10.950,-29.250,52.800,0.084,-7.549,6.419,-0.710,0.018,0.018,22
-12.300,-29.550,53.100,0.050,-7.599,6.342,-0.702,0.022,0.016,22
-12.300,-29.550,53.100,0.007,-7.776,6.225,-0.697,0.026,0.014,23
-12.300,-29.550,53.100,-0.002,-7.834,6.211,-0.687,0.019,0.014,22
-12.300,-29.550,53.100,-0.034,-7.875,6.165,-0.673,0.009,0.011,22
-12.300,-29.550,53.100,0.129,-8.169,5.981,-0.646,0.018,0.012,22
-11.550,-33.000,50.400,0.034,-8.224,5.827,-0.620,0.017,0.010,22
-11.550,-33.000,50.400,-0.017,-8.255,5.856,-0.599,0.017,0.012,22
-13.050,-31.800,50.850,0.010,-8.236,5.602,-0.583,0.015,0.014,23
-13.050,-31.800,50.850,0.007,-8.325,5.612,-0.569,0.006,0.012,22
-11.250,-30.900,49.500,0.026,-8.428,5.547,-0.557,0.015,0.017,22
-11.250,-30.900,49.500,0.024,-8.365,5.411,-0.538,0.015,0.010,22
-10.950,-31.200,49.050,0.010,-8.416,5.298,-0.539,0.014,0.006,22
-10.950,-31.200,49.050,0.017,-8.535,5.160,-0.532,0.020,0.004,22
-10.950,-31.200,49.050,0.019,-8.552,5.148,-0.522,0.013,0.009,22
-12.600,-31.500,48.900,0.017,-8.674,4.999,-0.504,0.009,0.009,23
-12.600,-31.500,48.900,-0.012,-8.729,4.927,-0.501,0.007,0.007,22
-13.050,-33.750,47.400,-0.014,-8.686,4.815,-0.481,0.001,0.009,22
-13.050,-33.750,47.400,-0.031,-8.770,4.741,-0.476,0.012,0.008,22
-13.050,-33.750,47.400,0.022,-8.885,4.750,-0.465,0.012,0.014,22
-13.050,-33.750,47.400,-0.067,-8.940,4.645,-0.448,0.002,0.015,22
-10.500,-36.300,44.700,-0.022,-8.906,4.578,-0.438,-0.004,0.014,23
-10.500,-36.300,44.700,-0.034,-8.928,4.592,-0.420,0.004,0.014,22
-10.500,-36.300,44.700,-0.072,-8.961,4.417,-0.418,-0.001,0.010,22
-11.850,-35.400,44.400,-0.029,-8.935,4.317,-0.410,-0.002,0.011,22
-11.850,-35.400,44.400,-0.017,-9.072,4.144,-0.401,-0.003,0.011,22
-12.900,-34.350,45.450,0.019,-9.117,4.204,-0.389,-0.005,0.005,22
-12.900,-34.350,45.450,0.043,-9.172,4.135,-0.382,0.000,0.003,23
-13.050,-34.500,42.600,0.043,-9.210,4.111,-0.366,0.001,0.008,22
-13.050,-34.500,42.600,0.060,-9.203,3.934,-0.354,0.010,0.001,22
-13.050,-34.500,42.600,-0.019,-9.232,3.917,-0.350,0.013,-0.010,22
-13.050,-34.500,42.600,-0.005,-9.069,3.895,-0.341,0.018,-0.009,22
-10.950,-34.350,42.450,-0.038,-9.189,3.857,-0.352,0.014,-0.003,22
-10.950,-34.350,42.450,-0.081,-9.213,3.728,-0.346,0.009,-0.004,23
-10.950,-34.350,42.450,0.000,-9.251,3.711,-0.340,0.013,-0.000,22
-11.850,-37.350,40.800,0.026,-9.409,3.642,-0.329,0.012,-0.010,22
-11.850,-37.350,40.800,-0.072,-9.440,3.575,-0.303,0.013,-0.001,23
-11.700,-36.300,41.250,-0.029,-9.354,3.610,-0.284,0.014,0.001,22
-11.700,-36.300,41.250,-0.055,-9.493,3.606,-0.266,0.006,0.003,22
-11.250,-34.800,40.500,-0.108,-9.505,3.462,-0.236,0.008,-0.001,22
-11.250,-34.800,40.500,-0.057,-9.531,3.443,-0.211,0.009,0.001,22
-11.250,-34.800,40.500,-0.101,-9.491,3.299,-0.192,0.013,-0.001,22
-11.250,-34.800,40.500,-0.057,-9.548,3.369,-0.183,0.007,0.002,22
-11.250,-34.800,40.500,-0.038,-9.443,3.340,-0.164,0.004,0.002,22
-11.550,-37.650,40.050,-0.029,-9.553,3.378,-0.136,0.006,0.002,22
-11.550,-37.650,40.050,-0.055,-9.589,3.359,-0.116,0.006,0.000,23
-11.550,-37.650,40.050,-0.096,-9.615,3.359,-0.078,0.010,-0.010,22
-11.550,-37.650,40.050,-0.055,-9.641,3.311,-0.053,0.008,-0.006,22
-11.100,-37.350,40.050,-0.141,-9.637,3.259,-0.031,0.005,-0.007,22
-11.100,-37.350,40.050,-0.010,-9.476,3.242,-0.016,0.011,-0.005,22
-10.200,-36.000,39.000,-0.069,-9.246,3.244,-0.002,0.011,-0.011,22
-10.200,-36.000,39.000,-0.084,-9.409,3.302,-0.017,0.013,-0.007,23
-10.200,-36.000,39.000,-0.091,-9.371,3.361,-0.005,-0.005,-0.009,22
-10.950,-37.050,39.750,-0.086,-9.385,3.498,0.007,-0.003,-0.006,22
-10.950,-37.050,39.750,0.124,-9.634,3.417,0.023,0.002,-0.004,22
-11.700,-36.000,40.200,-0.177,-9.524,3.479,0.048,0.003,0.001,22
-11.700,-36.000,40.200,0.108,-9.371,3.366,0.059,-0.002,-0.001,22
-11.700,-36.000,40.200,-0.134,-9.524,3.390,0.088,-0.015,-0.005,22
-11.700,-36.000,40.200,-0.026,-9.821,3.709,0.136,-0.004,-0.009,23
-12.150,-36.750,40.500,-0.091,-9.725,3.206,0.170,0.004,-0.003,22
-12.150,-36.750,40.500,-0.108,-9.687,3.601,0.245,0.000,-0.013,22
-12.150,-36.750,40.500,0.089,-9.704,3.706,0.288,0.001,-0.029,22
-10.050,-36.450,40.800,-0.019,-9.541,3.814,0.334,0.005,-0.028,22
-10.050,-36.450,40.800,-0.177,-9.500,3.749,0.367,0.004,-0.025,22
-12.600,-37.350,42.150,-0.038,-9.507,3.869,0.411,0.006,-0.027,23
-12.600,-37.350,42.150,-0.048,-9.342,4.044,0.442,0.007,-0.031,22
-9.600,-35.400,43.350,0.062,-9.292,4.037,0.470,0.012,-0.030,22
-9.600,-35.400,43.350,0.019,-9.323,4.185,0.511,0.009,-0.037,22
-9.600,-35.400,43.350,-0.036,-9.187,4.190,0.532,0.008,-0.031,22
-9.600,-35.400,43.350,-0.034,-9.158,4.314,0.566,0.009,-0.035,23
-9.600,-35.400,43.350,-0.089,-9.131,4.523,0.586,0.006,-0.035,22
-12.300,-33.450,46.350,-0.055,-9.005,4.652,0.625,0.000,-0.028,22
-12.300,-33.450,46.350,-0.048,-8.935,4.642,0.643,0.001,-0.028,22
-12.300,-33.450,46.350,-0.012,-8.906,4.920,0.665,0.002,-0.029,22
-12.300,-33.450,46.350,-0.079,-8.691,4.623,0.649,0.009,-0.035,22
-11.550,-32.550,47.400,0.017,-8.090,5.095,0.627,-0.006,-0.024,23
-11.550,-32.550,47.400,-0.067,-8.442,5.234,0.610,-0.013,-0.020,22
-11.100,-33.000,49.650,-0.048,-8.210,5.215,0.593,-0.016,-0.010,22
-11.100,-33.000,49.650,0.057,-8.284,5.567,0.590,-0.024,-0.006,22
-11.100,-33.000,49.650,-0.062,-8.023,5.380,0.563,-0.020,-0.007,22
-12.300,-30.600,51.150,-0.074,-7.932,5.624,0.548,-0.022,-0.000,22
-12.300,-30.600,51.150,0.062,-7.913,5.792,0.537,-0.026,-0.004,23
-11.850,-31.050,52.350,0.000,-8.016,6.086,0.540,-0.023,0.004,22
-11.850,-31.050,52.350,0.038,-7.939,5.811,0.526,-0.022,0.006,22
-11.850,-31.050,52.350,0.002,-7.968,6.201,0.539,-0.020,0.001,23
-11.850,-31.050,52.350,0.024,-7.877,6.263,0.549,-0.018,-0.003,22
-11.550,-29.850,53.100,0.110,-7.748,6.278,0.559,-0.013,-0.005,22
-11.550,-29.850,53.100,0.055,-7.681,6.460,0.577,-0.017,-0.006,22
-11.550,-29.850,53.100,0.074,-7.566,6.539,0.607,-0.008,-0.015,22
-12.450,-30.450,53.550,0.055,-7.582,6.653,0.620,-0.006,-0.018,22
-12.450,-30.450,53.550,0.074,-7.429,6.656,0.638,-0.009,-0.028,22
-11.700,-28.050,54.300,0.074,-7.216,6.929,0.645,-0.004,-0.023,22
-11.700,-28.050,54.300,0.086,-7.108,6.847,0.666,-0.003,-0.028,22
-12.300,-27.900,56.700,0.108,-7.075,7.010,0.682,-0.004,-0.034,23
-12.300,-27.900,56.700,0.067,-6.821,7.111,0.680,0.004,-0.029,22
-11.550,-26.700,57.150,-0.172,-6.752,7.238,0.681,-0.000,-0.041,22
-11.550,-26.700,57.150,0.132,-6.574,7.403,0.671,0.009,-0.038,22
-11.550,-26.700,57.150,0.110,-6.445,7.312,0.669,0.007,-0.032,22
-12.600,-25.950,57.450,0.206,-6.400,7.724,0.678,-0.005,-0.040,22
-12.600,-25.950,57.450,0.163,-6.165,7.499,0.669,0.002,-0.034,23
-12.600,-25.950,57.450,0.081,-5.962,7.764,0.671,0.006,-0.039,22
-12.600,-25.950,57.450,0.127,-5.921,7.817,0.677,0.005,-0.038,22
-12.600,-25.200,61.200,0.043,-5.971,8.090,0.683,0.003,-0.038,22
-12.600,-25.200,61.200,0.134,-5.729,7.963,0.683,0.002,-0.039,22
-11.250,-22.200,61.350,0.050,-5.631,8.107,0.696,0.002,-0.037,22
-11.250,-22.200,61.350,0.101,-5.533,8.294,0.711,-0.001,-0.028,23
-11.550,-22.500,61.200,0.280,-5.227,8.260,0.721,0.001,-0.026,22
-11.550,-22.500,61.200,0.144,-5.207,8.499,0.734,0.002,-0.030,22
-11.550,-22.500,61.200,0.120,-5.030,8.449,0.735,-0.003,-0.033,22
-13.200,-20.700,62.850,0.256,-4.932,8.581,0.742,0.007,-0.035,22
-13.200,-20.700,62.850,0.101,-4.757,8.521,0.750,0.001,-0.045,22
-13.200,-20.700,62.850,0.129,-4.379,8.717,0.742,0.007,-0.042,23
-13.200,-20.700,62.850,0.127,-4.233,8.710,0.723,-0.001,-0.033,22
-11.550,-18.450,64.200,0.165,-4.015,8.794,0.708,-0.002,-0.033,22
-11.550,-18.450,64.200,0.151,-3.785,8.789,0.671,0.003,-0.026,22
-11.700,-18.750,66.600,0.220,-3.718,8.899,0.643,0.003,-0.030,22
-11.700,-18.750,66.600,0.129,-3.594,9.012,0.604,0.000,-0.036,22
-11.700,-18.750,66.600,0.184,-3.467,9.033,0.588,0.003,-0.029,23
-13.800,-16.200,65.400,0.148,-3.369,9.148,0.574,0.004,-0.035,22
-13.800,-16.200,65.400,0.215,-3.294,9.067,0.550,0.006,-0.033,22
-12.900,-15.600,66.600,0.326,-3.148,9.196,0.529,0.008,-0.031,22
-12.900,-15.600,66.600,0.074,-3.060,9.278,0.515,0.005,-0.031,22
-12.600,-14.550,66.750,0.225,-2.976,9.335,0.510,0.003,-0.029,22
-12.600,-14.550,66.750,0.268,-2.727,9.246,0.490,0.010,-0.031,23
-11.850,-13.800,67.200,0.168,-2.650,9.357,0.468,0.001,-0.035,22
-11.850,-13.800,67.200,0.194,-2.447,9.359,0.437,0.007,-0.024,22
-11.850,-13.800,67.200,0.170,-2.349,9.424,0.395,0.008,-0.019,22
-11.850,-13.800,67.200,0.235,-2.231,9.373,0.371,0.008,-0.020,22
-11.850,-13.800,67.200,0.208,-2.181,9.562,0.346,0.003,-0.028,22
-12.900,-12.000,69.300,0.297,-2.155,9.527,0.318,0.009,-0.019,23
-12.900,-12.000,69.300,0.103,-2.164,9.536,0.305,0.010,-0.017,22
-11.850,-10.350,67.500,0.093,-2.021,9.507,0.303,0.004,-0.019,22
